city,Type of unit,year,month,VALUE
Toronto,Bachelor units,2018,1,1081.0
Toronto,Bachelor units,2018,1,1217.0
Toronto,Bachelor units,2018,1,1080.0
Toronto,Bachelor units,2018,1,1083.0
Toronto,Bachelor units,2018,2,1081.0
Toronto,Bachelor units,2018,2,1217.0
Toronto,Bachelor units,2018,2,1080.0
Toronto,Bachelor units,2018,2,1083.0
Toronto,Bachelor units,2018,3,1081.0
Toronto,Bachelor units,2018,3,1217.0
Toronto,Bachelor units,2018,3,1080.0
Toronto,Bachelor units,2018,3,1083.0
Toronto,Bachelor units,2018,4,1081.0
Toronto,Bachelor units,2018,4,1217.0
Toronto,Bachelor units,2018,4,1080.0
Toronto,Bachelor units,2018,4,1083.0
Toronto,Bachelor units,2018,5,1081.0
Toronto,Bachelor units,2018,5,1217.0
Toronto,Bachelor units,2018,5,1080.0
Toronto,Bachelor units,2018,5,1083.0
Toronto,Bachelor units,2018,6,1081.0
Toronto,Bachelor units,2018,6,1217.0
Toronto,Bachelor units,2018,6,1080.0
Toronto,Bachelor units,2018,6,1083.0
Toronto,Bachelor units,2018,7,1081.0
Toronto,Bachelor units,2018,7,1217.0
Toronto,Bachelor units,2018,7,1080.0
Toronto,Bachelor units,2018,7,1083.0
Toronto,Bachelor units,2018,8,1081.0
Toronto,Bachelor units,2018,8,1217.0
Toronto,Bachelor units,2018,8,1080.0
Toronto,Bachelor units,2018,8,1083.0
Toronto,Bachelor units,2018,9,1081.0
Toronto,Bachelor units,2018,9,1217.0
Toronto,Bachelor units,2018,9,1080.0
Toronto,Bachelor units,2018,9,1083.0
Toronto,Bachelor units,2018,10,1081.0
Toronto,Bachelor units,2018,10,1217.0
Toronto,Bachelor units,2018,10,1080.0
Toronto,Bachelor units,2018,10,1083.0
Toronto,Bachelor units,2018,11,1081.0
Toronto,Bachelor units,2018,11,1217.0
Toronto,Bachelor units,2018,11,1080.0
Toronto,Bachelor units,2018,11,1083.0
Toronto,Bachelor units,2018,12,1081.0
Toronto,Bachelor units,2018,12,1217.0
Toronto,Bachelor units,2018,12,1080.0
Toronto,Bachelor units,2018,12,1083.0
Toronto,Bachelor units,2019,1,1142.0
Toronto,Bachelor units,2019,1,1217.0
Toronto,Bachelor units,2019,1,1141.0
Toronto,Bachelor units,2019,1,1150.0
Toronto,Bachelor units,2019,2,1142.0
Toronto,Bachelor units,2019,2,1217.0
Toronto,Bachelor units,2019,2,1141.0
Toronto,Bachelor units,2019,2,1150.0
Toronto,Bachelor units,2019,3,1142.0
Toronto,Bachelor units,2019,3,1217.0
Toronto,Bachelor units,2019,3,1141.0
Toronto,Bachelor units,2019,3,1150.0
Toronto,Bachelor units,2019,4,1142.0
Toronto,Bachelor units,2019,4,1217.0
Toronto,Bachelor units,2019,4,1141.0
Toronto,Bachelor units,2019,4,1150.0
Toronto,Bachelor units,2019,5,1142.0
Toronto,Bachelor units,2019,5,1217.0
Toronto,Bachelor units,2019,5,1141.0
Toronto,Bachelor units,2019,5,1150.0
Toronto,Bachelor units,2019,6,1142.0
Toronto,Bachelor units,2019,6,1217.0
Toronto,Bachelor units,2019,6,1141.0
Toronto,Bachelor units,2019,6,1150.0
Toronto,Bachelor units,2019,7,1142.0
Toronto,Bachelor units,2019,7,1217.0
Toronto,Bachelor units,2019,7,1141.0
Toronto,Bachelor units,2019,7,1150.0
Toronto,Bachelor units,2019,8,1142.0
Toronto,Bachelor units,2019,8,1217.0
Toronto,Bachelor units,2019,8,1141.0
Toronto,Bachelor units,2019,8,1150.0
Toronto,Bachelor units,2019,9,1142.0
Toronto,Bachelor units,2019,9,1217.0
Toronto,Bachelor units,2019,9,1141.0
Toronto,Bachelor units,2019,9,1150.0
Toronto,Bachelor units,2019,10,1142.0
Toronto,Bachelor units,2019,10,1217.0
Toronto,Bachelor units,2019,10,1141.0
Toronto,Bachelor units,2019,10,1150.0
Toronto,Bachelor units,2019,11,1142.0
Toronto,Bachelor units,2019,11,1217.0
Toronto,Bachelor units,2019,11,1141.0
Toronto,Bachelor units,2019,11,1150.0
Toronto,Bachelor units,2019,12,1142.0
Toronto,Bachelor units,2019,12,1217.0
Toronto,Bachelor units,2019,12,1141.0
Toronto,Bachelor units,2019,12,1150.0
Toronto,Bachelor units,2020,1,1204.0
Toronto,Bachelor units,2020,1,1217.0
Toronto,Bachelor units,2020,1,1204.0
Toronto,Bachelor units,2020,1,1206.0
Toronto,Bachelor units,2020,2,1204.0
Toronto,Bachelor units,2020,2,1217.0
Toronto,Bachelor units,2020,2,1204.0
Toronto,Bachelor units,2020,2,1206.0
Toronto,Bachelor units,2020,3,1204.0
Toronto,Bachelor units,2020,3,1217.0
Toronto,Bachelor units,2020,3,1204.0
Toronto,Bachelor units,2020,3,1206.0
Toronto,Bachelor units,2020,4,1204.0
Toronto,Bachelor units,2020,4,1217.0
Toronto,Bachelor units,2020,4,1204.0
Toronto,Bachelor units,2020,4,1206.0
Toronto,Bachelor units,2020,5,1204.0
Toronto,Bachelor units,2020,5,1217.0
Toronto,Bachelor units,2020,5,1204.0
Toronto,Bachelor units,2020,5,1206.0
Toronto,Bachelor units,2020,6,1204.0
Toronto,Bachelor units,2020,6,1217.0
Toronto,Bachelor units,2020,6,1204.0
Toronto,Bachelor units,2020,6,1206.0
Toronto,Bachelor units,2020,7,1204.0
Toronto,Bachelor units,2020,7,1217.0
Toronto,Bachelor units,2020,7,1204.0
Toronto,Bachelor units,2020,7,1206.0
Toronto,Bachelor units,2020,8,1204.0
Toronto,Bachelor units,2020,8,1217.0
Toronto,Bachelor units,2020,8,1204.0
Toronto,Bachelor units,2020,8,1206.0
Toronto,Bachelor units,2020,9,1204.0
Toronto,Bachelor units,2020,9,1217.0
Toronto,Bachelor units,2020,9,1204.0
Toronto,Bachelor units,2020,9,1206.0
Toronto,Bachelor units,2020,10,1204.0
Toronto,Bachelor units,2020,10,1217.0
Toronto,Bachelor units,2020,10,1204.0
Toronto,Bachelor units,2020,10,1206.0
Toronto,Bachelor units,2020,11,1204.0
Toronto,Bachelor units,2020,11,1217.0
Toronto,Bachelor units,2020,11,1204.0
Toronto,Bachelor units,2020,11,1206.0
Toronto,Bachelor units,2020,12,1204.0
Toronto,Bachelor units,2020,12,1217.0
Toronto,Bachelor units,2020,12,1204.0
Toronto,Bachelor units,2020,12,1206.0
Toronto,Bachelor units,2021,1,1217.0
Toronto,Bachelor units,2021,1,1217.0
Toronto,Bachelor units,2021,1,1217.0
Toronto,Bachelor units,2021,1,1217.0
Toronto,Bachelor units,2021,2,1217.0
Toronto,Bachelor units,2021,2,1217.0
Toronto,Bachelor units,2021,2,1217.0
Toronto,Bachelor units,2021,2,1217.0
Toronto,Bachelor units,2021,3,1217.0
Toronto,Bachelor units,2021,3,1217.0
Toronto,Bachelor units,2021,3,1217.0
Toronto,Bachelor units,2021,3,1217.0
Toronto,Bachelor units,2021,4,1217.0
Toronto,Bachelor units,2021,4,1217.0
Toronto,Bachelor units,2021,4,1217.0
Toronto,Bachelor units,2021,4,1217.0
Toronto,Bachelor units,2021,5,1217.0
Toronto,Bachelor units,2021,5,1217.0
Toronto,Bachelor units,2021,5,1217.0
Toronto,Bachelor units,2021,5,1217.0
Toronto,Bachelor units,2021,6,1217.0
Toronto,Bachelor units,2021,6,1217.0
Toronto,Bachelor units,2021,6,1217.0
Toronto,Bachelor units,2021,6,1217.0
Toronto,Bachelor units,2021,7,1217.0
Toronto,Bachelor units,2021,7,1217.0
Toronto,Bachelor units,2021,7,1217.0
Toronto,Bachelor units,2021,7,1217.0
Toronto,Bachelor units,2021,8,1217.0
Toronto,Bachelor units,2021,8,1217.0
Toronto,Bachelor units,2021,8,1217.0
Toronto,Bachelor units,2021,8,1217.0
Toronto,Bachelor units,2021,9,1217.0
Toronto,Bachelor units,2021,9,1217.0
Toronto,Bachelor units,2021,9,1217.0
Toronto,Bachelor units,2021,9,1217.0
Toronto,Bachelor units,2021,10,1217.0
Toronto,Bachelor units,2021,10,1217.0
Toronto,Bachelor units,2021,10,1217.0
Toronto,Bachelor units,2021,10,1217.0
Toronto,Bachelor units,2021,11,1217.0
Toronto,Bachelor units,2021,11,1217.0
Toronto,Bachelor units,2021,11,1217.0
Toronto,Bachelor units,2021,11,1217.0
Toronto,Bachelor units,2021,12,1217.0
Toronto,Bachelor units,2021,12,1217.0
Toronto,Bachelor units,2021,12,1217.0
Toronto,Bachelor units,2021,12,1217.0
Toronto,Bachelor units,2022,1,1305.0
Toronto,Bachelor units,2022,1,1217.0
Toronto,Bachelor units,2022,1,1305.0
Toronto,Bachelor units,2022,1,1311.0
Toronto,Bachelor units,2022,2,1305.0
Toronto,Bachelor units,2022,2,1217.0
Toronto,Bachelor units,2022,2,1305.0
Toronto,Bachelor units,2022,2,1311.0
Toronto,Bachelor units,2022,3,1305.0
Toronto,Bachelor units,2022,3,1217.0
Toronto,Bachelor units,2022,3,1305.0
Toronto,Bachelor units,2022,3,1311.0
Toronto,Bachelor units,2022,4,1305.0
Toronto,Bachelor units,2022,4,1217.0
Toronto,Bachelor units,2022,4,1305.0
Toronto,Bachelor units,2022,4,1311.0
Toronto,Bachelor units,2022,5,1305.0
Toronto,Bachelor units,2022,5,1217.0
Toronto,Bachelor units,2022,5,1305.0
Toronto,Bachelor units,2022,5,1311.0
Toronto,Bachelor units,2022,6,1305.0
Toronto,Bachelor units,2022,6,1217.0
Toronto,Bachelor units,2022,6,1305.0
Toronto,Bachelor units,2022,6,1311.0
Toronto,Bachelor units,2022,7,1305.0
Toronto,Bachelor units,2022,7,1217.0
Toronto,Bachelor units,2022,7,1305.0
Toronto,Bachelor units,2022,7,1311.0
Toronto,Bachelor units,2022,8,1305.0
Toronto,Bachelor units,2022,8,1217.0
Toronto,Bachelor units,2022,8,1305.0
Toronto,Bachelor units,2022,8,1311.0
Toronto,Bachelor units,2022,9,1305.0
Toronto,Bachelor units,2022,9,1217.0
Toronto,Bachelor units,2022,9,1305.0
Toronto,Bachelor units,2022,9,1311.0
Toronto,Bachelor units,2022,10,1305.0
Toronto,Bachelor units,2022,10,1217.0
Toronto,Bachelor units,2022,10,1305.0
Toronto,Bachelor units,2022,10,1311.0
Toronto,Bachelor units,2022,11,1305.0
Toronto,Bachelor units,2022,11,1217.0
Toronto,Bachelor units,2022,11,1305.0
Toronto,Bachelor units,2022,11,1311.0
Toronto,Bachelor units,2022,12,1305.0
Toronto,Bachelor units,2022,12,1217.0
Toronto,Bachelor units,2022,12,1305.0
Toronto,Bachelor units,2022,12,1311.0
Toronto,Bachelor units,2023,1,1414.0
Toronto,Bachelor units,2023,1,1217.0
Toronto,Bachelor units,2023,1,1414.0
Toronto,Bachelor units,2023,1,1415.0
Toronto,Bachelor units,2023,2,1414.0
Toronto,Bachelor units,2023,2,1217.0
Toronto,Bachelor units,2023,2,1414.0
Toronto,Bachelor units,2023,2,1415.0
Toronto,Bachelor units,2023,3,1414.0
Toronto,Bachelor units,2023,3,1217.0
Toronto,Bachelor units,2023,3,1414.0
Toronto,Bachelor units,2023,3,1415.0
Toronto,Bachelor units,2023,4,1414.0
Toronto,Bachelor units,2023,4,1217.0
Toronto,Bachelor units,2023,4,1414.0
Toronto,Bachelor units,2023,4,1415.0
Toronto,Bachelor units,2023,5,1414.0
Toronto,Bachelor units,2023,5,1217.0
Toronto,Bachelor units,2023,5,1414.0
Toronto,Bachelor units,2023,5,1415.0
Toronto,Bachelor units,2023,6,1414.0
Toronto,Bachelor units,2023,6,1217.0
Toronto,Bachelor units,2023,6,1414.0
Toronto,Bachelor units,2023,6,1415.0
Toronto,Bachelor units,2023,7,1414.0
Toronto,Bachelor units,2023,7,1217.0
Toronto,Bachelor units,2023,7,1414.0
Toronto,Bachelor units,2023,7,1415.0
Toronto,Bachelor units,2023,8,1414.0
Toronto,Bachelor units,2023,8,1217.0
Toronto,Bachelor units,2023,8,1414.0
Toronto,Bachelor units,2023,8,1415.0
Toronto,Bachelor units,2023,9,1414.0
Toronto,Bachelor units,2023,9,1217.0
Toronto,Bachelor units,2023,9,1414.0
Toronto,Bachelor units,2023,9,1415.0
Toronto,Bachelor units,2023,10,1414.0
Toronto,Bachelor units,2023,10,1217.0
Toronto,Bachelor units,2023,10,1414.0
Toronto,Bachelor units,2023,10,1415.0
Toronto,Bachelor units,2023,11,1414.0
Toronto,Bachelor units,2023,11,1217.0
Toronto,Bachelor units,2023,11,1414.0
Toronto,Bachelor units,2023,11,1415.0
Toronto,Bachelor units,2023,12,1414.0
Toronto,Bachelor units,2023,12,1217.0
Toronto,Bachelor units,2023,12,1414.0
Toronto,Bachelor units,2023,12,1415.0
Toronto,Bachelor units,2024,1,1448.0
Toronto,Bachelor units,2024,1,1217.0
Toronto,Bachelor units,2024,1,1448.0
Toronto,Bachelor units,2024,1,1448.0
Toronto,Bachelor units,2024,2,1448.0
Toronto,Bachelor units,2024,2,1217.0
Toronto,Bachelor units,2024,2,1448.0
Toronto,Bachelor units,2024,2,1448.0
Toronto,Bachelor units,2024,3,1448.0
Toronto,Bachelor units,2024,3,1217.0
Toronto,Bachelor units,2024,3,1448.0
Toronto,Bachelor units,2024,3,1448.0
Toronto,Bachelor units,2024,4,1448.0
Toronto,Bachelor units,2024,4,1217.0
Toronto,Bachelor units,2024,4,1448.0
Toronto,Bachelor units,2024,4,1448.0
Toronto,Bachelor units,2024,5,1448.0
Toronto,Bachelor units,2024,5,1217.0
Toronto,Bachelor units,2024,5,1448.0
Toronto,Bachelor units,2024,5,1448.0
Toronto,Bachelor units,2024,6,1448.0
Toronto,Bachelor units,2024,6,1217.0
Toronto,Bachelor units,2024,6,1448.0
Toronto,Bachelor units,2024,6,1448.0
Toronto,Bachelor units,2024,7,1448.0
Toronto,Bachelor units,2024,7,1217.0
Toronto,Bachelor units,2024,7,1448.0
Toronto,Bachelor units,2024,7,1448.0
Toronto,Bachelor units,2024,8,1448.0
Toronto,Bachelor units,2024,8,1217.0
Toronto,Bachelor units,2024,8,1448.0
Toronto,Bachelor units,2024,8,1448.0
Toronto,Bachelor units,2024,9,1448.0
Toronto,Bachelor units,2024,9,1217.0
Toronto,Bachelor units,2024,9,1448.0
Toronto,Bachelor units,2024,9,1448.0
Toronto,Bachelor units,2024,10,1448.0
Toronto,Bachelor units,2024,10,1217.0
Toronto,Bachelor units,2024,10,1448.0
Toronto,Bachelor units,2024,10,1448.0
Toronto,Bachelor units,2024,11,1448.0
Toronto,Bachelor units,2024,11,1217.0
Toronto,Bachelor units,2024,11,1448.0
Toronto,Bachelor units,2024,11,1448.0
Toronto,Bachelor units,2024,12,1448.0
Toronto,Bachelor units,2024,12,1217.0
Toronto,Bachelor units,2024,12,1448.0
Toronto,Bachelor units,2024,12,1448.0
Toronto,One bedroom units,2018,1,1261.0
Toronto,One bedroom units,2018,1,1499.0
Toronto,One bedroom units,2018,1,1261.0
Toronto,One bedroom units,2018,1,1263.0
Toronto,One bedroom units,2018,2,1261.0
Toronto,One bedroom units,2018,2,1499.0
Toronto,One bedroom units,2018,2,1261.0
Toronto,One bedroom units,2018,2,1263.0
Toronto,One bedroom units,2018,3,1261.0
Toronto,One bedroom units,2018,3,1499.0
Toronto,One bedroom units,2018,3,1261.0
Toronto,One bedroom units,2018,3,1263.0
Toronto,One bedroom units,2018,4,1261.0
Toronto,One bedroom units,2018,4,1499.0
Toronto,One bedroom units,2018,4,1261.0
Toronto,One bedroom units,2018,4,1263.0
Toronto,One bedroom units,2018,5,1261.0
Toronto,One bedroom units,2018,5,1499.0
Toronto,One bedroom units,2018,5,1261.0
Toronto,One bedroom units,2018,5,1263.0
Toronto,One bedroom units,2018,6,1261.0
Toronto,One bedroom units,2018,6,1499.0
Toronto,One bedroom units,2018,6,1261.0
Toronto,One bedroom units,2018,6,1263.0
Toronto,One bedroom units,2018,7,1261.0
Toronto,One bedroom units,2018,7,1499.0
Toronto,One bedroom units,2018,7,1261.0
Toronto,One bedroom units,2018,7,1263.0
Toronto,One bedroom units,2018,8,1261.0
Toronto,One bedroom units,2018,8,1499.0
Toronto,One bedroom units,2018,8,1261.0
Toronto,One bedroom units,2018,8,1263.0
Toronto,One bedroom units,2018,9,1261.0
Toronto,One bedroom units,2018,9,1499.0
Toronto,One bedroom units,2018,9,1261.0
Toronto,One bedroom units,2018,9,1263.0
Toronto,One bedroom units,2018,10,1261.0
Toronto,One bedroom units,2018,10,1499.0
Toronto,One bedroom units,2018,10,1261.0
Toronto,One bedroom units,2018,10,1263.0
Toronto,One bedroom units,2018,11,1261.0
Toronto,One bedroom units,2018,11,1499.0
Toronto,One bedroom units,2018,11,1261.0
Toronto,One bedroom units,2018,11,1263.0
Toronto,One bedroom units,2018,12,1261.0
Toronto,One bedroom units,2018,12,1499.0
Toronto,One bedroom units,2018,12,1261.0
Toronto,One bedroom units,2018,12,1263.0
Toronto,One bedroom units,2019,1,1361.0
Toronto,One bedroom units,2019,1,1503.0
Toronto,One bedroom units,2019,1,1361.0
Toronto,One bedroom units,2019,1,1363.0
Toronto,One bedroom units,2019,2,1361.0
Toronto,One bedroom units,2019,2,1503.0
Toronto,One bedroom units,2019,2,1361.0
Toronto,One bedroom units,2019,2,1363.0
Toronto,One bedroom units,2019,3,1361.0
Toronto,One bedroom units,2019,3,1503.0
Toronto,One bedroom units,2019,3,1361.0
Toronto,One bedroom units,2019,3,1363.0
Toronto,One bedroom units,2019,4,1361.0
Toronto,One bedroom units,2019,4,1503.0
Toronto,One bedroom units,2019,4,1361.0
Toronto,One bedroom units,2019,4,1363.0
Toronto,One bedroom units,2019,5,1361.0
Toronto,One bedroom units,2019,5,1503.0
Toronto,One bedroom units,2019,5,1361.0
Toronto,One bedroom units,2019,5,1363.0
Toronto,One bedroom units,2019,6,1361.0
Toronto,One bedroom units,2019,6,1503.0
Toronto,One bedroom units,2019,6,1361.0
Toronto,One bedroom units,2019,6,1363.0
Toronto,One bedroom units,2019,7,1361.0
Toronto,One bedroom units,2019,7,1503.0
Toronto,One bedroom units,2019,7,1361.0
Toronto,One bedroom units,2019,7,1363.0
Toronto,One bedroom units,2019,8,1361.0
Toronto,One bedroom units,2019,8,1503.0
Toronto,One bedroom units,2019,8,1361.0
Toronto,One bedroom units,2019,8,1363.0
Toronto,One bedroom units,2019,9,1361.0
Toronto,One bedroom units,2019,9,1503.0
Toronto,One bedroom units,2019,9,1361.0
Toronto,One bedroom units,2019,9,1363.0
Toronto,One bedroom units,2019,10,1361.0
Toronto,One bedroom units,2019,10,1503.0
Toronto,One bedroom units,2019,10,1361.0
Toronto,One bedroom units,2019,10,1363.0
Toronto,One bedroom units,2019,11,1361.0
Toronto,One bedroom units,2019,11,1503.0
Toronto,One bedroom units,2019,11,1361.0
Toronto,One bedroom units,2019,11,1363.0
Toronto,One bedroom units,2019,12,1361.0
Toronto,One bedroom units,2019,12,1503.0
Toronto,One bedroom units,2019,12,1361.0
Toronto,One bedroom units,2019,12,1363.0
Toronto,One bedroom units,2020,1,1421.0
Toronto,One bedroom units,2020,1,1597.0
Toronto,One bedroom units,2020,1,1421.0
Toronto,One bedroom units,2020,1,1424.0
Toronto,One bedroom units,2020,2,1421.0
Toronto,One bedroom units,2020,2,1597.0
Toronto,One bedroom units,2020,2,1421.0
Toronto,One bedroom units,2020,2,1424.0
Toronto,One bedroom units,2020,3,1421.0
Toronto,One bedroom units,2020,3,1597.0
Toronto,One bedroom units,2020,3,1421.0
Toronto,One bedroom units,2020,3,1424.0
Toronto,One bedroom units,2020,4,1421.0
Toronto,One bedroom units,2020,4,1597.0
Toronto,One bedroom units,2020,4,1421.0
Toronto,One bedroom units,2020,4,1424.0
Toronto,One bedroom units,2020,5,1421.0
Toronto,One bedroom units,2020,5,1597.0
Toronto,One bedroom units,2020,5,1421.0
Toronto,One bedroom units,2020,5,1424.0
Toronto,One bedroom units,2020,6,1421.0
Toronto,One bedroom units,2020,6,1597.0
Toronto,One bedroom units,2020,6,1421.0
Toronto,One bedroom units,2020,6,1424.0
Toronto,One bedroom units,2020,7,1421.0
Toronto,One bedroom units,2020,7,1597.0
Toronto,One bedroom units,2020,7,1421.0
Toronto,One bedroom units,2020,7,1424.0
Toronto,One bedroom units,2020,8,1421.0
Toronto,One bedroom units,2020,8,1597.0
Toronto,One bedroom units,2020,8,1421.0
Toronto,One bedroom units,2020,8,1424.0
Toronto,One bedroom units,2020,9,1421.0
Toronto,One bedroom units,2020,9,1597.0
Toronto,One bedroom units,2020,9,1421.0
Toronto,One bedroom units,2020,9,1424.0
Toronto,One bedroom units,2020,10,1421.0
Toronto,One bedroom units,2020,10,1597.0
Toronto,One bedroom units,2020,10,1421.0
Toronto,One bedroom units,2020,10,1424.0
Toronto,One bedroom units,2020,11,1421.0
Toronto,One bedroom units,2020,11,1597.0
Toronto,One bedroom units,2020,11,1421.0
Toronto,One bedroom units,2020,11,1424.0
Toronto,One bedroom units,2020,12,1421.0
Toronto,One bedroom units,2020,12,1597.0
Toronto,One bedroom units,2020,12,1421.0
Toronto,One bedroom units,2020,12,1424.0
Toronto,One bedroom units,2021,1,1439.0
Toronto,One bedroom units,2021,1,1806.0
Toronto,One bedroom units,2021,1,1439.0
Toronto,One bedroom units,2021,1,1441.0
Toronto,One bedroom units,2021,2,1439.0
Toronto,One bedroom units,2021,2,1806.0
Toronto,One bedroom units,2021,2,1439.0
Toronto,One bedroom units,2021,2,1441.0
Toronto,One bedroom units,2021,3,1439.0
Toronto,One bedroom units,2021,3,1806.0
Toronto,One bedroom units,2021,3,1439.0
Toronto,One bedroom units,2021,3,1441.0
Toronto,One bedroom units,2021,4,1439.0
Toronto,One bedroom units,2021,4,1806.0
Toronto,One bedroom units,2021,4,1439.0
Toronto,One bedroom units,2021,4,1441.0
Toronto,One bedroom units,2021,5,1439.0
Toronto,One bedroom units,2021,5,1806.0
Toronto,One bedroom units,2021,5,1439.0
Toronto,One bedroom units,2021,5,1441.0
Toronto,One bedroom units,2021,6,1439.0
Toronto,One bedroom units,2021,6,1806.0
Toronto,One bedroom units,2021,6,1439.0
Toronto,One bedroom units,2021,6,1441.0
Toronto,One bedroom units,2021,7,1439.0
Toronto,One bedroom units,2021,7,1806.0
Toronto,One bedroom units,2021,7,1439.0
Toronto,One bedroom units,2021,7,1441.0
Toronto,One bedroom units,2021,8,1439.0
Toronto,One bedroom units,2021,8,1806.0
Toronto,One bedroom units,2021,8,1439.0
Toronto,One bedroom units,2021,8,1441.0
Toronto,One bedroom units,2021,9,1439.0
Toronto,One bedroom units,2021,9,1806.0
Toronto,One bedroom units,2021,9,1439.0
Toronto,One bedroom units,2021,9,1441.0
Toronto,One bedroom units,2021,10,1439.0
Toronto,One bedroom units,2021,10,1806.0
Toronto,One bedroom units,2021,10,1439.0
Toronto,One bedroom units,2021,10,1441.0
Toronto,One bedroom units,2021,11,1439.0
Toronto,One bedroom units,2021,11,1806.0
Toronto,One bedroom units,2021,11,1439.0
Toronto,One bedroom units,2021,11,1441.0
Toronto,One bedroom units,2021,12,1439.0
Toronto,One bedroom units,2021,12,1806.0
Toronto,One bedroom units,2021,12,1439.0
Toronto,One bedroom units,2021,12,1441.0
Toronto,One bedroom units,2022,1,1526.0
Toronto,One bedroom units,2022,1,1495.0
Toronto,One bedroom units,2022,1,1526.0
Toronto,One bedroom units,2022,1,1529.0
Toronto,One bedroom units,2022,2,1526.0
Toronto,One bedroom units,2022,2,1495.0
Toronto,One bedroom units,2022,2,1526.0
Toronto,One bedroom units,2022,2,1529.0
Toronto,One bedroom units,2022,3,1526.0
Toronto,One bedroom units,2022,3,1495.0
Toronto,One bedroom units,2022,3,1526.0
Toronto,One bedroom units,2022,3,1529.0
Toronto,One bedroom units,2022,4,1526.0
Toronto,One bedroom units,2022,4,1495.0
Toronto,One bedroom units,2022,4,1526.0
Toronto,One bedroom units,2022,4,1529.0
Toronto,One bedroom units,2022,5,1526.0
Toronto,One bedroom units,2022,5,1495.0
Toronto,One bedroom units,2022,5,1526.0
Toronto,One bedroom units,2022,5,1529.0
Toronto,One bedroom units,2022,6,1526.0
Toronto,One bedroom units,2022,6,1495.0
Toronto,One bedroom units,2022,6,1526.0
Toronto,One bedroom units,2022,6,1529.0
Toronto,One bedroom units,2022,7,1526.0
Toronto,One bedroom units,2022,7,1495.0
Toronto,One bedroom units,2022,7,1526.0
Toronto,One bedroom units,2022,7,1529.0
Toronto,One bedroom units,2022,8,1526.0
Toronto,One bedroom units,2022,8,1495.0
Toronto,One bedroom units,2022,8,1526.0
Toronto,One bedroom units,2022,8,1529.0
Toronto,One bedroom units,2022,9,1526.0
Toronto,One bedroom units,2022,9,1495.0
Toronto,One bedroom units,2022,9,1526.0
Toronto,One bedroom units,2022,9,1529.0
Toronto,One bedroom units,2022,10,1526.0
Toronto,One bedroom units,2022,10,1495.0
Toronto,One bedroom units,2022,10,1526.0
Toronto,One bedroom units,2022,10,1529.0
Toronto,One bedroom units,2022,11,1526.0
Toronto,One bedroom units,2022,11,1495.0
Toronto,One bedroom units,2022,11,1526.0
Toronto,One bedroom units,2022,11,1529.0
Toronto,One bedroom units,2022,12,1526.0
Toronto,One bedroom units,2022,12,1495.0
Toronto,One bedroom units,2022,12,1526.0
Toronto,One bedroom units,2022,12,1529.0
Toronto,One bedroom units,2023,1,1691.0
Toronto,One bedroom units,2023,1,1885.0
Toronto,One bedroom units,2023,1,1691.0
Toronto,One bedroom units,2023,1,1691.0
Toronto,One bedroom units,2023,2,1691.0
Toronto,One bedroom units,2023,2,1885.0
Toronto,One bedroom units,2023,2,1691.0
Toronto,One bedroom units,2023,2,1691.0
Toronto,One bedroom units,2023,3,1691.0
Toronto,One bedroom units,2023,3,1885.0
Toronto,One bedroom units,2023,3,1691.0
Toronto,One bedroom units,2023,3,1691.0
Toronto,One bedroom units,2023,4,1691.0
Toronto,One bedroom units,2023,4,1885.0
Toronto,One bedroom units,2023,4,1691.0
Toronto,One bedroom units,2023,4,1691.0
Toronto,One bedroom units,2023,5,1691.0
Toronto,One bedroom units,2023,5,1885.0
Toronto,One bedroom units,2023,5,1691.0
Toronto,One bedroom units,2023,5,1691.0
Toronto,One bedroom units,2023,6,1691.0
Toronto,One bedroom units,2023,6,1885.0
Toronto,One bedroom units,2023,6,1691.0
Toronto,One bedroom units,2023,6,1691.0
Toronto,One bedroom units,2023,7,1691.0
Toronto,One bedroom units,2023,7,1885.0
Toronto,One bedroom units,2023,7,1691.0
Toronto,One bedroom units,2023,7,1691.0
Toronto,One bedroom units,2023,8,1691.0
Toronto,One bedroom units,2023,8,1885.0
Toronto,One bedroom units,2023,8,1691.0
Toronto,One bedroom units,2023,8,1691.0
Toronto,One bedroom units,2023,9,1691.0
Toronto,One bedroom units,2023,9,1885.0
Toronto,One bedroom units,2023,9,1691.0
Toronto,One bedroom units,2023,9,1691.0
Toronto,One bedroom units,2023,10,1691.0
Toronto,One bedroom units,2023,10,1885.0
Toronto,One bedroom units,2023,10,1691.0
Toronto,One bedroom units,2023,10,1691.0
Toronto,One bedroom units,2023,11,1691.0
Toronto,One bedroom units,2023,11,1885.0
Toronto,One bedroom units,2023,11,1691.0
Toronto,One bedroom units,2023,11,1691.0
Toronto,One bedroom units,2023,12,1691.0
Toronto,One bedroom units,2023,12,1885.0
Toronto,One bedroom units,2023,12,1691.0
Toronto,One bedroom units,2023,12,1691.0
Toronto,One bedroom units,2024,1,1715.0
Toronto,One bedroom units,2024,1,1499.0
Toronto,One bedroom units,2024,1,1715.0
Toronto,One bedroom units,2024,1,1714.0
Toronto,One bedroom units,2024,2,1715.0
Toronto,One bedroom units,2024,2,1499.0
Toronto,One bedroom units,2024,2,1715.0
Toronto,One bedroom units,2024,2,1714.0
Toronto,One bedroom units,2024,3,1715.0
Toronto,One bedroom units,2024,3,1499.0
Toronto,One bedroom units,2024,3,1715.0
Toronto,One bedroom units,2024,3,1714.0
Toronto,One bedroom units,2024,4,1715.0
Toronto,One bedroom units,2024,4,1499.0
Toronto,One bedroom units,2024,4,1715.0
Toronto,One bedroom units,2024,4,1714.0
Toronto,One bedroom units,2024,5,1715.0
Toronto,One bedroom units,2024,5,1499.0
Toronto,One bedroom units,2024,5,1715.0
Toronto,One bedroom units,2024,5,1714.0
Toronto,One bedroom units,2024,6,1715.0
Toronto,One bedroom units,2024,6,1499.0
Toronto,One bedroom units,2024,6,1715.0
Toronto,One bedroom units,2024,6,1714.0
Toronto,One bedroom units,2024,7,1715.0
Toronto,One bedroom units,2024,7,1499.0
Toronto,One bedroom units,2024,7,1715.0
Toronto,One bedroom units,2024,7,1714.0
Toronto,One bedroom units,2024,8,1715.0
Toronto,One bedroom units,2024,8,1499.0
Toronto,One bedroom units,2024,8,1715.0
Toronto,One bedroom units,2024,8,1714.0
Toronto,One bedroom units,2024,9,1715.0
Toronto,One bedroom units,2024,9,1499.0
Toronto,One bedroom units,2024,9,1715.0
Toronto,One bedroom units,2024,9,1714.0
Toronto,One bedroom units,2024,10,1715.0
Toronto,One bedroom units,2024,10,1499.0
Toronto,One bedroom units,2024,10,1715.0
Toronto,One bedroom units,2024,10,1714.0
Toronto,One bedroom units,2024,11,1715.0
Toronto,One bedroom units,2024,11,1499.0
Toronto,One bedroom units,2024,11,1715.0
Toronto,One bedroom units,2024,11,1714.0
Toronto,One bedroom units,2024,12,1715.0
Toronto,One bedroom units,2024,12,1499.0
Toronto,One bedroom units,2024,12,1715.0
Toronto,One bedroom units,2024,12,1714.0
Toronto,Two bedroom units,2018,1,1468.0
Toronto,Two bedroom units,2018,1,1513.0
Toronto,Two bedroom units,2018,1,1467.0
Toronto,Two bedroom units,2018,1,1468.0
Toronto,Two bedroom units,2018,2,1468.0
Toronto,Two bedroom units,2018,2,1513.0
Toronto,Two bedroom units,2018,2,1467.0
Toronto,Two bedroom units,2018,2,1468.0
Toronto,Two bedroom units,2018,3,1468.0
Toronto,Two bedroom units,2018,3,1513.0
Toronto,Two bedroom units,2018,3,1467.0
Toronto,Two bedroom units,2018,3,1468.0
Toronto,Two bedroom units,2018,4,1468.0
Toronto,Two bedroom units,2018,4,1513.0
Toronto,Two bedroom units,2018,4,1467.0
Toronto,Two bedroom units,2018,4,1468.0
Toronto,Two bedroom units,2018,5,1468.0
Toronto,Two bedroom units,2018,5,1513.0
Toronto,Two bedroom units,2018,5,1467.0
Toronto,Two bedroom units,2018,5,1468.0
Toronto,Two bedroom units,2018,6,1468.0
Toronto,Two bedroom units,2018,6,1513.0
Toronto,Two bedroom units,2018,6,1467.0
Toronto,Two bedroom units,2018,6,1468.0
Toronto,Two bedroom units,2018,7,1468.0
Toronto,Two bedroom units,2018,7,1513.0
Toronto,Two bedroom units,2018,7,1467.0
Toronto,Two bedroom units,2018,7,1468.0
Toronto,Two bedroom units,2018,8,1468.0
Toronto,Two bedroom units,2018,8,1513.0
Toronto,Two bedroom units,2018,8,1467.0
Toronto,Two bedroom units,2018,8,1468.0
Toronto,Two bedroom units,2018,9,1468.0
Toronto,Two bedroom units,2018,9,1513.0
Toronto,Two bedroom units,2018,9,1467.0
Toronto,Two bedroom units,2018,9,1468.0
Toronto,Two bedroom units,2018,10,1468.0
Toronto,Two bedroom units,2018,10,1513.0
Toronto,Two bedroom units,2018,10,1467.0
Toronto,Two bedroom units,2018,10,1468.0
Toronto,Two bedroom units,2018,11,1468.0
Toronto,Two bedroom units,2018,11,1513.0
Toronto,Two bedroom units,2018,11,1467.0
Toronto,Two bedroom units,2018,11,1468.0
Toronto,Two bedroom units,2018,12,1468.0
Toronto,Two bedroom units,2018,12,1513.0
Toronto,Two bedroom units,2018,12,1467.0
Toronto,Two bedroom units,2018,12,1468.0
Toronto,Two bedroom units,2019,1,1563.0
Toronto,Two bedroom units,2019,1,1613.0
Toronto,Two bedroom units,2019,1,1562.0
Toronto,Two bedroom units,2019,1,1562.0
Toronto,Two bedroom units,2019,2,1563.0
Toronto,Two bedroom units,2019,2,1613.0
Toronto,Two bedroom units,2019,2,1562.0
Toronto,Two bedroom units,2019,2,1562.0
Toronto,Two bedroom units,2019,3,1563.0
Toronto,Two bedroom units,2019,3,1613.0
Toronto,Two bedroom units,2019,3,1562.0
Toronto,Two bedroom units,2019,3,1562.0
Toronto,Two bedroom units,2019,4,1563.0
Toronto,Two bedroom units,2019,4,1613.0
Toronto,Two bedroom units,2019,4,1562.0
Toronto,Two bedroom units,2019,4,1562.0
Toronto,Two bedroom units,2019,5,1563.0
Toronto,Two bedroom units,2019,5,1613.0
Toronto,Two bedroom units,2019,5,1562.0
Toronto,Two bedroom units,2019,5,1562.0
Toronto,Two bedroom units,2019,6,1563.0
Toronto,Two bedroom units,2019,6,1613.0
Toronto,Two bedroom units,2019,6,1562.0
Toronto,Two bedroom units,2019,6,1562.0
Toronto,Two bedroom units,2019,7,1563.0
Toronto,Two bedroom units,2019,7,1613.0
Toronto,Two bedroom units,2019,7,1562.0
Toronto,Two bedroom units,2019,7,1562.0
Toronto,Two bedroom units,2019,8,1563.0
Toronto,Two bedroom units,2019,8,1613.0
Toronto,Two bedroom units,2019,8,1562.0
Toronto,Two bedroom units,2019,8,1562.0
Toronto,Two bedroom units,2019,9,1563.0
Toronto,Two bedroom units,2019,9,1613.0
Toronto,Two bedroom units,2019,9,1562.0
Toronto,Two bedroom units,2019,9,1562.0
Toronto,Two bedroom units,2019,10,1563.0
Toronto,Two bedroom units,2019,10,1613.0
Toronto,Two bedroom units,2019,10,1562.0
Toronto,Two bedroom units,2019,10,1562.0
Toronto,Two bedroom units,2019,11,1563.0
Toronto,Two bedroom units,2019,11,1613.0
Toronto,Two bedroom units,2019,11,1562.0
Toronto,Two bedroom units,2019,11,1562.0
Toronto,Two bedroom units,2019,12,1563.0
Toronto,Two bedroom units,2019,12,1613.0
Toronto,Two bedroom units,2019,12,1562.0
Toronto,Two bedroom units,2019,12,1562.0
Toronto,Two bedroom units,2020,1,1637.0
Toronto,Two bedroom units,2020,1,1835.0
Toronto,Two bedroom units,2020,1,1635.0
Toronto,Two bedroom units,2020,1,1636.0
Toronto,Two bedroom units,2020,2,1637.0
Toronto,Two bedroom units,2020,2,1835.0
Toronto,Two bedroom units,2020,2,1635.0
Toronto,Two bedroom units,2020,2,1636.0
Toronto,Two bedroom units,2020,3,1637.0
Toronto,Two bedroom units,2020,3,1835.0
Toronto,Two bedroom units,2020,3,1635.0
Toronto,Two bedroom units,2020,3,1636.0
Toronto,Two bedroom units,2020,4,1637.0
Toronto,Two bedroom units,2020,4,1835.0
Toronto,Two bedroom units,2020,4,1635.0
Toronto,Two bedroom units,2020,4,1636.0
Toronto,Two bedroom units,2020,5,1637.0
Toronto,Two bedroom units,2020,5,1835.0
Toronto,Two bedroom units,2020,5,1635.0
Toronto,Two bedroom units,2020,5,1636.0
Toronto,Two bedroom units,2020,6,1637.0
Toronto,Two bedroom units,2020,6,1835.0
Toronto,Two bedroom units,2020,6,1635.0
Toronto,Two bedroom units,2020,6,1636.0
Toronto,Two bedroom units,2020,7,1637.0
Toronto,Two bedroom units,2020,7,1835.0
Toronto,Two bedroom units,2020,7,1635.0
Toronto,Two bedroom units,2020,7,1636.0
Toronto,Two bedroom units,2020,8,1637.0
Toronto,Two bedroom units,2020,8,1835.0
Toronto,Two bedroom units,2020,8,1635.0
Toronto,Two bedroom units,2020,8,1636.0
Toronto,Two bedroom units,2020,9,1637.0
Toronto,Two bedroom units,2020,9,1835.0
Toronto,Two bedroom units,2020,9,1635.0
Toronto,Two bedroom units,2020,9,1636.0
Toronto,Two bedroom units,2020,10,1637.0
Toronto,Two bedroom units,2020,10,1835.0
Toronto,Two bedroom units,2020,10,1635.0
Toronto,Two bedroom units,2020,10,1636.0
Toronto,Two bedroom units,2020,11,1637.0
Toronto,Two bedroom units,2020,11,1835.0
Toronto,Two bedroom units,2020,11,1635.0
Toronto,Two bedroom units,2020,11,1636.0
Toronto,Two bedroom units,2020,12,1637.0
Toronto,Two bedroom units,2020,12,1835.0
Toronto,Two bedroom units,2020,12,1635.0
Toronto,Two bedroom units,2020,12,1636.0
Toronto,Two bedroom units,2021,1,1680.0
Toronto,Two bedroom units,2021,1,1835.0
Toronto,Two bedroom units,2021,1,1679.0
Toronto,Two bedroom units,2021,1,1681.0
Toronto,Two bedroom units,2021,2,1680.0
Toronto,Two bedroom units,2021,2,1835.0
Toronto,Two bedroom units,2021,2,1679.0
Toronto,Two bedroom units,2021,2,1681.0
Toronto,Two bedroom units,2021,3,1680.0
Toronto,Two bedroom units,2021,3,1835.0
Toronto,Two bedroom units,2021,3,1679.0
Toronto,Two bedroom units,2021,3,1681.0
Toronto,Two bedroom units,2021,4,1680.0
Toronto,Two bedroom units,2021,4,1835.0
Toronto,Two bedroom units,2021,4,1679.0
Toronto,Two bedroom units,2021,4,1681.0
Toronto,Two bedroom units,2021,5,1680.0
Toronto,Two bedroom units,2021,5,1835.0
Toronto,Two bedroom units,2021,5,1679.0
Toronto,Two bedroom units,2021,5,1681.0
Toronto,Two bedroom units,2021,6,1680.0
Toronto,Two bedroom units,2021,6,1835.0
Toronto,Two bedroom units,2021,6,1679.0
Toronto,Two bedroom units,2021,6,1681.0
Toronto,Two bedroom units,2021,7,1680.0
Toronto,Two bedroom units,2021,7,1835.0
Toronto,Two bedroom units,2021,7,1679.0
Toronto,Two bedroom units,2021,7,1681.0
Toronto,Two bedroom units,2021,8,1680.0
Toronto,Two bedroom units,2021,8,1835.0
Toronto,Two bedroom units,2021,8,1679.0
Toronto,Two bedroom units,2021,8,1681.0
Toronto,Two bedroom units,2021,9,1680.0
Toronto,Two bedroom units,2021,9,1835.0
Toronto,Two bedroom units,2021,9,1679.0
Toronto,Two bedroom units,2021,9,1681.0
Toronto,Two bedroom units,2021,10,1680.0
Toronto,Two bedroom units,2021,10,1835.0
Toronto,Two bedroom units,2021,10,1679.0
Toronto,Two bedroom units,2021,10,1681.0
Toronto,Two bedroom units,2021,11,1680.0
Toronto,Two bedroom units,2021,11,1835.0
Toronto,Two bedroom units,2021,11,1679.0
Toronto,Two bedroom units,2021,11,1681.0
Toronto,Two bedroom units,2021,12,1680.0
Toronto,Two bedroom units,2021,12,1835.0
Toronto,Two bedroom units,2021,12,1679.0
Toronto,Two bedroom units,2021,12,1681.0
Toronto,Two bedroom units,2022,1,1779.0
Toronto,Two bedroom units,2022,1,1748.0
Toronto,Two bedroom units,2022,1,1779.0
Toronto,Two bedroom units,2022,1,1780.0
Toronto,Two bedroom units,2022,2,1779.0
Toronto,Two bedroom units,2022,2,1748.0
Toronto,Two bedroom units,2022,2,1779.0
Toronto,Two bedroom units,2022,2,1780.0
Toronto,Two bedroom units,2022,3,1779.0
Toronto,Two bedroom units,2022,3,1748.0
Toronto,Two bedroom units,2022,3,1779.0
Toronto,Two bedroom units,2022,3,1780.0
Toronto,Two bedroom units,2022,4,1779.0
Toronto,Two bedroom units,2022,4,1748.0
Toronto,Two bedroom units,2022,4,1779.0
Toronto,Two bedroom units,2022,4,1780.0
Toronto,Two bedroom units,2022,5,1779.0
Toronto,Two bedroom units,2022,5,1748.0
Toronto,Two bedroom units,2022,5,1779.0
Toronto,Two bedroom units,2022,5,1780.0
Toronto,Two bedroom units,2022,6,1779.0
Toronto,Two bedroom units,2022,6,1748.0
Toronto,Two bedroom units,2022,6,1779.0
Toronto,Two bedroom units,2022,6,1780.0
Toronto,Two bedroom units,2022,7,1779.0
Toronto,Two bedroom units,2022,7,1748.0
Toronto,Two bedroom units,2022,7,1779.0
Toronto,Two bedroom units,2022,7,1780.0
Toronto,Two bedroom units,2022,8,1779.0
Toronto,Two bedroom units,2022,8,1748.0
Toronto,Two bedroom units,2022,8,1779.0
Toronto,Two bedroom units,2022,8,1780.0
Toronto,Two bedroom units,2022,9,1779.0
Toronto,Two bedroom units,2022,9,1748.0
Toronto,Two bedroom units,2022,9,1779.0
Toronto,Two bedroom units,2022,9,1780.0
Toronto,Two bedroom units,2022,10,1779.0
Toronto,Two bedroom units,2022,10,1748.0
Toronto,Two bedroom units,2022,10,1779.0
Toronto,Two bedroom units,2022,10,1780.0
Toronto,Two bedroom units,2022,11,1779.0
Toronto,Two bedroom units,2022,11,1748.0
Toronto,Two bedroom units,2022,11,1779.0
Toronto,Two bedroom units,2022,11,1780.0
Toronto,Two bedroom units,2022,12,1779.0
Toronto,Two bedroom units,2022,12,1748.0
Toronto,Two bedroom units,2022,12,1779.0
Toronto,Two bedroom units,2022,12,1780.0
Toronto,Two bedroom units,2023,1,1958.0
Toronto,Two bedroom units,2023,1,1722.0
Toronto,Two bedroom units,2023,1,1961.0
Toronto,Two bedroom units,2023,1,1971.0
Toronto,Two bedroom units,2023,2,1958.0
Toronto,Two bedroom units,2023,2,1722.0
Toronto,Two bedroom units,2023,2,1961.0
Toronto,Two bedroom units,2023,2,1971.0
Toronto,Two bedroom units,2023,3,1958.0
Toronto,Two bedroom units,2023,3,1722.0
Toronto,Two bedroom units,2023,3,1961.0
Toronto,Two bedroom units,2023,3,1971.0
Toronto,Two bedroom units,2023,4,1958.0
Toronto,Two bedroom units,2023,4,1722.0
Toronto,Two bedroom units,2023,4,1961.0
Toronto,Two bedroom units,2023,4,1971.0
Toronto,Two bedroom units,2023,5,1958.0
Toronto,Two bedroom units,2023,5,1722.0
Toronto,Two bedroom units,2023,5,1961.0
Toronto,Two bedroom units,2023,5,1971.0
Toronto,Two bedroom units,2023,6,1958.0
Toronto,Two bedroom units,2023,6,1722.0
Toronto,Two bedroom units,2023,6,1961.0
Toronto,Two bedroom units,2023,6,1971.0
Toronto,Two bedroom units,2023,7,1958.0
Toronto,Two bedroom units,2023,7,1722.0
Toronto,Two bedroom units,2023,7,1961.0
Toronto,Two bedroom units,2023,7,1971.0
Toronto,Two bedroom units,2023,8,1958.0
Toronto,Two bedroom units,2023,8,1722.0
Toronto,Two bedroom units,2023,8,1961.0
Toronto,Two bedroom units,2023,8,1971.0
Toronto,Two bedroom units,2023,9,1958.0
Toronto,Two bedroom units,2023,9,1722.0
Toronto,Two bedroom units,2023,9,1961.0
Toronto,Two bedroom units,2023,9,1971.0
Toronto,Two bedroom units,2023,10,1958.0
Toronto,Two bedroom units,2023,10,1722.0
Toronto,Two bedroom units,2023,10,1961.0
Toronto,Two bedroom units,2023,10,1971.0
Toronto,Two bedroom units,2023,11,1958.0
Toronto,Two bedroom units,2023,11,1722.0
Toronto,Two bedroom units,2023,11,1961.0
Toronto,Two bedroom units,2023,11,1971.0
Toronto,Two bedroom units,2023,12,1958.0
Toronto,Two bedroom units,2023,12,1722.0
Toronto,Two bedroom units,2023,12,1961.0
Toronto,Two bedroom units,2023,12,1971.0
Toronto,Two bedroom units,2024,1,1972.0
Toronto,Two bedroom units,2024,1,1755.0
Toronto,Two bedroom units,2024,1,1974.0
Toronto,Two bedroom units,2024,1,1979.0
Toronto,Two bedroom units,2024,2,1972.0
Toronto,Two bedroom units,2024,2,1755.0
Toronto,Two bedroom units,2024,2,1974.0
Toronto,Two bedroom units,2024,2,1979.0
Toronto,Two bedroom units,2024,3,1972.0
Toronto,Two bedroom units,2024,3,1755.0
Toronto,Two bedroom units,2024,3,1974.0
Toronto,Two bedroom units,2024,3,1979.0
Toronto,Two bedroom units,2024,4,1972.0
Toronto,Two bedroom units,2024,4,1755.0
Toronto,Two bedroom units,2024,4,1974.0
Toronto,Two bedroom units,2024,4,1979.0
Toronto,Two bedroom units,2024,5,1972.0
Toronto,Two bedroom units,2024,5,1755.0
Toronto,Two bedroom units,2024,5,1974.0
Toronto,Two bedroom units,2024,5,1979.0
Toronto,Two bedroom units,2024,6,1972.0
Toronto,Two bedroom units,2024,6,1755.0
Toronto,Two bedroom units,2024,6,1974.0
Toronto,Two bedroom units,2024,6,1979.0
Toronto,Two bedroom units,2024,7,1972.0
Toronto,Two bedroom units,2024,7,1755.0
Toronto,Two bedroom units,2024,7,1974.0
Toronto,Two bedroom units,2024,7,1979.0
Toronto,Two bedroom units,2024,8,1972.0
Toronto,Two bedroom units,2024,8,1755.0
Toronto,Two bedroom units,2024,8,1974.0
Toronto,Two bedroom units,2024,8,1979.0
Toronto,Two bedroom units,2024,9,1972.0
Toronto,Two bedroom units,2024,9,1755.0
Toronto,Two bedroom units,2024,9,1974.0
Toronto,Two bedroom units,2024,9,1979.0
Toronto,Two bedroom units,2024,10,1972.0
Toronto,Two bedroom units,2024,10,1755.0
Toronto,Two bedroom units,2024,10,1974.0
Toronto,Two bedroom units,2024,10,1979.0
Toronto,Two bedroom units,2024,11,1972.0
Toronto,Two bedroom units,2024,11,1755.0
Toronto,Two bedroom units,2024,11,1974.0
Toronto,Two bedroom units,2024,11,1979.0
Toronto,Two bedroom units,2024,12,1972.0
Toronto,Two bedroom units,2024,12,1755.0
Toronto,Two bedroom units,2024,12,1974.0
Toronto,Two bedroom units,2024,12,1979.0
Toronto,Three bedroom units,2018,1,1647.0
Toronto,Three bedroom units,2018,1,1703.0
Toronto,Three bedroom units,2018,1,1633.0
Toronto,Three bedroom units,2018,1,1628.0
Toronto,Three bedroom units,2018,2,1647.0
Toronto,Three bedroom units,2018,2,1703.0
Toronto,Three bedroom units,2018,2,1633.0
Toronto,Three bedroom units,2018,2,1628.0
Toronto,Three bedroom units,2018,3,1647.0
Toronto,Three bedroom units,2018,3,1703.0
Toronto,Three bedroom units,2018,3,1633.0
Toronto,Three bedroom units,2018,3,1628.0
Toronto,Three bedroom units,2018,4,1647.0
Toronto,Three bedroom units,2018,4,1703.0
Toronto,Three bedroom units,2018,4,1633.0
Toronto,Three bedroom units,2018,4,1628.0
Toronto,Three bedroom units,2018,5,1647.0
Toronto,Three bedroom units,2018,5,1703.0
Toronto,Three bedroom units,2018,5,1633.0
Toronto,Three bedroom units,2018,5,1628.0
Toronto,Three bedroom units,2018,6,1647.0
Toronto,Three bedroom units,2018,6,1703.0
Toronto,Three bedroom units,2018,6,1633.0
Toronto,Three bedroom units,2018,6,1628.0
Toronto,Three bedroom units,2018,7,1647.0
Toronto,Three bedroom units,2018,7,1703.0
Toronto,Three bedroom units,2018,7,1633.0
Toronto,Three bedroom units,2018,7,1628.0
Toronto,Three bedroom units,2018,8,1647.0
Toronto,Three bedroom units,2018,8,1703.0
Toronto,Three bedroom units,2018,8,1633.0
Toronto,Three bedroom units,2018,8,1628.0
Toronto,Three bedroom units,2018,9,1647.0
Toronto,Three bedroom units,2018,9,1703.0
Toronto,Three bedroom units,2018,9,1633.0
Toronto,Three bedroom units,2018,9,1628.0
Toronto,Three bedroom units,2018,10,1647.0
Toronto,Three bedroom units,2018,10,1703.0
Toronto,Three bedroom units,2018,10,1633.0
Toronto,Three bedroom units,2018,10,1628.0
Toronto,Three bedroom units,2018,11,1647.0
Toronto,Three bedroom units,2018,11,1703.0
Toronto,Three bedroom units,2018,11,1633.0
Toronto,Three bedroom units,2018,11,1628.0
Toronto,Three bedroom units,2018,12,1647.0
Toronto,Three bedroom units,2018,12,1703.0
Toronto,Three bedroom units,2018,12,1633.0
Toronto,Three bedroom units,2018,12,1628.0
Toronto,Three bedroom units,2019,1,1730.0
Toronto,Three bedroom units,2019,1,1719.0
Toronto,Three bedroom units,2019,1,1732.0
Toronto,Three bedroom units,2019,1,1734.0
Toronto,Three bedroom units,2019,2,1730.0
Toronto,Three bedroom units,2019,2,1719.0
Toronto,Three bedroom units,2019,2,1732.0
Toronto,Three bedroom units,2019,2,1734.0
Toronto,Three bedroom units,2019,3,1730.0
Toronto,Three bedroom units,2019,3,1719.0
Toronto,Three bedroom units,2019,3,1732.0
Toronto,Three bedroom units,2019,3,1734.0
Toronto,Three bedroom units,2019,4,1730.0
Toronto,Three bedroom units,2019,4,1719.0
Toronto,Three bedroom units,2019,4,1732.0
Toronto,Three bedroom units,2019,4,1734.0
Toronto,Three bedroom units,2019,5,1730.0
Toronto,Three bedroom units,2019,5,1719.0
Toronto,Three bedroom units,2019,5,1732.0
Toronto,Three bedroom units,2019,5,1734.0
Toronto,Three bedroom units,2019,6,1730.0
Toronto,Three bedroom units,2019,6,1719.0
Toronto,Three bedroom units,2019,6,1732.0
Toronto,Three bedroom units,2019,6,1734.0
Toronto,Three bedroom units,2019,7,1730.0
Toronto,Three bedroom units,2019,7,1719.0
Toronto,Three bedroom units,2019,7,1732.0
Toronto,Three bedroom units,2019,7,1734.0
Toronto,Three bedroom units,2019,8,1730.0
Toronto,Three bedroom units,2019,8,1719.0
Toronto,Three bedroom units,2019,8,1732.0
Toronto,Three bedroom units,2019,8,1734.0
Toronto,Three bedroom units,2019,9,1730.0
Toronto,Three bedroom units,2019,9,1719.0
Toronto,Three bedroom units,2019,9,1732.0
Toronto,Three bedroom units,2019,9,1734.0
Toronto,Three bedroom units,2019,10,1730.0
Toronto,Three bedroom units,2019,10,1719.0
Toronto,Three bedroom units,2019,10,1732.0
Toronto,Three bedroom units,2019,10,1734.0
Toronto,Three bedroom units,2019,11,1730.0
Toronto,Three bedroom units,2019,11,1719.0
Toronto,Three bedroom units,2019,11,1732.0
Toronto,Three bedroom units,2019,11,1734.0
Toronto,Three bedroom units,2019,12,1730.0
Toronto,Three bedroom units,2019,12,1719.0
Toronto,Three bedroom units,2019,12,1732.0
Toronto,Three bedroom units,2019,12,1734.0
Toronto,Three bedroom units,2020,1,1854.0
Toronto,Three bedroom units,2020,1,1883.0
Toronto,Three bedroom units,2020,1,1848.0
Toronto,Three bedroom units,2020,1,1834.0
Toronto,Three bedroom units,2020,2,1854.0
Toronto,Three bedroom units,2020,2,1883.0
Toronto,Three bedroom units,2020,2,1848.0
Toronto,Three bedroom units,2020,2,1834.0
Toronto,Three bedroom units,2020,3,1854.0
Toronto,Three bedroom units,2020,3,1883.0
Toronto,Three bedroom units,2020,3,1848.0
Toronto,Three bedroom units,2020,3,1834.0
Toronto,Three bedroom units,2020,4,1854.0
Toronto,Three bedroom units,2020,4,1883.0
Toronto,Three bedroom units,2020,4,1848.0
Toronto,Three bedroom units,2020,4,1834.0
Toronto,Three bedroom units,2020,5,1854.0
Toronto,Three bedroom units,2020,5,1883.0
Toronto,Three bedroom units,2020,5,1848.0
Toronto,Three bedroom units,2020,5,1834.0
Toronto,Three bedroom units,2020,6,1854.0
Toronto,Three bedroom units,2020,6,1883.0
Toronto,Three bedroom units,2020,6,1848.0
Toronto,Three bedroom units,2020,6,1834.0
Toronto,Three bedroom units,2020,7,1854.0
Toronto,Three bedroom units,2020,7,1883.0
Toronto,Three bedroom units,2020,7,1848.0
Toronto,Three bedroom units,2020,7,1834.0
Toronto,Three bedroom units,2020,8,1854.0
Toronto,Three bedroom units,2020,8,1883.0
Toronto,Three bedroom units,2020,8,1848.0
Toronto,Three bedroom units,2020,8,1834.0
Toronto,Three bedroom units,2020,9,1854.0
Toronto,Three bedroom units,2020,9,1883.0
Toronto,Three bedroom units,2020,9,1848.0
Toronto,Three bedroom units,2020,9,1834.0
Toronto,Three bedroom units,2020,10,1854.0
Toronto,Three bedroom units,2020,10,1883.0
Toronto,Three bedroom units,2020,10,1848.0
Toronto,Three bedroom units,2020,10,1834.0
Toronto,Three bedroom units,2020,11,1854.0
Toronto,Three bedroom units,2020,11,1883.0
Toronto,Three bedroom units,2020,11,1848.0
Toronto,Three bedroom units,2020,11,1834.0
Toronto,Three bedroom units,2020,12,1854.0
Toronto,Three bedroom units,2020,12,1883.0
Toronto,Three bedroom units,2020,12,1848.0
Toronto,Three bedroom units,2020,12,1834.0
Toronto,Three bedroom units,2021,1,1918.0
Toronto,Three bedroom units,2021,1,1966.0
Toronto,Three bedroom units,2021,1,1907.0
Toronto,Three bedroom units,2021,1,1891.0
Toronto,Three bedroom units,2021,2,1918.0
Toronto,Three bedroom units,2021,2,1966.0
Toronto,Three bedroom units,2021,2,1907.0
Toronto,Three bedroom units,2021,2,1891.0
Toronto,Three bedroom units,2021,3,1918.0
Toronto,Three bedroom units,2021,3,1966.0
Toronto,Three bedroom units,2021,3,1907.0
Toronto,Three bedroom units,2021,3,1891.0
Toronto,Three bedroom units,2021,4,1918.0
Toronto,Three bedroom units,2021,4,1966.0
Toronto,Three bedroom units,2021,4,1907.0
Toronto,Three bedroom units,2021,4,1891.0
Toronto,Three bedroom units,2021,5,1918.0
Toronto,Three bedroom units,2021,5,1966.0
Toronto,Three bedroom units,2021,5,1907.0
Toronto,Three bedroom units,2021,5,1891.0
Toronto,Three bedroom units,2021,6,1918.0
Toronto,Three bedroom units,2021,6,1966.0
Toronto,Three bedroom units,2021,6,1907.0
Toronto,Three bedroom units,2021,6,1891.0
Toronto,Three bedroom units,2021,7,1918.0
Toronto,Three bedroom units,2021,7,1966.0
Toronto,Three bedroom units,2021,7,1907.0
Toronto,Three bedroom units,2021,7,1891.0
Toronto,Three bedroom units,2021,8,1918.0
Toronto,Three bedroom units,2021,8,1966.0
Toronto,Three bedroom units,2021,8,1907.0
Toronto,Three bedroom units,2021,8,1891.0
Toronto,Three bedroom units,2021,9,1918.0
Toronto,Three bedroom units,2021,9,1966.0
Toronto,Three bedroom units,2021,9,1907.0
Toronto,Three bedroom units,2021,9,1891.0
Toronto,Three bedroom units,2021,10,1918.0
Toronto,Three bedroom units,2021,10,1966.0
Toronto,Three bedroom units,2021,10,1907.0
Toronto,Three bedroom units,2021,10,1891.0
Toronto,Three bedroom units,2021,11,1918.0
Toronto,Three bedroom units,2021,11,1966.0
Toronto,Three bedroom units,2021,11,1907.0
Toronto,Three bedroom units,2021,11,1891.0
Toronto,Three bedroom units,2021,12,1918.0
Toronto,Three bedroom units,2021,12,1966.0
Toronto,Three bedroom units,2021,12,1907.0
Toronto,Three bedroom units,2021,12,1891.0
Toronto,Three bedroom units,2022,1,2015.0
Toronto,Three bedroom units,2022,1,1908.0
Toronto,Three bedroom units,2022,1,2038.0
Toronto,Three bedroom units,2022,1,2034.0
Toronto,Three bedroom units,2022,2,2015.0
Toronto,Three bedroom units,2022,2,1908.0
Toronto,Three bedroom units,2022,2,2038.0
Toronto,Three bedroom units,2022,2,2034.0
Toronto,Three bedroom units,2022,3,2015.0
Toronto,Three bedroom units,2022,3,1908.0
Toronto,Three bedroom units,2022,3,2038.0
Toronto,Three bedroom units,2022,3,2034.0
Toronto,Three bedroom units,2022,4,2015.0
Toronto,Three bedroom units,2022,4,1908.0
Toronto,Three bedroom units,2022,4,2038.0
Toronto,Three bedroom units,2022,4,2034.0
Toronto,Three bedroom units,2022,5,2015.0
Toronto,Three bedroom units,2022,5,1908.0
Toronto,Three bedroom units,2022,5,2038.0
Toronto,Three bedroom units,2022,5,2034.0
Toronto,Three bedroom units,2022,6,2015.0
Toronto,Three bedroom units,2022,6,1908.0
Toronto,Three bedroom units,2022,6,2038.0
Toronto,Three bedroom units,2022,6,2034.0
Toronto,Three bedroom units,2022,7,2015.0
Toronto,Three bedroom units,2022,7,1908.0
Toronto,Three bedroom units,2022,7,2038.0
Toronto,Three bedroom units,2022,7,2034.0
Toronto,Three bedroom units,2022,8,2015.0
Toronto,Three bedroom units,2022,8,1908.0
Toronto,Three bedroom units,2022,8,2038.0
Toronto,Three bedroom units,2022,8,2034.0
Toronto,Three bedroom units,2022,9,2015.0
Toronto,Three bedroom units,2022,9,1908.0
Toronto,Three bedroom units,2022,9,2038.0
Toronto,Three bedroom units,2022,9,2034.0
Toronto,Three bedroom units,2022,10,2015.0
Toronto,Three bedroom units,2022,10,1908.0
Toronto,Three bedroom units,2022,10,2038.0
Toronto,Three bedroom units,2022,10,2034.0
Toronto,Three bedroom units,2022,11,2015.0
Toronto,Three bedroom units,2022,11,1908.0
Toronto,Three bedroom units,2022,11,2038.0
Toronto,Three bedroom units,2022,11,2034.0
Toronto,Three bedroom units,2022,12,2015.0
Toronto,Three bedroom units,2022,12,1908.0
Toronto,Three bedroom units,2022,12,2038.0
Toronto,Three bedroom units,2022,12,2034.0
Toronto,Three bedroom units,2023,1,2168.0
Toronto,Three bedroom units,2023,1,2061.0
Toronto,Three bedroom units,2023,1,2191.0
Toronto,Three bedroom units,2023,1,2203.0
Toronto,Three bedroom units,2023,2,2168.0
Toronto,Three bedroom units,2023,2,2061.0
Toronto,Three bedroom units,2023,2,2191.0
Toronto,Three bedroom units,2023,2,2203.0
Toronto,Three bedroom units,2023,3,2168.0
Toronto,Three bedroom units,2023,3,2061.0
Toronto,Three bedroom units,2023,3,2191.0
Toronto,Three bedroom units,2023,3,2203.0
Toronto,Three bedroom units,2023,4,2168.0
Toronto,Three bedroom units,2023,4,2061.0
Toronto,Three bedroom units,2023,4,2191.0
Toronto,Three bedroom units,2023,4,2203.0
Toronto,Three bedroom units,2023,5,2168.0
Toronto,Three bedroom units,2023,5,2061.0
Toronto,Three bedroom units,2023,5,2191.0
Toronto,Three bedroom units,2023,5,2203.0
Toronto,Three bedroom units,2023,6,2168.0
Toronto,Three bedroom units,2023,6,2061.0
Toronto,Three bedroom units,2023,6,2191.0
Toronto,Three bedroom units,2023,6,2203.0
Toronto,Three bedroom units,2023,7,2168.0
Toronto,Three bedroom units,2023,7,2061.0
Toronto,Three bedroom units,2023,7,2191.0
Toronto,Three bedroom units,2023,7,2203.0
Toronto,Three bedroom units,2023,8,2168.0
Toronto,Three bedroom units,2023,8,2061.0
Toronto,Three bedroom units,2023,8,2191.0
Toronto,Three bedroom units,2023,8,2203.0
Toronto,Three bedroom units,2023,9,2168.0
Toronto,Three bedroom units,2023,9,2061.0
Toronto,Three bedroom units,2023,9,2191.0
Toronto,Three bedroom units,2023,9,2203.0
Toronto,Three bedroom units,2023,10,2168.0
Toronto,Three bedroom units,2023,10,2061.0
Toronto,Three bedroom units,2023,10,2191.0
Toronto,Three bedroom units,2023,10,2203.0
Toronto,Three bedroom units,2023,11,2168.0
Toronto,Three bedroom units,2023,11,2061.0
Toronto,Three bedroom units,2023,11,2191.0
Toronto,Three bedroom units,2023,11,2203.0
Toronto,Three bedroom units,2023,12,2168.0
Toronto,Three bedroom units,2023,12,2061.0
Toronto,Three bedroom units,2023,12,2191.0
Toronto,Three bedroom units,2023,12,2203.0
Toronto,Three bedroom units,2024,1,2185.0
Toronto,Three bedroom units,2024,1,1990.0
Toronto,Three bedroom units,2024,1,2225.0
Toronto,Three bedroom units,2024,1,2221.0
Toronto,Three bedroom units,2024,2,2185.0
Toronto,Three bedroom units,2024,2,1990.0
Toronto,Three bedroom units,2024,2,2225.0
Toronto,Three bedroom units,2024,2,2221.0
Toronto,Three bedroom units,2024,3,2185.0
Toronto,Three bedroom units,2024,3,1990.0
Toronto,Three bedroom units,2024,3,2225.0
Toronto,Three bedroom units,2024,3,2221.0
Toronto,Three bedroom units,2024,4,2185.0
Toronto,Three bedroom units,2024,4,1990.0
Toronto,Three bedroom units,2024,4,2225.0
Toronto,Three bedroom units,2024,4,2221.0
Toronto,Three bedroom units,2024,5,2185.0
Toronto,Three bedroom units,2024,5,1990.0
Toronto,Three bedroom units,2024,5,2225.0
Toronto,Three bedroom units,2024,5,2221.0
Toronto,Three bedroom units,2024,6,2185.0
Toronto,Three bedroom units,2024,6,1990.0
Toronto,Three bedroom units,2024,6,2225.0
Toronto,Three bedroom units,2024,6,2221.0
Toronto,Three bedroom units,2024,7,2185.0
Toronto,Three bedroom units,2024,7,1990.0
Toronto,Three bedroom units,2024,7,2225.0
Toronto,Three bedroom units,2024,7,2221.0
Toronto,Three bedroom units,2024,8,2185.0
Toronto,Three bedroom units,2024,8,1990.0
Toronto,Three bedroom units,2024,8,2225.0
Toronto,Three bedroom units,2024,8,2221.0
Toronto,Three bedroom units,2024,9,2185.0
Toronto,Three bedroom units,2024,9,1990.0
Toronto,Three bedroom units,2024,9,2225.0
Toronto,Three bedroom units,2024,9,2221.0
Toronto,Three bedroom units,2024,10,2185.0
Toronto,Three bedroom units,2024,10,1990.0
Toronto,Three bedroom units,2024,10,2225.0
Toronto,Three bedroom units,2024,10,2221.0
Toronto,Three bedroom units,2024,11,2185.0
Toronto,Three bedroom units,2024,11,1990.0
Toronto,Three bedroom units,2024,11,2225.0
Toronto,Three bedroom units,2024,11,2221.0
Toronto,Three bedroom units,2024,12,2185.0
Toronto,Three bedroom units,2024,12,1990.0
Toronto,Three bedroom units,2024,12,2225.0
Toronto,Three bedroom units,2024,12,2221.0
Calgary,Bachelor units,2018,1,877.0
Calgary,Bachelor units,2018,1,920.0
Calgary,Bachelor units,2018,1,879.0
Calgary,Bachelor units,2018,1,881.0
Calgary,Bachelor units,2018,2,877.0
Calgary,Bachelor units,2018,2,920.0
Calgary,Bachelor units,2018,2,879.0
Calgary,Bachelor units,2018,2,881.0
Calgary,Bachelor units,2018,3,877.0
Calgary,Bachelor units,2018,3,920.0
Calgary,Bachelor units,2018,3,879.0
Calgary,Bachelor units,2018,3,881.0
Calgary,Bachelor units,2018,4,877.0
Calgary,Bachelor units,2018,4,920.0
Calgary,Bachelor units,2018,4,879.0
Calgary,Bachelor units,2018,4,881.0
Calgary,Bachelor units,2018,5,877.0
Calgary,Bachelor units,2018,5,920.0
Calgary,Bachelor units,2018,5,879.0
Calgary,Bachelor units,2018,5,881.0
Calgary,Bachelor units,2018,6,877.0
Calgary,Bachelor units,2018,6,920.0
Calgary,Bachelor units,2018,6,879.0
Calgary,Bachelor units,2018,6,881.0
Calgary,Bachelor units,2018,7,877.0
Calgary,Bachelor units,2018,7,920.0
Calgary,Bachelor units,2018,7,879.0
Calgary,Bachelor units,2018,7,881.0
Calgary,Bachelor units,2018,8,877.0
Calgary,Bachelor units,2018,8,920.0
Calgary,Bachelor units,2018,8,879.0
Calgary,Bachelor units,2018,8,881.0
Calgary,Bachelor units,2018,9,877.0
Calgary,Bachelor units,2018,9,920.0
Calgary,Bachelor units,2018,9,879.0
Calgary,Bachelor units,2018,9,881.0
Calgary,Bachelor units,2018,10,877.0
Calgary,Bachelor units,2018,10,920.0
Calgary,Bachelor units,2018,10,879.0
Calgary,Bachelor units,2018,10,881.0
Calgary,Bachelor units,2018,11,877.0
Calgary,Bachelor units,2018,11,920.0
Calgary,Bachelor units,2018,11,879.0
Calgary,Bachelor units,2018,11,881.0
Calgary,Bachelor units,2018,12,877.0
Calgary,Bachelor units,2018,12,920.0
Calgary,Bachelor units,2018,12,879.0
Calgary,Bachelor units,2018,12,881.0
Calgary,Bachelor units,2019,1,898.0
Calgary,Bachelor units,2019,1,920.0
Calgary,Bachelor units,2019,1,899.0
Calgary,Bachelor units,2019,1,902.0
Calgary,Bachelor units,2019,2,898.0
Calgary,Bachelor units,2019,2,920.0
Calgary,Bachelor units,2019,2,899.0
Calgary,Bachelor units,2019,2,902.0
Calgary,Bachelor units,2019,3,898.0
Calgary,Bachelor units,2019,3,920.0
Calgary,Bachelor units,2019,3,899.0
Calgary,Bachelor units,2019,3,902.0
Calgary,Bachelor units,2019,4,898.0
Calgary,Bachelor units,2019,4,920.0
Calgary,Bachelor units,2019,4,899.0
Calgary,Bachelor units,2019,4,902.0
Calgary,Bachelor units,2019,5,898.0
Calgary,Bachelor units,2019,5,920.0
Calgary,Bachelor units,2019,5,899.0
Calgary,Bachelor units,2019,5,902.0
Calgary,Bachelor units,2019,6,898.0
Calgary,Bachelor units,2019,6,920.0
Calgary,Bachelor units,2019,6,899.0
Calgary,Bachelor units,2019,6,902.0
Calgary,Bachelor units,2019,7,898.0
Calgary,Bachelor units,2019,7,920.0
Calgary,Bachelor units,2019,7,899.0
Calgary,Bachelor units,2019,7,902.0
Calgary,Bachelor units,2019,8,898.0
Calgary,Bachelor units,2019,8,920.0
Calgary,Bachelor units,2019,8,899.0
Calgary,Bachelor units,2019,8,902.0
Calgary,Bachelor units,2019,9,898.0
Calgary,Bachelor units,2019,9,920.0
Calgary,Bachelor units,2019,9,899.0
Calgary,Bachelor units,2019,9,902.0
Calgary,Bachelor units,2019,10,898.0
Calgary,Bachelor units,2019,10,920.0
Calgary,Bachelor units,2019,10,899.0
Calgary,Bachelor units,2019,10,902.0
Calgary,Bachelor units,2019,11,898.0
Calgary,Bachelor units,2019,11,920.0
Calgary,Bachelor units,2019,11,899.0
Calgary,Bachelor units,2019,11,902.0
Calgary,Bachelor units,2019,12,898.0
Calgary,Bachelor units,2019,12,920.0
Calgary,Bachelor units,2019,12,899.0
Calgary,Bachelor units,2019,12,902.0
Calgary,Bachelor units,2020,1,881.0
Calgary,Bachelor units,2020,1,920.0
Calgary,Bachelor units,2020,1,883.0
Calgary,Bachelor units,2020,1,886.0
Calgary,Bachelor units,2020,2,881.0
Calgary,Bachelor units,2020,2,920.0
Calgary,Bachelor units,2020,2,883.0
Calgary,Bachelor units,2020,2,886.0
Calgary,Bachelor units,2020,3,881.0
Calgary,Bachelor units,2020,3,920.0
Calgary,Bachelor units,2020,3,883.0
Calgary,Bachelor units,2020,3,886.0
Calgary,Bachelor units,2020,4,881.0
Calgary,Bachelor units,2020,4,920.0
Calgary,Bachelor units,2020,4,883.0
Calgary,Bachelor units,2020,4,886.0
Calgary,Bachelor units,2020,5,881.0
Calgary,Bachelor units,2020,5,920.0
Calgary,Bachelor units,2020,5,883.0
Calgary,Bachelor units,2020,5,886.0
Calgary,Bachelor units,2020,6,881.0
Calgary,Bachelor units,2020,6,920.0
Calgary,Bachelor units,2020,6,883.0
Calgary,Bachelor units,2020,6,886.0
Calgary,Bachelor units,2020,7,881.0
Calgary,Bachelor units,2020,7,920.0
Calgary,Bachelor units,2020,7,883.0
Calgary,Bachelor units,2020,7,886.0
Calgary,Bachelor units,2020,8,881.0
Calgary,Bachelor units,2020,8,920.0
Calgary,Bachelor units,2020,8,883.0
Calgary,Bachelor units,2020,8,886.0
Calgary,Bachelor units,2020,9,881.0
Calgary,Bachelor units,2020,9,920.0
Calgary,Bachelor units,2020,9,883.0
Calgary,Bachelor units,2020,9,886.0
Calgary,Bachelor units,2020,10,881.0
Calgary,Bachelor units,2020,10,920.0
Calgary,Bachelor units,2020,10,883.0
Calgary,Bachelor units,2020,10,886.0
Calgary,Bachelor units,2020,11,881.0
Calgary,Bachelor units,2020,11,920.0
Calgary,Bachelor units,2020,11,883.0
Calgary,Bachelor units,2020,11,886.0
Calgary,Bachelor units,2020,12,881.0
Calgary,Bachelor units,2020,12,920.0
Calgary,Bachelor units,2020,12,883.0
Calgary,Bachelor units,2020,12,886.0
Calgary,Bachelor units,2021,1,919.0
Calgary,Bachelor units,2021,1,920.0
Calgary,Bachelor units,2021,1,920.0
Calgary,Bachelor units,2021,1,923.0
Calgary,Bachelor units,2021,2,919.0
Calgary,Bachelor units,2021,2,920.0
Calgary,Bachelor units,2021,2,920.0
Calgary,Bachelor units,2021,2,923.0
Calgary,Bachelor units,2021,3,919.0
Calgary,Bachelor units,2021,3,920.0
Calgary,Bachelor units,2021,3,920.0
Calgary,Bachelor units,2021,3,923.0
Calgary,Bachelor units,2021,4,919.0
Calgary,Bachelor units,2021,4,920.0
Calgary,Bachelor units,2021,4,920.0
Calgary,Bachelor units,2021,4,923.0
Calgary,Bachelor units,2021,5,919.0
Calgary,Bachelor units,2021,5,920.0
Calgary,Bachelor units,2021,5,920.0
Calgary,Bachelor units,2021,5,923.0
Calgary,Bachelor units,2021,6,919.0
Calgary,Bachelor units,2021,6,920.0
Calgary,Bachelor units,2021,6,920.0
Calgary,Bachelor units,2021,6,923.0
Calgary,Bachelor units,2021,7,919.0
Calgary,Bachelor units,2021,7,920.0
Calgary,Bachelor units,2021,7,920.0
Calgary,Bachelor units,2021,7,923.0
Calgary,Bachelor units,2021,8,919.0
Calgary,Bachelor units,2021,8,920.0
Calgary,Bachelor units,2021,8,920.0
Calgary,Bachelor units,2021,8,923.0
Calgary,Bachelor units,2021,9,919.0
Calgary,Bachelor units,2021,9,920.0
Calgary,Bachelor units,2021,9,920.0
Calgary,Bachelor units,2021,9,923.0
Calgary,Bachelor units,2021,10,919.0
Calgary,Bachelor units,2021,10,920.0
Calgary,Bachelor units,2021,10,920.0
Calgary,Bachelor units,2021,10,923.0
Calgary,Bachelor units,2021,11,919.0
Calgary,Bachelor units,2021,11,920.0
Calgary,Bachelor units,2021,11,920.0
Calgary,Bachelor units,2021,11,923.0
Calgary,Bachelor units,2021,12,919.0
Calgary,Bachelor units,2021,12,920.0
Calgary,Bachelor units,2021,12,920.0
Calgary,Bachelor units,2021,12,923.0
Calgary,Bachelor units,2022,1,972.0
Calgary,Bachelor units,2022,1,920.0
Calgary,Bachelor units,2022,1,974.0
Calgary,Bachelor units,2022,1,977.0
Calgary,Bachelor units,2022,2,972.0
Calgary,Bachelor units,2022,2,920.0
Calgary,Bachelor units,2022,2,974.0
Calgary,Bachelor units,2022,2,977.0
Calgary,Bachelor units,2022,3,972.0
Calgary,Bachelor units,2022,3,920.0
Calgary,Bachelor units,2022,3,974.0
Calgary,Bachelor units,2022,3,977.0
Calgary,Bachelor units,2022,4,972.0
Calgary,Bachelor units,2022,4,920.0
Calgary,Bachelor units,2022,4,974.0
Calgary,Bachelor units,2022,4,977.0
Calgary,Bachelor units,2022,5,972.0
Calgary,Bachelor units,2022,5,920.0
Calgary,Bachelor units,2022,5,974.0
Calgary,Bachelor units,2022,5,977.0
Calgary,Bachelor units,2022,6,972.0
Calgary,Bachelor units,2022,6,920.0
Calgary,Bachelor units,2022,6,974.0
Calgary,Bachelor units,2022,6,977.0
Calgary,Bachelor units,2022,7,972.0
Calgary,Bachelor units,2022,7,920.0
Calgary,Bachelor units,2022,7,974.0
Calgary,Bachelor units,2022,7,977.0
Calgary,Bachelor units,2022,8,972.0
Calgary,Bachelor units,2022,8,920.0
Calgary,Bachelor units,2022,8,974.0
Calgary,Bachelor units,2022,8,977.0
Calgary,Bachelor units,2022,9,972.0
Calgary,Bachelor units,2022,9,920.0
Calgary,Bachelor units,2022,9,974.0
Calgary,Bachelor units,2022,9,977.0
Calgary,Bachelor units,2022,10,972.0
Calgary,Bachelor units,2022,10,920.0
Calgary,Bachelor units,2022,10,974.0
Calgary,Bachelor units,2022,10,977.0
Calgary,Bachelor units,2022,11,972.0
Calgary,Bachelor units,2022,11,920.0
Calgary,Bachelor units,2022,11,974.0
Calgary,Bachelor units,2022,11,977.0
Calgary,Bachelor units,2022,12,972.0
Calgary,Bachelor units,2022,12,920.0
Calgary,Bachelor units,2022,12,974.0
Calgary,Bachelor units,2022,12,977.0
Calgary,Bachelor units,2023,1,1202.0
Calgary,Bachelor units,2023,1,920.0
Calgary,Bachelor units,2023,1,1204.0
Calgary,Bachelor units,2023,1,1209.0
Calgary,Bachelor units,2023,2,1202.0
Calgary,Bachelor units,2023,2,920.0
Calgary,Bachelor units,2023,2,1204.0
Calgary,Bachelor units,2023,2,1209.0
Calgary,Bachelor units,2023,3,1202.0
Calgary,Bachelor units,2023,3,920.0
Calgary,Bachelor units,2023,3,1204.0
Calgary,Bachelor units,2023,3,1209.0
Calgary,Bachelor units,2023,4,1202.0
Calgary,Bachelor units,2023,4,920.0
Calgary,Bachelor units,2023,4,1204.0
Calgary,Bachelor units,2023,4,1209.0
Calgary,Bachelor units,2023,5,1202.0
Calgary,Bachelor units,2023,5,920.0
Calgary,Bachelor units,2023,5,1204.0
Calgary,Bachelor units,2023,5,1209.0
Calgary,Bachelor units,2023,6,1202.0
Calgary,Bachelor units,2023,6,920.0
Calgary,Bachelor units,2023,6,1204.0
Calgary,Bachelor units,2023,6,1209.0
Calgary,Bachelor units,2023,7,1202.0
Calgary,Bachelor units,2023,7,920.0
Calgary,Bachelor units,2023,7,1204.0
Calgary,Bachelor units,2023,7,1209.0
Calgary,Bachelor units,2023,8,1202.0
Calgary,Bachelor units,2023,8,920.0
Calgary,Bachelor units,2023,8,1204.0
Calgary,Bachelor units,2023,8,1209.0
Calgary,Bachelor units,2023,9,1202.0
Calgary,Bachelor units,2023,9,920.0
Calgary,Bachelor units,2023,9,1204.0
Calgary,Bachelor units,2023,9,1209.0
Calgary,Bachelor units,2023,10,1202.0
Calgary,Bachelor units,2023,10,920.0
Calgary,Bachelor units,2023,10,1204.0
Calgary,Bachelor units,2023,10,1209.0
Calgary,Bachelor units,2023,11,1202.0
Calgary,Bachelor units,2023,11,920.0
Calgary,Bachelor units,2023,11,1204.0
Calgary,Bachelor units,2023,11,1209.0
Calgary,Bachelor units,2023,12,1202.0
Calgary,Bachelor units,2023,12,920.0
Calgary,Bachelor units,2023,12,1204.0
Calgary,Bachelor units,2023,12,1209.0
Calgary,Bachelor units,2024,1,1360.0
Calgary,Bachelor units,2024,1,920.0
Calgary,Bachelor units,2024,1,1362.0
Calgary,Bachelor units,2024,1,1367.0
Calgary,Bachelor units,2024,2,1360.0
Calgary,Bachelor units,2024,2,920.0
Calgary,Bachelor units,2024,2,1362.0
Calgary,Bachelor units,2024,2,1367.0
Calgary,Bachelor units,2024,3,1360.0
Calgary,Bachelor units,2024,3,920.0
Calgary,Bachelor units,2024,3,1362.0
Calgary,Bachelor units,2024,3,1367.0
Calgary,Bachelor units,2024,4,1360.0
Calgary,Bachelor units,2024,4,920.0
Calgary,Bachelor units,2024,4,1362.0
Calgary,Bachelor units,2024,4,1367.0
Calgary,Bachelor units,2024,5,1360.0
Calgary,Bachelor units,2024,5,920.0
Calgary,Bachelor units,2024,5,1362.0
Calgary,Bachelor units,2024,5,1367.0
Calgary,Bachelor units,2024,6,1360.0
Calgary,Bachelor units,2024,6,920.0
Calgary,Bachelor units,2024,6,1362.0
Calgary,Bachelor units,2024,6,1367.0
Calgary,Bachelor units,2024,7,1360.0
Calgary,Bachelor units,2024,7,920.0
Calgary,Bachelor units,2024,7,1362.0
Calgary,Bachelor units,2024,7,1367.0
Calgary,Bachelor units,2024,8,1360.0
Calgary,Bachelor units,2024,8,920.0
Calgary,Bachelor units,2024,8,1362.0
Calgary,Bachelor units,2024,8,1367.0
Calgary,Bachelor units,2024,9,1360.0
Calgary,Bachelor units,2024,9,920.0
Calgary,Bachelor units,2024,9,1362.0
Calgary,Bachelor units,2024,9,1367.0
Calgary,Bachelor units,2024,10,1360.0
Calgary,Bachelor units,2024,10,920.0
Calgary,Bachelor units,2024,10,1362.0
Calgary,Bachelor units,2024,10,1367.0
Calgary,Bachelor units,2024,11,1360.0
Calgary,Bachelor units,2024,11,920.0
Calgary,Bachelor units,2024,11,1362.0
Calgary,Bachelor units,2024,11,1367.0
Calgary,Bachelor units,2024,12,1360.0
Calgary,Bachelor units,2024,12,920.0
Calgary,Bachelor units,2024,12,1362.0
Calgary,Bachelor units,2024,12,1367.0
Calgary,One bedroom units,2018,1,1049.0
Calgary,One bedroom units,2018,1,900.0
Calgary,One bedroom units,2018,1,1050.0
Calgary,One bedroom units,2018,1,1052.0
Calgary,One bedroom units,2018,2,1049.0
Calgary,One bedroom units,2018,2,900.0
Calgary,One bedroom units,2018,2,1050.0
Calgary,One bedroom units,2018,2,1052.0
Calgary,One bedroom units,2018,3,1049.0
Calgary,One bedroom units,2018,3,900.0
Calgary,One bedroom units,2018,3,1050.0
Calgary,One bedroom units,2018,3,1052.0
Calgary,One bedroom units,2018,4,1049.0
Calgary,One bedroom units,2018,4,900.0
Calgary,One bedroom units,2018,4,1050.0
Calgary,One bedroom units,2018,4,1052.0
Calgary,One bedroom units,2018,5,1049.0
Calgary,One bedroom units,2018,5,900.0
Calgary,One bedroom units,2018,5,1050.0
Calgary,One bedroom units,2018,5,1052.0
Calgary,One bedroom units,2018,6,1049.0
Calgary,One bedroom units,2018,6,900.0
Calgary,One bedroom units,2018,6,1050.0
Calgary,One bedroom units,2018,6,1052.0
Calgary,One bedroom units,2018,7,1049.0
Calgary,One bedroom units,2018,7,900.0
Calgary,One bedroom units,2018,7,1050.0
Calgary,One bedroom units,2018,7,1052.0
Calgary,One bedroom units,2018,8,1049.0
Calgary,One bedroom units,2018,8,900.0
Calgary,One bedroom units,2018,8,1050.0
Calgary,One bedroom units,2018,8,1052.0
Calgary,One bedroom units,2018,9,1049.0
Calgary,One bedroom units,2018,9,900.0
Calgary,One bedroom units,2018,9,1050.0
Calgary,One bedroom units,2018,9,1052.0
Calgary,One bedroom units,2018,10,1049.0
Calgary,One bedroom units,2018,10,900.0
Calgary,One bedroom units,2018,10,1050.0
Calgary,One bedroom units,2018,10,1052.0
Calgary,One bedroom units,2018,11,1049.0
Calgary,One bedroom units,2018,11,900.0
Calgary,One bedroom units,2018,11,1050.0
Calgary,One bedroom units,2018,11,1052.0
Calgary,One bedroom units,2018,12,1049.0
Calgary,One bedroom units,2018,12,900.0
Calgary,One bedroom units,2018,12,1050.0
Calgary,One bedroom units,2018,12,1052.0
Calgary,One bedroom units,2019,1,1079.0
Calgary,One bedroom units,2019,1,933.0
Calgary,One bedroom units,2019,1,1080.0
Calgary,One bedroom units,2019,1,1082.0
Calgary,One bedroom units,2019,2,1079.0
Calgary,One bedroom units,2019,2,933.0
Calgary,One bedroom units,2019,2,1080.0
Calgary,One bedroom units,2019,2,1082.0
Calgary,One bedroom units,2019,3,1079.0
Calgary,One bedroom units,2019,3,933.0
Calgary,One bedroom units,2019,3,1080.0
Calgary,One bedroom units,2019,3,1082.0
Calgary,One bedroom units,2019,4,1079.0
Calgary,One bedroom units,2019,4,933.0
Calgary,One bedroom units,2019,4,1080.0
Calgary,One bedroom units,2019,4,1082.0
Calgary,One bedroom units,2019,5,1079.0
Calgary,One bedroom units,2019,5,933.0
Calgary,One bedroom units,2019,5,1080.0
Calgary,One bedroom units,2019,5,1082.0
Calgary,One bedroom units,2019,6,1079.0
Calgary,One bedroom units,2019,6,933.0
Calgary,One bedroom units,2019,6,1080.0
Calgary,One bedroom units,2019,6,1082.0
Calgary,One bedroom units,2019,7,1079.0
Calgary,One bedroom units,2019,7,933.0
Calgary,One bedroom units,2019,7,1080.0
Calgary,One bedroom units,2019,7,1082.0
Calgary,One bedroom units,2019,8,1079.0
Calgary,One bedroom units,2019,8,933.0
Calgary,One bedroom units,2019,8,1080.0
Calgary,One bedroom units,2019,8,1082.0
Calgary,One bedroom units,2019,9,1079.0
Calgary,One bedroom units,2019,9,933.0
Calgary,One bedroom units,2019,9,1080.0
Calgary,One bedroom units,2019,9,1082.0
Calgary,One bedroom units,2019,10,1079.0
Calgary,One bedroom units,2019,10,933.0
Calgary,One bedroom units,2019,10,1080.0
Calgary,One bedroom units,2019,10,1082.0
Calgary,One bedroom units,2019,11,1079.0
Calgary,One bedroom units,2019,11,933.0
Calgary,One bedroom units,2019,11,1080.0
Calgary,One bedroom units,2019,11,1082.0
Calgary,One bedroom units,2019,12,1079.0
Calgary,One bedroom units,2019,12,933.0
Calgary,One bedroom units,2019,12,1080.0
Calgary,One bedroom units,2019,12,1082.0
Calgary,One bedroom units,2020,1,1086.0
Calgary,One bedroom units,2020,1,1001.0
Calgary,One bedroom units,2020,1,1087.0
Calgary,One bedroom units,2020,1,1090.0
Calgary,One bedroom units,2020,2,1086.0
Calgary,One bedroom units,2020,2,1001.0
Calgary,One bedroom units,2020,2,1087.0
Calgary,One bedroom units,2020,2,1090.0
Calgary,One bedroom units,2020,3,1086.0
Calgary,One bedroom units,2020,3,1001.0
Calgary,One bedroom units,2020,3,1087.0
Calgary,One bedroom units,2020,3,1090.0
Calgary,One bedroom units,2020,4,1086.0
Calgary,One bedroom units,2020,4,1001.0
Calgary,One bedroom units,2020,4,1087.0
Calgary,One bedroom units,2020,4,1090.0
Calgary,One bedroom units,2020,5,1086.0
Calgary,One bedroom units,2020,5,1001.0
Calgary,One bedroom units,2020,5,1087.0
Calgary,One bedroom units,2020,5,1090.0
Calgary,One bedroom units,2020,6,1086.0
Calgary,One bedroom units,2020,6,1001.0
Calgary,One bedroom units,2020,6,1087.0
Calgary,One bedroom units,2020,6,1090.0
Calgary,One bedroom units,2020,7,1086.0
Calgary,One bedroom units,2020,7,1001.0
Calgary,One bedroom units,2020,7,1087.0
Calgary,One bedroom units,2020,7,1090.0
Calgary,One bedroom units,2020,8,1086.0
Calgary,One bedroom units,2020,8,1001.0
Calgary,One bedroom units,2020,8,1087.0
Calgary,One bedroom units,2020,8,1090.0
Calgary,One bedroom units,2020,9,1086.0
Calgary,One bedroom units,2020,9,1001.0
Calgary,One bedroom units,2020,9,1087.0
Calgary,One bedroom units,2020,9,1090.0
Calgary,One bedroom units,2020,10,1086.0
Calgary,One bedroom units,2020,10,1001.0
Calgary,One bedroom units,2020,10,1087.0
Calgary,One bedroom units,2020,10,1090.0
Calgary,One bedroom units,2020,11,1086.0
Calgary,One bedroom units,2020,11,1001.0
Calgary,One bedroom units,2020,11,1087.0
Calgary,One bedroom units,2020,11,1090.0
Calgary,One bedroom units,2020,12,1086.0
Calgary,One bedroom units,2020,12,1001.0
Calgary,One bedroom units,2020,12,1087.0
Calgary,One bedroom units,2020,12,1090.0
Calgary,One bedroom units,2021,1,1111.0
Calgary,One bedroom units,2021,1,992.0
Calgary,One bedroom units,2021,1,1111.0
Calgary,One bedroom units,2021,1,1115.0
Calgary,One bedroom units,2021,2,1111.0
Calgary,One bedroom units,2021,2,992.0
Calgary,One bedroom units,2021,2,1111.0
Calgary,One bedroom units,2021,2,1115.0
Calgary,One bedroom units,2021,3,1111.0
Calgary,One bedroom units,2021,3,992.0
Calgary,One bedroom units,2021,3,1111.0
Calgary,One bedroom units,2021,3,1115.0
Calgary,One bedroom units,2021,4,1111.0
Calgary,One bedroom units,2021,4,992.0
Calgary,One bedroom units,2021,4,1111.0
Calgary,One bedroom units,2021,4,1115.0
Calgary,One bedroom units,2021,5,1111.0
Calgary,One bedroom units,2021,5,992.0
Calgary,One bedroom units,2021,5,1111.0
Calgary,One bedroom units,2021,5,1115.0
Calgary,One bedroom units,2021,6,1111.0
Calgary,One bedroom units,2021,6,992.0
Calgary,One bedroom units,2021,6,1111.0
Calgary,One bedroom units,2021,6,1115.0
Calgary,One bedroom units,2021,7,1111.0
Calgary,One bedroom units,2021,7,992.0
Calgary,One bedroom units,2021,7,1111.0
Calgary,One bedroom units,2021,7,1115.0
Calgary,One bedroom units,2021,8,1111.0
Calgary,One bedroom units,2021,8,992.0
Calgary,One bedroom units,2021,8,1111.0
Calgary,One bedroom units,2021,8,1115.0
Calgary,One bedroom units,2021,9,1111.0
Calgary,One bedroom units,2021,9,992.0
Calgary,One bedroom units,2021,9,1111.0
Calgary,One bedroom units,2021,9,1115.0
Calgary,One bedroom units,2021,10,1111.0
Calgary,One bedroom units,2021,10,992.0
Calgary,One bedroom units,2021,10,1111.0
Calgary,One bedroom units,2021,10,1115.0
Calgary,One bedroom units,2021,11,1111.0
Calgary,One bedroom units,2021,11,992.0
Calgary,One bedroom units,2021,11,1111.0
Calgary,One bedroom units,2021,11,1115.0
Calgary,One bedroom units,2021,12,1111.0
Calgary,One bedroom units,2021,12,992.0
Calgary,One bedroom units,2021,12,1111.0
Calgary,One bedroom units,2021,12,1115.0
Calgary,One bedroom units,2022,1,1222.0
Calgary,One bedroom units,2022,1,1049.0
Calgary,One bedroom units,2022,1,1222.0
Calgary,One bedroom units,2022,1,1226.0
Calgary,One bedroom units,2022,2,1222.0
Calgary,One bedroom units,2022,2,1049.0
Calgary,One bedroom units,2022,2,1222.0
Calgary,One bedroom units,2022,2,1226.0
Calgary,One bedroom units,2022,3,1222.0
Calgary,One bedroom units,2022,3,1049.0
Calgary,One bedroom units,2022,3,1222.0
Calgary,One bedroom units,2022,3,1226.0
Calgary,One bedroom units,2022,4,1222.0
Calgary,One bedroom units,2022,4,1049.0
Calgary,One bedroom units,2022,4,1222.0
Calgary,One bedroom units,2022,4,1226.0
Calgary,One bedroom units,2022,5,1222.0
Calgary,One bedroom units,2022,5,1049.0
Calgary,One bedroom units,2022,5,1222.0
Calgary,One bedroom units,2022,5,1226.0
Calgary,One bedroom units,2022,6,1222.0
Calgary,One bedroom units,2022,6,1049.0
Calgary,One bedroom units,2022,6,1222.0
Calgary,One bedroom units,2022,6,1226.0
Calgary,One bedroom units,2022,7,1222.0
Calgary,One bedroom units,2022,7,1049.0
Calgary,One bedroom units,2022,7,1222.0
Calgary,One bedroom units,2022,7,1226.0
Calgary,One bedroom units,2022,8,1222.0
Calgary,One bedroom units,2022,8,1049.0
Calgary,One bedroom units,2022,8,1222.0
Calgary,One bedroom units,2022,8,1226.0
Calgary,One bedroom units,2022,9,1222.0
Calgary,One bedroom units,2022,9,1049.0
Calgary,One bedroom units,2022,9,1222.0
Calgary,One bedroom units,2022,9,1226.0
Calgary,One bedroom units,2022,10,1222.0
Calgary,One bedroom units,2022,10,1049.0
Calgary,One bedroom units,2022,10,1222.0
Calgary,One bedroom units,2022,10,1226.0
Calgary,One bedroom units,2022,11,1222.0
Calgary,One bedroom units,2022,11,1049.0
Calgary,One bedroom units,2022,11,1222.0
Calgary,One bedroom units,2022,11,1226.0
Calgary,One bedroom units,2022,12,1222.0
Calgary,One bedroom units,2022,12,1049.0
Calgary,One bedroom units,2022,12,1222.0
Calgary,One bedroom units,2022,12,1226.0
Calgary,One bedroom units,2023,1,1463.0
Calgary,One bedroom units,2023,1,1142.0
Calgary,One bedroom units,2023,1,1464.0
Calgary,One bedroom units,2023,1,1469.0
Calgary,One bedroom units,2023,2,1463.0
Calgary,One bedroom units,2023,2,1142.0
Calgary,One bedroom units,2023,2,1464.0
Calgary,One bedroom units,2023,2,1469.0
Calgary,One bedroom units,2023,3,1463.0
Calgary,One bedroom units,2023,3,1142.0
Calgary,One bedroom units,2023,3,1464.0
Calgary,One bedroom units,2023,3,1469.0
Calgary,One bedroom units,2023,4,1463.0
Calgary,One bedroom units,2023,4,1142.0
Calgary,One bedroom units,2023,4,1464.0
Calgary,One bedroom units,2023,4,1469.0
Calgary,One bedroom units,2023,5,1463.0
Calgary,One bedroom units,2023,5,1142.0
Calgary,One bedroom units,2023,5,1464.0
Calgary,One bedroom units,2023,5,1469.0
Calgary,One bedroom units,2023,6,1463.0
Calgary,One bedroom units,2023,6,1142.0
Calgary,One bedroom units,2023,6,1464.0
Calgary,One bedroom units,2023,6,1469.0
Calgary,One bedroom units,2023,7,1463.0
Calgary,One bedroom units,2023,7,1142.0
Calgary,One bedroom units,2023,7,1464.0
Calgary,One bedroom units,2023,7,1469.0
Calgary,One bedroom units,2023,8,1463.0
Calgary,One bedroom units,2023,8,1142.0
Calgary,One bedroom units,2023,8,1464.0
Calgary,One bedroom units,2023,8,1469.0
Calgary,One bedroom units,2023,9,1463.0
Calgary,One bedroom units,2023,9,1142.0
Calgary,One bedroom units,2023,9,1464.0
Calgary,One bedroom units,2023,9,1469.0
Calgary,One bedroom units,2023,10,1463.0
Calgary,One bedroom units,2023,10,1142.0
Calgary,One bedroom units,2023,10,1464.0
Calgary,One bedroom units,2023,10,1469.0
Calgary,One bedroom units,2023,11,1463.0
Calgary,One bedroom units,2023,11,1142.0
Calgary,One bedroom units,2023,11,1464.0
Calgary,One bedroom units,2023,11,1469.0
Calgary,One bedroom units,2023,12,1463.0
Calgary,One bedroom units,2023,12,1142.0
Calgary,One bedroom units,2023,12,1464.0
Calgary,One bedroom units,2023,12,1469.0
Calgary,One bedroom units,2024,1,1584.0
Calgary,One bedroom units,2024,1,1415.0
Calgary,One bedroom units,2024,1,1585.0
Calgary,One bedroom units,2024,1,1590.0
Calgary,One bedroom units,2024,2,1584.0
Calgary,One bedroom units,2024,2,1415.0
Calgary,One bedroom units,2024,2,1585.0
Calgary,One bedroom units,2024,2,1590.0
Calgary,One bedroom units,2024,3,1584.0
Calgary,One bedroom units,2024,3,1415.0
Calgary,One bedroom units,2024,3,1585.0
Calgary,One bedroom units,2024,3,1590.0
Calgary,One bedroom units,2024,4,1584.0
Calgary,One bedroom units,2024,4,1415.0
Calgary,One bedroom units,2024,4,1585.0
Calgary,One bedroom units,2024,4,1590.0
Calgary,One bedroom units,2024,5,1584.0
Calgary,One bedroom units,2024,5,1415.0
Calgary,One bedroom units,2024,5,1585.0
Calgary,One bedroom units,2024,5,1590.0
Calgary,One bedroom units,2024,6,1584.0
Calgary,One bedroom units,2024,6,1415.0
Calgary,One bedroom units,2024,6,1585.0
Calgary,One bedroom units,2024,6,1590.0
Calgary,One bedroom units,2024,7,1584.0
Calgary,One bedroom units,2024,7,1415.0
Calgary,One bedroom units,2024,7,1585.0
Calgary,One bedroom units,2024,7,1590.0
Calgary,One bedroom units,2024,8,1584.0
Calgary,One bedroom units,2024,8,1415.0
Calgary,One bedroom units,2024,8,1585.0
Calgary,One bedroom units,2024,8,1590.0
Calgary,One bedroom units,2024,9,1584.0
Calgary,One bedroom units,2024,9,1415.0
Calgary,One bedroom units,2024,9,1585.0
Calgary,One bedroom units,2024,9,1590.0
Calgary,One bedroom units,2024,10,1584.0
Calgary,One bedroom units,2024,10,1415.0
Calgary,One bedroom units,2024,10,1585.0
Calgary,One bedroom units,2024,10,1590.0
Calgary,One bedroom units,2024,11,1584.0
Calgary,One bedroom units,2024,11,1415.0
Calgary,One bedroom units,2024,11,1585.0
Calgary,One bedroom units,2024,11,1590.0
Calgary,One bedroom units,2024,12,1584.0
Calgary,One bedroom units,2024,12,1415.0
Calgary,One bedroom units,2024,12,1585.0
Calgary,One bedroom units,2024,12,1590.0
Calgary,Two bedroom units,2018,1,1262.0
Calgary,Two bedroom units,2018,1,1168.0
Calgary,Two bedroom units,2018,1,1272.0
Calgary,Two bedroom units,2018,1,1293.0
Calgary,Two bedroom units,2018,2,1262.0
Calgary,Two bedroom units,2018,2,1168.0
Calgary,Two bedroom units,2018,2,1272.0
Calgary,Two bedroom units,2018,2,1293.0
Calgary,Two bedroom units,2018,3,1262.0
Calgary,Two bedroom units,2018,3,1168.0
Calgary,Two bedroom units,2018,3,1272.0
Calgary,Two bedroom units,2018,3,1293.0
Calgary,Two bedroom units,2018,4,1262.0
Calgary,Two bedroom units,2018,4,1168.0
Calgary,Two bedroom units,2018,4,1272.0
Calgary,Two bedroom units,2018,4,1293.0
Calgary,Two bedroom units,2018,5,1262.0
Calgary,Two bedroom units,2018,5,1168.0
Calgary,Two bedroom units,2018,5,1272.0
Calgary,Two bedroom units,2018,5,1293.0
Calgary,Two bedroom units,2018,6,1262.0
Calgary,Two bedroom units,2018,6,1168.0
Calgary,Two bedroom units,2018,6,1272.0
Calgary,Two bedroom units,2018,6,1293.0
Calgary,Two bedroom units,2018,7,1262.0
Calgary,Two bedroom units,2018,7,1168.0
Calgary,Two bedroom units,2018,7,1272.0
Calgary,Two bedroom units,2018,7,1293.0
Calgary,Two bedroom units,2018,8,1262.0
Calgary,Two bedroom units,2018,8,1168.0
Calgary,Two bedroom units,2018,8,1272.0
Calgary,Two bedroom units,2018,8,1293.0
Calgary,Two bedroom units,2018,9,1262.0
Calgary,Two bedroom units,2018,9,1168.0
Calgary,Two bedroom units,2018,9,1272.0
Calgary,Two bedroom units,2018,9,1293.0
Calgary,Two bedroom units,2018,10,1262.0
Calgary,Two bedroom units,2018,10,1168.0
Calgary,Two bedroom units,2018,10,1272.0
Calgary,Two bedroom units,2018,10,1293.0
Calgary,Two bedroom units,2018,11,1262.0
Calgary,Two bedroom units,2018,11,1168.0
Calgary,Two bedroom units,2018,11,1272.0
Calgary,Two bedroom units,2018,11,1293.0
Calgary,Two bedroom units,2018,12,1262.0
Calgary,Two bedroom units,2018,12,1168.0
Calgary,Two bedroom units,2018,12,1272.0
Calgary,Two bedroom units,2018,12,1293.0
Calgary,Two bedroom units,2019,1,1295.0
Calgary,Two bedroom units,2019,1,1202.0
Calgary,Two bedroom units,2019,1,1305.0
Calgary,Two bedroom units,2019,1,1327.0
Calgary,Two bedroom units,2019,2,1295.0
Calgary,Two bedroom units,2019,2,1202.0
Calgary,Two bedroom units,2019,2,1305.0
Calgary,Two bedroom units,2019,2,1327.0
Calgary,Two bedroom units,2019,3,1295.0
Calgary,Two bedroom units,2019,3,1202.0
Calgary,Two bedroom units,2019,3,1305.0
Calgary,Two bedroom units,2019,3,1327.0
Calgary,Two bedroom units,2019,4,1295.0
Calgary,Two bedroom units,2019,4,1202.0
Calgary,Two bedroom units,2019,4,1305.0
Calgary,Two bedroom units,2019,4,1327.0
Calgary,Two bedroom units,2019,5,1295.0
Calgary,Two bedroom units,2019,5,1202.0
Calgary,Two bedroom units,2019,5,1305.0
Calgary,Two bedroom units,2019,5,1327.0
Calgary,Two bedroom units,2019,6,1295.0
Calgary,Two bedroom units,2019,6,1202.0
Calgary,Two bedroom units,2019,6,1305.0
Calgary,Two bedroom units,2019,6,1327.0
Calgary,Two bedroom units,2019,7,1295.0
Calgary,Two bedroom units,2019,7,1202.0
Calgary,Two bedroom units,2019,7,1305.0
Calgary,Two bedroom units,2019,7,1327.0
Calgary,Two bedroom units,2019,8,1295.0
Calgary,Two bedroom units,2019,8,1202.0
Calgary,Two bedroom units,2019,8,1305.0
Calgary,Two bedroom units,2019,8,1327.0
Calgary,Two bedroom units,2019,9,1295.0
Calgary,Two bedroom units,2019,9,1202.0
Calgary,Two bedroom units,2019,9,1305.0
Calgary,Two bedroom units,2019,9,1327.0
Calgary,Two bedroom units,2019,10,1295.0
Calgary,Two bedroom units,2019,10,1202.0
Calgary,Two bedroom units,2019,10,1305.0
Calgary,Two bedroom units,2019,10,1327.0
Calgary,Two bedroom units,2019,11,1295.0
Calgary,Two bedroom units,2019,11,1202.0
Calgary,Two bedroom units,2019,11,1305.0
Calgary,Two bedroom units,2019,11,1327.0
Calgary,Two bedroom units,2019,12,1295.0
Calgary,Two bedroom units,2019,12,1202.0
Calgary,Two bedroom units,2019,12,1305.0
Calgary,Two bedroom units,2019,12,1327.0
Calgary,Two bedroom units,2020,1,1320.0
Calgary,Two bedroom units,2020,1,1287.0
Calgary,Two bedroom units,2020,1,1323.0
Calgary,Two bedroom units,2020,1,1344.0
Calgary,Two bedroom units,2020,2,1320.0
Calgary,Two bedroom units,2020,2,1287.0
Calgary,Two bedroom units,2020,2,1323.0
Calgary,Two bedroom units,2020,2,1344.0
Calgary,Two bedroom units,2020,3,1320.0
Calgary,Two bedroom units,2020,3,1287.0
Calgary,Two bedroom units,2020,3,1323.0
Calgary,Two bedroom units,2020,3,1344.0
Calgary,Two bedroom units,2020,4,1320.0
Calgary,Two bedroom units,2020,4,1287.0
Calgary,Two bedroom units,2020,4,1323.0
Calgary,Two bedroom units,2020,4,1344.0
Calgary,Two bedroom units,2020,5,1320.0
Calgary,Two bedroom units,2020,5,1287.0
Calgary,Two bedroom units,2020,5,1323.0
Calgary,Two bedroom units,2020,5,1344.0
Calgary,Two bedroom units,2020,6,1320.0
Calgary,Two bedroom units,2020,6,1287.0
Calgary,Two bedroom units,2020,6,1323.0
Calgary,Two bedroom units,2020,6,1344.0
Calgary,Two bedroom units,2020,7,1320.0
Calgary,Two bedroom units,2020,7,1287.0
Calgary,Two bedroom units,2020,7,1323.0
Calgary,Two bedroom units,2020,7,1344.0
Calgary,Two bedroom units,2020,8,1320.0
Calgary,Two bedroom units,2020,8,1287.0
Calgary,Two bedroom units,2020,8,1323.0
Calgary,Two bedroom units,2020,8,1344.0
Calgary,Two bedroom units,2020,9,1320.0
Calgary,Two bedroom units,2020,9,1287.0
Calgary,Two bedroom units,2020,9,1323.0
Calgary,Two bedroom units,2020,9,1344.0
Calgary,Two bedroom units,2020,10,1320.0
Calgary,Two bedroom units,2020,10,1287.0
Calgary,Two bedroom units,2020,10,1323.0
Calgary,Two bedroom units,2020,10,1344.0
Calgary,Two bedroom units,2020,11,1320.0
Calgary,Two bedroom units,2020,11,1287.0
Calgary,Two bedroom units,2020,11,1323.0
Calgary,Two bedroom units,2020,11,1344.0
Calgary,Two bedroom units,2020,12,1320.0
Calgary,Two bedroom units,2020,12,1287.0
Calgary,Two bedroom units,2020,12,1323.0
Calgary,Two bedroom units,2020,12,1344.0
Calgary,Two bedroom units,2021,1,1350.0
Calgary,Two bedroom units,2021,1,1307.0
Calgary,Two bedroom units,2021,1,1355.0
Calgary,Two bedroom units,2021,1,1377.0
Calgary,Two bedroom units,2021,2,1350.0
Calgary,Two bedroom units,2021,2,1307.0
Calgary,Two bedroom units,2021,2,1355.0
Calgary,Two bedroom units,2021,2,1377.0
Calgary,Two bedroom units,2021,3,1350.0
Calgary,Two bedroom units,2021,3,1307.0
Calgary,Two bedroom units,2021,3,1355.0
Calgary,Two bedroom units,2021,3,1377.0
Calgary,Two bedroom units,2021,4,1350.0
Calgary,Two bedroom units,2021,4,1307.0
Calgary,Two bedroom units,2021,4,1355.0
Calgary,Two bedroom units,2021,4,1377.0
Calgary,Two bedroom units,2021,5,1350.0
Calgary,Two bedroom units,2021,5,1307.0
Calgary,Two bedroom units,2021,5,1355.0
Calgary,Two bedroom units,2021,5,1377.0
Calgary,Two bedroom units,2021,6,1350.0
Calgary,Two bedroom units,2021,6,1307.0
Calgary,Two bedroom units,2021,6,1355.0
Calgary,Two bedroom units,2021,6,1377.0
Calgary,Two bedroom units,2021,7,1350.0
Calgary,Two bedroom units,2021,7,1307.0
Calgary,Two bedroom units,2021,7,1355.0
Calgary,Two bedroom units,2021,7,1377.0
Calgary,Two bedroom units,2021,8,1350.0
Calgary,Two bedroom units,2021,8,1307.0
Calgary,Two bedroom units,2021,8,1355.0
Calgary,Two bedroom units,2021,8,1377.0
Calgary,Two bedroom units,2021,9,1350.0
Calgary,Two bedroom units,2021,9,1307.0
Calgary,Two bedroom units,2021,9,1355.0
Calgary,Two bedroom units,2021,9,1377.0
Calgary,Two bedroom units,2021,10,1350.0
Calgary,Two bedroom units,2021,10,1307.0
Calgary,Two bedroom units,2021,10,1355.0
Calgary,Two bedroom units,2021,10,1377.0
Calgary,Two bedroom units,2021,11,1350.0
Calgary,Two bedroom units,2021,11,1307.0
Calgary,Two bedroom units,2021,11,1355.0
Calgary,Two bedroom units,2021,11,1377.0
Calgary,Two bedroom units,2021,12,1350.0
Calgary,Two bedroom units,2021,12,1307.0
Calgary,Two bedroom units,2021,12,1355.0
Calgary,Two bedroom units,2021,12,1377.0
Calgary,Two bedroom units,2022,1,1463.0
Calgary,Two bedroom units,2022,1,1429.0
Calgary,Two bedroom units,2022,1,1466.0
Calgary,Two bedroom units,2022,1,1489.0
Calgary,Two bedroom units,2022,2,1463.0
Calgary,Two bedroom units,2022,2,1429.0
Calgary,Two bedroom units,2022,2,1466.0
Calgary,Two bedroom units,2022,2,1489.0
Calgary,Two bedroom units,2022,3,1463.0
Calgary,Two bedroom units,2022,3,1429.0
Calgary,Two bedroom units,2022,3,1466.0
Calgary,Two bedroom units,2022,3,1489.0
Calgary,Two bedroom units,2022,4,1463.0
Calgary,Two bedroom units,2022,4,1429.0
Calgary,Two bedroom units,2022,4,1466.0
Calgary,Two bedroom units,2022,4,1489.0
Calgary,Two bedroom units,2022,5,1463.0
Calgary,Two bedroom units,2022,5,1429.0
Calgary,Two bedroom units,2022,5,1466.0
Calgary,Two bedroom units,2022,5,1489.0
Calgary,Two bedroom units,2022,6,1463.0
Calgary,Two bedroom units,2022,6,1429.0
Calgary,Two bedroom units,2022,6,1466.0
Calgary,Two bedroom units,2022,6,1489.0
Calgary,Two bedroom units,2022,7,1463.0
Calgary,Two bedroom units,2022,7,1429.0
Calgary,Two bedroom units,2022,7,1466.0
Calgary,Two bedroom units,2022,7,1489.0
Calgary,Two bedroom units,2022,8,1463.0
Calgary,Two bedroom units,2022,8,1429.0
Calgary,Two bedroom units,2022,8,1466.0
Calgary,Two bedroom units,2022,8,1489.0
Calgary,Two bedroom units,2022,9,1463.0
Calgary,Two bedroom units,2022,9,1429.0
Calgary,Two bedroom units,2022,9,1466.0
Calgary,Two bedroom units,2022,9,1489.0
Calgary,Two bedroom units,2022,10,1463.0
Calgary,Two bedroom units,2022,10,1429.0
Calgary,Two bedroom units,2022,10,1466.0
Calgary,Two bedroom units,2022,10,1489.0
Calgary,Two bedroom units,2022,11,1463.0
Calgary,Two bedroom units,2022,11,1429.0
Calgary,Two bedroom units,2022,11,1466.0
Calgary,Two bedroom units,2022,11,1489.0
Calgary,Two bedroom units,2022,12,1463.0
Calgary,Two bedroom units,2022,12,1429.0
Calgary,Two bedroom units,2022,12,1466.0
Calgary,Two bedroom units,2022,12,1489.0
Calgary,Two bedroom units,2023,1,1691.0
Calgary,Two bedroom units,2023,1,1647.0
Calgary,Two bedroom units,2023,1,1695.0
Calgary,Two bedroom units,2023,1,1722.0
Calgary,Two bedroom units,2023,2,1691.0
Calgary,Two bedroom units,2023,2,1647.0
Calgary,Two bedroom units,2023,2,1695.0
Calgary,Two bedroom units,2023,2,1722.0
Calgary,Two bedroom units,2023,3,1691.0
Calgary,Two bedroom units,2023,3,1647.0
Calgary,Two bedroom units,2023,3,1695.0
Calgary,Two bedroom units,2023,3,1722.0
Calgary,Two bedroom units,2023,4,1691.0
Calgary,Two bedroom units,2023,4,1647.0
Calgary,Two bedroom units,2023,4,1695.0
Calgary,Two bedroom units,2023,4,1722.0
Calgary,Two bedroom units,2023,5,1691.0
Calgary,Two bedroom units,2023,5,1647.0
Calgary,Two bedroom units,2023,5,1695.0
Calgary,Two bedroom units,2023,5,1722.0
Calgary,Two bedroom units,2023,6,1691.0
Calgary,Two bedroom units,2023,6,1647.0
Calgary,Two bedroom units,2023,6,1695.0
Calgary,Two bedroom units,2023,6,1722.0
Calgary,Two bedroom units,2023,7,1691.0
Calgary,Two bedroom units,2023,7,1647.0
Calgary,Two bedroom units,2023,7,1695.0
Calgary,Two bedroom units,2023,7,1722.0
Calgary,Two bedroom units,2023,8,1691.0
Calgary,Two bedroom units,2023,8,1647.0
Calgary,Two bedroom units,2023,8,1695.0
Calgary,Two bedroom units,2023,8,1722.0
Calgary,Two bedroom units,2023,9,1691.0
Calgary,Two bedroom units,2023,9,1647.0
Calgary,Two bedroom units,2023,9,1695.0
Calgary,Two bedroom units,2023,9,1722.0
Calgary,Two bedroom units,2023,10,1691.0
Calgary,Two bedroom units,2023,10,1647.0
Calgary,Two bedroom units,2023,10,1695.0
Calgary,Two bedroom units,2023,10,1722.0
Calgary,Two bedroom units,2023,11,1691.0
Calgary,Two bedroom units,2023,11,1647.0
Calgary,Two bedroom units,2023,11,1695.0
Calgary,Two bedroom units,2023,11,1722.0
Calgary,Two bedroom units,2023,12,1691.0
Calgary,Two bedroom units,2023,12,1647.0
Calgary,Two bedroom units,2023,12,1695.0
Calgary,Two bedroom units,2023,12,1722.0
Calgary,Two bedroom units,2024,1,1876.0
Calgary,Two bedroom units,2024,1,1812.0
Calgary,Two bedroom units,2024,1,1882.0
Calgary,Two bedroom units,2024,1,1909.0
Calgary,Two bedroom units,2024,2,1876.0
Calgary,Two bedroom units,2024,2,1812.0
Calgary,Two bedroom units,2024,2,1882.0
Calgary,Two bedroom units,2024,2,1909.0
Calgary,Two bedroom units,2024,3,1876.0
Calgary,Two bedroom units,2024,3,1812.0
Calgary,Two bedroom units,2024,3,1882.0
Calgary,Two bedroom units,2024,3,1909.0
Calgary,Two bedroom units,2024,4,1876.0
Calgary,Two bedroom units,2024,4,1812.0
Calgary,Two bedroom units,2024,4,1882.0
Calgary,Two bedroom units,2024,4,1909.0
Calgary,Two bedroom units,2024,5,1876.0
Calgary,Two bedroom units,2024,5,1812.0
Calgary,Two bedroom units,2024,5,1882.0
Calgary,Two bedroom units,2024,5,1909.0
Calgary,Two bedroom units,2024,6,1876.0
Calgary,Two bedroom units,2024,6,1812.0
Calgary,Two bedroom units,2024,6,1882.0
Calgary,Two bedroom units,2024,6,1909.0
Calgary,Two bedroom units,2024,7,1876.0
Calgary,Two bedroom units,2024,7,1812.0
Calgary,Two bedroom units,2024,7,1882.0
Calgary,Two bedroom units,2024,7,1909.0
Calgary,Two bedroom units,2024,8,1876.0
Calgary,Two bedroom units,2024,8,1812.0
Calgary,Two bedroom units,2024,8,1882.0
Calgary,Two bedroom units,2024,8,1909.0
Calgary,Two bedroom units,2024,9,1876.0
Calgary,Two bedroom units,2024,9,1812.0
Calgary,Two bedroom units,2024,9,1882.0
Calgary,Two bedroom units,2024,9,1909.0
Calgary,Two bedroom units,2024,10,1876.0
Calgary,Two bedroom units,2024,10,1812.0
Calgary,Two bedroom units,2024,10,1882.0
Calgary,Two bedroom units,2024,10,1909.0
Calgary,Two bedroom units,2024,11,1876.0
Calgary,Two bedroom units,2024,11,1812.0
Calgary,Two bedroom units,2024,11,1882.0
Calgary,Two bedroom units,2024,11,1909.0
Calgary,Two bedroom units,2024,12,1876.0
Calgary,Two bedroom units,2024,12,1812.0
Calgary,Two bedroom units,2024,12,1882.0
Calgary,Two bedroom units,2024,12,1909.0
Calgary,Three bedroom units,2018,1,1317.0
Calgary,Three bedroom units,2018,1,1380.0
Calgary,Three bedroom units,2018,1,1244.0
Calgary,Three bedroom units,2018,1,1433.0
Calgary,Three bedroom units,2018,2,1317.0
Calgary,Three bedroom units,2018,2,1380.0
Calgary,Three bedroom units,2018,2,1244.0
Calgary,Three bedroom units,2018,2,1433.0
Calgary,Three bedroom units,2018,3,1317.0
Calgary,Three bedroom units,2018,3,1380.0
Calgary,Three bedroom units,2018,3,1244.0
Calgary,Three bedroom units,2018,3,1433.0
Calgary,Three bedroom units,2018,4,1317.0
Calgary,Three bedroom units,2018,4,1380.0
Calgary,Three bedroom units,2018,4,1244.0
Calgary,Three bedroom units,2018,4,1433.0
Calgary,Three bedroom units,2018,5,1317.0
Calgary,Three bedroom units,2018,5,1380.0
Calgary,Three bedroom units,2018,5,1244.0
Calgary,Three bedroom units,2018,5,1433.0
Calgary,Three bedroom units,2018,6,1317.0
Calgary,Three bedroom units,2018,6,1380.0
Calgary,Three bedroom units,2018,6,1244.0
Calgary,Three bedroom units,2018,6,1433.0
Calgary,Three bedroom units,2018,7,1317.0
Calgary,Three bedroom units,2018,7,1380.0
Calgary,Three bedroom units,2018,7,1244.0
Calgary,Three bedroom units,2018,7,1433.0
Calgary,Three bedroom units,2018,8,1317.0
Calgary,Three bedroom units,2018,8,1380.0
Calgary,Three bedroom units,2018,8,1244.0
Calgary,Three bedroom units,2018,8,1433.0
Calgary,Three bedroom units,2018,9,1317.0
Calgary,Three bedroom units,2018,9,1380.0
Calgary,Three bedroom units,2018,9,1244.0
Calgary,Three bedroom units,2018,9,1433.0
Calgary,Three bedroom units,2018,10,1317.0
Calgary,Three bedroom units,2018,10,1380.0
Calgary,Three bedroom units,2018,10,1244.0
Calgary,Three bedroom units,2018,10,1433.0
Calgary,Three bedroom units,2018,11,1317.0
Calgary,Three bedroom units,2018,11,1380.0
Calgary,Three bedroom units,2018,11,1244.0
Calgary,Three bedroom units,2018,11,1433.0
Calgary,Three bedroom units,2018,12,1317.0
Calgary,Three bedroom units,2018,12,1380.0
Calgary,Three bedroom units,2018,12,1244.0
Calgary,Three bedroom units,2018,12,1433.0
Calgary,Three bedroom units,2019,1,1343.0
Calgary,Three bedroom units,2019,1,1422.0
Calgary,Three bedroom units,2019,1,1255.0
Calgary,Three bedroom units,2019,1,1479.0
Calgary,Three bedroom units,2019,2,1343.0
Calgary,Three bedroom units,2019,2,1422.0
Calgary,Three bedroom units,2019,2,1255.0
Calgary,Three bedroom units,2019,2,1479.0
Calgary,Three bedroom units,2019,3,1343.0
Calgary,Three bedroom units,2019,3,1422.0
Calgary,Three bedroom units,2019,3,1255.0
Calgary,Three bedroom units,2019,3,1479.0
Calgary,Three bedroom units,2019,4,1343.0
Calgary,Three bedroom units,2019,4,1422.0
Calgary,Three bedroom units,2019,4,1255.0
Calgary,Three bedroom units,2019,4,1479.0
Calgary,Three bedroom units,2019,5,1343.0
Calgary,Three bedroom units,2019,5,1422.0
Calgary,Three bedroom units,2019,5,1255.0
Calgary,Three bedroom units,2019,5,1479.0
Calgary,Three bedroom units,2019,6,1343.0
Calgary,Three bedroom units,2019,6,1422.0
Calgary,Three bedroom units,2019,6,1255.0
Calgary,Three bedroom units,2019,6,1479.0
Calgary,Three bedroom units,2019,7,1343.0
Calgary,Three bedroom units,2019,7,1422.0
Calgary,Three bedroom units,2019,7,1255.0
Calgary,Three bedroom units,2019,7,1479.0
Calgary,Three bedroom units,2019,8,1343.0
Calgary,Three bedroom units,2019,8,1422.0
Calgary,Three bedroom units,2019,8,1255.0
Calgary,Three bedroom units,2019,8,1479.0
Calgary,Three bedroom units,2019,9,1343.0
Calgary,Three bedroom units,2019,9,1422.0
Calgary,Three bedroom units,2019,9,1255.0
Calgary,Three bedroom units,2019,9,1479.0
Calgary,Three bedroom units,2019,10,1343.0
Calgary,Three bedroom units,2019,10,1422.0
Calgary,Three bedroom units,2019,10,1255.0
Calgary,Three bedroom units,2019,10,1479.0
Calgary,Three bedroom units,2019,11,1343.0
Calgary,Three bedroom units,2019,11,1422.0
Calgary,Three bedroom units,2019,11,1255.0
Calgary,Three bedroom units,2019,11,1479.0
Calgary,Three bedroom units,2019,12,1343.0
Calgary,Three bedroom units,2019,12,1422.0
Calgary,Three bedroom units,2019,12,1255.0
Calgary,Three bedroom units,2019,12,1479.0
Calgary,Three bedroom units,2020,1,1392.0
Calgary,Three bedroom units,2020,1,1470.0
Calgary,Three bedroom units,2020,1,1296.0
Calgary,Three bedroom units,2020,1,1539.0
Calgary,Three bedroom units,2020,2,1392.0
Calgary,Three bedroom units,2020,2,1470.0
Calgary,Three bedroom units,2020,2,1296.0
Calgary,Three bedroom units,2020,2,1539.0
Calgary,Three bedroom units,2020,3,1392.0
Calgary,Three bedroom units,2020,3,1470.0
Calgary,Three bedroom units,2020,3,1296.0
Calgary,Three bedroom units,2020,3,1539.0
Calgary,Three bedroom units,2020,4,1392.0
Calgary,Three bedroom units,2020,4,1470.0
Calgary,Three bedroom units,2020,4,1296.0
Calgary,Three bedroom units,2020,4,1539.0
Calgary,Three bedroom units,2020,5,1392.0
Calgary,Three bedroom units,2020,5,1470.0
Calgary,Three bedroom units,2020,5,1296.0
Calgary,Three bedroom units,2020,5,1539.0
Calgary,Three bedroom units,2020,6,1392.0
Calgary,Three bedroom units,2020,6,1470.0
Calgary,Three bedroom units,2020,6,1296.0
Calgary,Three bedroom units,2020,6,1539.0
Calgary,Three bedroom units,2020,7,1392.0
Calgary,Three bedroom units,2020,7,1470.0
Calgary,Three bedroom units,2020,7,1296.0
Calgary,Three bedroom units,2020,7,1539.0
Calgary,Three bedroom units,2020,8,1392.0
Calgary,Three bedroom units,2020,8,1470.0
Calgary,Three bedroom units,2020,8,1296.0
Calgary,Three bedroom units,2020,8,1539.0
Calgary,Three bedroom units,2020,9,1392.0
Calgary,Three bedroom units,2020,9,1470.0
Calgary,Three bedroom units,2020,9,1296.0
Calgary,Three bedroom units,2020,9,1539.0
Calgary,Three bedroom units,2020,10,1392.0
Calgary,Three bedroom units,2020,10,1470.0
Calgary,Three bedroom units,2020,10,1296.0
Calgary,Three bedroom units,2020,10,1539.0
Calgary,Three bedroom units,2020,11,1392.0
Calgary,Three bedroom units,2020,11,1470.0
Calgary,Three bedroom units,2020,11,1296.0
Calgary,Three bedroom units,2020,11,1539.0
Calgary,Three bedroom units,2020,12,1392.0
Calgary,Three bedroom units,2020,12,1470.0
Calgary,Three bedroom units,2020,12,1296.0
Calgary,Three bedroom units,2020,12,1539.0
Calgary,Three bedroom units,2021,1,1431.0
Calgary,Three bedroom units,2021,1,1507.0
Calgary,Three bedroom units,2021,1,1347.0
Calgary,Three bedroom units,2021,1,1584.0
Calgary,Three bedroom units,2021,2,1431.0
Calgary,Three bedroom units,2021,2,1507.0
Calgary,Three bedroom units,2021,2,1347.0
Calgary,Three bedroom units,2021,2,1584.0
Calgary,Three bedroom units,2021,3,1431.0
Calgary,Three bedroom units,2021,3,1507.0
Calgary,Three bedroom units,2021,3,1347.0
Calgary,Three bedroom units,2021,3,1584.0
Calgary,Three bedroom units,2021,4,1431.0
Calgary,Three bedroom units,2021,4,1507.0
Calgary,Three bedroom units,2021,4,1347.0
Calgary,Three bedroom units,2021,4,1584.0
Calgary,Three bedroom units,2021,5,1431.0
Calgary,Three bedroom units,2021,5,1507.0
Calgary,Three bedroom units,2021,5,1347.0
Calgary,Three bedroom units,2021,5,1584.0
Calgary,Three bedroom units,2021,6,1431.0
Calgary,Three bedroom units,2021,6,1507.0
Calgary,Three bedroom units,2021,6,1347.0
Calgary,Three bedroom units,2021,6,1584.0
Calgary,Three bedroom units,2021,7,1431.0
Calgary,Three bedroom units,2021,7,1507.0
Calgary,Three bedroom units,2021,7,1347.0
Calgary,Three bedroom units,2021,7,1584.0
Calgary,Three bedroom units,2021,8,1431.0
Calgary,Three bedroom units,2021,8,1507.0
Calgary,Three bedroom units,2021,8,1347.0
Calgary,Three bedroom units,2021,8,1584.0
Calgary,Three bedroom units,2021,9,1431.0
Calgary,Three bedroom units,2021,9,1507.0
Calgary,Three bedroom units,2021,9,1347.0
Calgary,Three bedroom units,2021,9,1584.0
Calgary,Three bedroom units,2021,10,1431.0
Calgary,Three bedroom units,2021,10,1507.0
Calgary,Three bedroom units,2021,10,1347.0
Calgary,Three bedroom units,2021,10,1584.0
Calgary,Three bedroom units,2021,11,1431.0
Calgary,Three bedroom units,2021,11,1507.0
Calgary,Three bedroom units,2021,11,1347.0
Calgary,Three bedroom units,2021,11,1584.0
Calgary,Three bedroom units,2021,12,1431.0
Calgary,Three bedroom units,2021,12,1507.0
Calgary,Three bedroom units,2021,12,1347.0
Calgary,Three bedroom units,2021,12,1584.0
Calgary,Three bedroom units,2022,1,1579.0
Calgary,Three bedroom units,2022,1,1649.0
Calgary,Three bedroom units,2022,1,1504.0
Calgary,Three bedroom units,2022,1,1729.0
Calgary,Three bedroom units,2022,2,1579.0
Calgary,Three bedroom units,2022,2,1649.0
Calgary,Three bedroom units,2022,2,1504.0
Calgary,Three bedroom units,2022,2,1729.0
Calgary,Three bedroom units,2022,3,1579.0
Calgary,Three bedroom units,2022,3,1649.0
Calgary,Three bedroom units,2022,3,1504.0
Calgary,Three bedroom units,2022,3,1729.0
Calgary,Three bedroom units,2022,4,1579.0
Calgary,Three bedroom units,2022,4,1649.0
Calgary,Three bedroom units,2022,4,1504.0
Calgary,Three bedroom units,2022,4,1729.0
Calgary,Three bedroom units,2022,5,1579.0
Calgary,Three bedroom units,2022,5,1649.0
Calgary,Three bedroom units,2022,5,1504.0
Calgary,Three bedroom units,2022,5,1729.0
Calgary,Three bedroom units,2022,6,1579.0
Calgary,Three bedroom units,2022,6,1649.0
Calgary,Three bedroom units,2022,6,1504.0
Calgary,Three bedroom units,2022,6,1729.0
Calgary,Three bedroom units,2022,7,1579.0
Calgary,Three bedroom units,2022,7,1649.0
Calgary,Three bedroom units,2022,7,1504.0
Calgary,Three bedroom units,2022,7,1729.0
Calgary,Three bedroom units,2022,8,1579.0
Calgary,Three bedroom units,2022,8,1649.0
Calgary,Three bedroom units,2022,8,1504.0
Calgary,Three bedroom units,2022,8,1729.0
Calgary,Three bedroom units,2022,9,1579.0
Calgary,Three bedroom units,2022,9,1649.0
Calgary,Three bedroom units,2022,9,1504.0
Calgary,Three bedroom units,2022,9,1729.0
Calgary,Three bedroom units,2022,10,1579.0
Calgary,Three bedroom units,2022,10,1649.0
Calgary,Three bedroom units,2022,10,1504.0
Calgary,Three bedroom units,2022,10,1729.0
Calgary,Three bedroom units,2022,11,1579.0
Calgary,Three bedroom units,2022,11,1649.0
Calgary,Three bedroom units,2022,11,1504.0
Calgary,Three bedroom units,2022,11,1729.0
Calgary,Three bedroom units,2022,12,1579.0
Calgary,Three bedroom units,2022,12,1649.0
Calgary,Three bedroom units,2022,12,1504.0
Calgary,Three bedroom units,2022,12,1729.0
Calgary,Three bedroom units,2023,1,1794.0
Calgary,Three bedroom units,2023,1,1839.0
Calgary,Three bedroom units,2023,1,1749.0
Calgary,Three bedroom units,2023,1,1985.0
Calgary,Three bedroom units,2023,2,1794.0
Calgary,Three bedroom units,2023,2,1839.0
Calgary,Three bedroom units,2023,2,1749.0
Calgary,Three bedroom units,2023,2,1985.0
Calgary,Three bedroom units,2023,3,1794.0
Calgary,Three bedroom units,2023,3,1839.0
Calgary,Three bedroom units,2023,3,1749.0
Calgary,Three bedroom units,2023,3,1985.0
Calgary,Three bedroom units,2023,4,1794.0
Calgary,Three bedroom units,2023,4,1839.0
Calgary,Three bedroom units,2023,4,1749.0
Calgary,Three bedroom units,2023,4,1985.0
Calgary,Three bedroom units,2023,5,1794.0
Calgary,Three bedroom units,2023,5,1839.0
Calgary,Three bedroom units,2023,5,1749.0
Calgary,Three bedroom units,2023,5,1985.0
Calgary,Three bedroom units,2023,6,1794.0
Calgary,Three bedroom units,2023,6,1839.0
Calgary,Three bedroom units,2023,6,1749.0
Calgary,Three bedroom units,2023,6,1985.0
Calgary,Three bedroom units,2023,7,1794.0
Calgary,Three bedroom units,2023,7,1839.0
Calgary,Three bedroom units,2023,7,1749.0
Calgary,Three bedroom units,2023,7,1985.0
Calgary,Three bedroom units,2023,8,1794.0
Calgary,Three bedroom units,2023,8,1839.0
Calgary,Three bedroom units,2023,8,1749.0
Calgary,Three bedroom units,2023,8,1985.0
Calgary,Three bedroom units,2023,9,1794.0
Calgary,Three bedroom units,2023,9,1839.0
Calgary,Three bedroom units,2023,9,1749.0
Calgary,Three bedroom units,2023,9,1985.0
Calgary,Three bedroom units,2023,10,1794.0
Calgary,Three bedroom units,2023,10,1839.0
Calgary,Three bedroom units,2023,10,1749.0
Calgary,Three bedroom units,2023,10,1985.0
Calgary,Three bedroom units,2023,11,1794.0
Calgary,Three bedroom units,2023,11,1839.0
Calgary,Three bedroom units,2023,11,1749.0
Calgary,Three bedroom units,2023,11,1985.0
Calgary,Three bedroom units,2023,12,1794.0
Calgary,Three bedroom units,2023,12,1839.0
Calgary,Three bedroom units,2023,12,1749.0
Calgary,Three bedroom units,2023,12,1985.0
Calgary,Three bedroom units,2024,1,1977.0
Calgary,Three bedroom units,2024,1,1979.0
Calgary,Three bedroom units,2024,1,1975.0
Calgary,Three bedroom units,2024,1,2229.0
Calgary,Three bedroom units,2024,2,1977.0
Calgary,Three bedroom units,2024,2,1979.0
Calgary,Three bedroom units,2024,2,1975.0
Calgary,Three bedroom units,2024,2,2229.0
Calgary,Three bedroom units,2024,3,1977.0
Calgary,Three bedroom units,2024,3,1979.0
Calgary,Three bedroom units,2024,3,1975.0
Calgary,Three bedroom units,2024,3,2229.0
Calgary,Three bedroom units,2024,4,1977.0
Calgary,Three bedroom units,2024,4,1979.0
Calgary,Three bedroom units,2024,4,1975.0
Calgary,Three bedroom units,2024,4,2229.0
Calgary,Three bedroom units,2024,5,1977.0
Calgary,Three bedroom units,2024,5,1979.0
Calgary,Three bedroom units,2024,5,1975.0
Calgary,Three bedroom units,2024,5,2229.0
Calgary,Three bedroom units,2024,6,1977.0
Calgary,Three bedroom units,2024,6,1979.0
Calgary,Three bedroom units,2024,6,1975.0
Calgary,Three bedroom units,2024,6,2229.0
Calgary,Three bedroom units,2024,7,1977.0
Calgary,Three bedroom units,2024,7,1979.0
Calgary,Three bedroom units,2024,7,1975.0
Calgary,Three bedroom units,2024,7,2229.0
Calgary,Three bedroom units,2024,8,1977.0
Calgary,Three bedroom units,2024,8,1979.0
Calgary,Three bedroom units,2024,8,1975.0
Calgary,Three bedroom units,2024,8,2229.0
Calgary,Three bedroom units,2024,9,1977.0
Calgary,Three bedroom units,2024,9,1979.0
Calgary,Three bedroom units,2024,9,1975.0
Calgary,Three bedroom units,2024,9,2229.0
Calgary,Three bedroom units,2024,10,1977.0
Calgary,Three bedroom units,2024,10,1979.0
Calgary,Three bedroom units,2024,10,1975.0
Calgary,Three bedroom units,2024,10,2229.0
Calgary,Three bedroom units,2024,11,1977.0
Calgary,Three bedroom units,2024,11,1979.0
Calgary,Three bedroom units,2024,11,1975.0
Calgary,Three bedroom units,2024,11,2229.0
Calgary,Three bedroom units,2024,12,1977.0
Calgary,Three bedroom units,2024,12,1979.0
Calgary,Three bedroom units,2024,12,1975.0
Calgary,Three bedroom units,2024,12,2229.0
Vancouver,Bachelor units,2018,1,1151.0
Vancouver,Bachelor units,2018,1,1470.0
Vancouver,Bachelor units,2018,1,1150.0
Vancouver,Bachelor units,2018,1,1152.0
Vancouver,Bachelor units,2018,2,1151.0
Vancouver,Bachelor units,2018,2,1470.0
Vancouver,Bachelor units,2018,2,1150.0
Vancouver,Bachelor units,2018,2,1152.0
Vancouver,Bachelor units,2018,3,1151.0
Vancouver,Bachelor units,2018,3,1470.0
Vancouver,Bachelor units,2018,3,1150.0
Vancouver,Bachelor units,2018,3,1152.0
Vancouver,Bachelor units,2018,4,1151.0
Vancouver,Bachelor units,2018,4,1470.0
Vancouver,Bachelor units,2018,4,1150.0
Vancouver,Bachelor units,2018,4,1152.0
Vancouver,Bachelor units,2018,5,1151.0
Vancouver,Bachelor units,2018,5,1470.0
Vancouver,Bachelor units,2018,5,1150.0
Vancouver,Bachelor units,2018,5,1152.0
Vancouver,Bachelor units,2018,6,1151.0
Vancouver,Bachelor units,2018,6,1470.0
Vancouver,Bachelor units,2018,6,1150.0
Vancouver,Bachelor units,2018,6,1152.0
Vancouver,Bachelor units,2018,7,1151.0
Vancouver,Bachelor units,2018,7,1470.0
Vancouver,Bachelor units,2018,7,1150.0
Vancouver,Bachelor units,2018,7,1152.0
Vancouver,Bachelor units,2018,8,1151.0
Vancouver,Bachelor units,2018,8,1470.0
Vancouver,Bachelor units,2018,8,1150.0
Vancouver,Bachelor units,2018,8,1152.0
Vancouver,Bachelor units,2018,9,1151.0
Vancouver,Bachelor units,2018,9,1470.0
Vancouver,Bachelor units,2018,9,1150.0
Vancouver,Bachelor units,2018,9,1152.0
Vancouver,Bachelor units,2018,10,1151.0
Vancouver,Bachelor units,2018,10,1470.0
Vancouver,Bachelor units,2018,10,1150.0
Vancouver,Bachelor units,2018,10,1152.0
Vancouver,Bachelor units,2018,11,1151.0
Vancouver,Bachelor units,2018,11,1470.0
Vancouver,Bachelor units,2018,11,1150.0
Vancouver,Bachelor units,2018,11,1152.0
Vancouver,Bachelor units,2018,12,1151.0
Vancouver,Bachelor units,2018,12,1470.0
Vancouver,Bachelor units,2018,12,1150.0
Vancouver,Bachelor units,2018,12,1152.0
Vancouver,Bachelor units,2019,1,1227.0
Vancouver,Bachelor units,2019,1,1344.0
Vancouver,Bachelor units,2019,1,1227.0
Vancouver,Bachelor units,2019,1,1229.0
Vancouver,Bachelor units,2019,2,1227.0
Vancouver,Bachelor units,2019,2,1344.0
Vancouver,Bachelor units,2019,2,1227.0
Vancouver,Bachelor units,2019,2,1229.0
Vancouver,Bachelor units,2019,3,1227.0
Vancouver,Bachelor units,2019,3,1344.0
Vancouver,Bachelor units,2019,3,1227.0
Vancouver,Bachelor units,2019,3,1229.0
Vancouver,Bachelor units,2019,4,1227.0
Vancouver,Bachelor units,2019,4,1344.0
Vancouver,Bachelor units,2019,4,1227.0
Vancouver,Bachelor units,2019,4,1229.0
Vancouver,Bachelor units,2019,5,1227.0
Vancouver,Bachelor units,2019,5,1344.0
Vancouver,Bachelor units,2019,5,1227.0
Vancouver,Bachelor units,2019,5,1229.0
Vancouver,Bachelor units,2019,6,1227.0
Vancouver,Bachelor units,2019,6,1344.0
Vancouver,Bachelor units,2019,6,1227.0
Vancouver,Bachelor units,2019,6,1229.0
Vancouver,Bachelor units,2019,7,1227.0
Vancouver,Bachelor units,2019,7,1344.0
Vancouver,Bachelor units,2019,7,1227.0
Vancouver,Bachelor units,2019,7,1229.0
Vancouver,Bachelor units,2019,8,1227.0
Vancouver,Bachelor units,2019,8,1344.0
Vancouver,Bachelor units,2019,8,1227.0
Vancouver,Bachelor units,2019,8,1229.0
Vancouver,Bachelor units,2019,9,1227.0
Vancouver,Bachelor units,2019,9,1344.0
Vancouver,Bachelor units,2019,9,1227.0
Vancouver,Bachelor units,2019,9,1229.0
Vancouver,Bachelor units,2019,10,1227.0
Vancouver,Bachelor units,2019,10,1344.0
Vancouver,Bachelor units,2019,10,1227.0
Vancouver,Bachelor units,2019,10,1229.0
Vancouver,Bachelor units,2019,11,1227.0
Vancouver,Bachelor units,2019,11,1344.0
Vancouver,Bachelor units,2019,11,1227.0
Vancouver,Bachelor units,2019,11,1229.0
Vancouver,Bachelor units,2019,12,1227.0
Vancouver,Bachelor units,2019,12,1344.0
Vancouver,Bachelor units,2019,12,1227.0
Vancouver,Bachelor units,2019,12,1229.0
Vancouver,Bachelor units,2020,1,1259.0
Vancouver,Bachelor units,2020,1,1549.0
Vancouver,Bachelor units,2020,1,1258.0
Vancouver,Bachelor units,2020,1,1259.0
Vancouver,Bachelor units,2020,2,1259.0
Vancouver,Bachelor units,2020,2,1549.0
Vancouver,Bachelor units,2020,2,1258.0
Vancouver,Bachelor units,2020,2,1259.0
Vancouver,Bachelor units,2020,3,1259.0
Vancouver,Bachelor units,2020,3,1549.0
Vancouver,Bachelor units,2020,3,1258.0
Vancouver,Bachelor units,2020,3,1259.0
Vancouver,Bachelor units,2020,4,1259.0
Vancouver,Bachelor units,2020,4,1549.0
Vancouver,Bachelor units,2020,4,1258.0
Vancouver,Bachelor units,2020,4,1259.0
Vancouver,Bachelor units,2020,5,1259.0
Vancouver,Bachelor units,2020,5,1549.0
Vancouver,Bachelor units,2020,5,1258.0
Vancouver,Bachelor units,2020,5,1259.0
Vancouver,Bachelor units,2020,6,1259.0
Vancouver,Bachelor units,2020,6,1549.0
Vancouver,Bachelor units,2020,6,1258.0
Vancouver,Bachelor units,2020,6,1259.0
Vancouver,Bachelor units,2020,7,1259.0
Vancouver,Bachelor units,2020,7,1549.0
Vancouver,Bachelor units,2020,7,1258.0
Vancouver,Bachelor units,2020,7,1259.0
Vancouver,Bachelor units,2020,8,1259.0
Vancouver,Bachelor units,2020,8,1549.0
Vancouver,Bachelor units,2020,8,1258.0
Vancouver,Bachelor units,2020,8,1259.0
Vancouver,Bachelor units,2020,9,1259.0
Vancouver,Bachelor units,2020,9,1549.0
Vancouver,Bachelor units,2020,9,1258.0
Vancouver,Bachelor units,2020,9,1259.0
Vancouver,Bachelor units,2020,10,1259.0
Vancouver,Bachelor units,2020,10,1549.0
Vancouver,Bachelor units,2020,10,1258.0
Vancouver,Bachelor units,2020,10,1259.0
Vancouver,Bachelor units,2020,11,1259.0
Vancouver,Bachelor units,2020,11,1549.0
Vancouver,Bachelor units,2020,11,1258.0
Vancouver,Bachelor units,2020,11,1259.0
Vancouver,Bachelor units,2020,12,1259.0
Vancouver,Bachelor units,2020,12,1549.0
Vancouver,Bachelor units,2020,12,1258.0
Vancouver,Bachelor units,2020,12,1259.0
Vancouver,Bachelor units,2021,1,1302.0
Vancouver,Bachelor units,2021,1,1488.0
Vancouver,Bachelor units,2021,1,1301.0
Vancouver,Bachelor units,2021,1,1302.0
Vancouver,Bachelor units,2021,2,1302.0
Vancouver,Bachelor units,2021,2,1488.0
Vancouver,Bachelor units,2021,2,1301.0
Vancouver,Bachelor units,2021,2,1302.0
Vancouver,Bachelor units,2021,3,1302.0
Vancouver,Bachelor units,2021,3,1488.0
Vancouver,Bachelor units,2021,3,1301.0
Vancouver,Bachelor units,2021,3,1302.0
Vancouver,Bachelor units,2021,4,1302.0
Vancouver,Bachelor units,2021,4,1488.0
Vancouver,Bachelor units,2021,4,1301.0
Vancouver,Bachelor units,2021,4,1302.0
Vancouver,Bachelor units,2021,5,1302.0
Vancouver,Bachelor units,2021,5,1488.0
Vancouver,Bachelor units,2021,5,1301.0
Vancouver,Bachelor units,2021,5,1302.0
Vancouver,Bachelor units,2021,6,1302.0
Vancouver,Bachelor units,2021,6,1488.0
Vancouver,Bachelor units,2021,6,1301.0
Vancouver,Bachelor units,2021,6,1302.0
Vancouver,Bachelor units,2021,7,1302.0
Vancouver,Bachelor units,2021,7,1488.0
Vancouver,Bachelor units,2021,7,1301.0
Vancouver,Bachelor units,2021,7,1302.0
Vancouver,Bachelor units,2021,8,1302.0
Vancouver,Bachelor units,2021,8,1488.0
Vancouver,Bachelor units,2021,8,1301.0
Vancouver,Bachelor units,2021,8,1302.0
Vancouver,Bachelor units,2021,9,1302.0
Vancouver,Bachelor units,2021,9,1488.0
Vancouver,Bachelor units,2021,9,1301.0
Vancouver,Bachelor units,2021,9,1302.0
Vancouver,Bachelor units,2021,10,1302.0
Vancouver,Bachelor units,2021,10,1488.0
Vancouver,Bachelor units,2021,10,1301.0
Vancouver,Bachelor units,2021,10,1302.0
Vancouver,Bachelor units,2021,11,1302.0
Vancouver,Bachelor units,2021,11,1488.0
Vancouver,Bachelor units,2021,11,1301.0
Vancouver,Bachelor units,2021,11,1302.0
Vancouver,Bachelor units,2021,12,1302.0
Vancouver,Bachelor units,2021,12,1488.0
Vancouver,Bachelor units,2021,12,1301.0
Vancouver,Bachelor units,2021,12,1302.0
Vancouver,Bachelor units,2022,1,1378.0
Vancouver,Bachelor units,2022,1,1545.0
Vancouver,Bachelor units,2022,1,1378.0
Vancouver,Bachelor units,2022,1,1380.0
Vancouver,Bachelor units,2022,2,1378.0
Vancouver,Bachelor units,2022,2,1545.0
Vancouver,Bachelor units,2022,2,1378.0
Vancouver,Bachelor units,2022,2,1380.0
Vancouver,Bachelor units,2022,3,1378.0
Vancouver,Bachelor units,2022,3,1545.0
Vancouver,Bachelor units,2022,3,1378.0
Vancouver,Bachelor units,2022,3,1380.0
Vancouver,Bachelor units,2022,4,1378.0
Vancouver,Bachelor units,2022,4,1545.0
Vancouver,Bachelor units,2022,4,1378.0
Vancouver,Bachelor units,2022,4,1380.0
Vancouver,Bachelor units,2022,5,1378.0
Vancouver,Bachelor units,2022,5,1545.0
Vancouver,Bachelor units,2022,5,1378.0
Vancouver,Bachelor units,2022,5,1380.0
Vancouver,Bachelor units,2022,6,1378.0
Vancouver,Bachelor units,2022,6,1545.0
Vancouver,Bachelor units,2022,6,1378.0
Vancouver,Bachelor units,2022,6,1380.0
Vancouver,Bachelor units,2022,7,1378.0
Vancouver,Bachelor units,2022,7,1545.0
Vancouver,Bachelor units,2022,7,1378.0
Vancouver,Bachelor units,2022,7,1380.0
Vancouver,Bachelor units,2022,8,1378.0
Vancouver,Bachelor units,2022,8,1545.0
Vancouver,Bachelor units,2022,8,1378.0
Vancouver,Bachelor units,2022,8,1380.0
Vancouver,Bachelor units,2022,9,1378.0
Vancouver,Bachelor units,2022,9,1545.0
Vancouver,Bachelor units,2022,9,1378.0
Vancouver,Bachelor units,2022,9,1380.0
Vancouver,Bachelor units,2022,10,1378.0
Vancouver,Bachelor units,2022,10,1545.0
Vancouver,Bachelor units,2022,10,1378.0
Vancouver,Bachelor units,2022,10,1380.0
Vancouver,Bachelor units,2022,11,1378.0
Vancouver,Bachelor units,2022,11,1545.0
Vancouver,Bachelor units,2022,11,1378.0
Vancouver,Bachelor units,2022,11,1380.0
Vancouver,Bachelor units,2022,12,1378.0
Vancouver,Bachelor units,2022,12,1545.0
Vancouver,Bachelor units,2022,12,1378.0
Vancouver,Bachelor units,2022,12,1380.0
Vancouver,Bachelor units,2023,1,1489.0
Vancouver,Bachelor units,2023,1,1805.0
Vancouver,Bachelor units,2023,1,1486.0
Vancouver,Bachelor units,2023,1,1489.0
Vancouver,Bachelor units,2023,2,1489.0
Vancouver,Bachelor units,2023,2,1805.0
Vancouver,Bachelor units,2023,2,1486.0
Vancouver,Bachelor units,2023,2,1489.0
Vancouver,Bachelor units,2023,3,1489.0
Vancouver,Bachelor units,2023,3,1805.0
Vancouver,Bachelor units,2023,3,1486.0
Vancouver,Bachelor units,2023,3,1489.0
Vancouver,Bachelor units,2023,4,1489.0
Vancouver,Bachelor units,2023,4,1805.0
Vancouver,Bachelor units,2023,4,1486.0
Vancouver,Bachelor units,2023,4,1489.0
Vancouver,Bachelor units,2023,5,1489.0
Vancouver,Bachelor units,2023,5,1805.0
Vancouver,Bachelor units,2023,5,1486.0
Vancouver,Bachelor units,2023,5,1489.0
Vancouver,Bachelor units,2023,6,1489.0
Vancouver,Bachelor units,2023,6,1805.0
Vancouver,Bachelor units,2023,6,1486.0
Vancouver,Bachelor units,2023,6,1489.0
Vancouver,Bachelor units,2023,7,1489.0
Vancouver,Bachelor units,2023,7,1805.0
Vancouver,Bachelor units,2023,7,1486.0
Vancouver,Bachelor units,2023,7,1489.0
Vancouver,Bachelor units,2023,8,1489.0
Vancouver,Bachelor units,2023,8,1805.0
Vancouver,Bachelor units,2023,8,1486.0
Vancouver,Bachelor units,2023,8,1489.0
Vancouver,Bachelor units,2023,9,1489.0
Vancouver,Bachelor units,2023,9,1805.0
Vancouver,Bachelor units,2023,9,1486.0
Vancouver,Bachelor units,2023,9,1489.0
Vancouver,Bachelor units,2023,10,1489.0
Vancouver,Bachelor units,2023,10,1805.0
Vancouver,Bachelor units,2023,10,1486.0
Vancouver,Bachelor units,2023,10,1489.0
Vancouver,Bachelor units,2023,11,1489.0
Vancouver,Bachelor units,2023,11,1805.0
Vancouver,Bachelor units,2023,11,1486.0
Vancouver,Bachelor units,2023,11,1489.0
Vancouver,Bachelor units,2023,12,1489.0
Vancouver,Bachelor units,2023,12,1805.0
Vancouver,Bachelor units,2023,12,1486.0
Vancouver,Bachelor units,2023,12,1489.0
Vancouver,Bachelor units,2024,1,1576.0
Vancouver,Bachelor units,2024,1,1785.0
Vancouver,Bachelor units,2024,1,1575.0
Vancouver,Bachelor units,2024,1,1577.0
Vancouver,Bachelor units,2024,2,1576.0
Vancouver,Bachelor units,2024,2,1785.0
Vancouver,Bachelor units,2024,2,1575.0
Vancouver,Bachelor units,2024,2,1577.0
Vancouver,Bachelor units,2024,3,1576.0
Vancouver,Bachelor units,2024,3,1785.0
Vancouver,Bachelor units,2024,3,1575.0
Vancouver,Bachelor units,2024,3,1577.0
Vancouver,Bachelor units,2024,4,1576.0
Vancouver,Bachelor units,2024,4,1785.0
Vancouver,Bachelor units,2024,4,1575.0
Vancouver,Bachelor units,2024,4,1577.0
Vancouver,Bachelor units,2024,5,1576.0
Vancouver,Bachelor units,2024,5,1785.0
Vancouver,Bachelor units,2024,5,1575.0
Vancouver,Bachelor units,2024,5,1577.0
Vancouver,Bachelor units,2024,6,1576.0
Vancouver,Bachelor units,2024,6,1785.0
Vancouver,Bachelor units,2024,6,1575.0
Vancouver,Bachelor units,2024,6,1577.0
Vancouver,Bachelor units,2024,7,1576.0
Vancouver,Bachelor units,2024,7,1785.0
Vancouver,Bachelor units,2024,7,1575.0
Vancouver,Bachelor units,2024,7,1577.0
Vancouver,Bachelor units,2024,8,1576.0
Vancouver,Bachelor units,2024,8,1785.0
Vancouver,Bachelor units,2024,8,1575.0
Vancouver,Bachelor units,2024,8,1577.0
Vancouver,Bachelor units,2024,9,1576.0
Vancouver,Bachelor units,2024,9,1785.0
Vancouver,Bachelor units,2024,9,1575.0
Vancouver,Bachelor units,2024,9,1577.0
Vancouver,Bachelor units,2024,10,1576.0
Vancouver,Bachelor units,2024,10,1785.0
Vancouver,Bachelor units,2024,10,1575.0
Vancouver,Bachelor units,2024,10,1577.0
Vancouver,Bachelor units,2024,11,1576.0
Vancouver,Bachelor units,2024,11,1785.0
Vancouver,Bachelor units,2024,11,1575.0
Vancouver,Bachelor units,2024,11,1577.0
Vancouver,Bachelor units,2024,12,1576.0
Vancouver,Bachelor units,2024,12,1785.0
Vancouver,Bachelor units,2024,12,1575.0
Vancouver,Bachelor units,2024,12,1577.0
Vancouver,One bedroom units,2018,1,1306.0
Vancouver,One bedroom units,2018,1,1239.0
Vancouver,One bedroom units,2018,1,1307.0
Vancouver,One bedroom units,2018,1,1309.0
Vancouver,One bedroom units,2018,2,1306.0
Vancouver,One bedroom units,2018,2,1239.0
Vancouver,One bedroom units,2018,2,1307.0
Vancouver,One bedroom units,2018,2,1309.0
Vancouver,One bedroom units,2018,3,1306.0
Vancouver,One bedroom units,2018,3,1239.0
Vancouver,One bedroom units,2018,3,1307.0
Vancouver,One bedroom units,2018,3,1309.0
Vancouver,One bedroom units,2018,4,1306.0
Vancouver,One bedroom units,2018,4,1239.0
Vancouver,One bedroom units,2018,4,1307.0
Vancouver,One bedroom units,2018,4,1309.0
Vancouver,One bedroom units,2018,5,1306.0
Vancouver,One bedroom units,2018,5,1239.0
Vancouver,One bedroom units,2018,5,1307.0
Vancouver,One bedroom units,2018,5,1309.0
Vancouver,One bedroom units,2018,6,1306.0
Vancouver,One bedroom units,2018,6,1239.0
Vancouver,One bedroom units,2018,6,1307.0
Vancouver,One bedroom units,2018,6,1309.0
Vancouver,One bedroom units,2018,7,1306.0
Vancouver,One bedroom units,2018,7,1239.0
Vancouver,One bedroom units,2018,7,1307.0
Vancouver,One bedroom units,2018,7,1309.0
Vancouver,One bedroom units,2018,8,1306.0
Vancouver,One bedroom units,2018,8,1239.0
Vancouver,One bedroom units,2018,8,1307.0
Vancouver,One bedroom units,2018,8,1309.0
Vancouver,One bedroom units,2018,9,1306.0
Vancouver,One bedroom units,2018,9,1239.0
Vancouver,One bedroom units,2018,9,1307.0
Vancouver,One bedroom units,2018,9,1309.0
Vancouver,One bedroom units,2018,10,1306.0
Vancouver,One bedroom units,2018,10,1239.0
Vancouver,One bedroom units,2018,10,1307.0
Vancouver,One bedroom units,2018,10,1309.0
Vancouver,One bedroom units,2018,11,1306.0
Vancouver,One bedroom units,2018,11,1239.0
Vancouver,One bedroom units,2018,11,1307.0
Vancouver,One bedroom units,2018,11,1309.0
Vancouver,One bedroom units,2018,12,1306.0
Vancouver,One bedroom units,2018,12,1239.0
Vancouver,One bedroom units,2018,12,1307.0
Vancouver,One bedroom units,2018,12,1309.0
Vancouver,One bedroom units,2019,1,1382.0
Vancouver,One bedroom units,2019,1,1346.0
Vancouver,One bedroom units,2019,1,1382.0
Vancouver,One bedroom units,2019,1,1385.0
Vancouver,One bedroom units,2019,2,1382.0
Vancouver,One bedroom units,2019,2,1346.0
Vancouver,One bedroom units,2019,2,1382.0
Vancouver,One bedroom units,2019,2,1385.0
Vancouver,One bedroom units,2019,3,1382.0
Vancouver,One bedroom units,2019,3,1346.0
Vancouver,One bedroom units,2019,3,1382.0
Vancouver,One bedroom units,2019,3,1385.0
Vancouver,One bedroom units,2019,4,1382.0
Vancouver,One bedroom units,2019,4,1346.0
Vancouver,One bedroom units,2019,4,1382.0
Vancouver,One bedroom units,2019,4,1385.0
Vancouver,One bedroom units,2019,5,1382.0
Vancouver,One bedroom units,2019,5,1346.0
Vancouver,One bedroom units,2019,5,1382.0
Vancouver,One bedroom units,2019,5,1385.0
Vancouver,One bedroom units,2019,6,1382.0
Vancouver,One bedroom units,2019,6,1346.0
Vancouver,One bedroom units,2019,6,1382.0
Vancouver,One bedroom units,2019,6,1385.0
Vancouver,One bedroom units,2019,7,1382.0
Vancouver,One bedroom units,2019,7,1346.0
Vancouver,One bedroom units,2019,7,1382.0
Vancouver,One bedroom units,2019,7,1385.0
Vancouver,One bedroom units,2019,8,1382.0
Vancouver,One bedroom units,2019,8,1346.0
Vancouver,One bedroom units,2019,8,1382.0
Vancouver,One bedroom units,2019,8,1385.0
Vancouver,One bedroom units,2019,9,1382.0
Vancouver,One bedroom units,2019,9,1346.0
Vancouver,One bedroom units,2019,9,1382.0
Vancouver,One bedroom units,2019,9,1385.0
Vancouver,One bedroom units,2019,10,1382.0
Vancouver,One bedroom units,2019,10,1346.0
Vancouver,One bedroom units,2019,10,1382.0
Vancouver,One bedroom units,2019,10,1385.0
Vancouver,One bedroom units,2019,11,1382.0
Vancouver,One bedroom units,2019,11,1346.0
Vancouver,One bedroom units,2019,11,1382.0
Vancouver,One bedroom units,2019,11,1385.0
Vancouver,One bedroom units,2019,12,1382.0
Vancouver,One bedroom units,2019,12,1346.0
Vancouver,One bedroom units,2019,12,1382.0
Vancouver,One bedroom units,2019,12,1385.0
Vancouver,One bedroom units,2020,1,1415.0
Vancouver,One bedroom units,2020,1,1356.0
Vancouver,One bedroom units,2020,1,1415.0
Vancouver,One bedroom units,2020,1,1418.0
Vancouver,One bedroom units,2020,2,1415.0
Vancouver,One bedroom units,2020,2,1356.0
Vancouver,One bedroom units,2020,2,1415.0
Vancouver,One bedroom units,2020,2,1418.0
Vancouver,One bedroom units,2020,3,1415.0
Vancouver,One bedroom units,2020,3,1356.0
Vancouver,One bedroom units,2020,3,1415.0
Vancouver,One bedroom units,2020,3,1418.0
Vancouver,One bedroom units,2020,4,1415.0
Vancouver,One bedroom units,2020,4,1356.0
Vancouver,One bedroom units,2020,4,1415.0
Vancouver,One bedroom units,2020,4,1418.0
Vancouver,One bedroom units,2020,5,1415.0
Vancouver,One bedroom units,2020,5,1356.0
Vancouver,One bedroom units,2020,5,1415.0
Vancouver,One bedroom units,2020,5,1418.0
Vancouver,One bedroom units,2020,6,1415.0
Vancouver,One bedroom units,2020,6,1356.0
Vancouver,One bedroom units,2020,6,1415.0
Vancouver,One bedroom units,2020,6,1418.0
Vancouver,One bedroom units,2020,7,1415.0
Vancouver,One bedroom units,2020,7,1356.0
Vancouver,One bedroom units,2020,7,1415.0
Vancouver,One bedroom units,2020,7,1418.0
Vancouver,One bedroom units,2020,8,1415.0
Vancouver,One bedroom units,2020,8,1356.0
Vancouver,One bedroom units,2020,8,1415.0
Vancouver,One bedroom units,2020,8,1418.0
Vancouver,One bedroom units,2020,9,1415.0
Vancouver,One bedroom units,2020,9,1356.0
Vancouver,One bedroom units,2020,9,1415.0
Vancouver,One bedroom units,2020,9,1418.0
Vancouver,One bedroom units,2020,10,1415.0
Vancouver,One bedroom units,2020,10,1356.0
Vancouver,One bedroom units,2020,10,1415.0
Vancouver,One bedroom units,2020,10,1418.0
Vancouver,One bedroom units,2020,11,1415.0
Vancouver,One bedroom units,2020,11,1356.0
Vancouver,One bedroom units,2020,11,1415.0
Vancouver,One bedroom units,2020,11,1418.0
Vancouver,One bedroom units,2020,12,1415.0
Vancouver,One bedroom units,2020,12,1356.0
Vancouver,One bedroom units,2020,12,1415.0
Vancouver,One bedroom units,2020,12,1418.0
Vancouver,One bedroom units,2021,1,1434.0
Vancouver,One bedroom units,2021,1,1376.0
Vancouver,One bedroom units,2021,1,1434.0
Vancouver,One bedroom units,2021,1,1437.0
Vancouver,One bedroom units,2021,2,1434.0
Vancouver,One bedroom units,2021,2,1376.0
Vancouver,One bedroom units,2021,2,1434.0
Vancouver,One bedroom units,2021,2,1437.0
Vancouver,One bedroom units,2021,3,1434.0
Vancouver,One bedroom units,2021,3,1376.0
Vancouver,One bedroom units,2021,3,1434.0
Vancouver,One bedroom units,2021,3,1437.0
Vancouver,One bedroom units,2021,4,1434.0
Vancouver,One bedroom units,2021,4,1376.0
Vancouver,One bedroom units,2021,4,1434.0
Vancouver,One bedroom units,2021,4,1437.0
Vancouver,One bedroom units,2021,5,1434.0
Vancouver,One bedroom units,2021,5,1376.0
Vancouver,One bedroom units,2021,5,1434.0
Vancouver,One bedroom units,2021,5,1437.0
Vancouver,One bedroom units,2021,6,1434.0
Vancouver,One bedroom units,2021,6,1376.0
Vancouver,One bedroom units,2021,6,1434.0
Vancouver,One bedroom units,2021,6,1437.0
Vancouver,One bedroom units,2021,7,1434.0
Vancouver,One bedroom units,2021,7,1376.0
Vancouver,One bedroom units,2021,7,1434.0
Vancouver,One bedroom units,2021,7,1437.0
Vancouver,One bedroom units,2021,8,1434.0
Vancouver,One bedroom units,2021,8,1376.0
Vancouver,One bedroom units,2021,8,1434.0
Vancouver,One bedroom units,2021,8,1437.0
Vancouver,One bedroom units,2021,9,1434.0
Vancouver,One bedroom units,2021,9,1376.0
Vancouver,One bedroom units,2021,9,1434.0
Vancouver,One bedroom units,2021,9,1437.0
Vancouver,One bedroom units,2021,10,1434.0
Vancouver,One bedroom units,2021,10,1376.0
Vancouver,One bedroom units,2021,10,1434.0
Vancouver,One bedroom units,2021,10,1437.0
Vancouver,One bedroom units,2021,11,1434.0
Vancouver,One bedroom units,2021,11,1376.0
Vancouver,One bedroom units,2021,11,1434.0
Vancouver,One bedroom units,2021,11,1437.0
Vancouver,One bedroom units,2021,12,1434.0
Vancouver,One bedroom units,2021,12,1376.0
Vancouver,One bedroom units,2021,12,1434.0
Vancouver,One bedroom units,2021,12,1437.0
Vancouver,One bedroom units,2022,1,1543.0
Vancouver,One bedroom units,2022,1,1658.0
Vancouver,One bedroom units,2022,1,1543.0
Vancouver,One bedroom units,2022,1,1546.0
Vancouver,One bedroom units,2022,2,1543.0
Vancouver,One bedroom units,2022,2,1658.0
Vancouver,One bedroom units,2022,2,1543.0
Vancouver,One bedroom units,2022,2,1546.0
Vancouver,One bedroom units,2022,3,1543.0
Vancouver,One bedroom units,2022,3,1658.0
Vancouver,One bedroom units,2022,3,1543.0
Vancouver,One bedroom units,2022,3,1546.0
Vancouver,One bedroom units,2022,4,1543.0
Vancouver,One bedroom units,2022,4,1658.0
Vancouver,One bedroom units,2022,4,1543.0
Vancouver,One bedroom units,2022,4,1546.0
Vancouver,One bedroom units,2022,5,1543.0
Vancouver,One bedroom units,2022,5,1658.0
Vancouver,One bedroom units,2022,5,1543.0
Vancouver,One bedroom units,2022,5,1546.0
Vancouver,One bedroom units,2022,6,1543.0
Vancouver,One bedroom units,2022,6,1658.0
Vancouver,One bedroom units,2022,6,1543.0
Vancouver,One bedroom units,2022,6,1546.0
Vancouver,One bedroom units,2022,7,1543.0
Vancouver,One bedroom units,2022,7,1658.0
Vancouver,One bedroom units,2022,7,1543.0
Vancouver,One bedroom units,2022,7,1546.0
Vancouver,One bedroom units,2022,8,1543.0
Vancouver,One bedroom units,2022,8,1658.0
Vancouver,One bedroom units,2022,8,1543.0
Vancouver,One bedroom units,2022,8,1546.0
Vancouver,One bedroom units,2022,9,1543.0
Vancouver,One bedroom units,2022,9,1658.0
Vancouver,One bedroom units,2022,9,1543.0
Vancouver,One bedroom units,2022,9,1546.0
Vancouver,One bedroom units,2022,10,1543.0
Vancouver,One bedroom units,2022,10,1658.0
Vancouver,One bedroom units,2022,10,1543.0
Vancouver,One bedroom units,2022,10,1546.0
Vancouver,One bedroom units,2022,11,1543.0
Vancouver,One bedroom units,2022,11,1658.0
Vancouver,One bedroom units,2022,11,1543.0
Vancouver,One bedroom units,2022,11,1546.0
Vancouver,One bedroom units,2022,12,1543.0
Vancouver,One bedroom units,2022,12,1658.0
Vancouver,One bedroom units,2022,12,1543.0
Vancouver,One bedroom units,2022,12,1546.0
Vancouver,One bedroom units,2023,1,1697.0
Vancouver,One bedroom units,2023,1,2102.0
Vancouver,One bedroom units,2023,1,1696.0
Vancouver,One bedroom units,2023,1,1700.0
Vancouver,One bedroom units,2023,2,1697.0
Vancouver,One bedroom units,2023,2,2102.0
Vancouver,One bedroom units,2023,2,1696.0
Vancouver,One bedroom units,2023,2,1700.0
Vancouver,One bedroom units,2023,3,1697.0
Vancouver,One bedroom units,2023,3,2102.0
Vancouver,One bedroom units,2023,3,1696.0
Vancouver,One bedroom units,2023,3,1700.0
Vancouver,One bedroom units,2023,4,1697.0
Vancouver,One bedroom units,2023,4,2102.0
Vancouver,One bedroom units,2023,4,1696.0
Vancouver,One bedroom units,2023,4,1700.0
Vancouver,One bedroom units,2023,5,1697.0
Vancouver,One bedroom units,2023,5,2102.0
Vancouver,One bedroom units,2023,5,1696.0
Vancouver,One bedroom units,2023,5,1700.0
Vancouver,One bedroom units,2023,6,1697.0
Vancouver,One bedroom units,2023,6,2102.0
Vancouver,One bedroom units,2023,6,1696.0
Vancouver,One bedroom units,2023,6,1700.0
Vancouver,One bedroom units,2023,7,1697.0
Vancouver,One bedroom units,2023,7,2102.0
Vancouver,One bedroom units,2023,7,1696.0
Vancouver,One bedroom units,2023,7,1700.0
Vancouver,One bedroom units,2023,8,1697.0
Vancouver,One bedroom units,2023,8,2102.0
Vancouver,One bedroom units,2023,8,1696.0
Vancouver,One bedroom units,2023,8,1700.0
Vancouver,One bedroom units,2023,9,1697.0
Vancouver,One bedroom units,2023,9,2102.0
Vancouver,One bedroom units,2023,9,1696.0
Vancouver,One bedroom units,2023,9,1700.0
Vancouver,One bedroom units,2023,10,1697.0
Vancouver,One bedroom units,2023,10,2102.0
Vancouver,One bedroom units,2023,10,1696.0
Vancouver,One bedroom units,2023,10,1700.0
Vancouver,One bedroom units,2023,11,1697.0
Vancouver,One bedroom units,2023,11,2102.0
Vancouver,One bedroom units,2023,11,1696.0
Vancouver,One bedroom units,2023,11,1700.0
Vancouver,One bedroom units,2023,12,1697.0
Vancouver,One bedroom units,2023,12,2102.0
Vancouver,One bedroom units,2023,12,1696.0
Vancouver,One bedroom units,2023,12,1700.0
Vancouver,One bedroom units,2024,1,1769.0
Vancouver,One bedroom units,2024,1,1434.0
Vancouver,One bedroom units,2024,1,1769.0
Vancouver,One bedroom units,2024,1,1771.0
Vancouver,One bedroom units,2024,2,1769.0
Vancouver,One bedroom units,2024,2,1434.0
Vancouver,One bedroom units,2024,2,1769.0
Vancouver,One bedroom units,2024,2,1771.0
Vancouver,One bedroom units,2024,3,1769.0
Vancouver,One bedroom units,2024,3,1434.0
Vancouver,One bedroom units,2024,3,1769.0
Vancouver,One bedroom units,2024,3,1771.0
Vancouver,One bedroom units,2024,4,1769.0
Vancouver,One bedroom units,2024,4,1434.0
Vancouver,One bedroom units,2024,4,1769.0
Vancouver,One bedroom units,2024,4,1771.0
Vancouver,One bedroom units,2024,5,1769.0
Vancouver,One bedroom units,2024,5,1434.0
Vancouver,One bedroom units,2024,5,1769.0
Vancouver,One bedroom units,2024,5,1771.0
Vancouver,One bedroom units,2024,6,1769.0
Vancouver,One bedroom units,2024,6,1434.0
Vancouver,One bedroom units,2024,6,1769.0
Vancouver,One bedroom units,2024,6,1771.0
Vancouver,One bedroom units,2024,7,1769.0
Vancouver,One bedroom units,2024,7,1434.0
Vancouver,One bedroom units,2024,7,1769.0
Vancouver,One bedroom units,2024,7,1771.0
Vancouver,One bedroom units,2024,8,1769.0
Vancouver,One bedroom units,2024,8,1434.0
Vancouver,One bedroom units,2024,8,1769.0
Vancouver,One bedroom units,2024,8,1771.0
Vancouver,One bedroom units,2024,9,1769.0
Vancouver,One bedroom units,2024,9,1434.0
Vancouver,One bedroom units,2024,9,1769.0
Vancouver,One bedroom units,2024,9,1771.0
Vancouver,One bedroom units,2024,10,1769.0
Vancouver,One bedroom units,2024,10,1434.0
Vancouver,One bedroom units,2024,10,1769.0
Vancouver,One bedroom units,2024,10,1771.0
Vancouver,One bedroom units,2024,11,1769.0
Vancouver,One bedroom units,2024,11,1434.0
Vancouver,One bedroom units,2024,11,1769.0
Vancouver,One bedroom units,2024,11,1771.0
Vancouver,One bedroom units,2024,12,1769.0
Vancouver,One bedroom units,2024,12,1434.0
Vancouver,One bedroom units,2024,12,1769.0
Vancouver,One bedroom units,2024,12,1771.0
Vancouver,Two bedroom units,2018,1,1652.0
Vancouver,Two bedroom units,2018,1,1756.0
Vancouver,Two bedroom units,2018,1,1649.0
Vancouver,Two bedroom units,2018,1,1651.0
Vancouver,Two bedroom units,2018,2,1652.0
Vancouver,Two bedroom units,2018,2,1756.0
Vancouver,Two bedroom units,2018,2,1649.0
Vancouver,Two bedroom units,2018,2,1651.0
Vancouver,Two bedroom units,2018,3,1652.0
Vancouver,Two bedroom units,2018,3,1756.0
Vancouver,Two bedroom units,2018,3,1649.0
Vancouver,Two bedroom units,2018,3,1651.0
Vancouver,Two bedroom units,2018,4,1652.0
Vancouver,Two bedroom units,2018,4,1756.0
Vancouver,Two bedroom units,2018,4,1649.0
Vancouver,Two bedroom units,2018,4,1651.0
Vancouver,Two bedroom units,2018,5,1652.0
Vancouver,Two bedroom units,2018,5,1756.0
Vancouver,Two bedroom units,2018,5,1649.0
Vancouver,Two bedroom units,2018,5,1651.0
Vancouver,Two bedroom units,2018,6,1652.0
Vancouver,Two bedroom units,2018,6,1756.0
Vancouver,Two bedroom units,2018,6,1649.0
Vancouver,Two bedroom units,2018,6,1651.0
Vancouver,Two bedroom units,2018,7,1652.0
Vancouver,Two bedroom units,2018,7,1756.0
Vancouver,Two bedroom units,2018,7,1649.0
Vancouver,Two bedroom units,2018,7,1651.0
Vancouver,Two bedroom units,2018,8,1652.0
Vancouver,Two bedroom units,2018,8,1756.0
Vancouver,Two bedroom units,2018,8,1649.0
Vancouver,Two bedroom units,2018,8,1651.0
Vancouver,Two bedroom units,2018,9,1652.0
Vancouver,Two bedroom units,2018,9,1756.0
Vancouver,Two bedroom units,2018,9,1649.0
Vancouver,Two bedroom units,2018,9,1651.0
Vancouver,Two bedroom units,2018,10,1652.0
Vancouver,Two bedroom units,2018,10,1756.0
Vancouver,Two bedroom units,2018,10,1649.0
Vancouver,Two bedroom units,2018,10,1651.0
Vancouver,Two bedroom units,2018,11,1652.0
Vancouver,Two bedroom units,2018,11,1756.0
Vancouver,Two bedroom units,2018,11,1649.0
Vancouver,Two bedroom units,2018,11,1651.0
Vancouver,Two bedroom units,2018,12,1652.0
Vancouver,Two bedroom units,2018,12,1756.0
Vancouver,Two bedroom units,2018,12,1649.0
Vancouver,Two bedroom units,2018,12,1651.0
Vancouver,Two bedroom units,2019,1,1752.0
Vancouver,Two bedroom units,2019,1,1881.0
Vancouver,Two bedroom units,2019,1,1748.0
Vancouver,Two bedroom units,2019,1,1750.0
Vancouver,Two bedroom units,2019,2,1752.0
Vancouver,Two bedroom units,2019,2,1881.0
Vancouver,Two bedroom units,2019,2,1748.0
Vancouver,Two bedroom units,2019,2,1750.0
Vancouver,Two bedroom units,2019,3,1752.0
Vancouver,Two bedroom units,2019,3,1881.0
Vancouver,Two bedroom units,2019,3,1748.0
Vancouver,Two bedroom units,2019,3,1750.0
Vancouver,Two bedroom units,2019,4,1752.0
Vancouver,Two bedroom units,2019,4,1881.0
Vancouver,Two bedroom units,2019,4,1748.0
Vancouver,Two bedroom units,2019,4,1750.0
Vancouver,Two bedroom units,2019,5,1752.0
Vancouver,Two bedroom units,2019,5,1881.0
Vancouver,Two bedroom units,2019,5,1748.0
Vancouver,Two bedroom units,2019,5,1750.0
Vancouver,Two bedroom units,2019,6,1752.0
Vancouver,Two bedroom units,2019,6,1881.0
Vancouver,Two bedroom units,2019,6,1748.0
Vancouver,Two bedroom units,2019,6,1750.0
Vancouver,Two bedroom units,2019,7,1752.0
Vancouver,Two bedroom units,2019,7,1881.0
Vancouver,Two bedroom units,2019,7,1748.0
Vancouver,Two bedroom units,2019,7,1750.0
Vancouver,Two bedroom units,2019,8,1752.0
Vancouver,Two bedroom units,2019,8,1881.0
Vancouver,Two bedroom units,2019,8,1748.0
Vancouver,Two bedroom units,2019,8,1750.0
Vancouver,Two bedroom units,2019,9,1752.0
Vancouver,Two bedroom units,2019,9,1881.0
Vancouver,Two bedroom units,2019,9,1748.0
Vancouver,Two bedroom units,2019,9,1750.0
Vancouver,Two bedroom units,2019,10,1752.0
Vancouver,Two bedroom units,2019,10,1881.0
Vancouver,Two bedroom units,2019,10,1748.0
Vancouver,Two bedroom units,2019,10,1750.0
Vancouver,Two bedroom units,2019,11,1752.0
Vancouver,Two bedroom units,2019,11,1881.0
Vancouver,Two bedroom units,2019,11,1748.0
Vancouver,Two bedroom units,2019,11,1750.0
Vancouver,Two bedroom units,2019,12,1752.0
Vancouver,Two bedroom units,2019,12,1881.0
Vancouver,Two bedroom units,2019,12,1748.0
Vancouver,Two bedroom units,2019,12,1750.0
Vancouver,Two bedroom units,2020,1,1799.0
Vancouver,Two bedroom units,2020,1,2106.0
Vancouver,Two bedroom units,2020,1,1792.0
Vancouver,Two bedroom units,2020,1,1793.0
Vancouver,Two bedroom units,2020,2,1799.0
Vancouver,Two bedroom units,2020,2,2106.0
Vancouver,Two bedroom units,2020,2,1792.0
Vancouver,Two bedroom units,2020,2,1793.0
Vancouver,Two bedroom units,2020,3,1799.0
Vancouver,Two bedroom units,2020,3,2106.0
Vancouver,Two bedroom units,2020,3,1792.0
Vancouver,Two bedroom units,2020,3,1793.0
Vancouver,Two bedroom units,2020,4,1799.0
Vancouver,Two bedroom units,2020,4,2106.0
Vancouver,Two bedroom units,2020,4,1792.0
Vancouver,Two bedroom units,2020,4,1793.0
Vancouver,Two bedroom units,2020,5,1799.0
Vancouver,Two bedroom units,2020,5,2106.0
Vancouver,Two bedroom units,2020,5,1792.0
Vancouver,Two bedroom units,2020,5,1793.0
Vancouver,Two bedroom units,2020,6,1799.0
Vancouver,Two bedroom units,2020,6,2106.0
Vancouver,Two bedroom units,2020,6,1792.0
Vancouver,Two bedroom units,2020,6,1793.0
Vancouver,Two bedroom units,2020,7,1799.0
Vancouver,Two bedroom units,2020,7,2106.0
Vancouver,Two bedroom units,2020,7,1792.0
Vancouver,Two bedroom units,2020,7,1793.0
Vancouver,Two bedroom units,2020,8,1799.0
Vancouver,Two bedroom units,2020,8,2106.0
Vancouver,Two bedroom units,2020,8,1792.0
Vancouver,Two bedroom units,2020,8,1793.0
Vancouver,Two bedroom units,2020,9,1799.0
Vancouver,Two bedroom units,2020,9,2106.0
Vancouver,Two bedroom units,2020,9,1792.0
Vancouver,Two bedroom units,2020,9,1793.0
Vancouver,Two bedroom units,2020,10,1799.0
Vancouver,Two bedroom units,2020,10,2106.0
Vancouver,Two bedroom units,2020,10,1792.0
Vancouver,Two bedroom units,2020,10,1793.0
Vancouver,Two bedroom units,2020,11,1799.0
Vancouver,Two bedroom units,2020,11,2106.0
Vancouver,Two bedroom units,2020,11,1792.0
Vancouver,Two bedroom units,2020,11,1793.0
Vancouver,Two bedroom units,2020,12,1799.0
Vancouver,Two bedroom units,2020,12,2106.0
Vancouver,Two bedroom units,2020,12,1792.0
Vancouver,Two bedroom units,2020,12,1793.0
Vancouver,Two bedroom units,2021,1,1830.0
Vancouver,Two bedroom units,2021,1,2048.0
Vancouver,Two bedroom units,2021,1,1824.0
Vancouver,Two bedroom units,2021,1,1828.0
Vancouver,Two bedroom units,2021,2,1830.0
Vancouver,Two bedroom units,2021,2,2048.0
Vancouver,Two bedroom units,2021,2,1824.0
Vancouver,Two bedroom units,2021,2,1828.0
Vancouver,Two bedroom units,2021,3,1830.0
Vancouver,Two bedroom units,2021,3,2048.0
Vancouver,Two bedroom units,2021,3,1824.0
Vancouver,Two bedroom units,2021,3,1828.0
Vancouver,Two bedroom units,2021,4,1830.0
Vancouver,Two bedroom units,2021,4,2048.0
Vancouver,Two bedroom units,2021,4,1824.0
Vancouver,Two bedroom units,2021,4,1828.0
Vancouver,Two bedroom units,2021,5,1830.0
Vancouver,Two bedroom units,2021,5,2048.0
Vancouver,Two bedroom units,2021,5,1824.0
Vancouver,Two bedroom units,2021,5,1828.0
Vancouver,Two bedroom units,2021,6,1830.0
Vancouver,Two bedroom units,2021,6,2048.0
Vancouver,Two bedroom units,2021,6,1824.0
Vancouver,Two bedroom units,2021,6,1828.0
Vancouver,Two bedroom units,2021,7,1830.0
Vancouver,Two bedroom units,2021,7,2048.0
Vancouver,Two bedroom units,2021,7,1824.0
Vancouver,Two bedroom units,2021,7,1828.0
Vancouver,Two bedroom units,2021,8,1830.0
Vancouver,Two bedroom units,2021,8,2048.0
Vancouver,Two bedroom units,2021,8,1824.0
Vancouver,Two bedroom units,2021,8,1828.0
Vancouver,Two bedroom units,2021,9,1830.0
Vancouver,Two bedroom units,2021,9,2048.0
Vancouver,Two bedroom units,2021,9,1824.0
Vancouver,Two bedroom units,2021,9,1828.0
Vancouver,Two bedroom units,2021,10,1830.0
Vancouver,Two bedroom units,2021,10,2048.0
Vancouver,Two bedroom units,2021,10,1824.0
Vancouver,Two bedroom units,2021,10,1828.0
Vancouver,Two bedroom units,2021,11,1830.0
Vancouver,Two bedroom units,2021,11,2048.0
Vancouver,Two bedroom units,2021,11,1824.0
Vancouver,Two bedroom units,2021,11,1828.0
Vancouver,Two bedroom units,2021,12,1830.0
Vancouver,Two bedroom units,2021,12,2048.0
Vancouver,Two bedroom units,2021,12,1824.0
Vancouver,Two bedroom units,2021,12,1828.0
Vancouver,Two bedroom units,2022,1,2009.0
Vancouver,Two bedroom units,2022,1,2392.0
Vancouver,Two bedroom units,2022,1,2002.0
Vancouver,Two bedroom units,2022,1,2005.0
Vancouver,Two bedroom units,2022,2,2009.0
Vancouver,Two bedroom units,2022,2,2392.0
Vancouver,Two bedroom units,2022,2,2002.0
Vancouver,Two bedroom units,2022,2,2005.0
Vancouver,Two bedroom units,2022,3,2009.0
Vancouver,Two bedroom units,2022,3,2392.0
Vancouver,Two bedroom units,2022,3,2002.0
Vancouver,Two bedroom units,2022,3,2005.0
Vancouver,Two bedroom units,2022,4,2009.0
Vancouver,Two bedroom units,2022,4,2392.0
Vancouver,Two bedroom units,2022,4,2002.0
Vancouver,Two bedroom units,2022,4,2005.0
Vancouver,Two bedroom units,2022,5,2009.0
Vancouver,Two bedroom units,2022,5,2392.0
Vancouver,Two bedroom units,2022,5,2002.0
Vancouver,Two bedroom units,2022,5,2005.0
Vancouver,Two bedroom units,2022,6,2009.0
Vancouver,Two bedroom units,2022,6,2392.0
Vancouver,Two bedroom units,2022,6,2002.0
Vancouver,Two bedroom units,2022,6,2005.0
Vancouver,Two bedroom units,2022,7,2009.0
Vancouver,Two bedroom units,2022,7,2392.0
Vancouver,Two bedroom units,2022,7,2002.0
Vancouver,Two bedroom units,2022,7,2005.0
Vancouver,Two bedroom units,2022,8,2009.0
Vancouver,Two bedroom units,2022,8,2392.0
Vancouver,Two bedroom units,2022,8,2002.0
Vancouver,Two bedroom units,2022,8,2005.0
Vancouver,Two bedroom units,2022,9,2009.0
Vancouver,Two bedroom units,2022,9,2392.0
Vancouver,Two bedroom units,2022,9,2002.0
Vancouver,Two bedroom units,2022,9,2005.0
Vancouver,Two bedroom units,2022,10,2009.0
Vancouver,Two bedroom units,2022,10,2392.0
Vancouver,Two bedroom units,2022,10,2002.0
Vancouver,Two bedroom units,2022,10,2005.0
Vancouver,Two bedroom units,2022,11,2009.0
Vancouver,Two bedroom units,2022,11,2392.0
Vancouver,Two bedroom units,2022,11,2002.0
Vancouver,Two bedroom units,2022,11,2005.0
Vancouver,Two bedroom units,2022,12,2009.0
Vancouver,Two bedroom units,2022,12,2392.0
Vancouver,Two bedroom units,2022,12,2002.0
Vancouver,Two bedroom units,2022,12,2005.0
Vancouver,Two bedroom units,2023,1,2187.0
Vancouver,Two bedroom units,2023,1,2478.0
Vancouver,Two bedroom units,2023,1,2181.0
Vancouver,Two bedroom units,2023,1,2186.0
Vancouver,Two bedroom units,2023,2,2187.0
Vancouver,Two bedroom units,2023,2,2478.0
Vancouver,Two bedroom units,2023,2,2181.0
Vancouver,Two bedroom units,2023,2,2186.0
Vancouver,Two bedroom units,2023,3,2187.0
Vancouver,Two bedroom units,2023,3,2478.0
Vancouver,Two bedroom units,2023,3,2181.0
Vancouver,Two bedroom units,2023,3,2186.0
Vancouver,Two bedroom units,2023,4,2187.0
Vancouver,Two bedroom units,2023,4,2478.0
Vancouver,Two bedroom units,2023,4,2181.0
Vancouver,Two bedroom units,2023,4,2186.0
Vancouver,Two bedroom units,2023,5,2187.0
Vancouver,Two bedroom units,2023,5,2478.0
Vancouver,Two bedroom units,2023,5,2181.0
Vancouver,Two bedroom units,2023,5,2186.0
Vancouver,Two bedroom units,2023,6,2187.0
Vancouver,Two bedroom units,2023,6,2478.0
Vancouver,Two bedroom units,2023,6,2181.0
Vancouver,Two bedroom units,2023,6,2186.0
Vancouver,Two bedroom units,2023,7,2187.0
Vancouver,Two bedroom units,2023,7,2478.0
Vancouver,Two bedroom units,2023,7,2181.0
Vancouver,Two bedroom units,2023,7,2186.0
Vancouver,Two bedroom units,2023,8,2187.0
Vancouver,Two bedroom units,2023,8,2478.0
Vancouver,Two bedroom units,2023,8,2181.0
Vancouver,Two bedroom units,2023,8,2186.0
Vancouver,Two bedroom units,2023,9,2187.0
Vancouver,Two bedroom units,2023,9,2478.0
Vancouver,Two bedroom units,2023,9,2181.0
Vancouver,Two bedroom units,2023,9,2186.0
Vancouver,Two bedroom units,2023,10,2187.0
Vancouver,Two bedroom units,2023,10,2478.0
Vancouver,Two bedroom units,2023,10,2181.0
Vancouver,Two bedroom units,2023,10,2186.0
Vancouver,Two bedroom units,2023,11,2187.0
Vancouver,Two bedroom units,2023,11,2478.0
Vancouver,Two bedroom units,2023,11,2181.0
Vancouver,Two bedroom units,2023,11,2186.0
Vancouver,Two bedroom units,2023,12,2187.0
Vancouver,Two bedroom units,2023,12,2478.0
Vancouver,Two bedroom units,2023,12,2181.0
Vancouver,Two bedroom units,2023,12,2186.0
Vancouver,Two bedroom units,2024,1,2313.0
Vancouver,Two bedroom units,2024,1,2269.0
Vancouver,Two bedroom units,2024,1,2314.0
Vancouver,Two bedroom units,2024,1,2315.0
Vancouver,Two bedroom units,2024,2,2313.0
Vancouver,Two bedroom units,2024,2,2269.0
Vancouver,Two bedroom units,2024,2,2314.0
Vancouver,Two bedroom units,2024,2,2315.0
Vancouver,Two bedroom units,2024,3,2313.0
Vancouver,Two bedroom units,2024,3,2269.0
Vancouver,Two bedroom units,2024,3,2314.0
Vancouver,Two bedroom units,2024,3,2315.0
Vancouver,Two bedroom units,2024,4,2313.0
Vancouver,Two bedroom units,2024,4,2269.0
Vancouver,Two bedroom units,2024,4,2314.0
Vancouver,Two bedroom units,2024,4,2315.0
Vancouver,Two bedroom units,2024,5,2313.0
Vancouver,Two bedroom units,2024,5,2269.0
Vancouver,Two bedroom units,2024,5,2314.0
Vancouver,Two bedroom units,2024,5,2315.0
Vancouver,Two bedroom units,2024,6,2313.0
Vancouver,Two bedroom units,2024,6,2269.0
Vancouver,Two bedroom units,2024,6,2314.0
Vancouver,Two bedroom units,2024,6,2315.0
Vancouver,Two bedroom units,2024,7,2313.0
Vancouver,Two bedroom units,2024,7,2269.0
Vancouver,Two bedroom units,2024,7,2314.0
Vancouver,Two bedroom units,2024,7,2315.0
Vancouver,Two bedroom units,2024,8,2313.0
Vancouver,Two bedroom units,2024,8,2269.0
Vancouver,Two bedroom units,2024,8,2314.0
Vancouver,Two bedroom units,2024,8,2315.0
Vancouver,Two bedroom units,2024,9,2313.0
Vancouver,Two bedroom units,2024,9,2269.0
Vancouver,Two bedroom units,2024,9,2314.0
Vancouver,Two bedroom units,2024,9,2315.0
Vancouver,Two bedroom units,2024,10,2313.0
Vancouver,Two bedroom units,2024,10,2269.0
Vancouver,Two bedroom units,2024,10,2314.0
Vancouver,Two bedroom units,2024,10,2315.0
Vancouver,Two bedroom units,2024,11,2313.0
Vancouver,Two bedroom units,2024,11,2269.0
Vancouver,Two bedroom units,2024,11,2314.0
Vancouver,Two bedroom units,2024,11,2315.0
Vancouver,Two bedroom units,2024,12,2313.0
Vancouver,Two bedroom units,2024,12,2269.0
Vancouver,Two bedroom units,2024,12,2314.0
Vancouver,Two bedroom units,2024,12,2315.0
Vancouver,Three bedroom units,2018,1,1845.0
Vancouver,Three bedroom units,2018,1,1755.0
Vancouver,Three bedroom units,2018,1,1921.0
Vancouver,Three bedroom units,2018,1,1934.0
Vancouver,Three bedroom units,2018,2,1845.0
Vancouver,Three bedroom units,2018,2,1755.0
Vancouver,Three bedroom units,2018,2,1921.0
Vancouver,Three bedroom units,2018,2,1934.0
Vancouver,Three bedroom units,2018,3,1845.0
Vancouver,Three bedroom units,2018,3,1755.0
Vancouver,Three bedroom units,2018,3,1921.0
Vancouver,Three bedroom units,2018,3,1934.0
Vancouver,Three bedroom units,2018,4,1845.0
Vancouver,Three bedroom units,2018,4,1755.0
Vancouver,Three bedroom units,2018,4,1921.0
Vancouver,Three bedroom units,2018,4,1934.0
Vancouver,Three bedroom units,2018,5,1845.0
Vancouver,Three bedroom units,2018,5,1755.0
Vancouver,Three bedroom units,2018,5,1921.0
Vancouver,Three bedroom units,2018,5,1934.0
Vancouver,Three bedroom units,2018,6,1845.0
Vancouver,Three bedroom units,2018,6,1755.0
Vancouver,Three bedroom units,2018,6,1921.0
Vancouver,Three bedroom units,2018,6,1934.0
Vancouver,Three bedroom units,2018,7,1845.0
Vancouver,Three bedroom units,2018,7,1755.0
Vancouver,Three bedroom units,2018,7,1921.0
Vancouver,Three bedroom units,2018,7,1934.0
Vancouver,Three bedroom units,2018,8,1845.0
Vancouver,Three bedroom units,2018,8,1755.0
Vancouver,Three bedroom units,2018,8,1921.0
Vancouver,Three bedroom units,2018,8,1934.0
Vancouver,Three bedroom units,2018,9,1845.0
Vancouver,Three bedroom units,2018,9,1755.0
Vancouver,Three bedroom units,2018,9,1921.0
Vancouver,Three bedroom units,2018,9,1934.0
Vancouver,Three bedroom units,2018,10,1845.0
Vancouver,Three bedroom units,2018,10,1755.0
Vancouver,Three bedroom units,2018,10,1921.0
Vancouver,Three bedroom units,2018,10,1934.0
Vancouver,Three bedroom units,2018,11,1845.0
Vancouver,Three bedroom units,2018,11,1755.0
Vancouver,Three bedroom units,2018,11,1921.0
Vancouver,Three bedroom units,2018,11,1934.0
Vancouver,Three bedroom units,2018,12,1845.0
Vancouver,Three bedroom units,2018,12,1755.0
Vancouver,Three bedroom units,2018,12,1921.0
Vancouver,Three bedroom units,2018,12,1934.0
Vancouver,Three bedroom units,2019,1,1990.0
Vancouver,Three bedroom units,2019,1,1907.0
Vancouver,Three bedroom units,2019,1,2063.0
Vancouver,Three bedroom units,2019,1,2076.0
Vancouver,Three bedroom units,2019,2,1990.0
Vancouver,Three bedroom units,2019,2,1907.0
Vancouver,Three bedroom units,2019,2,2063.0
Vancouver,Three bedroom units,2019,2,2076.0
Vancouver,Three bedroom units,2019,3,1990.0
Vancouver,Three bedroom units,2019,3,1907.0
Vancouver,Three bedroom units,2019,3,2063.0
Vancouver,Three bedroom units,2019,3,2076.0
Vancouver,Three bedroom units,2019,4,1990.0
Vancouver,Three bedroom units,2019,4,1907.0
Vancouver,Three bedroom units,2019,4,2063.0
Vancouver,Three bedroom units,2019,4,2076.0
Vancouver,Three bedroom units,2019,5,1990.0
Vancouver,Three bedroom units,2019,5,1907.0
Vancouver,Three bedroom units,2019,5,2063.0
Vancouver,Three bedroom units,2019,5,2076.0
Vancouver,Three bedroom units,2019,6,1990.0
Vancouver,Three bedroom units,2019,6,1907.0
Vancouver,Three bedroom units,2019,6,2063.0
Vancouver,Three bedroom units,2019,6,2076.0
Vancouver,Three bedroom units,2019,7,1990.0
Vancouver,Three bedroom units,2019,7,1907.0
Vancouver,Three bedroom units,2019,7,2063.0
Vancouver,Three bedroom units,2019,7,2076.0
Vancouver,Three bedroom units,2019,8,1990.0
Vancouver,Three bedroom units,2019,8,1907.0
Vancouver,Three bedroom units,2019,8,2063.0
Vancouver,Three bedroom units,2019,8,2076.0
Vancouver,Three bedroom units,2019,9,1990.0
Vancouver,Three bedroom units,2019,9,1907.0
Vancouver,Three bedroom units,2019,9,2063.0
Vancouver,Three bedroom units,2019,9,2076.0
Vancouver,Three bedroom units,2019,10,1990.0
Vancouver,Three bedroom units,2019,10,1907.0
Vancouver,Three bedroom units,2019,10,2063.0
Vancouver,Three bedroom units,2019,10,2076.0
Vancouver,Three bedroom units,2019,11,1990.0
Vancouver,Three bedroom units,2019,11,1907.0
Vancouver,Three bedroom units,2019,11,2063.0
Vancouver,Three bedroom units,2019,11,2076.0
Vancouver,Three bedroom units,2019,12,1990.0
Vancouver,Three bedroom units,2019,12,1907.0
Vancouver,Three bedroom units,2019,12,2063.0
Vancouver,Three bedroom units,2019,12,2076.0
Vancouver,Three bedroom units,2020,1,2078.0
Vancouver,Three bedroom units,2020,1,1940.0
Vancouver,Three bedroom units,2020,1,2206.0
Vancouver,Three bedroom units,2020,1,2222.0
Vancouver,Three bedroom units,2020,2,2078.0
Vancouver,Three bedroom units,2020,2,1940.0
Vancouver,Three bedroom units,2020,2,2206.0
Vancouver,Three bedroom units,2020,2,2222.0
Vancouver,Three bedroom units,2020,3,2078.0
Vancouver,Three bedroom units,2020,3,1940.0
Vancouver,Three bedroom units,2020,3,2206.0
Vancouver,Three bedroom units,2020,3,2222.0
Vancouver,Three bedroom units,2020,4,2078.0
Vancouver,Three bedroom units,2020,4,1940.0
Vancouver,Three bedroom units,2020,4,2206.0
Vancouver,Three bedroom units,2020,4,2222.0
Vancouver,Three bedroom units,2020,5,2078.0
Vancouver,Three bedroom units,2020,5,1940.0
Vancouver,Three bedroom units,2020,5,2206.0
Vancouver,Three bedroom units,2020,5,2222.0
Vancouver,Three bedroom units,2020,6,2078.0
Vancouver,Three bedroom units,2020,6,1940.0
Vancouver,Three bedroom units,2020,6,2206.0
Vancouver,Three bedroom units,2020,6,2222.0
Vancouver,Three bedroom units,2020,7,2078.0
Vancouver,Three bedroom units,2020,7,1940.0
Vancouver,Three bedroom units,2020,7,2206.0
Vancouver,Three bedroom units,2020,7,2222.0
Vancouver,Three bedroom units,2020,8,2078.0
Vancouver,Three bedroom units,2020,8,1940.0
Vancouver,Three bedroom units,2020,8,2206.0
Vancouver,Three bedroom units,2020,8,2222.0
Vancouver,Three bedroom units,2020,9,2078.0
Vancouver,Three bedroom units,2020,9,1940.0
Vancouver,Three bedroom units,2020,9,2206.0
Vancouver,Three bedroom units,2020,9,2222.0
Vancouver,Three bedroom units,2020,10,2078.0
Vancouver,Three bedroom units,2020,10,1940.0
Vancouver,Three bedroom units,2020,10,2206.0
Vancouver,Three bedroom units,2020,10,2222.0
Vancouver,Three bedroom units,2020,11,2078.0
Vancouver,Three bedroom units,2020,11,1940.0
Vancouver,Three bedroom units,2020,11,2206.0
Vancouver,Three bedroom units,2020,11,2222.0
Vancouver,Three bedroom units,2020,12,2078.0
Vancouver,Three bedroom units,2020,12,1940.0
Vancouver,Three bedroom units,2020,12,2206.0
Vancouver,Three bedroom units,2020,12,2222.0
Vancouver,Three bedroom units,2021,1,2211.0
Vancouver,Three bedroom units,2021,1,2020.0
Vancouver,Three bedroom units,2021,1,2326.0
Vancouver,Three bedroom units,2021,1,2323.0
Vancouver,Three bedroom units,2021,2,2211.0
Vancouver,Three bedroom units,2021,2,2020.0
Vancouver,Three bedroom units,2021,2,2326.0
Vancouver,Three bedroom units,2021,2,2323.0
Vancouver,Three bedroom units,2021,3,2211.0
Vancouver,Three bedroom units,2021,3,2020.0
Vancouver,Three bedroom units,2021,3,2326.0
Vancouver,Three bedroom units,2021,3,2323.0
Vancouver,Three bedroom units,2021,4,2211.0
Vancouver,Three bedroom units,2021,4,2020.0
Vancouver,Three bedroom units,2021,4,2326.0
Vancouver,Three bedroom units,2021,4,2323.0
Vancouver,Three bedroom units,2021,5,2211.0
Vancouver,Three bedroom units,2021,5,2020.0
Vancouver,Three bedroom units,2021,5,2326.0
Vancouver,Three bedroom units,2021,5,2323.0
Vancouver,Three bedroom units,2021,6,2211.0
Vancouver,Three bedroom units,2021,6,2020.0
Vancouver,Three bedroom units,2021,6,2326.0
Vancouver,Three bedroom units,2021,6,2323.0
Vancouver,Three bedroom units,2021,7,2211.0
Vancouver,Three bedroom units,2021,7,2020.0
Vancouver,Three bedroom units,2021,7,2326.0
Vancouver,Three bedroom units,2021,7,2323.0
Vancouver,Three bedroom units,2021,8,2211.0
Vancouver,Three bedroom units,2021,8,2020.0
Vancouver,Three bedroom units,2021,8,2326.0
Vancouver,Three bedroom units,2021,8,2323.0
Vancouver,Three bedroom units,2021,9,2211.0
Vancouver,Three bedroom units,2021,9,2020.0
Vancouver,Three bedroom units,2021,9,2326.0
Vancouver,Three bedroom units,2021,9,2323.0
Vancouver,Three bedroom units,2021,10,2211.0
Vancouver,Three bedroom units,2021,10,2020.0
Vancouver,Three bedroom units,2021,10,2326.0
Vancouver,Three bedroom units,2021,10,2323.0
Vancouver,Three bedroom units,2021,11,2211.0
Vancouver,Three bedroom units,2021,11,2020.0
Vancouver,Three bedroom units,2021,11,2326.0
Vancouver,Three bedroom units,2021,11,2323.0
Vancouver,Three bedroom units,2021,12,2211.0
Vancouver,Three bedroom units,2021,12,2020.0
Vancouver,Three bedroom units,2021,12,2326.0
Vancouver,Three bedroom units,2021,12,2323.0
Vancouver,Three bedroom units,2022,1,2441.0
Vancouver,Three bedroom units,2022,1,2284.0
Vancouver,Three bedroom units,2022,1,2511.0
Vancouver,Three bedroom units,2022,1,2516.0
Vancouver,Three bedroom units,2022,2,2441.0
Vancouver,Three bedroom units,2022,2,2284.0
Vancouver,Three bedroom units,2022,2,2511.0
Vancouver,Three bedroom units,2022,2,2516.0
Vancouver,Three bedroom units,2022,3,2441.0
Vancouver,Three bedroom units,2022,3,2284.0
Vancouver,Three bedroom units,2022,3,2511.0
Vancouver,Three bedroom units,2022,3,2516.0
Vancouver,Three bedroom units,2022,4,2441.0
Vancouver,Three bedroom units,2022,4,2284.0
Vancouver,Three bedroom units,2022,4,2511.0
Vancouver,Three bedroom units,2022,4,2516.0
Vancouver,Three bedroom units,2022,5,2441.0
Vancouver,Three bedroom units,2022,5,2284.0
Vancouver,Three bedroom units,2022,5,2511.0
Vancouver,Three bedroom units,2022,5,2516.0
Vancouver,Three bedroom units,2022,6,2441.0
Vancouver,Three bedroom units,2022,6,2284.0
Vancouver,Three bedroom units,2022,6,2511.0
Vancouver,Three bedroom units,2022,6,2516.0
Vancouver,Three bedroom units,2022,7,2441.0
Vancouver,Three bedroom units,2022,7,2284.0
Vancouver,Three bedroom units,2022,7,2511.0
Vancouver,Three bedroom units,2022,7,2516.0
Vancouver,Three bedroom units,2022,8,2441.0
Vancouver,Three bedroom units,2022,8,2284.0
Vancouver,Three bedroom units,2022,8,2511.0
Vancouver,Three bedroom units,2022,8,2516.0
Vancouver,Three bedroom units,2022,9,2441.0
Vancouver,Three bedroom units,2022,9,2284.0
Vancouver,Three bedroom units,2022,9,2511.0
Vancouver,Three bedroom units,2022,9,2516.0
Vancouver,Three bedroom units,2022,10,2441.0
Vancouver,Three bedroom units,2022,10,2284.0
Vancouver,Three bedroom units,2022,10,2511.0
Vancouver,Three bedroom units,2022,10,2516.0
Vancouver,Three bedroom units,2022,11,2441.0
Vancouver,Three bedroom units,2022,11,2284.0
Vancouver,Three bedroom units,2022,11,2511.0
Vancouver,Three bedroom units,2022,11,2516.0
Vancouver,Three bedroom units,2022,12,2441.0
Vancouver,Three bedroom units,2022,12,2284.0
Vancouver,Three bedroom units,2022,12,2511.0
Vancouver,Three bedroom units,2022,12,2516.0
Vancouver,Three bedroom units,2023,1,2477.0
Vancouver,Three bedroom units,2023,1,2306.0
Vancouver,Three bedroom units,2023,1,2547.0
Vancouver,Three bedroom units,2023,1,2545.0
Vancouver,Three bedroom units,2023,2,2477.0
Vancouver,Three bedroom units,2023,2,2306.0
Vancouver,Three bedroom units,2023,2,2547.0
Vancouver,Three bedroom units,2023,2,2545.0
Vancouver,Three bedroom units,2023,3,2477.0
Vancouver,Three bedroom units,2023,3,2306.0
Vancouver,Three bedroom units,2023,3,2547.0
Vancouver,Three bedroom units,2023,3,2545.0
Vancouver,Three bedroom units,2023,4,2477.0
Vancouver,Three bedroom units,2023,4,2306.0
Vancouver,Three bedroom units,2023,4,2547.0
Vancouver,Three bedroom units,2023,4,2545.0
Vancouver,Three bedroom units,2023,5,2477.0
Vancouver,Three bedroom units,2023,5,2306.0
Vancouver,Three bedroom units,2023,5,2547.0
Vancouver,Three bedroom units,2023,5,2545.0
Vancouver,Three bedroom units,2023,6,2477.0
Vancouver,Three bedroom units,2023,6,2306.0
Vancouver,Three bedroom units,2023,6,2547.0
Vancouver,Three bedroom units,2023,6,2545.0
Vancouver,Three bedroom units,2023,7,2477.0
Vancouver,Three bedroom units,2023,7,2306.0
Vancouver,Three bedroom units,2023,7,2547.0
Vancouver,Three bedroom units,2023,7,2545.0
Vancouver,Three bedroom units,2023,8,2477.0
Vancouver,Three bedroom units,2023,8,2306.0
Vancouver,Three bedroom units,2023,8,2547.0
Vancouver,Three bedroom units,2023,8,2545.0
Vancouver,Three bedroom units,2023,9,2477.0
Vancouver,Three bedroom units,2023,9,2306.0
Vancouver,Three bedroom units,2023,9,2547.0
Vancouver,Three bedroom units,2023,9,2545.0
Vancouver,Three bedroom units,2023,10,2477.0
Vancouver,Three bedroom units,2023,10,2306.0
Vancouver,Three bedroom units,2023,10,2547.0
Vancouver,Three bedroom units,2023,10,2545.0
Vancouver,Three bedroom units,2023,11,2477.0
Vancouver,Three bedroom units,2023,11,2306.0
Vancouver,Three bedroom units,2023,11,2547.0
Vancouver,Three bedroom units,2023,11,2545.0
Vancouver,Three bedroom units,2023,12,2477.0
Vancouver,Three bedroom units,2023,12,2306.0
Vancouver,Three bedroom units,2023,12,2547.0
Vancouver,Three bedroom units,2023,12,2545.0
Vancouver,Three bedroom units,2024,1,2744.0
Vancouver,Three bedroom units,2024,1,2174.0
Vancouver,Three bedroom units,2024,1,2942.0
Vancouver,Three bedroom units,2024,1,2961.0
Vancouver,Three bedroom units,2024,2,2744.0
Vancouver,Three bedroom units,2024,2,2174.0
Vancouver,Three bedroom units,2024,2,2942.0
Vancouver,Three bedroom units,2024,2,2961.0
Vancouver,Three bedroom units,2024,3,2744.0
Vancouver,Three bedroom units,2024,3,2174.0
Vancouver,Three bedroom units,2024,3,2942.0
Vancouver,Three bedroom units,2024,3,2961.0
Vancouver,Three bedroom units,2024,4,2744.0
Vancouver,Three bedroom units,2024,4,2174.0
Vancouver,Three bedroom units,2024,4,2942.0
Vancouver,Three bedroom units,2024,4,2961.0
Vancouver,Three bedroom units,2024,5,2744.0
Vancouver,Three bedroom units,2024,5,2174.0
Vancouver,Three bedroom units,2024,5,2942.0
Vancouver,Three bedroom units,2024,5,2961.0
Vancouver,Three bedroom units,2024,6,2744.0
Vancouver,Three bedroom units,2024,6,2174.0
Vancouver,Three bedroom units,2024,6,2942.0
Vancouver,Three bedroom units,2024,6,2961.0
Vancouver,Three bedroom units,2024,7,2744.0
Vancouver,Three bedroom units,2024,7,2174.0
Vancouver,Three bedroom units,2024,7,2942.0
Vancouver,Three bedroom units,2024,7,2961.0
Vancouver,Three bedroom units,2024,8,2744.0
Vancouver,Three bedroom units,2024,8,2174.0
Vancouver,Three bedroom units,2024,8,2942.0
Vancouver,Three bedroom units,2024,8,2961.0
Vancouver,Three bedroom units,2024,9,2744.0
Vancouver,Three bedroom units,2024,9,2174.0
Vancouver,Three bedroom units,2024,9,2942.0
Vancouver,Three bedroom units,2024,9,2961.0
Vancouver,Three bedroom units,2024,10,2744.0
Vancouver,Three bedroom units,2024,10,2174.0
Vancouver,Three bedroom units,2024,10,2942.0
Vancouver,Three bedroom units,2024,10,2961.0
Vancouver,Three bedroom units,2024,11,2744.0
Vancouver,Three bedroom units,2024,11,2174.0
Vancouver,Three bedroom units,2024,11,2942.0
Vancouver,Three bedroom units,2024,11,2961.0
Vancouver,Three bedroom units,2024,12,2744.0
Vancouver,Three bedroom units,2024,12,2174.0
Vancouver,Three bedroom units,2024,12,2942.0
Vancouver,Three bedroom units,2024,12,2961.0
