city,Price,Address,Number_Beds,Number_Baths,Province,Population,Latitude,Longitude,Median_Family_Income,year,month
Toronto,779900.0,#318 -20 SOUTHPORT ST,3,2,Ontario,5647656,43.7417,-79.3733,97000.0,2023,10
Toronto,799999.0,#818 -60 SOUTHPORT ST,3,1,Ontario,5647656,43.7417,-79.3733,97000.0,2023,10
Toronto,799900.0,#714 -859 THE QUEENSWAY,2,2,Ontario,5647656,43.7417,-79.3733,97000.0,2023,10
Toronto,1200000.0,275 MORTIMER AVE,4,2,Ontario,5647656,43.7417,-79.3733,97000.0,2023,10
Toronto,668800.0,#420 -388 RICHMOND ST,1,1,Ontario,5647656,43.7417,-79.3733,97000.0,2023,10
Toronto,548000.0,#2503 -99 HARBOUR SQ,0,1,Ontario,5647656,43.7417,-79.3733,97000.0,2023,10
Toronto,669900.0,#817 -151 DAN LECKIE WAY,2,1,Ontario,5647656,43.7417,-79.3733,97000.0,2023,10
Toronto,699000.0,#1107 -438 KING ST W,2,2,Ontario,5647656,43.7417,-79.3733,97000.0,2023,10
Toronto,978000.0,#2708 -20 EDWARD ST,3,2,Ontario,5647656,43.7417,-79.3733,97000.0,2023,10
Toronto,958000.0,#4616 -386 YONGE ST,2,2,Ontario,5647656,43.7417,-79.3733,97000.0,2023,10
Toronto,1899000.0,#2713 -155 YORKVILLE AVE,2,3,Ontario,5647656,43.7417,-79.3733,97000.0,2023,10
Toronto,559900.0,#1113 -80 MILL ST,2,1,Ontario,5647656,43.7417,-79.3733,97000.0,2023,10
Toronto,498800.0,#517 -55 EAST LIBERTY ST,1,1,Ontario,5647656,43.7417,-79.3733,97000.0,2023,10
Toronto,1450000.0,45 BARTLETT AVE,4,2,Ontario,5647656,43.7417,-79.3733,97000.0,2023,10
Toronto,650000.0,##1902 -1926 LAKE SHORE BLVD W,2,1,Ontario,5647656,43.7417,-79.3733,97000.0,2023,10
Toronto,745000.0,##812 -103 THE QUEENSWAY,2,2,Ontario,5647656,43.7417,-79.3733,97000.0,2023,10
Toronto,784900.0,#106 -10 WILBY CRES,3,2,Ontario,5647656,43.7417,-79.3733,97000.0,2023,10
Toronto,998000.0,3065 WESTON RD,4,2,Ontario,5647656,43.7417,-79.3733,97000.0,2023,10
Toronto,989900.0,468 MILVERTON BLVD,4,2,Ontario,5647656,43.7417,-79.3733,97000.0,2023,10
Toronto,1099000.0,#1816 -35 MERCER ST,3,2,Ontario,5647656,43.7417,-79.3733,97000.0,2023,10
Toronto,459900.0,#2311 -170 SUMACH ST N,0,1,Ontario,5647656,43.7417,-79.3733,97000.0,2023,10
Toronto,590000.0,#1720 -36 LISGAR ST W,2,2,Ontario,5647656,43.7417,-79.3733,97000.0,2023,10
Toronto,899900.0,#2 -350 GERRARD ST E,2,2,Ontario,5647656,43.7417,-79.3733,97000.0,2023,10
Toronto,585000.0,#205 -133 WYNFORD DR,2,1,Ontario,5647656,43.7417,-79.3733,97000.0,2023,10
Toronto,899000.0,117 WYNDCLIFF CRES,3,2,Ontario,5647656,43.7417,-79.3733,97000.0,2023,10
Toronto,488000.0,#1213 -195 REDPATH AVE,1,1,Ontario,5647656,43.7417,-79.3733,97000.0,2023,10
Toronto,650000.0,#801 -100 HAYDEN ST,2,2,Ontario,5647656,43.7417,-79.3733,97000.0,2023,10
Toronto,498000.0,#812 -600 FLEET ST,2,1,Ontario,5647656,43.7417,-79.3733,97000.0,2023,10
Toronto,499900.0,#202 -1030 KING ST W,0,1,Ontario,5647656,43.7417,-79.3733,97000.0,2023,10
Toronto,1595000.0,15 LAURIER AVE,3,3,Ontario,5647656,43.7417,-79.3733,97000.0,2023,10
Toronto,718000.0,#5008 -2221 YONGE ST,1,1,Ontario,5647656,43.7417,-79.3733,97000.0,2023,10
Toronto,1350000.0,#1203 -63 ST CLAIR AVE W,2,2,Ontario,5647656,43.7417,-79.3733,97000.0,2023,10
Toronto,499900.0,#626 -231 FORT YORK BLVD,0,1,Ontario,5647656,43.7417,-79.3733,97000.0,2023,10
Toronto,999000.0,#1808 -126 SIMCOE ST,3,2,Ontario,5647656,43.7417,-79.3733,97000.0,2023,10
Toronto,819000.0,#909 -51 TROLLEY CRES,2,1,Ontario,5647656,43.7417,-79.3733,97000.0,2023,10
Toronto,639000.0,#2709 -290 ADELAIDE ST W,1,1,Ontario,5647656,43.7417,-79.3733,97000.0,2023,10
Toronto,799900.0,#504 -12 BONNYCASTLE ST,3,2,Ontario,5647656,43.7417,-79.3733,97000.0,2023,10
Toronto,789900.0,#507 -58 ORCHARD VIEW BLVD,2,2,Ontario,5647656,43.7417,-79.3733,97000.0,2023,10
Toronto,549900.0,16 BROOKERS Lane,1,1,Ontario,5647656,43.7417,-79.3733,97000.0,2023,10
Toronto,1149900.0,34 CYNTHIA RD,3,1,Ontario,5647656,43.7417,-79.3733,97000.0,2023,10
Toronto,2699900.0,16 PRINCESS ANNE CRES,4,3,Ontario,5647656,43.7417,-79.3733,97000.0,2023,10
Toronto,1299000.0,35 TROUTBROOKE DR,6,3,Ontario,5647656,43.7417,-79.3733,97000.0,2023,10
Toronto,1588000.0,14 SYMONS ST,4,2,Ontario,5647656,43.7417,-79.3733,97000.0,2023,10
Toronto,564000.0,#801 -17 MICHAEL POWER PL,1,1,Ontario,5647656,43.7417,-79.3733,97000.0,2023,10
Toronto,1195000.0,51 LAPP ST,3,2,Ontario,5647656,43.7417,-79.3733,97000.0,2023,10
Toronto,515000.0,#922 -15 JAMES FINLAY WAY,1,1,Ontario,5647656,43.7417,-79.3733,97000.0,2023,10
Toronto,1298800.0,132 DORSET RD,5,2,Ontario,5647656,43.7417,-79.3733,97000.0,2023,10
Toronto,1050000.0,#406 -1316 KINGSTON RD,2,2,Ontario,5647656,43.7417,-79.3733,97000.0,2023,10
Toronto,1190000.0,21 COLLIP PL,3,4,Ontario,5647656,43.7417,-79.3733,97000.0,2023,10
Toronto,2688000.0,395 BALLIOL ST,4,4,Ontario,5647656,43.7417,-79.3733,97000.0,2023,10
Toronto,835500.0,#1010 -21 CARLTON ST,2,2,Ontario,5647656,43.7417,-79.3733,97000.0,2023,10
Toronto,1295000.0,31 MARKHAM ST,4,2,Ontario,5647656,43.7417,-79.3733,97000.0,2023,10
Toronto,699000.0,#417 -403 CHURCH ST,2,1,Ontario,5647656,43.7417,-79.3733,97000.0,2023,10
Toronto,469900.0,#1113 -50 LYNN WILLIAMS ST,0,1,Ontario,5647656,43.7417,-79.3733,97000.0,2023,10
Toronto,2388800.0,#4605 -180 UNIVERSITY AVE,3,3,Ontario,5647656,43.7417,-79.3733,97000.0,2023,10
Toronto,681000.0,#4701 -8 EGLINTON AVE E,2,2,Ontario,5647656,43.7417,-79.3733,97000.0,2023,10
Toronto,899000.0,#1205 -28 LINDEN ST,2,2,Ontario,5647656,43.7417,-79.3733,97000.0,2023,10
Toronto,595000.0,#523 -270 WELLINGTON ST W,2,1,Ontario,5647656,43.7417,-79.3733,97000.0,2023,10
Toronto,718000.0,#936 -8 HILLSDALE AVE E,2,2,Ontario,5647656,43.7417,-79.3733,97000.0,2023,10
Toronto,599000.0,#509 -381 FRONT ST W,2,1,Ontario,5647656,43.7417,-79.3733,97000.0,2023,10
Toronto,999900.0,#409 -55 ONTARIO ST,2,2,Ontario,5647656,43.7417,-79.3733,97000.0,2023,10
Toronto,5800000.0,#5101 -1 YORKVILLE AVE,4,3,Ontario,5647656,43.7417,-79.3733,97000.0,2023,10
Toronto,699900.0,#710 -55 ONTARIO ST,2,1,Ontario,5647656,43.7417,-79.3733,97000.0,2023,10
Toronto,649000.0,#1906 -460 ADELAIDE ST E,1,1,Ontario,5647656,43.7417,-79.3733,97000.0,2023,10
Toronto,439000.0,#506 -85 EMMETT AVE,2,1,Ontario,5647656,43.7417,-79.3733,97000.0,2023,10
Toronto,998000.0,114 LEXFIELD AVE,4,2,Ontario,5647656,43.7417,-79.3733,97000.0,2023,10
Toronto,879000.0,#26 -95 EASTWOOD PARK GDNS,2,3,Ontario,5647656,43.7417,-79.3733,97000.0,2023,10
Toronto,499000.0,#105 -270 SCARLETT RD,1,1,Ontario,5647656,43.7417,-79.3733,97000.0,2023,10
Toronto,1169000.0,43 ALESSIA CIRC,4,3,Ontario,5647656,43.7417,-79.3733,97000.0,2023,10
Toronto,799900.0,#618 -250 MANITOBA ST,2,2,Ontario,5647656,43.7417,-79.3733,97000.0,2023,10
Toronto,1139000.0,55 BURLINGAME RD,3,2,Ontario,5647656,43.7417,-79.3733,97000.0,2023,10
Toronto,929000.0,48 PAPE AVE,3,2,Ontario,5647656,43.7417,-79.3733,97000.0,2023,10
Toronto,859900.0,#404 -160 FALLINGBROOK RD,2,1,Ontario,5647656,43.7417,-79.3733,97000.0,2023,10
Toronto,1080000.0,241 SCARBOROUGH GOLFCLUB RD,3,2,Ontario,5647656,43.7417,-79.3733,97000.0,2023,10
Toronto,899000.0,27 VERNON RD,6,4,Ontario,5647656,43.7417,-79.3733,97000.0,2023,10
Toronto,924900.0,#102 -2A QUEENSBURY AVE,2,2,Ontario,5647656,43.7417,-79.3733,97000.0,2023,10
Toronto,1274900.0,93 GLENMOUNT PARK RD,3,2,Ontario,5647656,43.7417,-79.3733,97000.0,2023,10
Toronto,699000.0,#2705 -219 FORT YORK BLVD,2,1,Ontario,5647656,43.7417,-79.3733,97000.0,2023,10
Toronto,935000.0,#1405 -1105 LESLIE ST,3,2,Ontario,5647656,43.7417,-79.3733,97000.0,2023,10
Toronto,655000.0,#447 -33 MILL ST,2,1,Ontario,5647656,43.7417,-79.3733,97000.0,2023,10
Toronto,699000.0,#2501 -89 DUNFIELD AVE,2,1,Ontario,5647656,43.7417,-79.3733,97000.0,2023,10
Toronto,569900.0,#1304 -50 ORDNANCE ST,1,1,Ontario,5647656,43.7417,-79.3733,97000.0,2023,10
Toronto,625000.0,#1215W -36 LISGAR ST,2,2,Ontario,5647656,43.7417,-79.3733,97000.0,2023,10
Toronto,639900.0,#321 -319 MERTON ST,2,1,Ontario,5647656,43.7417,-79.3733,97000.0,2023,10
Toronto,1124900.0,114 GLENVALE BLVD,2,1,Ontario,5647656,43.7417,-79.3733,97000.0,2023,10
Toronto,3088000.0,23 ALBERTUS AVE,4,5,Ontario,5647656,43.7417,-79.3733,97000.0,2023,10
Toronto,2150000.0,5 HIGHBOURNE RD,6,2,Ontario,5647656,43.7417,-79.3733,97000.0,2023,10
Toronto,999800.0,#1404 -1 SCOTT ST,2,2,Ontario,5647656,43.7417,-79.3733,97000.0,2023,10
Toronto,999000.0,#609 -200 SUDBURY ST,2,2,Ontario,5647656,43.7417,-79.3733,97000.0,2023,10
Toronto,599000.0,#404 -39 SHERBOURNE ST,2,1,Ontario,5647656,43.7417,-79.3733,97000.0,2023,10
Toronto,549000.0,#929 -222 THE ESPLANADE ST,2,1,Ontario,5647656,43.7417,-79.3733,97000.0,2023,10
Toronto,639000.0,3563 LAKE SHORE Boulevard W Unit# 306,2,1,Ontario,5647656,43.7417,-79.3733,97000.0,2023,10
Toronto,1150000.0,1678 EGLINTON AVE W,7,5,Ontario,5647656,43.7417,-79.3733,97000.0,2023,10
Toronto,1895000.0,11 EDGEWOOD GROVE GRVE,4,4,Ontario,5647656,43.7417,-79.3733,97000.0,2023,10
Toronto,3679000.0,126 LEE AVE,6,4,Ontario,5647656,43.7417,-79.3733,97000.0,2023,10
Toronto,669990.0,#801 -32 TROLLEY CRES,2,1,Ontario,5647656,43.7417,-79.3733,97000.0,2023,10
Toronto,899000.0,615 ADELAIDE ST W,3,2,Ontario,5647656,43.7417,-79.3733,97000.0,2023,10
Toronto,1300000.0,296 SEATON ST,3,3,Ontario,5647656,43.7417,-79.3733,97000.0,2023,10
Toronto,859000.0,#712 -15 QUEEN'S QUAY  E,2,2,Ontario,5647656,43.7417,-79.3733,97000.0,2023,10
Toronto,669000.0,#1406 -386 YONGE ST E,1,1,Ontario,5647656,43.7417,-79.3733,97000.0,2023,10
Toronto,639000.0,#811 -330 RICHMOND ST W,1,1,Ontario,5647656,43.7417,-79.3733,97000.0,2023,10
Toronto,1599900.0,78 IVY AVE,4,4,Ontario,5647656,43.7417,-79.3733,97000.0,2023,10
Toronto,829900.0,#915 -2300 ST. CLAIR WEST AVE W,2,2,Ontario,5647656,43.7417,-79.3733,97000.0,2023,10
Toronto,1995000.0,195 WRIGHT AVE,5,3,Ontario,5647656,43.7417,-79.3733,97000.0,2023,10
Toronto,1075000.0,10 MARQUIS AVE,2,1,Ontario,5647656,43.7417,-79.3733,97000.0,2023,10
Toronto,2499900.0,36 LOCKWOOD RD,5,5,Ontario,5647656,43.7417,-79.3733,97000.0,2023,10
Toronto,499000.0,#817 -1700 EGLINTON AVE E,1,1,Ontario,5647656,43.7417,-79.3733,97000.0,2023,10
Toronto,2649999.0,210 BROOKE AVE,5,4,Ontario,5647656,43.7417,-79.3733,97000.0,2023,10
Toronto,1350000.0,#1306 -33 UNIVERSITY AVE,4,2,Ontario,5647656,43.7417,-79.3733,97000.0,2023,10
Toronto,650000.0,#1306 -20 TUBMAN AVE,2,1,Ontario,5647656,43.7417,-79.3733,97000.0,2023,10
Toronto,1249900.0,312 HARBORD ST,3,2,Ontario,5647656,43.7417,-79.3733,97000.0,2023,10
Toronto,709000.0,#PH-03 -77 MUTUAL ST,1,1,Ontario,5647656,43.7417,-79.3733,97000.0,2023,10
Toronto,889000.0,#607 -390 CHERRY ST,3,2,Ontario,5647656,43.7417,-79.3733,97000.0,2023,10
Toronto,499000.0,##1201 -31 TIPPETT RD,2,1,Ontario,5647656,43.7417,-79.3733,97000.0,2023,10
Toronto,619900.0,#1008 -33 SHORE BREEZE DR,2,1,Ontario,5647656,43.7417,-79.3733,97000.0,2023,10
Toronto,1349888.0,32 ALMA DR,2,2,Ontario,5647656,43.7417,-79.3733,97000.0,2023,10
Toronto,799990.0,#408 -1400 KINGSTON RD,2,2,Ontario,5647656,43.7417,-79.3733,97000.0,2023,10
Toronto,979000.0,167 KINGSTON RD,4,2,Ontario,5647656,43.7417,-79.3733,97000.0,2023,10
Toronto,4499000.0,132 ALEXANDRA BLVD,6,4,Ontario,5647656,43.7417,-79.3733,97000.0,2023,10
Toronto,635000.0,#411 -2 SONIC WAY,2,2,Ontario,5647656,43.7417,-79.3733,97000.0,2023,10
Toronto,949888.0,#4316 -85 WOOD ST,2,2,Ontario,5647656,43.7417,-79.3733,97000.0,2023,10
Toronto,765000.0,#1802 -75 QUEENS WHARF RD,2,1,Ontario,5647656,43.7417,-79.3733,97000.0,2023,10
Toronto,1499999.0,#204 -100 YORKVILLE AVE,2,1,Ontario,5647656,43.7417,-79.3733,97000.0,2023,10
Toronto,1849000.0,48 ANNETTE ST,0,0,Ontario,5647656,43.7417,-79.3733,97000.0,2023,10
Toronto,560000.0,#2410 -50 THOMAS RILEY RD,1,1,Ontario,5647656,43.7417,-79.3733,97000.0,2023,10
Toronto,770000.0,#2003 -10 WILBY CRES,3,2,Ontario,5647656,43.7417,-79.3733,97000.0,2023,10
Toronto,1499999.0,46 WATERFORD DR,4,4,Ontario,5647656,43.7417,-79.3733,97000.0,2023,10
Toronto,849900.0,#G203 -100 CANON JACKSON DR,2,3,Ontario,5647656,43.7417,-79.3733,97000.0,2023,10
Toronto,1649000.0,111 VICTOR AVE,3,2,Ontario,5647656,43.7417,-79.3733,97000.0,2023,10
Toronto,1688000.0,563 BIRCHMOUNT RD,5,3,Ontario,5647656,43.7417,-79.3733,97000.0,2023,10
Toronto,1450000.0,26 WOODYCREST AVE,4,3,Ontario,5647656,43.7417,-79.3733,97000.0,2023,10
Toronto,1200000.0,102 GRADWELL DR,3,2,Ontario,5647656,43.7417,-79.3733,97000.0,2023,10
Toronto,949000.0,7 PHERRILL MEWS,4,3,Ontario,5647656,43.7417,-79.3733,97000.0,2023,10
Toronto,1099000.0,128 BARRINGTON AVE,8,5,Ontario,5647656,43.7417,-79.3733,97000.0,2023,10
Toronto,1980000.0,444 ROXTON RD,0,0,Ontario,5647656,43.7417,-79.3733,97000.0,2023,10
Toronto,1495000.0,#TH7 -240 BROADWAY AVE,2,4,Ontario,5647656,43.7417,-79.3733,97000.0,2023,10
Toronto,698888.0,#5109 -14 YORK ST,1,1,Ontario,5647656,43.7417,-79.3733,97000.0,2023,10
Toronto,5678000.0,#3402 -200 CUMBERLAND ST,2,3,Ontario,5647656,43.7417,-79.3733,97000.0,2023,10
Toronto,438000.0,#1515 -36 LISGAR ST,2,1,Ontario,5647656,43.7417,-79.3733,97000.0,2023,10
Toronto,559000.0,#N1105 -455 FRONT ST E,1,1,Ontario,5647656,43.7417,-79.3733,97000.0,2023,10
Toronto,2099800.0,341 GLENGARRY AVE,4,2,Ontario,5647656,43.7417,-79.3733,97000.0,2023,10
Toronto,770000.0,#3106 -45 CHARLES ST E,1,1,Ontario,5647656,43.7417,-79.3733,97000.0,2023,10
Toronto,2695000.0,59 DUNCANNON DR,4,4,Ontario,5647656,43.7417,-79.3733,97000.0,2023,10
Toronto,2295000.0,22 METCALFE ST,3,3,Ontario,5647656,43.7417,-79.3733,97000.0,2023,10
Toronto,870000.0,#1301 -85 EAST LIBERTY ST,3,2,Ontario,5647656,43.7417,-79.3733,97000.0,2023,10
Toronto,966000.0,#406 -28 LINDEN ST,2,2,Ontario,5647656,43.7417,-79.3733,97000.0,2023,10
Toronto,1399999.0,7 MITCHELL AVE,3,3,Ontario,5647656,43.7417,-79.3733,97000.0,2023,10
Toronto,699000.0,#901 -60 QUEEN ST E,0,1,Ontario,5647656,43.7417,-79.3733,97000.0,2023,10
Toronto,1499000.0,39 BETHNAL AVE,3,2,Ontario,5647656,43.7417,-79.3733,97000.0,2023,10
Toronto,549900.0,#1901 -2121 LAKESHORE BLVD W,1,1,Ontario,5647656,43.7417,-79.3733,97000.0,2023,10
Toronto,499000.0,#809 -30 SAMUEL WOOD WAY,1,1,Ontario,5647656,43.7417,-79.3733,97000.0,2023,10
Toronto,1099900.0,#803 -57 MACAULAY AVE,2,2,Ontario,5647656,43.7417,-79.3733,97000.0,2023,10
Toronto,499999.0,#1201 -15 WINDERMERE AVE,1,1,Ontario,5647656,43.7417,-79.3733,97000.0,2023,10
Toronto,650000.0,#246 -60 PARROTTA DR,2,2,Ontario,5647656,43.7417,-79.3733,97000.0,2023,10
Toronto,1099000.0,11A MORTIMER AVE,4,3,Ontario,5647656,43.7417,-79.3733,97000.0,2023,10
Toronto,819000.0,#2 -88 MUNRO ST,2,2,Ontario,5647656,43.7417,-79.3733,97000.0,2023,10
Toronto,899000.0,2100 GERRARD ST E,3,1,Ontario,5647656,43.7417,-79.3733,97000.0,2023,10
Toronto,1499900.0,42 HARRIS AVE,5,3,Ontario,5647656,43.7417,-79.3733,97000.0,2023,10
Toronto,849000.0,15 MORTON RD,3,2,Ontario,5647656,43.7417,-79.3733,97000.0,2023,10
Toronto,580000.0,#604 -55 REGENT PARK BLVD,2,1,Ontario,5647656,43.7417,-79.3733,97000.0,2023,10
Toronto,825000.0,#2509 -185 ROEHAMPTON AVE,2,2,Ontario,5647656,43.7417,-79.3733,97000.0,2023,10
Toronto,1299800.0,#1808 -15 MERCER ST,3,2,Ontario,5647656,43.7417,-79.3733,97000.0,2023,10
Toronto,615000.0,#303 -11 CHARLOTTE ST,1,1,Ontario,5647656,43.7417,-79.3733,97000.0,2023,10
Toronto,599000.0,#2009 -24 WELLESLEY ST W,2,1,Ontario,5647656,43.7417,-79.3733,97000.0,2023,10
Toronto,1095000.0,#PH22 -500 RICHMOND ST W,2,1,Ontario,5647656,43.7417,-79.3733,97000.0,2023,10
Toronto,899000.0,#610 -300 FRONT ST W,2,2,Ontario,5647656,43.7417,-79.3733,97000.0,2023,10
Toronto,8478000.0,#3403 -200 CUMBERLAND ST,4,4,Ontario,5647656,43.7417,-79.3733,97000.0,2023,10
Toronto,585000.0,#315 -55 EAST LIBERTY ST,1,1,Ontario,5647656,43.7417,-79.3733,97000.0,2023,10
Toronto,2550000.0,#3802 -183 WELLINGTON ST W,2,2,Ontario,5647656,43.7417,-79.3733,97000.0,2023,10
Toronto,1495000.0,374 ELM RD,2,1,Ontario,5647656,43.7417,-79.3733,97000.0,2023,10
Toronto,1300000.0,#603 -225 DAVENPORT RD,2,3,Ontario,5647656,43.7417,-79.3733,97000.0,2023,10
Toronto,2095000.0,210 MACPHERSON AVE,3,2,Ontario,5647656,43.7417,-79.3733,97000.0,2023,10
Toronto,595500.0,#1019 -98 LILLIAN ST,1,1,Ontario,5647656,43.7417,-79.3733,97000.0,2023,10
Toronto,819800.0,#3008 -37 GROSVENOR ST,2,2,Ontario,5647656,43.7417,-79.3733,97000.0,2023,10
Toronto,755000.0,#1616 -230 QUEENS QUAY W,2,1,Ontario,5647656,43.7417,-79.3733,97000.0,2023,10
Toronto,918000.0,#403 -240 SCARLETT RD,3,2,Ontario,5647656,43.7417,-79.3733,97000.0,2023,10
Toronto,749000.0,#1414 -103 THE QUEENSWAY AVE,2,2,Ontario,5647656,43.7417,-79.3733,97000.0,2023,10
Toronto,2488888.0,#1102 -1135 ROYAL YORK RD,4,4,Ontario,5647656,43.7417,-79.3733,97000.0,2023,10
Toronto,1199000.0,74 SAMBA DR,5,2,Ontario,5647656,43.7417,-79.3733,97000.0,2023,10
Toronto,448800.0,#115 -320 DIXON RD,3,2,Ontario,5647656,43.7417,-79.3733,97000.0,2023,10
Toronto,788000.0,882 WESTON RD,3,3,Ontario,5647656,43.7417,-79.3733,97000.0,2023,10
Toronto,697000.0,#504 -760 THE QUEENSWAY,2,1,Ontario,5647656,43.7417,-79.3733,97000.0,2023,10
Toronto,709000.0,#B-102 -60 ANNIE CRAIG DR,2,1,Ontario,5647656,43.7417,-79.3733,97000.0,2023,10
Toronto,899900.0,409 MCROBERTS AVE,2,2,Ontario,5647656,43.7417,-79.3733,97000.0,2023,10
Toronto,1850000.0,1 ROWAN AVE,5,5,Ontario,5647656,43.7417,-79.3733,97000.0,2023,10
Toronto,1549000.0,79 KIMBERLEY AVE,3,3,Ontario,5647656,43.7417,-79.3733,97000.0,2023,10
Toronto,569000.0,#414 -1630 QUEEN ST E,1,1,Ontario,5647656,43.7417,-79.3733,97000.0,2023,10
Toronto,1039000.0,45 DEVON RD,3,1,Ontario,5647656,43.7417,-79.3733,97000.0,2023,10
Toronto,1799000.0,38 WHITE PINE AVE,4,4,Ontario,5647656,43.7417,-79.3733,97000.0,2023,10
Toronto,899000.0,4 BATTENBERG AVE,2,1,Ontario,5647656,43.7417,-79.3733,97000.0,2023,10
Toronto,599000.0,#3901 -21 ICEBOAT TERR,2,1,Ontario,5647656,43.7417,-79.3733,97000.0,2023,10
Toronto,738000.0,#3601 -33 CHARLES ST E,2,1,Ontario,5647656,43.7417,-79.3733,97000.0,2023,10
Toronto,619990.0,#108 -170 SUDBURY ST,2,1,Ontario,5647656,43.7417,-79.3733,97000.0,2023,10
Toronto,1150000.0,922 PALMERSTON AVE N,3,1,Ontario,5647656,43.7417,-79.3733,97000.0,2023,10
Toronto,3495000.0,110 CARMICHAEL AVE,5,6,Ontario,5647656,43.7417,-79.3733,97000.0,2023,10
Toronto,2588168.0,734 RICHMOND ST W,4,5,Ontario,5647656,43.7417,-79.3733,97000.0,2023,10
Toronto,1699000.0,82 LANARK AVE,5,3,Ontario,5647656,43.7417,-79.3733,97000.0,2023,10
Toronto,1699000.0,80 LANARK AVE,5,3,Ontario,5647656,43.7417,-79.3733,97000.0,2023,10
Toronto,1250000.0,#PH05 -205 FREDERICK ST,2,2,Ontario,5647656,43.7417,-79.3733,97000.0,2023,10
Toronto,799999.0,#1202 -100 HARBOUR ST,2,2,Ontario,5647656,43.7417,-79.3733,97000.0,2023,10
Toronto,2449000.0,107 ELM RIDGE DR,4,4,Ontario,5647656,43.7417,-79.3733,97000.0,2023,10
Toronto,699000.0,#4508 -21 ICEBOAT TERR,2,1,Ontario,5647656,43.7417,-79.3733,97000.0,2023,10
Toronto,1139900.0,#203 -50 JOE SHUSTER WAY,3,3,Ontario,5647656,43.7417,-79.3733,97000.0,2023,10
Toronto,1199000.0,36 MONTANA AVE,6,4,Ontario,5647656,43.7417,-79.3733,97000.0,2023,10
Toronto,719000.0,#416 -437 RONCESVALLES AVE,1,1,Ontario,5647656,43.7417,-79.3733,97000.0,2023,10
Toronto,515000.0,#2423 -165 LEGION RD N,1,1,Ontario,5647656,43.7417,-79.3733,97000.0,2023,10
Toronto,1499000.0,52 CANNON RD,3,4,Ontario,5647656,43.7417,-79.3733,97000.0,2023,10
Toronto,1599000.0,34 QUEENS DR,5,4,Ontario,5647656,43.7417,-79.3733,97000.0,2023,10
Toronto,729000.0,#614 -2212 LAKE SHORE BLVD W,2,2,Ontario,5647656,43.7417,-79.3733,97000.0,2023,10
Toronto,1390000.0,278 BETA ST W,3,2,Ontario,5647656,43.7417,-79.3733,97000.0,2023,10
Toronto,558900.0,#2110 -20 THOMAS RILEY RD W,2,1,Ontario,5647656,43.7417,-79.3733,97000.0,2023,10
Toronto,499000.0,#517 -9 MABELLE AVE,1,1,Ontario,5647656,43.7417,-79.3733,97000.0,2023,10
Toronto,1799000.0,98 DIXON AVE,4,3,Ontario,5647656,43.7417,-79.3733,97000.0,2023,10
Toronto,579900.0,#46 -140 BROADVIEW AVE,1,1,Ontario,5647656,43.7417,-79.3733,97000.0,2023,10
Toronto,1089000.0,87 ROSEHEATH AVE,3,2,Ontario,5647656,43.7417,-79.3733,97000.0,2023,10
Toronto,899000.0,156 HANSON ST,2,1,Ontario,5647656,43.7417,-79.3733,97000.0,2023,10
Toronto,865000.0,36 LILY CUP AVE,4,3,Ontario,5647656,43.7417,-79.3733,97000.0,2023,10
Toronto,899900.0,222 FIRST AVE,4,2,Ontario,5647656,43.7417,-79.3733,97000.0,2023,10
Toronto,599900.0,#1320 -320 RICHMOND ST E,1,1,Ontario,5647656,43.7417,-79.3733,97000.0,2023,10
Toronto,2495000.0,6 CHUDLEIGH AVE,4,3,Ontario,5647656,43.7417,-79.3733,97000.0,2023,10
Toronto,799900.0,#522 -954 KING ST W,2,2,Ontario,5647656,43.7417,-79.3733,97000.0,2023,10
Toronto,799000.0,#1103 -80 WESTERN BATTERY RD,2,1,Ontario,5647656,43.7417,-79.3733,97000.0,2023,10
Toronto,549000.0,#716 -170 BAYVIEW AVE,1,1,Ontario,5647656,43.7417,-79.3733,97000.0,2023,10
Toronto,1549000.0,125 SEATON ST,3,3,Ontario,5647656,43.7417,-79.3733,97000.0,2023,10
Toronto,1190000.0,15 SWEENEY DR,4,2,Ontario,5647656,43.7417,-79.3733,97000.0,2023,10
Toronto,749900.0,#1610 -25 THE ESPLANADE,2,1,Ontario,5647656,43.7417,-79.3733,97000.0,2023,10
Toronto,625000.0,#2807 -21 HILLCREST AVE,1,1,Ontario,5647656,43.7417,-79.3733,97000.0,2023,10
Toronto,2799000.0,#4205 -180 UNIVERSITY AVE,3,2,Ontario,5647656,43.7417,-79.3733,97000.0,2023,10
Toronto,809000.0,#1209 -1928 LAKESHORE BLVD W,2,2,Ontario,5647656,43.7417,-79.3733,97000.0,2023,10
Toronto,779000.0,#1803 -5 KENNETH AVE,3,2,Ontario,5647656,43.7417,-79.3733,97000.0,2023,10
Toronto,2750000.0,#507 -29 QUEENS QUAY E,3,3,Ontario,5647656,43.7417,-79.3733,97000.0,2023,10
Toronto,799000.0,#2214 -24 WELLESLEY ST W,3,2,Ontario,5647656,43.7417,-79.3733,97000.0,2023,10
Toronto,679000.0,#1112 -17 BATHURST ST,2,1,Ontario,5647656,43.7417,-79.3733,97000.0,2023,10
Toronto,5899000.0,77 FOREST HILL RD,5,5,Ontario,5647656,43.7417,-79.3733,97000.0,2023,10
Toronto,1200000.0,66 ST NICHOLAS ST,2,2,Ontario,5647656,43.7417,-79.3733,97000.0,2023,10
Toronto,3999000.0,25 NANTON AVE,4,4,Ontario,5647656,43.7417,-79.3733,97000.0,2023,10
Toronto,849900.0,#117 -65 EAST LIBERTY ST,3,2,Ontario,5647656,43.7417,-79.3733,97000.0,2023,10
Toronto,649000.0,#1006 -1103 LESLIE ST,2,2,Ontario,5647656,43.7417,-79.3733,97000.0,2023,10
Toronto,3500000.0,1 CRESCENTWOOD RD,6,4,Ontario,5647656,43.7417,-79.3733,97000.0,2023,10
Toronto,749000.0,796 KINGSTON RD,2,1,Ontario,5647656,43.7417,-79.3733,97000.0,2023,10
Toronto,2665000.0,8 FIRST AVE,6,5,Ontario,5647656,43.7417,-79.3733,97000.0,2023,10
Toronto,915000.0,#3204 -15 MERCER ST,3,2,Ontario,5647656,43.7417,-79.3733,97000.0,2023,10
Toronto,729888.0,#2508 -381 FRONT ST W,2,1,Ontario,5647656,43.7417,-79.3733,97000.0,2023,10
Toronto,819900.0,#2806 -103 THE QUEENSWAY,3,2,Ontario,5647656,43.7417,-79.3733,97000.0,2023,10
Toronto,739000.0,#2503 -155 LEGION RD N,2,2,Ontario,5647656,43.7417,-79.3733,97000.0,2023,10
Toronto,3288000.0,118 MARTIN GROVE RD,6,5,Ontario,5647656,43.7417,-79.3733,97000.0,2023,10
Toronto,850000.0,#1909 -11 WELLESLEY ST W,2,1,Ontario,5647656,43.7417,-79.3733,97000.0,2023,10
Toronto,2028900.0,#PH3 -1221 KING ST,3,3,Ontario,5647656,43.7417,-79.3733,97000.0,2023,10
Toronto,899888.0,59 ODOARDO DI SANTO CIRC,4,3,Ontario,5647656,43.7417,-79.3733,97000.0,2023,10
Toronto,1250000.0,471 VAUGHAN RD E,5,3,Ontario,5647656,43.7417,-79.3733,97000.0,2023,10
Toronto,499000.0,#1101 -115 BLUE JAYS WAY,1,1,Ontario,5647656,43.7417,-79.3733,97000.0,2023,10
Toronto,836000.0,#706 -3000 BATHURST ST,2,2,Ontario,5647656,43.7417,-79.3733,97000.0,2023,10
Toronto,1499000.0,25 SPRUCE ST,6,2,Ontario,5647656,43.7417,-79.3733,97000.0,2023,10
Toronto,799888.0,#1631 -33 HARBOUR SQ,1,1,Ontario,5647656,43.7417,-79.3733,97000.0,2023,10
Toronto,850900.0,#1016 -1221 KING ST W,2,1,Ontario,5647656,43.7417,-79.3733,97000.0,2023,10
Toronto,740900.0,#705 -1221 KING ST W,2,2,Ontario,5647656,43.7417,-79.3733,97000.0,2023,10
Toronto,685000.0,#2148 -25 VIKING LANE,3,2,Ontario,5647656,43.7417,-79.3733,97000.0,2023,10
Toronto,1029000.0,#5 -120 FREDERICK TISDALE DR DR,4,4,Ontario,5647656,43.7417,-79.3733,97000.0,2023,10
Toronto,1250000.0,98 PITT AVE,6,2,Ontario,5647656,43.7417,-79.3733,97000.0,2023,10
Toronto,509990.0,#PH14 -251 JARVIS ST,2,1,Ontario,5647656,43.7417,-79.3733,97000.0,2023,10
Toronto,928000.0,#4702 -45 CHARLES ST E,2,2,Ontario,5647656,43.7417,-79.3733,97000.0,2023,10
Toronto,799900.0,#2407 -15 MERCER ST,2,2,Ontario,5647656,43.7417,-79.3733,97000.0,2023,10
Toronto,2080000.0,191 MARKHAM ST,4,3,Ontario,5647656,43.7417,-79.3733,97000.0,2023,10
Toronto,1050000.0,#701 -40 ROSEHILL AVE,2,2,Ontario,5647656,43.7417,-79.3733,97000.0,2023,10
Toronto,915900.0,#414 -185 LEGION RD N,2,2,Ontario,5647656,43.7417,-79.3733,97000.0,2023,10
Toronto,1650000.0,#1103 -2045 LAKE SHORE BLVD W,3,3,Ontario,5647656,43.7417,-79.3733,97000.0,2023,10
Toronto,499800.0,#PH28 -3 GREYSTONE WALK DR,2,1,Ontario,5647656,43.7417,-79.3733,97000.0,2023,10
Toronto,1199900.0,2 DOROTHY BULLEN PL,3,3,Ontario,5647656,43.7417,-79.3733,97000.0,2023,10
Toronto,849000.0,#1103 -330 RICHMOND ST,2,2,Ontario,5647656,43.7417,-79.3733,97000.0,2023,10
Toronto,718000.0,#1401 -33 HELENDALE AVE,2,1,Ontario,5647656,43.7417,-79.3733,97000.0,2023,10
Toronto,818000.0,#613 -60 BERWICK AVE,2,2,Ontario,5647656,43.7417,-79.3733,97000.0,2023,10
Toronto,685000.0,#1411 -33 BAY ST,1,1,Ontario,5647656,43.7417,-79.3733,97000.0,2023,10
Toronto,1039000.0,#TH7 -25 OXLEY ST,2,3,Ontario,5647656,43.7417,-79.3733,97000.0,2023,10
Toronto,738000.0,#1101 -39 ROEHAMPTON AVE,2,2,Ontario,5647656,43.7417,-79.3733,97000.0,2023,10
Toronto,799000.0,14 HOLMESDALE RD,2,2,Ontario,5647656,43.7417,-79.3733,97000.0,2023,10
Toronto,929000.0,24 NEAMES CRES,4,3,Ontario,5647656,43.7417,-79.3733,97000.0,2023,10
Toronto,1090000.0,92 EASTVILLE AVE,4,2,Ontario,5647656,43.7417,-79.3733,97000.0,2023,10
Toronto,979000.0,106 LEYTON AVE,3,3,Ontario,5647656,43.7417,-79.3733,97000.0,2023,10
Toronto,1099000.0,39 EASTMOUNT AVE,4,3,Ontario,5647656,43.7417,-79.3733,97000.0,2023,10
Toronto,948800.0,56 MARJORY AVE,4,3,Ontario,5647656,43.7417,-79.3733,97000.0,2023,10
Toronto,2379000.0,68 HAIG AVE,6,7,Ontario,5647656,43.7417,-79.3733,97000.0,2023,10
Toronto,839999.0,#LPH10 -195 REDPATH AVE,2,2,Ontario,5647656,43.7417,-79.3733,97000.0,2023,10
Toronto,1795000.0,429 ST CLAIR AVE E,3,1,Ontario,5647656,43.7417,-79.3733,97000.0,2023,10
Toronto,739000.0,#2104 -8 CHARLOTTE ST,2,2,Ontario,5647656,43.7417,-79.3733,97000.0,2023,10
Toronto,839999.0,#1602 -15 MERCER ST,2,2,Ontario,5647656,43.7417,-79.3733,97000.0,2023,10
Toronto,649800.0,#603 -8 YORK ST,2,2,Ontario,5647656,43.7417,-79.3733,97000.0,2023,10
Toronto,549000.0,#732 -155 DALHOUSIE ST,1,1,Ontario,5647656,43.7417,-79.3733,97000.0,2023,10
Toronto,1149900.0,#824 -46 WESTERN BATTERY RD,2,3,Ontario,5647656,43.7417,-79.3733,97000.0,2023,10
Toronto,12750000.0,48 ROSEDALE RD,4,7,Ontario,5647656,43.7417,-79.3733,97000.0,2023,10
Toronto,699800.0,#2206 -3 NAVY WHARF CRT,2,1,Ontario,5647656,43.7417,-79.3733,97000.0,2023,10
Toronto,3798000.0,194 SHELDRAKE BLVD E,5,5,Ontario,5647656,43.7417,-79.3733,97000.0,2023,10
Toronto,699900.0,#3805 -18 YONGE ST,2,2,Ontario,5647656,43.7417,-79.3733,97000.0,2023,10
Toronto,1250000.0,123 CHANDOS Avenue,4,3,Ontario,5647656,43.7417,-79.3733,97000.0,2023,10
Toronto,1449000.0,49 ASHBOURNE DR,5,4,Ontario,5647656,43.7417,-79.3733,97000.0,2023,10
Toronto,519888.0,#1606 -36 ZORRA ST,2,1,Ontario,5647656,43.7417,-79.3733,97000.0,2023,10
Toronto,1189000.0,108 ARMSTRONG AVE,3,2,Ontario,5647656,43.7417,-79.3733,97000.0,2023,10
Toronto,618900.0,#1006 -15 ZORRA ST,2,1,Ontario,5647656,43.7417,-79.3733,97000.0,2023,10
Toronto,565000.0,#207 -16 MCADAM AVE,1,1,Ontario,5647656,43.7417,-79.3733,97000.0,2023,10
Toronto,545000.0,#713 -1050 THE QUEENSWAY AVE,1,1,Ontario,5647656,43.7417,-79.3733,97000.0,2023,10
Toronto,1345000.0,24 TWENTY THIRD ST,4,2,Ontario,5647656,43.7417,-79.3733,97000.0,2023,10
Toronto,1999000.0,#401 -2118 BLOOR ST W,3,3,Ontario,5647656,43.7417,-79.3733,97000.0,2023,10
Toronto,1100000.0,#2806 -2045 LAKE SHORE BLVD W,2,2,Ontario,5647656,43.7417,-79.3733,97000.0,2023,10
Toronto,2199888.0,83 FOXWELL ST,6,4,Ontario,5647656,43.7417,-79.3733,97000.0,2023,10
Toronto,899000.0,22 GERIGS ST,3,2,Ontario,5647656,43.7417,-79.3733,97000.0,2023,10
Toronto,749000.0,289 LUMSDEN AVE,2,2,Ontario,5647656,43.7417,-79.3733,97000.0,2023,10
Toronto,2229000.0,274 MILLWOOD RD,4,2,Ontario,5647656,43.7417,-79.3733,97000.0,2023,10
Toronto,689000.0,#S449 -35 ROLLING MILLS RD,2,2,Ontario,5647656,43.7417,-79.3733,97000.0,2023,10
Toronto,1138000.0,#1507 -83 REDPATH AVE,2,2,Ontario,5647656,43.7417,-79.3733,97000.0,2023,10
Toronto,999000.0,#5102 -197 YONGE ST,2,2,Ontario,5647656,43.7417,-79.3733,97000.0,2023,10
Toronto,725000.0,#2213 -125 WESTERN BATTERY RD,2,2,Ontario,5647656,43.7417,-79.3733,97000.0,2023,10
Toronto,1100000.0,#514 -955 MILLWOOD RD,2,2,Ontario,5647656,43.7417,-79.3733,97000.0,2023,10
Toronto,609999.0,#1505 -33 MILL ST,2,1,Ontario,5647656,43.7417,-79.3733,97000.0,2023,10
Toronto,599000.0,25 Ritchie Avenue,1,1,Ontario,5647656,43.7417,-79.3733,97000.0,2023,10
Toronto,1060000.0,108 EVANS AVE,7,5,Ontario,5647656,43.7417,-79.3733,97000.0,2023,10
Toronto,598000.0,#317 -4208 DUNDAS ST W,1,1,Ontario,5647656,43.7417,-79.3733,97000.0,2023,10
Toronto,588000.0,#301 -3 HICKORY TREE RD,3,2,Ontario,5647656,43.7417,-79.3733,97000.0,2023,10
Toronto,999000.0,389 LANOR AVE,2,2,Ontario,5647656,43.7417,-79.3733,97000.0,2023,10
Toronto,5999999.0,93 VALECREST DR,5,5,Ontario,5647656,43.7417,-79.3733,97000.0,2023,10
Toronto,1800000.0,212 EDENBRIDGE DR,4,3,Ontario,5647656,43.7417,-79.3733,97000.0,2023,10
Toronto,899000.0,19 JEROME ST,3,2,Ontario,5647656,43.7417,-79.3733,97000.0,2023,10
Toronto,659900.0,#401 -800 LAWRENCE AVE W,2,2,Ontario,5647656,43.7417,-79.3733,97000.0,2023,10
Toronto,1000000.0,#2811 -88 PARK LAWN RD,3,2,Ontario,5647656,43.7417,-79.3733,97000.0,2023,10
Toronto,1094000.0,48 WOLCOTT AVE,2,2,Ontario,5647656,43.7417,-79.3733,97000.0,2023,10
Toronto,1250000.0,19 LILLINGTON AVE,4,2,Ontario,5647656,43.7417,-79.3733,97000.0,2023,10
Toronto,1300000.0,87 ROOSEVELT RD,4,3,Ontario,5647656,43.7417,-79.3733,97000.0,2023,10
Toronto,698000.0,#12 -123 STRATHCONA AVE,2,1,Ontario,5647656,43.7417,-79.3733,97000.0,2023,10
Toronto,1649000.0,#405 -1 RAINSFORD RD,2,3,Ontario,5647656,43.7417,-79.3733,97000.0,2023,10
Toronto,1079000.0,401 KINGSWOOD RD,3,2,Ontario,5647656,43.7417,-79.3733,97000.0,2023,10
Toronto,2149000.0,409 CASTLEFIELD AVE,4,3,Ontario,5647656,43.7417,-79.3733,97000.0,2023,10
Toronto,932900.0,#815 -600 QUEENS QUAY W,3,2,Ontario,5647656,43.7417,-79.3733,97000.0,2023,10
Toronto,680000.0,#423 -38 CAMERON ST,2,2,Ontario,5647656,43.7417,-79.3733,97000.0,2023,10
Toronto,649000.0,#103 -90 STADIUM RD,1,1,Ontario,5647656,43.7417,-79.3733,97000.0,2023,10
Toronto,2399000.0,7 VANDERHOOF AVE,3,4,Ontario,5647656,43.7417,-79.3733,97000.0,2023,10
Toronto,569900.0,#409 -50 POWER ST,2,1,Ontario,5647656,43.7417,-79.3733,97000.0,2023,10
Toronto,678000.0,#621 -30 ROEHAMPTON AVE,2,1,Ontario,5647656,43.7417,-79.3733,97000.0,2023,10
Toronto,1899000.0,6 LITTLEHAYES LANE,4,3,Ontario,5647656,43.7417,-79.3733,97000.0,2023,10
Toronto,729000.0,#705 -1030 KING ST W,2,1,Ontario,5647656,43.7417,-79.3733,97000.0,2023,10
Toronto,3349000.0,113 WALKER AVE,5,5,Ontario,5647656,43.7417,-79.3733,97000.0,2023,10
Toronto,749000.0,#1104 -501 ADELAIDE ST W,1,1,Ontario,5647656,43.7417,-79.3733,97000.0,2023,10
Toronto,1275000.0,#301 -401 QUEENS QUAY W,2,2,Ontario,5647656,43.7417,-79.3733,97000.0,2023,10
Toronto,8688000.0,8 RUSSELL HILL DR,6,7,Ontario,5647656,43.7417,-79.3733,97000.0,2023,10
Toronto,619000.0,#612 -100 WESTERN BATTERY RD,1,1,Ontario,5647656,43.7417,-79.3733,97000.0,2023,10
Toronto,524999.0,10 EDGECLIFF GOLFWAY Unit# 402,3,1,Ontario,5647656,43.7417,-79.3733,97000.0,2023,10
Toronto,599999.0,#603 -50 GEORGE BUTCHART DR,2,1,Ontario,5647656,43.7417,-79.3733,97000.0,2023,10
Toronto,1595900.0,#4004 -70 ANNIE CRAIG DR,2,3,Ontario,5647656,43.7417,-79.3733,97000.0,2023,10
Toronto,1975000.0,964 ROYAL YORK RD,3,2,Ontario,5647656,43.7417,-79.3733,97000.0,2023,10
Toronto,1399000.0,#405 -2855 BLOOR ST W,3,2,Ontario,5647656,43.7417,-79.3733,97000.0,2023,10
Toronto,1099000.0,4 EWART AVE,4,2,Ontario,5647656,43.7417,-79.3733,97000.0,2023,10
Toronto,559900.0,#1617 -185 LEGION RD N,1,1,Ontario,5647656,43.7417,-79.3733,97000.0,2023,10
Toronto,845000.0,26 TEDDER ST,2,2,Ontario,5647656,43.7417,-79.3733,97000.0,2023,10
Toronto,2698000.0,596 INDIAN RD,4,4,Ontario,5647656,43.7417,-79.3733,97000.0,2023,10
Toronto,2998000.0,72 ASHBOURNE DR,4,5,Ontario,5647656,43.7417,-79.3733,97000.0,2023,10
Toronto,749900.0,#304 -1300 ISLINGTON AVE,2,2,Ontario,5647656,43.7417,-79.3733,97000.0,2023,10
Toronto,725000.0,#507 -15 ZORRA ST,3,2,Ontario,5647656,43.7417,-79.3733,97000.0,2023,10
Toronto,1199900.0,513 MILVERTON BLVD,4,3,Ontario,5647656,43.7417,-79.3733,97000.0,2023,10
Toronto,839999.0,#301 -1003 QUEENS ST E,2,1,Ontario,5647656,43.7417,-79.3733,97000.0,2023,10
Toronto,999900.0,25 BELLAMY RD S,4,3,Ontario,5647656,43.7417,-79.3733,97000.0,2023,10
Toronto,929000.0,32 MOZART AVE,4,2,Ontario,5647656,43.7417,-79.3733,97000.0,2023,10
Toronto,1480000.0,21 FREEMON REDMON CIRC,5,5,Ontario,5647656,43.7417,-79.3733,97000.0,2023,10
Toronto,1129000.0,33 BARRINGTON AVE,4,2,Ontario,5647656,43.7417,-79.3733,97000.0,2023,10
Toronto,942000.0,#505A -245 CARLAW AVE,1,1,Ontario,5647656,43.7417,-79.3733,97000.0,2023,10
Toronto,925000.0,18 DURANT AVE,3,1,Ontario,5647656,43.7417,-79.3733,97000.0,2023,10
Toronto,769900.0,31 QUEENSBURY AVE,2,2,Ontario,5647656,43.7417,-79.3733,97000.0,2023,10
Toronto,1079000.0,70 WARLAND AVE,3,2,Ontario,5647656,43.7417,-79.3733,97000.0,2023,10
Toronto,1699000.0,4 BOWMORE RD,4,3,Ontario,5647656,43.7417,-79.3733,97000.0,2023,10
Toronto,695000.0,#2112 -101 PETER ST,2,1,Ontario,5647656,43.7417,-79.3733,97000.0,2023,10
Toronto,649000.0,#PH18 -308 PALMERSTON AVE,1,1,Ontario,5647656,43.7417,-79.3733,97000.0,2023,10
Toronto,1019000.0,#804 -1001 BAY ST,2,2,Ontario,5647656,43.7417,-79.3733,97000.0,2023,10
Toronto,658000.0,#706 -10 YONGE ST,2,1,Ontario,5647656,43.7417,-79.3733,97000.0,2023,10
Toronto,999900.0,#S1405 -120 BAYVIEW AVE,2,2,Ontario,5647656,43.7417,-79.3733,97000.0,2023,10
Toronto,688000.0,#201 -96 ST PATRICK ST,1,1,Ontario,5647656,43.7417,-79.3733,97000.0,2023,10
Toronto,479900.0,#809 -210 VICTORIA ST,0,1,Ontario,5647656,43.7417,-79.3733,97000.0,2023,10
Toronto,949900.0,#PH 25 -35 BRIAN PECK CRES,3,2,Ontario,5647656,43.7417,-79.3733,97000.0,2023,10
Toronto,489900.0,#414 -59 EAST LIBERTY ST,1,1,Ontario,5647656,43.7417,-79.3733,97000.0,2023,10
Toronto,669800.0,#3911 -45 CHARLES ST E,2,2,Ontario,5647656,43.7417,-79.3733,97000.0,2023,10
Toronto,1579900.0,428 LANSDOWNE AVE,5,4,Ontario,5647656,43.7417,-79.3733,97000.0,2023,10
Toronto,939000.0,#903 -111 ST CLAIR AVE W,2,2,Ontario,5647656,43.7417,-79.3733,97000.0,2023,10
Toronto,860000.0,#608 -377 MADISON AVE,2,2,Ontario,5647656,43.7417,-79.3733,97000.0,2023,10
Toronto,658000.0,#1501 -101 PETER ST,1,1,Ontario,5647656,43.7417,-79.3733,97000.0,2023,10
Toronto,3450000.0,37 BERNARD AVE,4,4,Ontario,5647656,43.7417,-79.3733,97000.0,2023,10
Toronto,649000.0,#401 -840 ST CLAIR AVE W,2,1,Ontario,5647656,43.7417,-79.3733,97000.0,2023,10
Toronto,3849000.0,150 ALBERTUS AVE,4,6,Ontario,5647656,43.7417,-79.3733,97000.0,2023,10
Toronto,2999000.0,42 AMELIA ST,5,4,Ontario,5647656,43.7417,-79.3733,97000.0,2023,10
Toronto,898000.0,#224 -900 MOUNT PLEASANT RD,2,2,Ontario,5647656,43.7417,-79.3733,97000.0,2023,10
Toronto,7995000.0,4 GARDINER RD,5,6,Ontario,5647656,43.7417,-79.3733,97000.0,2023,10
Toronto,639900.0,#905 -20 EDWARD ST,1,1,Ontario,5647656,43.7417,-79.3733,97000.0,2023,10
Toronto,584000.0,#506 -2 RIDELLE AVE,2,1,Ontario,5647656,43.7417,-79.3733,97000.0,2023,10
Toronto,1199900.0,#N114 -120 BAYVIEW AVE,2,3,Ontario,5647656,43.7417,-79.3733,97000.0,2023,10
Toronto,919900.0,#303 -393 KING ST E,2,2,Ontario,5647656,43.7417,-79.3733,97000.0,2023,10
Toronto,1428000.0,#7107 -388 YONGE ST,2,2,Ontario,5647656,43.7417,-79.3733,97000.0,2023,10
Toronto,12750000.0,390 RUSSELL HILL RD,5,8,Ontario,5647656,43.7417,-79.3733,97000.0,2023,10
Toronto,1575000.0,539 SHAW ST,4,2,Ontario,5647656,43.7417,-79.3733,97000.0,2023,10
Toronto,699000.0,#81 -60 TURNTABLE CRES,3,2,Ontario,5647656,43.7417,-79.3733,97000.0,2023,10
Toronto,988000.0,759 SAMMON AVE,2,1,Ontario,5647656,43.7417,-79.3733,97000.0,2023,10
Toronto,1379900.0,26 KENT RD,4,2,Ontario,5647656,43.7417,-79.3733,97000.0,2023,10
Toronto,2549000.0,65 DERWYN RD,4,4,Ontario,5647656,43.7417,-79.3733,97000.0,2023,10
Toronto,744999.0,#3204 -25 CARLTON ST,2,1,Ontario,5647656,43.7417,-79.3733,97000.0,2023,10
Toronto,1849000.0,35 ABERDEEN AVE,3,2,Ontario,5647656,43.7417,-79.3733,97000.0,2023,10
Toronto,989000.0,#1304 -13 SUDBURY ST,3,2,Ontario,5647656,43.7417,-79.3733,97000.0,2023,10
Toronto,850000.0,8 THOMAS MULHOLLAND DR,3,3,Ontario,5647656,43.7417,-79.3733,97000.0,2023,10
Toronto,4336900.0,#LPH19 -2095 LAKE SHORE BLVD W,3,4,Ontario,5647656,43.7417,-79.3733,97000.0,2023,10
Toronto,1329999.0,83 JOPLING AVE N,4,2,Ontario,5647656,43.7417,-79.3733,97000.0,2023,10
Toronto,1399900.0,7A EVERETT CRES E,3,3,Ontario,5647656,43.7417,-79.3733,97000.0,2023,10
Toronto,657999.0,#1105 -33 BAY ST,2,1,Ontario,5647656,43.7417,-79.3733,97000.0,2023,10
Toronto,998000.0,1446 DUFFERIN ST,4,2,Ontario,5647656,43.7417,-79.3733,97000.0,2023,10
Toronto,999000.0,576 GREENWOOD AVE,4,1,Ontario,5647656,43.7417,-79.3733,97000.0,2023,10
Toronto,949000.0,#310 -430 RONCESVALLES AVE,3,2,Ontario,5647656,43.7417,-79.3733,97000.0,2023,10
Toronto,3249000.0,269 FALSTAFF AVE,6,5,Ontario,5647656,43.7417,-79.3733,97000.0,2023,10
Toronto,1099000.0,237 EILEEN AVE,4,2,Ontario,5647656,43.7417,-79.3733,97000.0,2023,10
Toronto,729000.0,#1401 -2087 LAKE SHORE BLVD W,2,2,Ontario,5647656,43.7417,-79.3733,97000.0,2023,10
Toronto,2850000.0,1 MAYNARD AVE S,5,4,Ontario,5647656,43.7417,-79.3733,97000.0,2023,10
Toronto,999900.0,9 KENMORE AVE,2,2,Ontario,5647656,43.7417,-79.3733,97000.0,2023,10
Toronto,738000.0,#107 -280 SIMCOE ST,2,1,Ontario,5647656,43.7417,-79.3733,97000.0,2023,10
Toronto,719900.0,#803 -1430 YONGE ST,2,1,Ontario,5647656,43.7417,-79.3733,97000.0,2023,10
Toronto,804800.0,#2505 -30 ROEHAMPTON AVE,2,2,Ontario,5647656,43.7417,-79.3733,97000.0,2023,10
Toronto,1399000.0,8 YARMOUTH GDNS S,4,3,Ontario,5647656,43.7417,-79.3733,97000.0,2023,10
Toronto,999000.0,22 LLOYD MANOR RD,4,3,Ontario,5647656,43.7417,-79.3733,97000.0,2023,10
Toronto,879000.0,120 CANON JACKSON DR,2,3,Ontario,5647656,43.7417,-79.3733,97000.0,2023,10
Toronto,899000.0,#2903 -33 HELENDALE AVE,2,2,Ontario,5647656,43.7417,-79.3733,97000.0,2023,10
Toronto,599000.0,#2006 -2221 YONGE ST,1,1,Ontario,5647656,43.7417,-79.3733,97000.0,2023,10
Toronto,650000.0,#906 -35 BASTION ST,2,1,Ontario,5647656,43.7417,-79.3733,97000.0,2023,10
Toronto,599900.0,35 MARINER Terrace Unit# 805,1,1,Ontario,5647656,43.7417,-79.3733,97000.0,2023,10
Toronto,949000.0,7 LATONIA DR,4,2,Ontario,5647656,43.7417,-79.3733,97000.0,2023,10
Toronto,899000.0,124 SYMINGTON AVE,3,3,Ontario,5647656,43.7417,-79.3733,97000.0,2023,10
Toronto,619900.0,#601 -15 LEGION RD,2,1,Ontario,5647656,43.7417,-79.3733,97000.0,2023,10
Toronto,749000.0,#514 -3220 SHEPPARD AVE,3,2,Ontario,5647656,43.7417,-79.3733,97000.0,2023,10
Toronto,1799000.0,50 ELLERBECK ST,3,3,Ontario,5647656,43.7417,-79.3733,97000.0,2023,10
Toronto,1588000.0,280 WESTLAKE AVE,5,5,Ontario,5647656,43.7417,-79.3733,97000.0,2023,10
Toronto,648800.0,##501 -219 DUNDAS ST E,1,1,Ontario,5647656,43.7417,-79.3733,97000.0,2023,10
Toronto,3249000.0,11 SAGUENAY AVE,6,4,Ontario,5647656,43.7417,-79.3733,97000.0,2023,10
Toronto,718000.0,#1607 -125 PETER ST,2,1,Ontario,5647656,43.7417,-79.3733,97000.0,2023,10
Toronto,795000.0,#501 -188 EGLINTON AVE E,2,1,Ontario,5647656,43.7417,-79.3733,97000.0,2023,10
Toronto,999000.0,#410 -151 AVENUE RD,2,1,Ontario,5647656,43.7417,-79.3733,97000.0,2023,10
Toronto,995900.0,#410 -35 CHURCH ST,2,2,Ontario,5647656,43.7417,-79.3733,97000.0,2023,10
Toronto,789000.0,#501 -50 LYNN WILLIAMS ST,2,2,Ontario,5647656,43.7417,-79.3733,97000.0,2023,10
Toronto,575000.0,#2602 -21 ICEBOAT TERR,1,1,Ontario,5647656,43.7417,-79.3733,97000.0,2023,10
Toronto,1799000.0,167 BELSIZE DR,3,2,Ontario,5647656,43.7417,-79.3733,97000.0,2023,10
Toronto,679900.0,#1103 -138 PRINCESS ST,2,1,Ontario,5647656,43.7417,-79.3733,97000.0,2023,10
Toronto,499999.0,#2101 -25 GRENVILLE ST,2,1,Ontario,5647656,43.7417,-79.3733,97000.0,2023,10
Toronto,699000.0,#2901 -14 YORK ST,3,2,Ontario,5647656,43.7417,-79.3733,97000.0,2023,10
Toronto,758000.0,#1205 -197 YONGE ST,2,1,Ontario,5647656,43.7417,-79.3733,97000.0,2023,10
Toronto,799000.0,#207 -800 KING ST W,2,2,Ontario,5647656,43.7417,-79.3733,97000.0,2023,10
Toronto,738000.0,#2303 -181 WYNFORD DR,2,2,Ontario,5647656,43.7417,-79.3733,97000.0,2023,10
Toronto,1338000.0,#302 -625 AVENUE RD,1,1,Ontario,5647656,43.7417,-79.3733,97000.0,2023,10
Toronto,549000.0,#506 -36 BLUE JAYS WAY,1,1,Ontario,5647656,43.7417,-79.3733,97000.0,2023,10
Toronto,749000.0,#26 -2335 SHEPPARD AVE W,2,2,Ontario,5647656,43.7417,-79.3733,97000.0,2023,10
Toronto,2199000.0,27 JOHN ST,11,4,Ontario,5647656,43.7417,-79.3733,97000.0,2023,10
Toronto,1279900.0,287 GAMMA ST,6,3,Ontario,5647656,43.7417,-79.3733,97000.0,2023,10
Toronto,3598000.0,44 HIGH PARK BLVD,9,5,Ontario,5647656,43.7417,-79.3733,97000.0,2023,10
Toronto,2285000.0,32 ALGOMA ST,4,4,Ontario,5647656,43.7417,-79.3733,97000.0,2023,10
Toronto,1859000.0,411 CONCORD AVE,3,3,Ontario,5647656,43.7417,-79.3733,97000.0,2023,10
Toronto,619000.0,#215 -185 LEGION RD N,2,1,Ontario,5647656,43.7417,-79.3733,97000.0,2023,10
Toronto,968000.0,#616 -250 MANITOBA ST,3,2,Ontario,5647656,43.7417,-79.3733,97000.0,2023,10
Toronto,1649000.0,213 GRACEFIELD AVE,4,4,Ontario,5647656,43.7417,-79.3733,97000.0,2023,10
Toronto,1089000.0,#302 -1941 QUEEN ST E,2,2,Ontario,5647656,43.7417,-79.3733,97000.0,2023,10
Toronto,848000.0,57 CEDARCREST BLVD,3,2,Ontario,5647656,43.7417,-79.3733,97000.0,2023,10
Toronto,949000.0,190 GLEDHILL AVE,3,1,Ontario,5647656,43.7417,-79.3733,97000.0,2023,10
Toronto,1039900.0,73 MERRILL AVE E,4,2,Ontario,5647656,43.7417,-79.3733,97000.0,2023,10
Toronto,1079000.0,79 SWANWICK AVE,3,2,Ontario,5647656,43.7417,-79.3733,97000.0,2023,10
Toronto,1049000.0,2745 ST CLAIR AVE E,4,3,Ontario,5647656,43.7417,-79.3733,97000.0,2023,10
Toronto,645000.0,#201 -201 CARLAW AVE,1,1,Ontario,5647656,43.7417,-79.3733,97000.0,2023,10
Toronto,539000.0,#515 -1603 EGLINTON AVE W,1,1,Ontario,5647656,43.7417,-79.3733,97000.0,2023,10
Toronto,679800.0,#906 -15 LOWER JARVIS ST,2,2,Ontario,5647656,43.7417,-79.3733,97000.0,2023,10
Toronto,610000.0,#413 -629 KING ST W,1,1,Ontario,5647656,43.7417,-79.3733,97000.0,2023,10
Toronto,874000.0,#1915 -20 EDWARD ST,2,2,Ontario,5647656,43.7417,-79.3733,97000.0,2023,10
Toronto,1988000.0,76 BRENTCLIFFE RD,3,2,Ontario,5647656,43.7417,-79.3733,97000.0,2023,10
Toronto,1399000.0,#4029 -28 WIDMER ST,3,2,Ontario,5647656,43.7417,-79.3733,97000.0,2023,10
Toronto,888000.0,#2713 -300 FRONT ST,2,1,Ontario,5647656,43.7417,-79.3733,97000.0,2023,10
Toronto,1188000.0,#3204 -15 GRENVILLE ST,3,2,Ontario,5647656,43.7417,-79.3733,97000.0,2023,10
Toronto,649000.0,##626 -525 WILSON AVE,2,2,Ontario,5647656,43.7417,-79.3733,97000.0,2023,10
Toronto,899880.0,#3409 -88 BLUE JAYS WAY,2,2,Ontario,5647656,43.7417,-79.3733,97000.0,2023,10
Toronto,1895000.0,#402 -2511 BLOOR ST W,3,2,Ontario,5647656,43.7417,-79.3733,97000.0,2023,10
Toronto,529000.0,#2209 -830 LAWRENCE AVE W,1,1,Ontario,5647656,43.7417,-79.3733,97000.0,2023,10
Toronto,789000.0,#906 -50 THOMAS RILEY RD,2,2,Ontario,5647656,43.7417,-79.3733,97000.0,2023,10
Toronto,1599900.0,4 BURNFIELD AVE,6,3,Ontario,5647656,43.7417,-79.3733,97000.0,2023,10
Toronto,679900.0,#15 -713 LAWRENCE AVE W,2,2,Ontario,5647656,43.7417,-79.3733,97000.0,2023,10
Toronto,2159000.0,16 OLDHAM RD,4,3,Ontario,5647656,43.7417,-79.3733,97000.0,2023,10
Toronto,1975000.0,27 FIFTEENTH ST,5,5,Ontario,5647656,43.7417,-79.3733,97000.0,2023,10
Toronto,1129000.0,52 LOCKERBIE AVE,2,2,Ontario,5647656,43.7417,-79.3733,97000.0,2023,10
Toronto,1147000.0,90 AURA LEA BLVD,3,2,Ontario,5647656,43.7417,-79.3733,97000.0,2023,10
Toronto,969900.0,#101 -251 MANITOBA ST,2,3,Ontario,5647656,43.7417,-79.3733,97000.0,2023,10
Toronto,1499990.0,483 MILVERTON BLVD,4,3,Ontario,5647656,43.7417,-79.3733,97000.0,2023,10
Toronto,989900.0,30 HEXHAM DR,5,2,Ontario,5647656,43.7417,-79.3733,97000.0,2023,10
Toronto,899900.0,#703 -233 CARLAW AVE,2,1,Ontario,5647656,43.7417,-79.3733,97000.0,2023,10
Toronto,579000.0,#1407 -1815 YONGE ST,1,1,Ontario,5647656,43.7417,-79.3733,97000.0,2023,10
Toronto,675000.0,#609 -555 YONGE ST,2,2,Ontario,5647656,43.7417,-79.3733,97000.0,2023,10
Toronto,574900.0,#1109 -159 WELLESLEY ST E,2,1,Ontario,5647656,43.7417,-79.3733,97000.0,2023,10
Toronto,699000.0,#1207 -55 EAST LIBERTY ST,2,2,Ontario,5647656,43.7417,-79.3733,97000.0,2023,10
Toronto,1950000.0,294 ST CLEMENTS AVE,4,2,Ontario,5647656,43.7417,-79.3733,97000.0,2023,10
Toronto,499000.0,#2910 -181 WYNFORD DR,1,1,Ontario,5647656,43.7417,-79.3733,97000.0,2023,10
Toronto,2000000.0,21 NANTON AVE,5,3,Ontario,5647656,43.7417,-79.3733,97000.0,2023,10
Toronto,1989000.0,263 CRAWFORD ST,5,4,Ontario,5647656,43.7417,-79.3733,97000.0,2023,10
Toronto,1289000.0,33 WHITAKER AVE,3,2,Ontario,5647656,43.7417,-79.3733,97000.0,2023,10
Toronto,739000.0,#1203 -320 RICHMOND ST E,2,2,Ontario,5647656,43.7417,-79.3733,97000.0,2023,10
Toronto,899000.0,524 LAUDER AVE,3,2,Ontario,5647656,43.7417,-79.3733,97000.0,2023,10
Toronto,999888.0,38 ST CLARENS AVE,3,3,Ontario,5647656,43.7417,-79.3733,97000.0,2023,10
Toronto,585000.0,#N810 -120 BAYVIEW AVE,1,1,Ontario,5647656,43.7417,-79.3733,97000.0,2023,10
Toronto,749900.0,#2802 -85 QUEENS WHARF RD,2,1,Ontario,5647656,43.7417,-79.3733,97000.0,2023,10
Toronto,499999.0,#1701 -115 BLUE JAYS WAY,1,1,Ontario,5647656,43.7417,-79.3733,97000.0,2023,10
Toronto,949000.0,132 HILLSDALE AVE W,4,1,Ontario,5647656,43.7417,-79.3733,97000.0,2023,10
Toronto,2095000.0,#1001 -105 VICTORIA ST,1,1,Ontario,5647656,43.7417,-79.3733,97000.0,2023,10
Toronto,499000.0,359 SPADINA RD,4,3,Ontario,5647656,43.7417,-79.3733,97000.0,2023,10
Toronto,1049900.0,84 ROSETHORN AVE,3,3,Ontario,5647656,43.7417,-79.3733,97000.0,2023,10
Toronto,1048000.0,74 CHRYESSA AVE,2,1,Ontario,5647656,43.7417,-79.3733,97000.0,2023,10
Toronto,749900.0,361 MCROBERTS AVE,4,4,Ontario,5647656,43.7417,-79.3733,97000.0,2023,10
Toronto,1699000.0,#402 -315 DIXON RD,3,2,Ontario,5647656,43.7417,-79.3733,97000.0,2023,10
Toronto,500000.0,#101 -384 SUNNYSIDE AVE,2,2,Ontario,5647656,43.7417,-79.3733,97000.0,2023,10
Toronto,1399000.0,#1112 -2083 LAKE SHORE BLVD W,1,1,Ontario,5647656,43.7417,-79.3733,97000.0,2023,10
Toronto,699888.0,#A9 -245 DALESFORD RD,2,2,Ontario,5647656,43.7417,-79.3733,97000.0,2023,10
Toronto,788888.0,#2 -44 BOSTON AVE,1,1,Ontario,5647656,43.7417,-79.3733,97000.0,2023,10
Toronto,1249900.0,12 TIVERTON AVE,4,2,Ontario,5647656,43.7417,-79.3733,97000.0,2023,10
Toronto,1720000.0,329 WILLOW AVE,3,2,Ontario,5647656,43.7417,-79.3733,97000.0,2023,10
Toronto,1249000.0,19 LARCHMOUNT AVE,3,2,Ontario,5647656,43.7417,-79.3733,97000.0,2023,10
Toronto,399900.0,#1503 -4 PARK VISTA DR,2,1,Ontario,5647656,43.7417,-79.3733,97000.0,2023,10
Toronto,499990.0,#2086 -1 GREYSTONE WALK DR,3,2,Ontario,5647656,43.7417,-79.3733,97000.0,2023,10
Toronto,1699999.0,99 LEUTY AVE,4,3,Ontario,5647656,43.7417,-79.3733,97000.0,2023,10
Toronto,949000.0,17 LITTLEYORK RD,4,3,Ontario,5647656,43.7417,-79.3733,97000.0,2023,10
Toronto,499999.0,#204 -20 GILDER DR,2,1,Ontario,5647656,43.7417,-79.3733,97000.0,2023,10
Toronto,925000.0,123 DENTON AVE,3,2,Ontario,5647656,43.7417,-79.3733,97000.0,2023,10
Toronto,759000.0,#708 -35 BASTION ST,2,2,Ontario,5647656,43.7417,-79.3733,97000.0,2023,10
Toronto,999000.0,#724 -388 RICHMOND ST W,2,2,Ontario,5647656,43.7417,-79.3733,97000.0,2023,10
Toronto,850000.0,#304 -39 JARVIS ST,2,2,Ontario,5647656,43.7417,-79.3733,97000.0,2023,10
Toronto,659900.0,#325 -361 FRONT ST W,2,1,Ontario,5647656,43.7417,-79.3733,97000.0,2023,10
Toronto,2688000.0,248 B HILLHURST BLVD,5,5,Ontario,5647656,43.7417,-79.3733,97000.0,2023,10
Toronto,1399000.0,#2 -306 SACKVILLE ST,3,3,Ontario,5647656,43.7417,-79.3733,97000.0,2023,10
Toronto,1995000.0,490 BRIAR HILL AVE,5,2,Ontario,5647656,43.7417,-79.3733,97000.0,2023,10
Toronto,1099000.0,46 TECUMSETH ST,4,2,Ontario,5647656,43.7417,-79.3733,97000.0,2023,10
Toronto,788000.0,#612 -219 DUNDAS ST E,2,2,Ontario,5647656,43.7417,-79.3733,97000.0,2023,10
Toronto,664900.0,#307 -8 MERCER ST,2,1,Ontario,5647656,43.7417,-79.3733,97000.0,2023,10
Toronto,468500.0,#514 -15 LOWER JARVIS ST N,1,1,Ontario,5647656,43.7417,-79.3733,97000.0,2023,10
Toronto,2149000.0,18 BORDEN ST N,5,3,Ontario,5647656,43.7417,-79.3733,97000.0,2023,10
Toronto,674000.0,#225 -85 QUEENS WHARF RD,2,1,Ontario,5647656,43.7417,-79.3733,97000.0,2023,10
Toronto,3195000.0,10 WYCHWOOD PARK,4,4,Ontario,5647656,43.7417,-79.3733,97000.0,2023,10
Toronto,690000.0,#407 -928 MILLWOOD RD,2,2,Ontario,5647656,43.7417,-79.3733,97000.0,2023,10
Toronto,2799000.0,457 ELM RD,5,4,Ontario,5647656,43.7417,-79.3733,97000.0,2023,10
Toronto,642000.0,#PH110 -942 YONGE ST,1,1,Ontario,5647656,43.7417,-79.3733,97000.0,2023,10
Toronto,1389000.0,#1 -1356 BATHURST ST,3,2,Ontario,5647656,43.7417,-79.3733,97000.0,2023,10
Toronto,1265000.0,#428 -28 EASTERN AVE,3,2,Ontario,5647656,43.7417,-79.3733,97000.0,2023,10
Toronto,1699000.0,#604 -2727 YONGE ST,2,2,Ontario,5647656,43.7417,-79.3733,97000.0,2023,10
Toronto,499000.0,#1601 -68 SHUTER ST,1,1,Ontario,5647656,43.7417,-79.3733,97000.0,2023,10
Toronto,499888.0,#606 -2285 LAKE SHORE BLVD W,1,1,Ontario,5647656,43.7417,-79.3733,97000.0,2023,10
Toronto,1049888.0,#17 -150 LONG BRANCH AVE,4,3,Ontario,5647656,43.7417,-79.3733,97000.0,2023,10
Toronto,698000.0,#1044 -15 MERCHANTS' WHARF,2,1,Ontario,5647656,43.7417,-79.3733,97000.0,2023,10
Toronto,2849888.0,316 BROADWAY AVE,3,4,Ontario,5647656,43.7417,-79.3733,97000.0,2023,10
Toronto,1328000.0,296 SUMACH ST,3,2,Ontario,5647656,43.7417,-79.3733,97000.0,2023,10
Toronto,599999.0,#1304 -16 BONNYCASTLE ST,2,1,Ontario,5647656,43.7417,-79.3733,97000.0,2023,10
Toronto,1365000.0,76 THURSFIELD CRES,3,2,Ontario,5647656,43.7417,-79.3733,97000.0,2023,10
Toronto,1550000.0,49 AVONHURST Road,4,3,Ontario,5647656,43.7417,-79.3733,97000.0,2023,10
Toronto,610000.0,#24 -36 GIBSON AVE,2,1,Ontario,5647656,43.7417,-79.3733,97000.0,2023,10
Toronto,1099000.0,388 MAIN ST E,4,2,Ontario,5647656,43.7417,-79.3733,97000.0,2023,10
Toronto,975000.0,#3207 -5 ST JOSEPH ST,2,2,Ontario,5647656,43.7417,-79.3733,97000.0,2023,10
Toronto,745000.0,#527 -205 THE DON WAY W,2,2,Ontario,5647656,43.7417,-79.3733,97000.0,2023,10
Toronto,1099000.0,#1804 -170 AVENUE RD,2,2,Ontario,5647656,43.7417,-79.3733,97000.0,2023,10
Toronto,738880.0,#906 -330 RICHMOND ST W,2,1,Ontario,5647656,43.7417,-79.3733,97000.0,2023,10
Toronto,799900.0,#LOT #1 -287 VALERMO DR,3,1,Ontario,5647656,43.7417,-79.3733,97000.0,2023,10
Toronto,2999999.0,#PH13 -55 HARBOUR SQ,3,3,Ontario,5647656,43.7417,-79.3733,97000.0,2023,10
Toronto,699900.0,#1202 -30 ORDNANCE ST,2,1,Ontario,5647656,43.7417,-79.3733,97000.0,2023,10
Toronto,3339000.0,157 ROSLIN AVE,6,5,Ontario,5647656,43.7417,-79.3733,97000.0,2023,10
Toronto,618000.0,#S327 -455 FRONT ST E,1,1,Ontario,5647656,43.7417,-79.3733,97000.0,2023,10
Toronto,1649000.0,120 ST CLARENS AVE,4,3,Ontario,5647656,43.7417,-79.3733,97000.0,2023,10
Toronto,3599900.0,#TH9 -61 ST MARY ST,3,4,Ontario,5647656,43.7417,-79.3733,97000.0,2023,10
Toronto,699990.0,#1503 -181 WYNFORD DR,2,2,Ontario,5647656,43.7417,-79.3733,97000.0,2023,10
Toronto,1300000.0,408 NORTHCLIFFE BLVD,4,2,Ontario,5647656,43.7417,-79.3733,97000.0,2023,10
Toronto,975000.0,#2906 -488 UNIVERSITY AVE,2,1,Ontario,5647656,43.7417,-79.3733,97000.0,2023,10
Toronto,899000.0,5 NASMITH AVE,3,2,Ontario,5647656,43.7417,-79.3733,97000.0,2023,10
Toronto,799000.0,#3603 -1928 LAKESHORE W BLVD,2,2,Ontario,5647656,43.7417,-79.3733,97000.0,2023,10
Toronto,849000.0,#414 -25 NEIGHBOURHOOD LANE,3,2,Ontario,5647656,43.7417,-79.3733,97000.0,2023,10
Toronto,3699000.0,206 GRENADIER RD,4,4,Ontario,5647656,43.7417,-79.3733,97000.0,2023,10
Toronto,525000.0,#516 -2464 WESTON RD,1,1,Ontario,5647656,43.7417,-79.3733,97000.0,2023,10
Toronto,1099000.0,2032 DAVENPORT RD,3,3,Ontario,5647656,43.7417,-79.3733,97000.0,2023,10
Toronto,2595000.0,59 THE WESTWAY,7,6,Ontario,5647656,43.7417,-79.3733,97000.0,2023,10
Toronto,1259900.0,404 MELROSE ST,4,1,Ontario,5647656,43.7417,-79.3733,97000.0,2023,10
Toronto,1225000.0,#1107 -576 FRONT ST W,2,2,Ontario,5647656,43.7417,-79.3733,97000.0,2023,10
Toronto,925000.0,#609 -10 BELLAIR ST,2,1,Ontario,5647656,43.7417,-79.3733,97000.0,2023,10
Toronto,1250000.0,#3710 -8 PARK RD,2,2,Ontario,5647656,43.7417,-79.3733,97000.0,2023,10
Toronto,589900.0,#211 -400 ADELAIDE ST E,1,1,Ontario,5647656,43.7417,-79.3733,97000.0,2023,10
Toronto,680000.0,#4101 -8 EGLINTON AVE E,2,2,Ontario,5647656,43.7417,-79.3733,97000.0,2023,10
Toronto,849900.0,#809 -219 DUNDAS ST E,2,2,Ontario,5647656,43.7417,-79.3733,97000.0,2023,10
Toronto,1199000.0,51 MACGREGOR AVE,3,2,Ontario,5647656,43.7417,-79.3733,97000.0,2023,10
Toronto,799000.0,U 66 60 WINSTON PARK BLVD,3,3,Ontario,5647656,43.7417,-79.3733,97000.0,2023,10
Toronto,509000.0,#209 -15 MICHAEL POWER PL,1,1,Ontario,5647656,43.7417,-79.3733,97000.0,2023,10
Toronto,1900000.0,40 FERN AVE,4,3,Ontario,5647656,43.7417,-79.3733,97000.0,2023,10
Toronto,598888.0,#509 -2212 LAKE SHORE BLVD W,2,1,Ontario,5647656,43.7417,-79.3733,97000.0,2023,10
Toronto,1095000.0,#209 -1285 QUEEN ST E,2,2,Ontario,5647656,43.7417,-79.3733,97000.0,2023,10
Toronto,1479000.0,34 QUEENSGROVE RD,5,3,Ontario,5647656,43.7417,-79.3733,97000.0,2023,10
Toronto,998000.0,10 CREWE AVE,5,4,Ontario,5647656,43.7417,-79.3733,97000.0,2023,10
Toronto,1299000.0,373 MILVERTON BLVD,3,2,Ontario,5647656,43.7417,-79.3733,97000.0,2023,10
Toronto,849000.0,#824 -15 BASEBALL PL,3,2,Ontario,5647656,43.7417,-79.3733,97000.0,2023,10
Toronto,980000.0,#1610 -15 FORT YORK BLVD,2,2,Ontario,5647656,43.7417,-79.3733,97000.0,2023,10
Toronto,4739000.0,669 BEDFORD PARK,5,6,Ontario,5647656,43.7417,-79.3733,97000.0,2023,10
Toronto,998000.0,#4306 -85 QUEENS WHARF RD,3,2,Ontario,5647656,43.7417,-79.3733,97000.0,2023,10
Toronto,1299900.0,#906 -41 DOVERCOURT RD,2,2,Ontario,5647656,43.7417,-79.3733,97000.0,2023,10
Toronto,2799000.0,#PH1 -68 MERTON ST,4,4,Ontario,5647656,43.7417,-79.3733,97000.0,2023,10
Toronto,2495000.0,#3505 -180 UNIVERSITY AVE,3,3,Ontario,5647656,43.7417,-79.3733,97000.0,2023,10
Toronto,1450000.0,#203 -42 CAMDEN ST,2,2,Ontario,5647656,43.7417,-79.3733,97000.0,2023,10
Toronto,699900.0,#3011 -11 WELLESLEY ST W,1,1,Ontario,5647656,43.7417,-79.3733,97000.0,2023,10
Toronto,599000.0,#2803 -68 SHUTER ST,2,1,Ontario,5647656,43.7417,-79.3733,97000.0,2023,10
Toronto,849000.0,#1903 -33 SHORE BREEZE DR,2,2,Ontario,5647656,43.7417,-79.3733,97000.0,2023,10
Toronto,599900.0,#110 -250 MANITOBA ST,1,1,Ontario,5647656,43.7417,-79.3733,97000.0,2023,10
Toronto,599000.0,#315 -2495 DUNDAS ST.W. ST W,1,1,Ontario,5647656,43.7417,-79.3733,97000.0,2023,10
Toronto,1399900.0,265 LANOR AVE,5,2,Ontario,5647656,43.7417,-79.3733,97000.0,2023,10
Toronto,1709000.0,14 HAZELWOOD AVE,4,2,Ontario,5647656,43.7417,-79.3733,97000.0,2023,10
Toronto,620000.0,#LPH20 -35 BRIAN PECK CRES,2,1,Ontario,5647656,43.7417,-79.3733,97000.0,2023,10
Toronto,1129000.0,#1402 -900 MOUNT PLEASANT RD,3,3,Ontario,5647656,43.7417,-79.3733,97000.0,2023,10
Toronto,1950000.0,131 GLENVALE BLVD,4,3,Ontario,5647656,43.7417,-79.3733,97000.0,2023,10
Toronto,1698000.0,#4418 -585 BLOOR ST E,3,2,Ontario,5647656,43.7417,-79.3733,97000.0,2023,10
Toronto,988000.0,#611 -20 EDWARD ST,3,2,Ontario,5647656,43.7417,-79.3733,97000.0,2023,10
Toronto,699900.0,#2008 -85 WOOD ST,2,1,Ontario,5647656,43.7417,-79.3733,97000.0,2023,10
Toronto,749000.0,#2110 -361 FRONT ST W,2,1,Ontario,5647656,43.7417,-79.3733,97000.0,2023,10
Toronto,3199999.0,675 HURON ST,4,5,Ontario,5647656,43.7417,-79.3733,97000.0,2023,10
Toronto,549800.0,#507 -1105 LESLIE ST,1,1,Ontario,5647656,43.7417,-79.3733,97000.0,2023,10
Toronto,359000.0,#306 -3555 BATHURST ST,1,1,Ontario,5647656,43.7417,-79.3733,97000.0,2023,10
Toronto,429000.0,#536 -231 FORT YORK BLVD,0,1,Ontario,5647656,43.7417,-79.3733,97000.0,2023,10
Toronto,3695000.0,36 MACPHERSON AVE,5,4,Ontario,5647656,43.7417,-79.3733,97000.0,2023,10
Toronto,799000.0,#3607 -12 YORK ST,3,2,Ontario,5647656,43.7417,-79.3733,97000.0,2023,10
Toronto,2249000.0,245 INDIAN GRVE,6,5,Ontario,5647656,43.7417,-79.3733,97000.0,2023,10
Toronto,659990.0,#1802 -16 BROOKERS LANE,1,1,Ontario,5647656,43.7417,-79.3733,97000.0,2023,10
Toronto,899000.0,306 MELROSE ST,4,2,Ontario,5647656,43.7417,-79.3733,97000.0,2023,10
Toronto,975000.0,178 SCHELL AVE,3,2,Ontario,5647656,43.7417,-79.3733,97000.0,2023,10
Toronto,1099000.0,336 ST JOHNS RD W,3,2,Ontario,5647656,43.7417,-79.3733,97000.0,2023,10
Toronto,749900.0,73 JASPER AVE,3,1,Ontario,5647656,43.7417,-79.3733,97000.0,2023,10
Toronto,2399000.0,33 OSTEND AVE S,4,4,Ontario,5647656,43.7417,-79.3733,97000.0,2023,10
Toronto,415000.0,#405 -330 DIXON RD,2,1,Ontario,5647656,43.7417,-79.3733,97000.0,2023,10
Toronto,999999.0,20 ROOSEVELT RD,3,2,Ontario,5647656,43.7417,-79.3733,97000.0,2023,10
Toronto,1499000.0,186 OAK PARK AVE,5,4,Ontario,5647656,43.7417,-79.3733,97000.0,2023,10
Toronto,2499998.0,11 NORTHBROOK RD,5,4,Ontario,5647656,43.7417,-79.3733,97000.0,2023,10
Toronto,1699000.0,121 PARK ST,6,5,Ontario,5647656,43.7417,-79.3733,97000.0,2023,10
Toronto,1599000.0,98P CURZON ST,3,3,Ontario,5647656,43.7417,-79.3733,97000.0,2023,10
Toronto,1499000.0,#2002 -100 HAYDEN ST,3,2,Ontario,5647656,43.7417,-79.3733,97000.0,2023,10
Toronto,749999.0,#108 -915 KING ST W,2,1,Ontario,5647656,43.7417,-79.3733,97000.0,2023,10
Toronto,2388000.0,170 ROSELAWN AVE,4,4,Ontario,5647656,43.7417,-79.3733,97000.0,2023,10
Toronto,629000.0,#926 -38 JOE SHUSTER WAY,2,1,Ontario,5647656,43.7417,-79.3733,97000.0,2023,10
Toronto,1250000.0,#502 -40 ROSEHILL AVE,2,2,Ontario,5647656,43.7417,-79.3733,97000.0,2023,10
Toronto,629000.0,#907 -260 MERTON ST,2,1,Ontario,5647656,43.7417,-79.3733,97000.0,2023,10
Toronto,815000.0,#269 -30 STADIUM RD,2,1,Ontario,5647656,43.7417,-79.3733,97000.0,2023,10
Toronto,520000.0,#3001 -25 CARLTON ST,1,1,Ontario,5647656,43.7417,-79.3733,97000.0,2023,10
Toronto,599900.0,#805 -181 BEDFORD RD,2,1,Ontario,5647656,43.7417,-79.3733,97000.0,2023,10
Toronto,599900.0,#805 -181 BEDFORD RD,2,1,Ontario,5647656,43.7417,-79.3733,97000.0,2023,10
Toronto,6095000.0,4 MEREDITH CRES,5,5,Ontario,5647656,43.7417,-79.3733,97000.0,2023,10
Toronto,2099000.0,199 GLEN CEDAR RD,4,3,Ontario,5647656,43.7417,-79.3733,97000.0,2023,10
Toronto,749900.0,#904 -21 BALMUTO ST,2,1,Ontario,5647656,43.7417,-79.3733,97000.0,2023,10
Toronto,679000.0,#224 -901 QUEEN ST W,2,1,Ontario,5647656,43.7417,-79.3733,97000.0,2023,10
Toronto,3849000.0,53 BRUNSWICK AVE,4,4,Ontario,5647656,43.7417,-79.3733,97000.0,2023,10
Toronto,898800.0,#2710 -8 YORK ST,3,2,Ontario,5647656,43.7417,-79.3733,97000.0,2023,10
Toronto,1098999.0,#1207 -68 MERTON ST,3,2,Ontario,5647656,43.7417,-79.3733,97000.0,2023,10
Toronto,579000.0,#410 -25 STAFFORD ST,1,1,Ontario,5647656,43.7417,-79.3733,97000.0,2023,10
Toronto,599000.0,#2615 -103 THE QUEENSWAY AVE E,2,1,Ontario,5647656,43.7417,-79.3733,97000.0,2023,10
Toronto,724900.0,#214 -2 OLD MILL DR,2,1,Ontario,5647656,43.7417,-79.3733,97000.0,2023,10
Toronto,1249000.0,#3 -189 NORSEMAN ST,4,3,Ontario,5647656,43.7417,-79.3733,97000.0,2023,10
Toronto,649900.0,#1408 -10 PARK LAWN RD,2,1,Ontario,5647656,43.7417,-79.3733,97000.0,2023,10
Toronto,949000.0,27 FAILSWORTH AVE,3,3,Ontario,5647656,43.7417,-79.3733,97000.0,2023,10
Toronto,730000.0,#602 -20 SHORE BREEZE DR,2,1,Ontario,5647656,43.7417,-79.3733,97000.0,2023,10
Toronto,1149000.0,362 MCROBERTS AVE,4,2,Ontario,5647656,43.7417,-79.3733,97000.0,2023,10
Toronto,499900.0,#403 -915 MIDLAND AVE N,3,1,Ontario,5647656,43.7417,-79.3733,97000.0,2023,10
Toronto,1149000.0,19 MIDHOLM DR,7,3,Ontario,5647656,43.7417,-79.3733,97000.0,2023,10
Toronto,799000.0,#1109 -18 PARKVIEW AVE,3,2,Ontario,5647656,43.7417,-79.3733,97000.0,2023,10
Toronto,1525000.0,146 CHILTERN HILL RD,5,2,Ontario,5647656,43.7417,-79.3733,97000.0,2023,10
Toronto,45000.0,#4801 -311 BAY ST,3,5,Ontario,5647656,43.7417,-79.3733,97000.0,2023,10
Toronto,599000.0,#405 -335 LONSDALE RD,2,1,Ontario,5647656,43.7417,-79.3733,97000.0,2023,10
Toronto,678888.0,#2804 -14 YORK ST W,2,1,Ontario,5647656,43.7417,-79.3733,97000.0,2023,10
Toronto,1829000.0,#H -3036 BAYVIEW AVE,4,5,Ontario,5647656,43.7417,-79.3733,97000.0,2023,10
Toronto,595000.0,#327 -60 HOMEWOOD AVE,2,1,Ontario,5647656,43.7417,-79.3733,97000.0,2023,10
Toronto,765000.0,#4513 -33 BAY ST,2,1,Ontario,5647656,43.7417,-79.3733,97000.0,2023,10
Toronto,599000.0,#2511 -77 MUTUAL ST,1,1,Ontario,5647656,43.7417,-79.3733,97000.0,2023,10
Toronto,1349000.0,260 DONLEA DR,3,1,Ontario,5647656,43.7417,-79.3733,97000.0,2023,10
Toronto,659100.0,#406 -25 CARLTON ST,2,1,Ontario,5647656,43.7417,-79.3733,97000.0,2023,10
Toronto,1139000.0,#606 -75 PORTLAND ST,2,2,Ontario,5647656,43.7417,-79.3733,97000.0,2023,10
Toronto,1290000.0,50 MAITLAND ST,3,3,Ontario,5647656,43.7417,-79.3733,97000.0,2023,10
Toronto,1999000.0,75 STORMONT AVE,4,3,Ontario,5647656,43.7417,-79.3733,97000.0,2023,10
Toronto,3379000.0,481 SPADINA RD,6,4,Ontario,5647656,43.7417,-79.3733,97000.0,2023,10
Toronto,729000.0,#612 -1171 QUEEN ST W,2,1,Ontario,5647656,43.7417,-79.3733,97000.0,2023,10
Toronto,1195000.0,7 PALMERSTON AVE,3,3,Ontario,5647656,43.7417,-79.3733,97000.0,2023,10
Toronto,839000.0,#540 -21 DALE AVE,2,1,Ontario,5647656,43.7417,-79.3733,97000.0,2023,10
Toronto,2399000.0,#703 -150 HEATH ST W,2,3,Ontario,5647656,43.7417,-79.3733,97000.0,2023,10
Toronto,1200000.0,580 INDIAN Grove,3,2,Ontario,5647656,43.7417,-79.3733,97000.0,2023,10
Toronto,749900.0,14 SPEARS Street,3,2,Ontario,5647656,43.7417,-79.3733,97000.0,2023,10
Toronto,399000.0,#2303 -30 SAMUEL WOOD WAY,1,1,Ontario,5647656,43.7417,-79.3733,97000.0,2023,10
Toronto,525000.0,#48 -68 WINSTON PARK BLVD,2,1,Ontario,5647656,43.7417,-79.3733,97000.0,2023,10
Toronto,899000.0,12 HENDERSON AVE,3,1,Ontario,5647656,43.7417,-79.3733,97000.0,2023,10
Toronto,3149900.0,19 ATLANTIC AVE,3,5,Ontario,5647656,43.7417,-79.3733,97000.0,2023,10
Toronto,1695000.0,87 CRAWFORD ST,4,3,Ontario,5647656,43.7417,-79.3733,97000.0,2023,10
Toronto,999785.0,##410 -39 ROEHAMPTON AVE,3,2,Ontario,5647656,43.7417,-79.3733,97000.0,2023,10
Toronto,1155000.0,#1509 -8 WELLESLEY ST W,3,2,Ontario,5647656,43.7417,-79.3733,97000.0,2023,10
Toronto,1080000.0,#3517 -199 CHURCH ST,2,2,Ontario,5647656,43.7417,-79.3733,97000.0,2023,10
Toronto,1150000.0,#2105 -135 EAST LIBERTY ST,3,2,Ontario,5647656,43.7417,-79.3733,97000.0,2023,10
Toronto,899900.0,#1512 -15 FORT YORK BLVD,3,2,Ontario,5647656,43.7417,-79.3733,97000.0,2023,10
Toronto,499999.0,#102 -365 DUNDAS ST E,1,1,Ontario,5647656,43.7417,-79.3733,97000.0,2023,10
Toronto,619000.0,#906 -15 VIKING LANE,2,1,Ontario,5647656,43.7417,-79.3733,97000.0,2023,10
Toronto,798000.0,1454 DUFFERIN ST,4,2,Ontario,5647656,43.7417,-79.3733,97000.0,2023,10
Toronto,649000.0,#3609 -14 YORK ST,1,1,Ontario,5647656,43.7417,-79.3733,97000.0,2023,10
Toronto,685000.0,#2214 -103 THE QUEENSWAY,2,1,Ontario,5647656,43.7417,-79.3733,97000.0,2023,10
Toronto,829900.0,#825 -29 QUEENS QUAY E,1,1,Ontario,5647656,43.7417,-79.3733,97000.0,2023,10
Toronto,950000.0,337 LAUDER AVE,4,2,Ontario,5647656,43.7417,-79.3733,97000.0,2023,10
Toronto,668000.0,#510 -38 DAN LECKIE WAY,2,1,Ontario,5647656,43.7417,-79.3733,97000.0,2023,10
Toronto,1359999.0,29 CRAYDON AVE,3,5,Ontario,5647656,43.7417,-79.3733,97000.0,2023,10
Toronto,1399900.0,181 MARIA ST,3,3,Ontario,5647656,43.7417,-79.3733,97000.0,2023,10
Toronto,575000.0,#823 -15 BASEBALL PL N,2,1,Ontario,5647656,43.7417,-79.3733,97000.0,2023,10
Toronto,1399000.0,85 HILTZ AVE,3,3,Ontario,5647656,43.7417,-79.3733,97000.0,2023,10
Toronto,688000.0,#1207 -49 EAST LIBERTY ST,2,1,Ontario,5647656,43.7417,-79.3733,97000.0,2023,10
Toronto,838000.0,#331 -500 RICHMOND ST W,2,1,Ontario,5647656,43.7417,-79.3733,97000.0,2023,10
Toronto,723000.0,#215 -2 OLD MILL DR,2,1,Ontario,5647656,43.7417,-79.3733,97000.0,2023,10
Toronto,950000.0,#910 -11 BRUNEL CRT,3,2,Ontario,5647656,43.7417,-79.3733,97000.0,2023,10
Toronto,1849000.0,16 PARKCREST DR,4,2,Ontario,5647656,43.7417,-79.3733,97000.0,2023,10
Toronto,529000.0,#607 -29 PEMBERTON AVE,1,1,Ontario,5647656,43.7417,-79.3733,97000.0,2023,10
Toronto,599000.0,#513 -38 IANNUZZI ST,2,1,Ontario,5647656,43.7417,-79.3733,97000.0,2023,10
Toronto,629999.0,#801 -10 YORK ST,2,1,Ontario,5647656,43.7417,-79.3733,97000.0,2023,10
Toronto,749000.0,#103 -22 EAST HAVEN DR,4,3,Ontario,5647656,43.7417,-79.3733,97000.0,2023,10
Toronto,799000.0,#5104 -395 BLOOR ST E,2,2,Ontario,5647656,43.7417,-79.3733,97000.0,2023,10
Toronto,575000.0,#1202 -161 ROEHAMPTON AVE,2,1,Ontario,5647656,43.7417,-79.3733,97000.0,2023,10
Toronto,539000.0,#922 -80 ST. PATRICK ST,1,1,Ontario,5647656,43.7417,-79.3733,97000.0,2023,10
Toronto,988000.0,36 ODOARDO DISANTO CIRC,4,4,Ontario,5647656,43.7417,-79.3733,97000.0,2023,10
Toronto,1159000.0,121 ENDERBY RD,3,3,Ontario,5647656,43.7417,-79.3733,97000.0,2023,10
Toronto,1649000.0,109B ROBINSON AVE,5,4,Ontario,5647656,43.7417,-79.3733,97000.0,2023,10
Toronto,675000.0,#2914 -300 FRONT ST W,1,1,Ontario,5647656,43.7417,-79.3733,97000.0,2023,10
Toronto,949888.0,#1202 -825 CHURCH ST,3,2,Ontario,5647656,43.7417,-79.3733,97000.0,2023,10
Toronto,749900.0,#2410 -125 REDPATH AVE,2,2,Ontario,5647656,43.7417,-79.3733,97000.0,2023,10
Toronto,699000.0,#307 -151 DAN LECKIE WAY,2,2,Ontario,5647656,43.7417,-79.3733,97000.0,2023,10
Toronto,750000.0,#911 -33 CHARLES ST E,1,1,Ontario,5647656,43.7417,-79.3733,97000.0,2023,10
Toronto,759900.0,#903 -253 MERTON ST,2,1,Ontario,5647656,43.7417,-79.3733,97000.0,2023,10
Toronto,1079000.0,#2801 -85 QUEENS WHARF RD,3,2,Ontario,5647656,43.7417,-79.3733,97000.0,2023,10
Toronto,1150000.0,#33 -2758 EGLINTON AVE E,4,4,Ontario,5647656,43.7417,-79.3733,97000.0,2023,10
Toronto,630000.0,#93B -93 DOUGLAS CRES,2,1,Ontario,5647656,43.7417,-79.3733,97000.0,2023,10
Toronto,2198000.0,#212 -1 EDGEWATER DR,3,2,Ontario,5647656,43.7417,-79.3733,97000.0,2023,10
Toronto,435000.0,#1611 -55 REGENT PARK BLVD,0,1,Ontario,5647656,43.7417,-79.3733,97000.0,2023,10
Toronto,1488000.0,60 PAPERBIRCH DR,3,2,Ontario,5647656,43.7417,-79.3733,97000.0,2023,10
Toronto,639900.0,#201 -133 WYNFORD DR,2,2,Ontario,5647656,43.7417,-79.3733,97000.0,2023,10
Toronto,2199000.0,599 SPADINA RD,4,5,Ontario,5647656,43.7417,-79.3733,97000.0,2023,10
Toronto,699000.0,#311 -350 WELLINGTON ST W,1,1,Ontario,5647656,43.7417,-79.3733,97000.0,2023,10
Toronto,968000.0,#3504 -33 LOMBARD ST,2,2,Ontario,5647656,43.7417,-79.3733,97000.0,2023,10
Toronto,669000.0,#212 -60 GEORGE BUTCHART DR,2,2,Ontario,5647656,43.7417,-79.3733,97000.0,2023,10
Toronto,575000.0,#2802 -90 PARK LAWN RD,1,1,Ontario,5647656,43.7417,-79.3733,97000.0,2023,10
Toronto,985000.0,24 KENORA CRES,4,2,Ontario,5647656,43.7417,-79.3733,97000.0,2023,10
Toronto,635000.0,#1708 -1420 DUPONT ST,2,1,Ontario,5647656,43.7417,-79.3733,97000.0,2023,10
Toronto,1495000.0,220 PRINCE EDWARD DR S,4,2,Ontario,5647656,43.7417,-79.3733,97000.0,2023,10
Toronto,778000.0,##2310 -15 QUEENS QUAY E,1,1,Ontario,5647656,43.7417,-79.3733,97000.0,2023,10
Toronto,649900.0,#3503 -85 QUEENS WHARF RD,1,1,Ontario,5647656,43.7417,-79.3733,97000.0,2023,10
Toronto,925000.0,#607 -80 QUEBEC AVE,2,2,Ontario,5647656,43.7417,-79.3733,97000.0,2023,10
Toronto,549800.0,#3512 -99 BROADWAY AVE,2,1,Ontario,5647656,43.7417,-79.3733,97000.0,2023,10
Toronto,2248000.0,3 WESTRIDGE RD,4,3,Ontario,5647656,43.7417,-79.3733,97000.0,2023,10
Toronto,708000.0,#1409 -30 ROEHAMPTON AVE S,2,1,Ontario,5647656,43.7417,-79.3733,97000.0,2023,10
Toronto,3099000.0,592 DELORAINE AVE,6,6,Ontario,5647656,43.7417,-79.3733,97000.0,2023,10
Toronto,715000.0,#713 -2772 KEELE ST,2,2,Ontario,5647656,43.7417,-79.3733,97000.0,2023,10
Toronto,739000.0,#419 -9 MABELLE AVE,3,2,Ontario,5647656,43.7417,-79.3733,97000.0,2023,10
Toronto,530000.0,#937 -60 HEINTZMAN ST,1,1,Ontario,5647656,43.7417,-79.3733,97000.0,2023,10
Toronto,1875000.0,2 HIGHCLIFF CRES,4,3,Ontario,5647656,43.7417,-79.3733,97000.0,2023,10
Toronto,2588800.0,212 WALMER RD,4,4,Ontario,5647656,43.7417,-79.3733,97000.0,2023,10
Toronto,650000.0,#522 -10 PARK LAWN RD N,2,2,Ontario,5647656,43.7417,-79.3733,97000.0,2023,10
Toronto,1499000.0,4675 DUNDAS ST W,4,6,Ontario,5647656,43.7417,-79.3733,97000.0,2023,10
Toronto,675000.0,#909 -38 DAN LECKIE WAY,2,1,Ontario,5647656,43.7417,-79.3733,97000.0,2023,10
Toronto,599900.0,#507 -25 CAPREOL CRT,1,1,Ontario,5647656,43.7417,-79.3733,97000.0,2023,10
Toronto,509900.0,#603 -458 RICHMOND ST,1,1,Ontario,5647656,43.7417,-79.3733,97000.0,2023,10
Toronto,7595000.0,167 ROSEDALE HEIGHTS DR,7,6,Ontario,5647656,43.7417,-79.3733,97000.0,2023,10
Toronto,535000.0,#734 -3091 DUFFERIN ST,1,1,Ontario,5647656,43.7417,-79.3733,97000.0,2023,10
Toronto,2188800.0,61 CALVINGTON DR,4,4,Ontario,5647656,43.7417,-79.3733,97000.0,2023,10
Toronto,629999.0,#401 -859 THE QUEENSWAY,2,2,Ontario,5647656,43.7417,-79.3733,97000.0,2023,10
Toronto,2699900.0,67 JELLICOE AVE,5,5,Ontario,5647656,43.7417,-79.3733,97000.0,2023,10
Toronto,2380000.0,9 BUXTON RD,10,5,Ontario,5647656,43.7417,-79.3733,97000.0,2023,10
Toronto,648888.0,#2404 -33 SHORE BREEZE DR,1,1,Ontario,5647656,43.7417,-79.3733,97000.0,2023,10
Toronto,1495000.0,244 VIRGINIA AVE,4,2,Ontario,5647656,43.7417,-79.3733,97000.0,2023,10
Toronto,524900.0,#502 -20 GILDER DR,3,2,Ontario,5647656,43.7417,-79.3733,97000.0,2023,10
Toronto,459000.0,#1623A -111 ELIZABETH ST,0,1,Ontario,5647656,43.7417,-79.3733,97000.0,2023,10
Toronto,595888.0,#813 -99 THE DONWAY WEST  W,2,2,Ontario,5647656,43.7417,-79.3733,97000.0,2023,10
Toronto,3495000.0,108 EVERDEN RD,5,5,Ontario,5647656,43.7417,-79.3733,97000.0,2023,10
Toronto,2475000.0,#4002 -15 LOWER JARVIS ST,3,3,Ontario,5647656,43.7417,-79.3733,97000.0,2023,10
Toronto,650000.0,#PH12 -550 FRONT ST W,1,1,Ontario,5647656,43.7417,-79.3733,97000.0,2023,10
Toronto,895000.0,#1306 -33 LOMBARD ST,2,2,Ontario,5647656,43.7417,-79.3733,97000.0,2023,10
Toronto,575000.0,#527 -51 LOWER SIMCOE ST,2,1,Ontario,5647656,43.7417,-79.3733,97000.0,2023,10
Toronto,2999900.0,372 GEORGE ST,15,4,Ontario,5647656,43.7417,-79.3733,97000.0,2023,10
Toronto,1075000.0,#4106 -15 ICEBOAT TERR,3,2,Ontario,5647656,43.7417,-79.3733,97000.0,2023,10
Toronto,714900.0,#327 -169 FORT YORK BLVD,1,1,Ontario,5647656,43.7417,-79.3733,97000.0,2023,10
Toronto,1799999.0,5 LADY YORK AVE,4,2,Ontario,5647656,43.7417,-79.3733,97000.0,2023,10
Toronto,749900.0,#1710 -90 PARK LAWN RD,2,2,Ontario,5647656,43.7417,-79.3733,97000.0,2023,10
Toronto,798000.0,#2603 -36 ZORRA ST,2,2,Ontario,5647656,43.7417,-79.3733,97000.0,2023,10
Toronto,3995000.0,4 CREDITON CRT,5,6,Ontario,5647656,43.7417,-79.3733,97000.0,2023,10
Toronto,1049800.0,22 LONEY AVE,4,2,Ontario,5647656,43.7417,-79.3733,97000.0,2023,10
Toronto,499888.0,#1008 -1 HICKORY TREE RD,3,2,Ontario,5647656,43.7417,-79.3733,97000.0,2023,10
Toronto,998000.0,12 EAST DR,3,1,Ontario,5647656,43.7417,-79.3733,97000.0,2023,10
Toronto,2399000.0,4 YOUNGMILL DR,5,6,Ontario,5647656,43.7417,-79.3733,97000.0,2023,10
Toronto,929000.0,113 PRAIRIE DR,3,2,Ontario,5647656,43.7417,-79.3733,97000.0,2023,10
Toronto,2260000.0,327 WILLOW AVE,5,4,Ontario,5647656,43.7417,-79.3733,97000.0,2023,10
Toronto,725000.0,#650 -139 MERTON ST,2,2,Ontario,5647656,43.7417,-79.3733,97000.0,2023,10
Toronto,2650000.0,576 HILLSDALE AVE E,5,4,Ontario,5647656,43.7417,-79.3733,97000.0,2023,10
Toronto,1099900.0,#1403 -8 CHARLOTTE ST,2,2,Ontario,5647656,43.7417,-79.3733,97000.0,2023,10
Toronto,479900.0,#1520 -230 KING ST E,1,1,Ontario,5647656,43.7417,-79.3733,97000.0,2023,10
Toronto,698000.0,#1402 -44 GERRARD ST W,4,1,Ontario,5647656,43.7417,-79.3733,97000.0,2023,10
Toronto,769900.0,#708 -33 HELENDALE AVE,3,2,Ontario,5647656,43.7417,-79.3733,97000.0,2023,10
Toronto,3999990.0,19 FENNINGS ST,3,3,Ontario,5647656,43.7417,-79.3733,97000.0,2023,10
Toronto,759000.0,#3909 -403 CHURCH ST,2,1,Ontario,5647656,43.7417,-79.3733,97000.0,2023,10
Toronto,645000.0,#303 -33 UNIVERSITY AVE,2,2,Ontario,5647656,43.7417,-79.3733,97000.0,2023,10
Toronto,809000.0,#1110 -15 BRUYERES MEWS,2,2,Ontario,5647656,43.7417,-79.3733,97000.0,2023,10
Toronto,1298800.0,#16 -70 FLAMING ROSE WAY,3,3,Ontario,5647656,43.7417,-79.3733,97000.0,2023,10
Toronto,699900.0,50 CLOVELLY AVE,2,2,Ontario,5647656,43.7417,-79.3733,97000.0,2023,10
Toronto,2999000.0,38 LEADALE AVE,5,6,Ontario,5647656,43.7417,-79.3733,97000.0,2023,10
Toronto,959999.0,#1807 -35 BASTION ST,3,2,Ontario,5647656,43.7417,-79.3733,97000.0,2023,10
Toronto,848000.0,#2506 -77 SHUTER ST,2,2,Ontario,5647656,43.7417,-79.3733,97000.0,2023,10
Toronto,636000.0,#204 -15 MERCHANTS' WHARF,1,1,Ontario,5647656,43.7417,-79.3733,97000.0,2023,10
Toronto,488000.0,#1108 -298 JARVIS ST,2,2,Ontario,5647656,43.7417,-79.3733,97000.0,2023,10
Toronto,899000.0,#101 -90 SHERBOURNE ST,1,1,Ontario,5647656,43.7417,-79.3733,97000.0,2023,10
Toronto,888000.0,117 LONBOROUGH Avenue,3,2,Ontario,5647656,43.7417,-79.3733,97000.0,2023,10
Toronto,1149999.0,35 FOURTH ST,3,2,Ontario,5647656,43.7417,-79.3733,97000.0,2023,10
Toronto,3198000.0,21 THORNBURY CRES,4,4,Ontario,5647656,43.7417,-79.3733,97000.0,2023,10
Toronto,2749000.0,113 PRINCESS MARGARET BLVD,6,4,Ontario,5647656,43.7417,-79.3733,97000.0,2023,10
Toronto,1599000.0,566 MCROBERTS AVE,5,4,Ontario,5647656,43.7417,-79.3733,97000.0,2023,10
Toronto,647500.0,#803 -101 SUBWAY CRES E,2,2,Ontario,5647656,43.7417,-79.3733,97000.0,2023,10
Toronto,624500.0,#621 -50 GEORGE BUTCHART DR,2,1,Ontario,5647656,43.7417,-79.3733,97000.0,2023,10
Toronto,499999.0,#207 -251 MANITOBA ST,1,1,Ontario,5647656,43.7417,-79.3733,97000.0,2023,10
Toronto,819000.0,#79 -760 LAWRENCE AVE W,3,3,Ontario,5647656,43.7417,-79.3733,97000.0,2023,10
Toronto,1862400.0,15B THIRTY SECOND ST,4,4,Ontario,5647656,43.7417,-79.3733,97000.0,2023,10
Toronto,999000.0,246 EPSOM DOWNS DR,3,3,Ontario,5647656,43.7417,-79.3733,97000.0,2023,10
Toronto,1299900.0,#10 -1455 O'CONNOR DR,3,3,Ontario,5647656,43.7417,-79.3733,97000.0,2023,10
Toronto,1399000.0,30 WILEY AVE,4,3,Ontario,5647656,43.7417,-79.3733,97000.0,2023,10
Toronto,980000.0,22 PASTRANO CRT,3,2,Ontario,5647656,43.7417,-79.3733,97000.0,2023,10
Toronto,1639000.0,67 HAMILTON ST,4,2,Ontario,5647656,43.7417,-79.3733,97000.0,2023,10
Toronto,599000.0,#511 -18 STAFFORD ST,1,1,Ontario,5647656,43.7417,-79.3733,97000.0,2023,10
Toronto,799000.0,#5305 -100 HARBOUR ST,2,1,Ontario,5647656,43.7417,-79.3733,97000.0,2023,10
Toronto,4999000.0,#3306 -21 ICEBOAT TERR,4,4,Ontario,5647656,43.7417,-79.3733,97000.0,2023,10
Toronto,1999900.0,223 PALMERSTON AVE,3,4,Ontario,5647656,43.7417,-79.3733,97000.0,2023,10
Toronto,829900.0,#1607 -170 AVENUE RD,2,2,Ontario,5647656,43.7417,-79.3733,97000.0,2023,10
Toronto,724500.0,#901-W -27 BATHURST ST,2,2,Ontario,5647656,43.7417,-79.3733,97000.0,2023,10
Toronto,1710000.0,1533 MOUNT PLEASANT RD,3,2,Ontario,5647656,43.7417,-79.3733,97000.0,2023,10
Toronto,749900.0,#2601 -224 KING ST W,2,1,Ontario,5647656,43.7417,-79.3733,97000.0,2023,10
Toronto,1768000.0,#115 -43 HANNA AVE,3,2,Ontario,5647656,43.7417,-79.3733,97000.0,2023,10
Toronto,399990.0,#1211 -185 ROEHAMPTON AVE,0,1,Ontario,5647656,43.7417,-79.3733,97000.0,2023,10
Toronto,1249000.0,55 PLEASANT BLVD,2,3,Ontario,5647656,43.7417,-79.3733,97000.0,2023,10
Toronto,668000.0,#1006 -59 EAST LIBERTY ST,1,1,Ontario,5647656,43.7417,-79.3733,97000.0,2023,10
Toronto,1149999.0,#1513 -30 SHORE BREEZE DR,2,1,Ontario,5647656,43.7417,-79.3733,97000.0,2023,10
Toronto,588000.0,#1603 -1461 LAWRENCE AVE W,2,2,Ontario,5647656,43.7417,-79.3733,97000.0,2023,10
Toronto,2050000.0,159 SORAUREN AVE,4,2,Ontario,5647656,43.7417,-79.3733,97000.0,2023,10
Toronto,560000.0,#501 -103 THE QUEENSWAY,1,1,Ontario,5647656,43.7417,-79.3733,97000.0,2023,10
Toronto,599999.0,#1706 -80 MARINE PARADE DR N,2,1,Ontario,5647656,43.7417,-79.3733,97000.0,2023,10
Toronto,1599999.0,#209 -58 MARINE PARADE DR,3,2,Ontario,5647656,43.7417,-79.3733,97000.0,2023,10
Toronto,475000.0,#402 -2464 WESTON RD,1,1,Ontario,5647656,43.7417,-79.3733,97000.0,2023,10
Toronto,1195000.0,37 FAIRLIN DR,3,2,Ontario,5647656,43.7417,-79.3733,97000.0,2023,10
Toronto,665000.0,#415 -105 THE QUEENSWAY AVE,2,1,Ontario,5647656,43.7417,-79.3733,97000.0,2023,10
Toronto,639900.0,#433 -165 LEGION RD N,2,1,Ontario,5647656,43.7417,-79.3733,97000.0,2023,10
Toronto,599900.0,56 PRESTON ST,3,1,Ontario,5647656,43.7417,-79.3733,97000.0,2023,10
Toronto,1499000.0,41 SAULTER ST,4,2,Ontario,5647656,43.7417,-79.3733,97000.0,2023,10
Toronto,1048000.0,152 EASTWOOD RD,3,1,Ontario,5647656,43.7417,-79.3733,97000.0,2023,10
Toronto,449000.0,#817 -90 GLEN EVEREST RD,1,1,Ontario,5647656,43.7417,-79.3733,97000.0,2023,10
Toronto,799000.0,29 HILLINGDON AVE,4,3,Ontario,5647656,43.7417,-79.3733,97000.0,2023,10
Toronto,519900.0,#1007 -35 SARANAC BLVD,1,1,Ontario,5647656,43.7417,-79.3733,97000.0,2023,10
Toronto,749900.0,#409 -608 RICHMOND ST W,2,1,Ontario,5647656,43.7417,-79.3733,97000.0,2023,10
Toronto,645000.0,#412 -25 MAITLAND ST,2,1,Ontario,5647656,43.7417,-79.3733,97000.0,2023,10
Toronto,675000.0,#213 -525 WILSON AVE,2,2,Ontario,5647656,43.7417,-79.3733,97000.0,2023,10
Toronto,1475000.0,247 BELLWOODS AVE,3,2,Ontario,5647656,43.7417,-79.3733,97000.0,2023,10
Toronto,669900.0,#1704 -21 WIDMER ST,2,1,Ontario,5647656,43.7417,-79.3733,97000.0,2023,10
Toronto,700000.0,#1102 -135 WYNFORD DR,2,2,Ontario,5647656,43.7417,-79.3733,97000.0,2023,10
Toronto,930000.0,#1604 -1603 EGLINTON AVE W,3,2,Ontario,5647656,43.7417,-79.3733,97000.0,2023,10
Toronto,579900.0,#509 -20 MINOWAN MIIKAN LANE,1,1,Ontario,5647656,43.7417,-79.3733,97000.0,2023,10
Toronto,600000.0,#407 -245 DAVISVILLE AVE,2,1,Ontario,5647656,43.7417,-79.3733,97000.0,2023,10
Toronto,679000.0,#410 -569 KING ST E,1,1,Ontario,5647656,43.7417,-79.3733,97000.0,2023,10
Toronto,639900.0,#1284 -1 GREYSTONE WALK DR,3,2,Ontario,5647656,43.7417,-79.3733,97000.0,2023,10
Toronto,564900.0,#702 -127 QUEEN ST E,1,1,Ontario,5647656,43.7417,-79.3733,97000.0,2023,10
Toronto,489000.0,#707 -311 RICHMOND ST E,0,1,Ontario,5647656,43.7417,-79.3733,97000.0,2023,10
Toronto,725000.0,#811 -319 JARVIS ST,1,1,Ontario,5647656,43.7417,-79.3733,97000.0,2023,10
Toronto,549000.0,#2515 -25 TELEGRAM MEWS,2,1,Ontario,5647656,43.7417,-79.3733,97000.0,2023,10
Toronto,499999.0,#606 -2191 YONGE ST,1,1,Ontario,5647656,43.7417,-79.3733,97000.0,2023,10
Toronto,799900.0,#60 -5 WILLIAM JACKSON WAY,2,2,Ontario,5647656,43.7417,-79.3733,97000.0,2023,10
Toronto,1375000.0,974 CARLAW AVE,3,2,Ontario,5647656,43.7417,-79.3733,97000.0,2023,10
Toronto,866800.0,#PH 111 -138 DOWNES ST,1,1,Ontario,5647656,43.7417,-79.3733,97000.0,2023,10
Toronto,829000.0,#523 -90 STADIUM RD,2,1,Ontario,5647656,43.7417,-79.3733,97000.0,2023,10
Toronto,895000.0,#810 -435 RICHMOND ST W,2,2,Ontario,5647656,43.7417,-79.3733,97000.0,2023,10
Toronto,1099999.0,623 OSSINGTON AVE,4,2,Ontario,5647656,43.7417,-79.3733,97000.0,2023,10
Toronto,888000.0,397 FRONT Street W Unit# 1611,2,2,Ontario,5647656,43.7417,-79.3733,97000.0,2023,10
Toronto,1499999.0,28 CONNORVALE AVE,5,5,Ontario,5647656,43.7417,-79.3733,97000.0,2023,10
Toronto,724900.0,#3129 -5 MABELLE AVE,2,2,Ontario,5647656,43.7417,-79.3733,97000.0,2023,10
Toronto,774900.0,#24 -140 LONG BRANCH AVE,3,2,Ontario,5647656,43.7417,-79.3733,97000.0,2023,10
Toronto,649000.0,#820 -800 LAWRENCE AVE W,2,2,Ontario,5647656,43.7417,-79.3733,97000.0,2023,10
Toronto,599888.0,#312 -25 MALCOLM RD,2,2,Ontario,5647656,43.7417,-79.3733,97000.0,2023,10
Toronto,749900.0,#1504 -575 BLOOR ST E,2,1,Ontario,5647656,43.7417,-79.3733,97000.0,2023,10
Toronto,619900.0,#512W -500 QUEENS QUAY W,1,1,Ontario,5647656,43.7417,-79.3733,97000.0,2023,10
Toronto,739900.0,#328 -415 JARVIS ST,2,1,Ontario,5647656,43.7417,-79.3733,97000.0,2023,10
Toronto,1080000.0,#34 -11 NIAGARA ST,3,3,Ontario,5647656,43.7417,-79.3733,97000.0,2023,10
Toronto,499000.0,#1815 -21 ICEBOAT TERR,2,1,Ontario,5647656,43.7417,-79.3733,97000.0,2023,10
Toronto,728000.0,#4205 -85 QUEENS WHARF RD,2,1,Ontario,5647656,43.7417,-79.3733,97000.0,2023,10
Toronto,888000.0,#H-207 -90 CANON JACKSON DR,3,3,Ontario,5647656,43.7417,-79.3733,97000.0,2023,10
Toronto,620000.0,#519 -60 GEORGE BUTCHART DR,2,1,Ontario,5647656,43.7417,-79.3733,97000.0,2023,10
Toronto,649999.0,#624 -60 GEORGE BUTCHART DR,2,2,Ontario,5647656,43.7417,-79.3733,97000.0,2023,10
Toronto,625000.0,#11 -161 ISAAC DEVINS BLVD,2,1,Ontario,5647656,43.7417,-79.3733,97000.0,2023,10
Toronto,689000.0,#112 -94 GLEN EVEREST RD,2,2,Ontario,5647656,43.7417,-79.3733,97000.0,2023,10
Toronto,999000.0,75 NORTH EDGELY AVE,4,3,Ontario,5647656,43.7417,-79.3733,97000.0,2023,10
Toronto,1745000.0,270 HASTINGS AVE,5,4,Ontario,5647656,43.7417,-79.3733,97000.0,2023,10
Toronto,598000.0,#308 -300 COXWELL AVE,1,1,Ontario,5647656,43.7417,-79.3733,97000.0,2023,10
Toronto,999888.0,336 A AYLESWORTH AVE,5,4,Ontario,5647656,43.7417,-79.3733,97000.0,2023,10
Toronto,569989.0,#506 -1 CARDIFF RD,2,1,Ontario,5647656,43.7417,-79.3733,97000.0,2023,10
Toronto,499800.0,#810 -28 WELLESLEY ST E,0,1,Ontario,5647656,43.7417,-79.3733,97000.0,2023,10
Toronto,799900.0,#A01 -426 QUEEN ST E,2,1,Ontario,5647656,43.7417,-79.3733,97000.0,2023,10
Toronto,678000.0,#3510 -14 YORK ST,2,1,Ontario,5647656,43.7417,-79.3733,97000.0,2023,10
Toronto,589000.0,#2107 -70 DISTILLERY LANE,1,1,Ontario,5647656,43.7417,-79.3733,97000.0,2023,10
Toronto,2495000.0,39 GARDINER RD,0,0,Ontario,5647656,43.7417,-79.3733,97000.0,2023,10
Toronto,788000.0,#204 -33 DELISLE AVE,2,1,Ontario,5647656,43.7417,-79.3733,97000.0,2023,10
Toronto,5150000.0,33 SUNCREST DR,5,4,Ontario,5647656,43.7417,-79.3733,97000.0,2023,10
Toronto,1995000.0,422 CLINTON ST,4,2,Ontario,5647656,43.7417,-79.3733,97000.0,2023,10
Toronto,778000.0,#5401 -10 YORK ST,2,2,Ontario,5647656,43.7417,-79.3733,97000.0,2023,10
Toronto,1899000.0,178 GLADSTONE AVE,3,0,Ontario,5647656,43.7417,-79.3733,97000.0,2023,10
Toronto,1248000.0,91 TWENTY SIXTH ST,3,3,Ontario,5647656,43.7417,-79.3733,97000.0,2023,10
Toronto,589900.0,#3216 -1926 LAKESHORE BLVD W,2,1,Ontario,5647656,43.7417,-79.3733,97000.0,2023,10
Toronto,629900.0,#1316 -103 THE QUEENSWAY,2,1,Ontario,5647656,43.7417,-79.3733,97000.0,2023,10
Toronto,459900.0,#2215 -320 DIXON RD,3,2,Ontario,5647656,43.7417,-79.3733,97000.0,2023,10
Toronto,1349000.0,1178 GLENCAIRN AVE,5,2,Ontario,5647656,43.7417,-79.3733,97000.0,2023,10
Toronto,1899000.0,343B HOPEWELL AVE,4,5,Ontario,5647656,43.7417,-79.3733,97000.0,2023,10
Toronto,1799000.0,29 BERMUDA AVE,4,2,Ontario,5647656,43.7417,-79.3733,97000.0,2023,10
Toronto,3098000.0,270 INDIAN GRVE,4,4,Ontario,5647656,43.7417,-79.3733,97000.0,2023,10
Toronto,1635000.0,16 SELLERS AVE,4,3,Ontario,5647656,43.7417,-79.3733,97000.0,2023,10
Toronto,898000.0,177 AILEEN AVE,3,3,Ontario,5647656,43.7417,-79.3733,97000.0,2023,10
Toronto,1278000.0,1055 BRIAR HILL AVE,3,2,Ontario,5647656,43.7417,-79.3733,97000.0,2023,10
Toronto,979000.0,#404 -495 LOGAN AVE,2,2,Ontario,5647656,43.7417,-79.3733,97000.0,2023,10
Toronto,1099000.0,35 ASHLAND AVE,2,2,Ontario,5647656,43.7417,-79.3733,97000.0,2023,10
Toronto,3369000.0,626 LONSDALE RD,5,4,Ontario,5647656,43.7417,-79.3733,97000.0,2023,10
Toronto,1099000.0,#1712 -208 QUEENS QUAY W,2,2,Ontario,5647656,43.7417,-79.3733,97000.0,2023,10
Toronto,725000.0,#709 -45 CHARLES ST E,2,2,Ontario,5647656,43.7417,-79.3733,97000.0,2023,10
Toronto,2995000.0,5 DUNVEGAN RD,3,4,Ontario,5647656,43.7417,-79.3733,97000.0,2023,10
Toronto,899000.0,#3707 -300 FRONT ST W,2,1,Ontario,5647656,43.7417,-79.3733,97000.0,2023,10
Toronto,579000.0,#1605 -231 FORT YORK BLVD,1,1,Ontario,5647656,43.7417,-79.3733,97000.0,2023,10
Toronto,597500.0,#320 -801 KING ST W,2,1,Ontario,5647656,43.7417,-79.3733,97000.0,2023,10
Toronto,619000.0,#4710 -21 ICEBOAT TERR,2,1,Ontario,5647656,43.7417,-79.3733,97000.0,2023,10
Toronto,724900.0,#2203 -3 NAVY WHARF CRT,2,1,Ontario,5647656,43.7417,-79.3733,97000.0,2023,10
Toronto,1249000.0,#302 -90 SHERBOURNE ST,2,2,Ontario,5647656,43.7417,-79.3733,97000.0,2023,10
Toronto,499999.0,#916 -628 FLEET ST,2,1,Ontario,5647656,43.7417,-79.3733,97000.0,2023,10
Toronto,549000.0,#214 -40 GLEN RD,1,1,Ontario,5647656,43.7417,-79.3733,97000.0,2023,10
Toronto,399900.0,#605 -195 REDPATH AVE,1,1,Ontario,5647656,43.7417,-79.3733,97000.0,2023,10
Toronto,2699000.0,149 SHERWOOD AVE,3,3,Ontario,5647656,43.7417,-79.3733,97000.0,2023,10
Toronto,699000.0,#17 -58 SHERWOOD AVE,2,1,Ontario,5647656,43.7417,-79.3733,97000.0,2023,10
Toronto,3595000.0,51 COLDSTREAM AVE,5,5,Ontario,5647656,43.7417,-79.3733,97000.0,2023,10
Toronto,929000.0,#2111 -135 EAST LIBERTY ST,2,2,Ontario,5647656,43.7417,-79.3733,97000.0,2023,10
Toronto,890000.0,9 WADSWORTH BLVD,2,1,Ontario,5647656,43.7417,-79.3733,97000.0,2023,10
Toronto,1458000.0,23 DUFFIELD RD,5,3,Ontario,5647656,43.7417,-79.3733,97000.0,2023,10
Toronto,599000.0,#3908 -36 PARK LAWN RD,1,1,Ontario,5647656,43.7417,-79.3733,97000.0,2023,10
Toronto,799000.0,#205 -588 ANNETTE ST,2,1,Ontario,5647656,43.7417,-79.3733,97000.0,2023,10
Toronto,769999.0,#3302 -70 ANNIE CRAIG DR,2,2,Ontario,5647656,43.7417,-79.3733,97000.0,2023,10
Toronto,835000.0,#805 -270 SCARLETT RD,2,2,Ontario,5647656,43.7417,-79.3733,97000.0,2023,10
Toronto,2349900.0,33 NORLONG BLVD,5,4,Ontario,5647656,43.7417,-79.3733,97000.0,2023,10
Toronto,1070000.0,#216 -1173 DUNDAS ST E,2,2,Ontario,5647656,43.7417,-79.3733,97000.0,2023,10
Toronto,1599000.0,238 LEE AVE,3,3,Ontario,5647656,43.7417,-79.3733,97000.0,2023,10
Toronto,999000.0,1055 WOODBINE AVE,2,2,Ontario,5647656,43.7417,-79.3733,97000.0,2023,10
Toronto,899900.0,#536 -1091 KINGSTON RD,4,2,Ontario,5647656,43.7417,-79.3733,97000.0,2023,10
Toronto,949900.0,#948 -155 DALHOUSIE ST,2,2,Ontario,5647656,43.7417,-79.3733,97000.0,2023,10
Toronto,538000.0,#308 -3 NAVY WHARF CRT,1,1,Ontario,5647656,43.7417,-79.3733,97000.0,2023,10
Toronto,649900.0,#511 -360 BLOOR ST E,2,1,Ontario,5647656,43.7417,-79.3733,97000.0,2023,10
Toronto,825000.0,#4211 -25 TELEGRAM MEWS,3,2,Ontario,5647656,43.7417,-79.3733,97000.0,2023,10
Toronto,619900.0,#1808 -2221 YONGE ST,1,1,Ontario,5647656,43.7417,-79.3733,97000.0,2023,10
Toronto,410000.0,#1008 -725 DON MILLS RD,1,1,Ontario,5647656,43.7417,-79.3733,97000.0,2023,10
Toronto,620000.0,#409 -155 YORKVILLE AVE,1,1,Ontario,5647656,43.7417,-79.3733,97000.0,2023,10
Toronto,609900.0,#907 -185 ROEHAMPTON AVE,2,1,Ontario,5647656,43.7417,-79.3733,97000.0,2023,10
Toronto,899000.0,#5008 -319 JARVIS ST,2,2,Ontario,5647656,43.7417,-79.3733,97000.0,2023,10
Toronto,1369000.0,#20 -232 ST. GEORGE ST,3,2,Ontario,5647656,43.7417,-79.3733,97000.0,2023,10
Toronto,150000.0,81 Wellesley Street E,0,0,Ontario,5647656,43.7417,-79.3733,97000.0,2023,10
Toronto,5825000.0,238 SOUTH KINGSWAY,15,8,Ontario,5647656,43.7417,-79.3733,97000.0,2023,10
Toronto,1850000.0,#826 -637 LAKE SHORE BLVD W,3,2,Ontario,5647656,43.7417,-79.3733,97000.0,2023,10
Toronto,758000.0,#3218 -85 WOOD ST,2,1,Ontario,5647656,43.7417,-79.3733,97000.0,2023,10
Toronto,699900.0,#635 -250 MANITOBA ST,2,2,Ontario,5647656,43.7417,-79.3733,97000.0,2023,10
Toronto,2688888.0,148 SPALDING RD,6,5,Ontario,5647656,43.7417,-79.3733,97000.0,2023,10
Toronto,925000.0,#403 -100 QUEBEC AVE,2,2,Ontario,5647656,43.7417,-79.3733,97000.0,2023,10
Toronto,769000.0,#111 -27 BROCK AVE,1,1,Ontario,5647656,43.7417,-79.3733,97000.0,2023,10
Toronto,619000.0,#626 -15 JAMES FINLAY WAY,2,2,Ontario,5647656,43.7417,-79.3733,97000.0,2023,10
Toronto,1399000.0,112 WOODBINE AVE,4,3,Ontario,5647656,43.7417,-79.3733,97000.0,2023,10
Toronto,619999.0,#1109 -4 PARK VISTA,3,2,Ontario,5647656,43.7417,-79.3733,97000.0,2023,10
Toronto,1795000.0,#602 -1700 AVENUE RD,2,2,Ontario,5647656,43.7417,-79.3733,97000.0,2023,10
Toronto,679900.0,#2907 -10 NAVY WHARF CRT,2,1,Ontario,5647656,43.7417,-79.3733,97000.0,2023,10
Toronto,730000.0,#3708 -35 MARINER TERR,2,1,Ontario,5647656,43.7417,-79.3733,97000.0,2023,10
Toronto,659999.0,#421 -12 DOURO ST,2,1,Ontario,5647656,43.7417,-79.3733,97000.0,2023,10
Toronto,700000.0,#4010 -295 ADELAIDE ST W,1,1,Ontario,5647656,43.7417,-79.3733,97000.0,2023,10
Toronto,828800.0,#2303 -39 ROEHAMPTON AVE,2,2,Ontario,5647656,43.7417,-79.3733,97000.0,2023,10
Toronto,699000.0,#209 -218 QUEENS QUAY W,2,1,Ontario,5647656,43.7417,-79.3733,97000.0,2023,10
Toronto,2699000.0,#1702 -609 AVENUE RD,3,3,Ontario,5647656,43.7417,-79.3733,97000.0,2023,10
Toronto,628888.0,#S1104 -120 BAYVIEW AVE,1,1,Ontario,5647656,43.7417,-79.3733,97000.0,2023,10
Toronto,610000.0,#909 -39 BRANT ST,1,1,Ontario,5647656,43.7417,-79.3733,97000.0,2023,10
Toronto,456999.0,308 MERTON Street,3,3,Ontario,5647656,43.7417,-79.3733,97000.0,2023,10
Toronto,1650000.0,#725 -2300 ST CLAIR AVE W,3,3,Ontario,5647656,43.7417,-79.3733,97000.0,2023,10
Toronto,1125990.0,#709 -2300 ST CLAIR AVE W,4,3,Ontario,5647656,43.7417,-79.3733,97000.0,2023,10
Toronto,1062990.0,#318 -530 INDIAN GRVE,1,1,Ontario,5647656,43.7417,-79.3733,97000.0,2023,10
Toronto,719900.0,#311 -2300 ST. CLAIR AVE W,2,1,Ontario,5647656,43.7417,-79.3733,97000.0,2023,10
Toronto,598888.0,320 DIXON Road Unit# 1005,2,1,Ontario,5647656,43.7417,-79.3733,97000.0,2023,10
Toronto,628888.0,#901 -21 LAWREN HARRIS SQ,1,1,Ontario,5647656,43.7417,-79.3733,97000.0,2023,10
Toronto,818800.0,#1668 -209 FORT YORK BLVD,2,2,Ontario,5647656,43.7417,-79.3733,97000.0,2023,10
Toronto,672000.0,#1603 -28 FREELAND ST,1,1,Ontario,5647656,43.7417,-79.3733,97000.0,2023,10
Toronto,1299999.0,22 HIBISCUS CRT,6,4,Ontario,5647656,43.7417,-79.3733,97000.0,2023,10
Toronto,599900.0,#1804 -2285 LAKESHORE BLVD W,1,1,Ontario,5647656,43.7417,-79.3733,97000.0,2023,10
Toronto,779000.0,#UPH05 -600 FLEET ST,2,2,Ontario,5647656,43.7417,-79.3733,97000.0,2023,10
Toronto,549900.0,#1410 -7 CONCORDE PL,1,1,Ontario,5647656,43.7417,-79.3733,97000.0,2023,10
Toronto,698000.0,#1707 -21 ICEBOAT TERR,2,1,Ontario,5647656,43.7417,-79.3733,97000.0,2023,10
Toronto,2095000.0,#4404 -311 BAY ST,2,2,Ontario,5647656,43.7417,-79.3733,97000.0,2023,10
Toronto,699000.0,#502 -270 QUEENS QUAY W,2,1,Ontario,5647656,43.7417,-79.3733,97000.0,2023,10
Toronto,1150000.0,6 THATCHER AVE,4,2,Ontario,5647656,43.7417,-79.3733,97000.0,2023,10
Toronto,1168000.0,609 ADELAIDE ST W,3,2,Ontario,5647656,43.7417,-79.3733,97000.0,2023,10
Toronto,739000.0,#1105 -435 RICHMOND ST W,2,2,Ontario,5647656,43.7417,-79.3733,97000.0,2023,10
Toronto,759000.0,#1014 -158 FRONT ST E,2,1,Ontario,5647656,43.7417,-79.3733,97000.0,2023,10
Toronto,415000.0,#1808 -1 KING ST W,1,1,Ontario,5647656,43.7417,-79.3733,97000.0,2023,10
Toronto,1090000.0,499A CONCORD AVE,3,2,Ontario,5647656,43.7417,-79.3733,97000.0,2023,10
Toronto,1129900.0,#201 -630 KINGSTON RD,2,2,Ontario,5647656,43.7417,-79.3733,97000.0,2023,10
Toronto,799000.0,#319 -456 COLLEGE ST,3,2,Ontario,5647656,43.7417,-79.3733,97000.0,2023,10
Toronto,720000.0,#914 -55 EAST LIBERTY ST,2,2,Ontario,5647656,43.7417,-79.3733,97000.0,2023,10
Toronto,859000.0,#1035 -109 FRONT ST E,3,2,Ontario,5647656,43.7417,-79.3733,97000.0,2023,10
Toronto,799000.0,#2407 -210 SIMCOE ST,2,1,Ontario,5647656,43.7417,-79.3733,97000.0,2023,10
Toronto,2995000.0,71 ORIOLE PKWY,5,5,Ontario,5647656,43.7417,-79.3733,97000.0,2023,10
Toronto,1689000.0,#707 -20 BURKEBROOK PL,3,2,Ontario,5647656,43.7417,-79.3733,97000.0,2023,10
Toronto,3198000.0,7 GOLFCREST RD,5,5,Ontario,5647656,43.7417,-79.3733,97000.0,2023,10
Toronto,1795000.0,#TH11 -50 BARTLETT AVE,3,3,Ontario,5647656,43.7417,-79.3733,97000.0,2023,10
Toronto,1099000.0,472 JANE ST,3,2,Ontario,5647656,43.7417,-79.3733,97000.0,2023,10
Toronto,649000.0,#401 -25 FONTENAY CRT,2,2,Ontario,5647656,43.7417,-79.3733,97000.0,2023,10
Toronto,456999.0,#109 -800 KENNEDY RD,2,1,Ontario,5647656,43.7417,-79.3733,97000.0,2023,10
Toronto,579000.0,#906 -1190 DUNDAS ST E,1,1,Ontario,5647656,43.7417,-79.3733,97000.0,2023,10
Toronto,1675000.0,289 SPRINGDALE BLVD,4,4,Ontario,5647656,43.7417,-79.3733,97000.0,2023,10
Toronto,2200000.0,#4501 -311 BAY ST,2,3,Ontario,5647656,43.7417,-79.3733,97000.0,2023,10
Toronto,559000.0,#909 -85 BLOOR ST E,1,1,Ontario,5647656,43.7417,-79.3733,97000.0,2023,10
Toronto,489000.0,#813 -711 BAY ST,1,1,Ontario,5647656,43.7417,-79.3733,97000.0,2023,10
Toronto,1500000.0,7 JOSEPH SALSBERG LANE,5,3,Ontario,5647656,43.7417,-79.3733,97000.0,2023,10
Toronto,655000.0,#503 -138 PRINCESS ST,2,1,Ontario,5647656,43.7417,-79.3733,97000.0,2023,10
Toronto,659900.0,#305 -30 GRAND TRUNK CRES,2,1,Ontario,5647656,43.7417,-79.3733,97000.0,2023,10
Toronto,828000.0,#1211 -99 HARBOUR SQ,1,1,Ontario,5647656,43.7417,-79.3733,97000.0,2023,10
Toronto,899000.0,#317 -608 RICHMOND ST W,2,2,Ontario,5647656,43.7417,-79.3733,97000.0,2023,10
Toronto,1752400.0,#301 -3 SOUTHVALE DR,3,2,Ontario,5647656,43.7417,-79.3733,97000.0,2023,10
Toronto,1398000.0,#801 -10 BELLAIR ST,2,1,Ontario,5647656,43.7417,-79.3733,97000.0,2023,10
Toronto,1425000.0,326 VAUGHAN RD,3,2,Ontario,5647656,43.7417,-79.3733,97000.0,2023,10
Toronto,1099000.0,#201 -25 SCRIVENER SQ,1,1,Ontario,5647656,43.7417,-79.3733,97000.0,2023,10
Toronto,1299000.0,1442 BAYVIEW AVE,2,1,Ontario,5647656,43.7417,-79.3733,97000.0,2023,10
Toronto,708800.0,#2111 -8 YORK ST,2,1,Ontario,5647656,43.7417,-79.3733,97000.0,2023,10
Toronto,1995000.0,#PH614 -380 MACPHERSON AVE,4,3,Ontario,5647656,43.7417,-79.3733,97000.0,2023,10
Toronto,999999.0,#4304 -39 ROEHAMPTON AVE,3,2,Ontario,5647656,43.7417,-79.3733,97000.0,2023,10
Toronto,3795000.0,251 LYTTON BLVD,5,5,Ontario,5647656,43.7417,-79.3733,97000.0,2023,10
Toronto,2899000.0,226 WALMER RD,4,5,Ontario,5647656,43.7417,-79.3733,97000.0,2023,10
Toronto,1148800.0,#914 -388 RICHMOND ST W,2,2,Ontario,5647656,43.7417,-79.3733,97000.0,2023,10
Toronto,990000.0,#505 -330 RICHMOND ST W,2,1,Ontario,5647656,43.7417,-79.3733,97000.0,2023,10
Toronto,1672000.0,#4202 -311 BAY ST,2,2,Ontario,5647656,43.7417,-79.3733,97000.0,2023,10
Toronto,1999000.0,18 MUSKOKA AVE,8,3,Ontario,5647656,43.7417,-79.3733,97000.0,2023,10
Toronto,674900.0,#1601 -59 ANNIE CRAIG DR,2,1,Ontario,5647656,43.7417,-79.3733,97000.0,2023,10
Toronto,899900.0,#420 -2300 ST CLAIR AVE W,4,2,Ontario,5647656,43.7417,-79.3733,97000.0,2023,10
Toronto,419900.0,#1210 -100 LOTHERTON PTWY,2,1,Ontario,5647656,43.7417,-79.3733,97000.0,2023,10
Toronto,425000.0,#604 -785 BROWNS LINE,2,1,Ontario,5647656,43.7417,-79.3733,97000.0,2023,10
Toronto,1200000.0,1316 KIPLING AVE,3,2,Ontario,5647656,43.7417,-79.3733,97000.0,2023,10
Toronto,500000.0,#1810 -236 ALBION RD,3,2,Ontario,5647656,43.7417,-79.3733,97000.0,2023,10
Toronto,1149000.0,4 CAVELL AVE,5,2,Ontario,5647656,43.7417,-79.3733,97000.0,2023,10
Toronto,865000.0,53 WILKES CRES,4,3,Ontario,5647656,43.7417,-79.3733,97000.0,2023,10
Toronto,999000.0,12 MACK AVE,5,2,Ontario,5647656,43.7417,-79.3733,97000.0,2023,10
Toronto,999999.0,32 KIM CRT,4,2,Ontario,5647656,43.7417,-79.3733,97000.0,2023,10
Toronto,1049000.0,91 PITT AVE,4,1,Ontario,5647656,43.7417,-79.3733,97000.0,2023,10
Toronto,929000.0,166 HIAWATHA RD W,3,2,Ontario,5647656,43.7417,-79.3733,97000.0,2023,10
Toronto,929000.0,166 HIAWATHA RD W,3,2,Ontario,5647656,43.7417,-79.3733,97000.0,2023,10
Toronto,589900.0,#1208 -50 BRUYERES MEWS,1,1,Ontario,5647656,43.7417,-79.3733,97000.0,2023,10
Toronto,1999800.0,311 ROSEWELL AVE,5,2,Ontario,5647656,43.7417,-79.3733,97000.0,2023,10
Toronto,1075999.0,1178A OSSINGTON AVE,4,2,Ontario,5647656,43.7417,-79.3733,97000.0,2023,10
Toronto,648000.0,#308 -70 TEMPERANCE ST,2,1,Ontario,5647656,43.7417,-79.3733,97000.0,2023,10
Toronto,2998000.0,29 DUGGAN AVE,4,3,Ontario,5647656,43.7417,-79.3733,97000.0,2023,10
Toronto,1495000.0,#15 -1 BAXTER ST,3,2,Ontario,5647656,43.7417,-79.3733,97000.0,2023,10
Toronto,879000.0,#710 -158 FRONT ST E,2,2,Ontario,5647656,43.7417,-79.3733,97000.0,2023,10
Toronto,890800.0,#1108 -1 THE ESPLANADE,2,2,Ontario,5647656,43.7417,-79.3733,97000.0,2023,10
Toronto,1099000.0,#706 -215 FORT YORK BLVD,2,3,Ontario,5647656,43.7417,-79.3733,97000.0,2023,10
Toronto,699990.0,#1508 -750 BAY ST,1,1,Ontario,5647656,43.7417,-79.3733,97000.0,2023,10
Toronto,899900.0,#514 -15 QUEENS QUAY E,2,2,Ontario,5647656,43.7417,-79.3733,97000.0,2023,10
Toronto,2099000.0,394 KING ST E,2,3,Ontario,5647656,43.7417,-79.3733,97000.0,2023,10
Toronto,559000.0,#PH03 -5 VICORA LINKWAY,3,2,Ontario,5647656,43.7417,-79.3733,97000.0,2023,10
Toronto,1799000.0,#1701 -1 YORKVILLE AVE,3,2,Ontario,5647656,43.7417,-79.3733,97000.0,2023,10
Toronto,848000.0,299 OSLER ST,3,2,Ontario,5647656,43.7417,-79.3733,97000.0,2023,10
Toronto,674900.0,#412 -408 BROWN'S LINE,2,2,Ontario,5647656,43.7417,-79.3733,97000.0,2023,10
Toronto,849000.0,#222 -380 HOPEWELL AVE,2,2,Ontario,5647656,43.7417,-79.3733,97000.0,2023,10
Toronto,1450000.0,109 CAYUGA AVE,9,4,Ontario,5647656,43.7417,-79.3733,97000.0,2023,10
Toronto,775000.0,#624 -165 LEGION RD N,2,2,Ontario,5647656,43.7417,-79.3733,97000.0,2023,10
Toronto,590000.0,#407 -800 LAWRENCE AVE W,1,1,Ontario,5647656,43.7417,-79.3733,97000.0,2023,10
Toronto,749900.0,#414 -70 ANNIE CRAIG DR,2,2,Ontario,5647656,43.7417,-79.3733,97000.0,2023,10
Toronto,649900.0,2300 ST. CLAIR Avenue W Unit# 532,2,2,Ontario,5647656,43.7417,-79.3733,97000.0,2023,10
Toronto,1225000.0,36 KHARTOUM AVE,5,2,Ontario,5647656,43.7417,-79.3733,97000.0,2023,10
Toronto,649000.0,#526 -22 EAST HAVEN DR,2,2,Ontario,5647656,43.7417,-79.3733,97000.0,2023,10
Toronto,699900.0,#517 -88 COLGATE AVE,1,1,Ontario,5647656,43.7417,-79.3733,97000.0,2023,10
Toronto,2399900.0,64B EASTVILLE AVE,5,4,Ontario,5647656,43.7417,-79.3733,97000.0,2023,10
Toronto,499900.0,#609 -90 GLEN EVEREST RD,1,1,Ontario,5647656,43.7417,-79.3733,97000.0,2023,10
Toronto,549000.0,#309 -90 GLEN EVEREST RD,1,1,Ontario,5647656,43.7417,-79.3733,97000.0,2023,10
Toronto,2498888.0,12 GLEN STEWART AVE,7,4,Ontario,5647656,43.7417,-79.3733,97000.0,2023,10
Toronto,799000.0,#1514 -123 EGLINTON AVE E,1,1,Ontario,5647656,43.7417,-79.3733,97000.0,2023,10
Toronto,1399900.0,196 LIPPINCOTT ST,3,2,Ontario,5647656,43.7417,-79.3733,97000.0,2023,10
Toronto,729000.0,#2105 -88 CUMBERLAND ST,1,1,Ontario,5647656,43.7417,-79.3733,97000.0,2023,10
Toronto,1749000.0,19 WOODCLIFF PL,4,3,Ontario,5647656,43.7417,-79.3733,97000.0,2023,10
Toronto,3395000.0,118 CHILTERN HILL RD,5,5,Ontario,5647656,43.7417,-79.3733,97000.0,2023,10
Toronto,1299999.0,#1404 -112 GEORGE ST,3,2,Ontario,5647656,43.7417,-79.3733,97000.0,2023,10
Toronto,5788000.0,79 BRENTCLIFFE RD E,5,6,Ontario,5647656,43.7417,-79.3733,97000.0,2023,10
Toronto,629900.0,#1921 -352 FRONT ST W,1,1,Ontario,5647656,43.7417,-79.3733,97000.0,2023,10
Toronto,1349900.0,#637 -55 STEWART ST,2,2,Ontario,5647656,43.7417,-79.3733,97000.0,2023,10
Toronto,539900.0,#1608 -101 ERSKINE AVE,1,1,Ontario,5647656,43.7417,-79.3733,97000.0,2023,10
Toronto,649000.0,#2304 -30 ROEHAMPTON AVE,1,1,Ontario,5647656,43.7417,-79.3733,97000.0,2023,10
Toronto,2500000.0,136 CHATSWORTH DR,4,4,Ontario,5647656,43.7417,-79.3733,97000.0,2023,10
Toronto,799000.0,#606 -120 LOMBARD ST,2,2,Ontario,5647656,43.7417,-79.3733,97000.0,2023,10
Toronto,844000.0,#1704 -1815 YONGE ST,2,2,Ontario,5647656,43.7417,-79.3733,97000.0,2023,10
Toronto,699000.0,#930 -39 QUEENS QUAY E,2,1,Ontario,5647656,43.7417,-79.3733,97000.0,2023,10
Toronto,912000.0,#1622 -400 ADELAIDE ST E,2,2,Ontario,5647656,43.7417,-79.3733,97000.0,2023,10
Toronto,688800.0,#144 -415 JARVIS ST,2,1,Ontario,5647656,43.7417,-79.3733,97000.0,2023,10
Toronto,649900.0,#205 -1103 LESLIE ST,2,2,Ontario,5647656,43.7417,-79.3733,97000.0,2023,10
Toronto,4289000.0,38 SUNCREST DR,5,4,Ontario,5647656,43.7417,-79.3733,97000.0,2023,10
Toronto,1775000.0,#PH7 -120 HOMEWOOD AVE,2,3,Ontario,5647656,43.7417,-79.3733,97000.0,2023,10
Toronto,1589000.0,#503 -80 CUMBERLAND ST,2,3,Ontario,5647656,43.7417,-79.3733,97000.0,2023,10
Toronto,625000.0,#735 -151 DAN LECKIE WAY,2,1,Ontario,5647656,43.7417,-79.3733,97000.0,2023,10
Toronto,2500000.0,209 BELLWOODS AVE,4,4,Ontario,5647656,43.7417,-79.3733,97000.0,2023,10
Toronto,673900.0,#605 -2285 LAKE SHORE BLVD W,1,1,Ontario,5647656,43.7417,-79.3733,97000.0,2023,10
Toronto,729000.0,#403 -2 FIELDWAY RD,2,2,Ontario,5647656,43.7417,-79.3733,97000.0,2023,10
Toronto,499900.0,#620 -50 GEORGE BUTCHART DR,1,1,Ontario,5647656,43.7417,-79.3733,97000.0,2023,10
Toronto,725000.0,#405 -4208 DUNDAS ST W,2,2,Ontario,5647656,43.7417,-79.3733,97000.0,2023,10
Toronto,1189000.0,134 LOCKSLEY AVE,2,4,Ontario,5647656,43.7417,-79.3733,97000.0,2023,10
Toronto,694999.0,#1553 -25 VIKING LANE,2,2,Ontario,5647656,43.7417,-79.3733,97000.0,2023,10
Toronto,889900.0,45 LAMBTON AVE,3,2,Ontario,5647656,43.7417,-79.3733,97000.0,2023,10
Toronto,1199000.0,#1201 -1048 BROADVIEW AVE,3,3,Ontario,5647656,43.7417,-79.3733,97000.0,2023,10
Toronto,1299000.0,55 MYSTIC AVE,4,3,Ontario,5647656,43.7417,-79.3733,97000.0,2023,10
Toronto,1699900.0,29 SWANWICK AVE,3,2,Ontario,5647656,43.7417,-79.3733,97000.0,2023,10
Toronto,899000.0,76 CAMBRIDGE AVE,2,1,Ontario,5647656,43.7417,-79.3733,97000.0,2023,10
Toronto,2995000.0,83B LEUTY AVE,5,6,Ontario,5647656,43.7417,-79.3733,97000.0,2023,10
Toronto,2688000.0,362B JOICEY BLVD,4,5,Ontario,5647656,43.7417,-79.3733,97000.0,2023,10
Toronto,649900.0,#401 -1 DEER PARK CRES,1,1,Ontario,5647656,43.7417,-79.3733,97000.0,2023,10
Toronto,448800.0,#1111 -158 FRONT ST E,1,1,Ontario,5647656,43.7417,-79.3733,97000.0,2023,10
Toronto,2098000.0,##222 -55 MERCHANTS' WHARF,3,3,Ontario,5647656,43.7417,-79.3733,97000.0,2023,10
Toronto,629900.0,#1710 -10 CAPREOL CRT,1,1,Ontario,5647656,43.7417,-79.3733,97000.0,2023,10
Toronto,1228000.0,#610 -650 MOUNT PLEASANT RD,2,2,Ontario,5647656,43.7417,-79.3733,97000.0,2023,10
Toronto,1649000.0,#710 -1 EDGEWATER DR,3,3,Ontario,5647656,43.7417,-79.3733,97000.0,2023,10
Toronto,1045000.0,#1120 -270 WELLINGTON ST W,2,2,Ontario,5647656,43.7417,-79.3733,97000.0,2023,10
Toronto,1349900.0,#4 -124 STRACHAN AVE,4,2,Ontario,5647656,43.7417,-79.3733,97000.0,2023,10
Toronto,1699000.0,55 HOCKEN AVE,4,3,Ontario,5647656,43.7417,-79.3733,97000.0,2023,10
Toronto,640000.0,#1509 -500 ST CLAIR AVE W,1,1,Ontario,5647656,43.7417,-79.3733,97000.0,2023,10
Toronto,879000.0,#903 -835 ST. CLAIR AVE W,2,2,Ontario,5647656,43.7417,-79.3733,97000.0,2023,10
Toronto,459999.0,#511 -38 IANNUZZI ST,0,1,Ontario,5647656,43.7417,-79.3733,97000.0,2023,10
Toronto,479000.0,#2011 -115 BLUE JAYS WAY,0,1,Ontario,5647656,43.7417,-79.3733,97000.0,2023,10
Toronto,559000.0,#2005 -33 LOMBARD ST,1,1,Ontario,5647656,43.7417,-79.3733,97000.0,2023,10
Toronto,1698000.0,53 ENFIELD AVE,4,1,Ontario,5647656,43.7417,-79.3733,97000.0,2023,10
Toronto,3350000.0,31 DALTON RD,5,5,Ontario,5647656,43.7417,-79.3733,97000.0,2023,10
Toronto,749000.0,#917 -1369 BLOOR ST W,2,1,Ontario,5647656,43.7417,-79.3733,97000.0,2023,10
Toronto,1050000.0,#3201 -8 MERCER ST,3,2,Ontario,5647656,43.7417,-79.3733,97000.0,2023,10
Toronto,999900.0,28 GARTHWOOD DR,5,2,Ontario,5647656,43.7417,-79.3733,97000.0,2023,10
Toronto,1099900.0,718 WILLARD AVE,4,2,Ontario,5647656,43.7417,-79.3733,97000.0,2023,10
Toronto,599000.0,#716 -2121 LAKESHORE BLVD W,1,1,Ontario,5647656,43.7417,-79.3733,97000.0,2023,10
Toronto,4688000.0,5 HATTON CRT,5,6,Ontario,5647656,43.7417,-79.3733,97000.0,2023,10
Toronto,1098000.0,#4101 -15 FORT YORK BLVD,3,2,Ontario,5647656,43.7417,-79.3733,97000.0,2023,10
Toronto,1099900.0,#502 -77 HARBOUR SQ,2,2,Ontario,5647656,43.7417,-79.3733,97000.0,2023,10
Toronto,899900.0,#406 -400 WELLINGTON ST W,2,2,Ontario,5647656,43.7417,-79.3733,97000.0,2023,10
Toronto,719000.0,#908 -5101 DUNDAS ST W,2,2,Ontario,5647656,43.7417,-79.3733,97000.0,2023,10
Toronto,1288000.0,#1 -581 SCARLETT RD,3,4,Ontario,5647656,43.7417,-79.3733,97000.0,2023,10
Toronto,869260.0,#411 -5 ST. JOSEPH ST,2,2,Ontario,5647656,43.7417,-79.3733,97000.0,2023,10
Toronto,5588000.0,30 OTTER CRES,5,6,Ontario,5647656,43.7417,-79.3733,97000.0,2023,10
Toronto,979000.0,#1803 -20 MINOWAN MIIKAN LANE,3,2,Ontario,5647656,43.7417,-79.3733,97000.0,2023,10
Toronto,689800.0,#1118 -31 TIPPETT RD,2,2,Ontario,5647656,43.7417,-79.3733,97000.0,2023,10
Toronto,648000.0,#1009 -15 MERCHANTS' WHARF,1,1,Ontario,5647656,43.7417,-79.3733,97000.0,2023,10
Toronto,739000.0,#405 -55 ONTARIO STREET ST,2,1,Ontario,5647656,43.7417,-79.3733,97000.0,2023,10
Toronto,2750000.0,382 PRINCE EDWARD DR N,4,7,Ontario,5647656,43.7417,-79.3733,97000.0,2023,10
Toronto,880000.0,#319 -2111 LAKE SHORE BLVD W,2,2,Ontario,5647656,43.7417,-79.3733,97000.0,2023,10
Toronto,529000.0,#203 -5101 DUNDAS ST W,1,1,Ontario,5647656,43.7417,-79.3733,97000.0,2023,10
Toronto,1189000.0,883 GERRARD ST E,3,3,Ontario,5647656,43.7417,-79.3733,97000.0,2023,10
Toronto,799900.0,#TH6 -80 ADELAIDE ST E,2,2,Ontario,5647656,43.7417,-79.3733,97000.0,2023,10
Toronto,1299000.0,#512 -401 QUEENS QUAY W,2,2,Ontario,5647656,43.7417,-79.3733,97000.0,2023,10
Toronto,1415000.0,#3702 -224 KING ST W,3,2,Ontario,5647656,43.7417,-79.3733,97000.0,2023,10
Toronto,1338000.0,#4 -6 BARTLETT AVE,3,2,Ontario,5647656,43.7417,-79.3733,97000.0,2023,10
Toronto,933900.0,#603 -1808 ST CLAIR AVE W,2,2,Ontario,5647656,43.7417,-79.3733,97000.0,2023,10
Toronto,449900.0,#114 -60 GEORGE BUTCHART DR,1,1,Ontario,5647656,43.7417,-79.3733,97000.0,2023,10
Toronto,988000.0,466 ST JOHNS RD,3,2,Ontario,5647656,43.7417,-79.3733,97000.0,2023,10
Toronto,829900.0,8 TAMARACK CIRC,2,3,Ontario,5647656,43.7417,-79.3733,97000.0,2023,10
Toronto,929000.0,5 ELBA AVE,4,2,Ontario,5647656,43.7417,-79.3733,97000.0,2023,10
Toronto,2245000.0,327 KENILWORTH AVE,6,3,Ontario,5647656,43.7417,-79.3733,97000.0,2023,10
Toronto,1550000.0,55 ELMER AVE,4,2,Ontario,5647656,43.7417,-79.3733,97000.0,2023,10
Toronto,3499900.0,135 RANEE AVE,8,7,Ontario,5647656,43.7417,-79.3733,97000.0,2023,10
Toronto,3726000.0,14 LONSDALE RD,4,4,Ontario,5647656,43.7417,-79.3733,97000.0,2023,10
Toronto,628000.0,#516 -68 MERTON ST,2,2,Ontario,5647656,43.7417,-79.3733,97000.0,2023,10
Toronto,2499000.0,#611 -170 AVENUE RD,3,3,Ontario,5647656,43.7417,-79.3733,97000.0,2023,10
Toronto,1799000.0,#420 -55 FRONT ST E,3,2,Ontario,5647656,43.7417,-79.3733,97000.0,2023,10
Toronto,929000.0,#618 -1169 QUEEN ST W,2,2,Ontario,5647656,43.7417,-79.3733,97000.0,2023,10
Toronto,586800.0,#1419 -320 RICHMOND ST E,2,1,Ontario,5647656,43.7417,-79.3733,97000.0,2023,10
Toronto,549900.0,#1608 -56 ANNIE CRAIG DR,1,1,Ontario,5647656,43.7417,-79.3733,97000.0,2023,10
Toronto,859000.0,#709 -1135 ROYAL YORK RD,3,2,Ontario,5647656,43.7417,-79.3733,97000.0,2023,10
Toronto,898900.0,71 BRANDON AVE,3,2,Ontario,5647656,43.7417,-79.3733,97000.0,2023,10
Toronto,499900.0,#701 -17 ZORRA ST,1,1,Ontario,5647656,43.7417,-79.3733,97000.0,2023,10
Toronto,559900.0,#1410 -15 ZORRA ST,1,1,Ontario,5647656,43.7417,-79.3733,97000.0,2023,10
Toronto,1498000.0,#TH 17 -40 WESTMORELAND AVE,2,3,Ontario,5647656,43.7417,-79.3733,97000.0,2023,10
Toronto,369900.0,#418 -1 MASSEY SQ,1,1,Ontario,5647656,43.7417,-79.3733,97000.0,2023,10
Toronto,640000.0,#513 -630 GREENWOOD AVE,2,2,Ontario,5647656,43.7417,-79.3733,97000.0,2023,10
Toronto,819000.0,#203 -1316 KINGSTON RD,2,2,Ontario,5647656,43.7417,-79.3733,97000.0,2023,10
Toronto,1050000.0,44 DARRELL AVE,3,2,Ontario,5647656,43.7417,-79.3733,97000.0,2023,10
Toronto,888000.0,#5311 -70 TEMPERANCE ST,3,2,Ontario,5647656,43.7417,-79.3733,97000.0,2023,10
Toronto,599900.0,#315 -8 GLADSTONE AVE,1,1,Ontario,5647656,43.7417,-79.3733,97000.0,2023,10
Toronto,624900.0,#1811 -705 KING ST W,2,1,Ontario,5647656,43.7417,-79.3733,97000.0,2023,10
Toronto,829900.0,#501 -60 BATHURST ST,2,1,Ontario,5647656,43.7417,-79.3733,97000.0,2023,10
Toronto,879900.0,#708 -700 KING ST W,2,2,Ontario,5647656,43.7417,-79.3733,97000.0,2023,10
Toronto,798000.0,#3804 -20 LOMBARD ST,2,2,Ontario,5647656,43.7417,-79.3733,97000.0,2023,10
Toronto,688000.0,#5201 -197 YONGE ST,1,1,Ontario,5647656,43.7417,-79.3733,97000.0,2023,10
Toronto,1998000.0,43 WALMSLEY BLVD,3,1,Ontario,5647656,43.7417,-79.3733,97000.0,2023,10
Toronto,695000.0,#1402 -600 FLEET ST,2,1,Ontario,5647656,43.7417,-79.3733,97000.0,2023,10
Toronto,489000.0,#503 -7 BROADWAY AVE,1,1,Ontario,5647656,43.7417,-79.3733,97000.0,2023,10
Toronto,1748000.0,#3002 -35 HAYDEN ST,3,3,Ontario,5647656,43.7417,-79.3733,97000.0,2023,10
Toronto,989000.0,135 LONG BRANCH Avenue Unit# 9,3,3,Ontario,5647656,43.7417,-79.3733,97000.0,2023,10
Toronto,789950.0,38 Widmer Street,0,1,Ontario,5647656,43.7417,-79.3733,97000.0,2023,10
Toronto,1069900.0,31 KEELE ST,4,3,Ontario,5647656,43.7417,-79.3733,97000.0,2023,10
Toronto,1799000.0,78 RUNNYMEDE RD,4,3,Ontario,5647656,43.7417,-79.3733,97000.0,2023,10
Toronto,2799900.0,16 CHESTNUT HILLS PKWY,5,5,Ontario,5647656,43.7417,-79.3733,97000.0,2023,10
Toronto,599900.0,#508 -251 MANITOBA ST,2,1,Ontario,5647656,43.7417,-79.3733,97000.0,2023,10
Toronto,879000.0,#705 -30 BASEBALL PL,2,2,Ontario,5647656,43.7417,-79.3733,97000.0,2023,10
Toronto,949000.0,46 FRATER AVE,3,1,Ontario,5647656,43.7417,-79.3733,97000.0,2023,10
Toronto,2298999.0,96 WINNERS CIRC,5,3,Ontario,5647656,43.7417,-79.3733,97000.0,2023,10
Toronto,1598000.0,#5909 -1 BLOOR ST E,2,2,Ontario,5647656,43.7417,-79.3733,97000.0,2023,10
Toronto,1879000.0,148 BRIAR HILL AVE,4,2,Ontario,5647656,43.7417,-79.3733,97000.0,2023,10
Toronto,2249000.0,82 BORDEN ST,4,3,Ontario,5647656,43.7417,-79.3733,97000.0,2023,10
Toronto,7888000.0,50 FOREST HILL RD,5,6,Ontario,5647656,43.7417,-79.3733,97000.0,2023,10
Toronto,575900.0,#106 -130 NEPTUNE DRIVE DR,2,2,Ontario,5647656,43.7417,-79.3733,97000.0,2023,10
Toronto,1035000.0,#305 -575 BLOOR ST E,2,2,Ontario,5647656,43.7417,-79.3733,97000.0,2023,10
Toronto,649900.0,#1606 -20 MINOWAN MIIKAN LANE,2,1,Ontario,5647656,43.7417,-79.3733,97000.0,2023,10
Toronto,5750000.0,79 ELM AVE,5,5,Ontario,5647656,43.7417,-79.3733,97000.0,2023,10
Toronto,1429900.0,#1003 -200 SUDBURY ST,2,2,Ontario,5647656,43.7417,-79.3733,97000.0,2023,10
Toronto,1289000.0,#504 -40 ROSEHILL AVE,3,2,Ontario,5647656,43.7417,-79.3733,97000.0,2023,10
Toronto,600000.0,#1503 -81 WELLESLEY ST E,1,1,Ontario,5647656,43.7417,-79.3733,97000.0,2023,10
Toronto,748000.0,#201 -1901 YONGE ST,2,2,Ontario,5647656,43.7417,-79.3733,97000.0,2023,10
Toronto,2750000.0,102 ULSTER ST,4,5,Ontario,5647656,43.7417,-79.3733,97000.0,2023,10
Toronto,948000.0,#610 -88 CUMBERLAND ST S,2,1,Ontario,5647656,43.7417,-79.3733,97000.0,2023,10
Toronto,2198000.0,16B RANLEIGH AVE,5,5,Ontario,5647656,43.7417,-79.3733,97000.0,2023,10
Toronto,2125000.0,96 DE QUINCY BLVD,7,4,Ontario,5647656,43.7417,-79.3733,97000.0,2023,10
Toronto,519900.0,#453 -313 RICHMOND ST E,2,1,Ontario,5647656,43.7417,-79.3733,97000.0,2023,10
Toronto,1669000.0,#707 -500 AVENUE RD,2,2,Ontario,5647656,43.7417,-79.3733,97000.0,2023,10
Toronto,639000.0,#308 -1030 KING ST W,1,1,Ontario,5647656,43.7417,-79.3733,97000.0,2023,10
Toronto,869000.0,#302 -393 KING ST E,2,2,Ontario,5647656,43.7417,-79.3733,97000.0,2023,10
Toronto,1139000.0,1042* ST CLARENS AVE,3,2,Ontario,5647656,43.7417,-79.3733,97000.0,2023,10
Toronto,880000.0,#1203 -105 THE QUEENSWAY,2,2,Ontario,5647656,43.7417,-79.3733,97000.0,2023,10
Toronto,1299000.0,73 EDWARD HORTON CRES,3,3,Ontario,5647656,43.7417,-79.3733,97000.0,2023,10
Toronto,599900.0,#510 -15 LA ROSE AVE,3,2,Ontario,5647656,43.7417,-79.3733,97000.0,2023,10
Toronto,1499000.0,14 MELBOURNE AVE,4,2,Ontario,5647656,43.7417,-79.3733,97000.0,2023,10
Toronto,1498000.0,17 BRUTON RD,4,4,Ontario,5647656,43.7417,-79.3733,97000.0,2023,10
Toronto,655000.0,#861 -30 TANDRIDGE CRES,3,1,Ontario,5647656,43.7417,-79.3733,97000.0,2023,10
Toronto,779000.0,#1506 -1900 LAKE SHORE BLVD W,3,2,Ontario,5647656,43.7417,-79.3733,97000.0,2023,10
Toronto,995000.0,146 MARIA ST,4,3,Ontario,5647656,43.7417,-79.3733,97000.0,2023,10
Toronto,1238000.0,50 LANGHOLM DR,4,2,Ontario,5647656,43.7417,-79.3733,97000.0,2023,10
Toronto,1099000.0,199 GILLARD AVE,4,3,Ontario,5647656,43.7417,-79.3733,97000.0,2023,10
Toronto,1649000.0,162 ASHDALE AVE,3,3,Ontario,5647656,43.7417,-79.3733,97000.0,2023,10
Toronto,1369000.0,#414 -365 BEECH AVE,3,3,Ontario,5647656,43.7417,-79.3733,97000.0,2023,10
Toronto,4900000.0,2 PARK AVE,5,5,Ontario,5647656,43.7417,-79.3733,97000.0,2023,10
Toronto,1399000.0,747 GERRARD ST E,3,1,Ontario,5647656,43.7417,-79.3733,97000.0,2023,10
Toronto,1399000.0,49 LESLIE ST,4,4,Ontario,5647656,43.7417,-79.3733,97000.0,2023,10
Toronto,539000.0,#1109 -60 BYNG AVE,1,1,Ontario,5647656,43.7417,-79.3733,97000.0,2023,10
Toronto,773500.0,#125 -1 BENVENUTO PL,1,1,Ontario,5647656,43.7417,-79.3733,97000.0,2023,10
Toronto,589000.0,#803 -220 VICTORIA ST,2,2,Ontario,5647656,43.7417,-79.3733,97000.0,2023,10
Toronto,929000.0,#2205 -2191 YONGE ST,3,2,Ontario,5647656,43.7417,-79.3733,97000.0,2023,10
Toronto,765000.0,#2604 -80 JOHN ST,2,1,Ontario,5647656,43.7417,-79.3733,97000.0,2023,10
Toronto,949900.0,#3402 -33 LOMBARD ST,2,2,Ontario,5647656,43.7417,-79.3733,97000.0,2023,10
Toronto,3598888.0,41 GLENBRAE AVE,5,5,Ontario,5647656,43.7417,-79.3733,97000.0,2023,10
Toronto,988000.0,34A BELLEVUE AVE,2,2,Ontario,5647656,43.7417,-79.3733,97000.0,2023,10
Toronto,728800.0,#3411 -219 FORT YORK BLVD,2,1,Ontario,5647656,43.7417,-79.3733,97000.0,2023,10
Toronto,749000.0,#506 -44 ST JOSEPH ST,2,1,Ontario,5647656,43.7417,-79.3733,97000.0,2023,10
Toronto,479000.0,#201 -115 RICHMOND ST E,1,1,Ontario,5647656,43.7417,-79.3733,97000.0,2023,10
Toronto,1079000.0,#301 -1121 BAY ST,2,2,Ontario,5647656,43.7417,-79.3733,97000.0,2023,10
Toronto,679000.0,#3505 -85 QUEENS WHARF RD,2,1,Ontario,5647656,43.7417,-79.3733,97000.0,2023,10
Toronto,859900.0,170 LANGFORD AVE,3,1,Ontario,5647656,43.7417,-79.3733,97000.0,2023,10
Toronto,540000.0,#1905 -17 ZORRA ST,1,1,Ontario,5647656,43.7417,-79.3733,97000.0,2023,10
Toronto,650000.0,#1012 -2121 LAKE SHORE BLVD W,2,1,Ontario,5647656,43.7417,-79.3733,97000.0,2023,10
Toronto,1000000.0,50 LEMONWOOD DR,4,2,Ontario,5647656,43.7417,-79.3733,97000.0,2023,10
Toronto,698000.0,#407 -363 SORAUREN AVE,1,1,Ontario,5647656,43.7417,-79.3733,97000.0,2023,10
Toronto,3998000.0,81 BYWOOD DR,4,5,Ontario,5647656,43.7417,-79.3733,97000.0,2023,10
Toronto,1198000.0,78 SNIDER AVE,4,2,Ontario,5647656,43.7417,-79.3733,97000.0,2023,10
Toronto,559000.0,#315 -2267 LAKE SHORE BLVD W,2,2,Ontario,5647656,43.7417,-79.3733,97000.0,2023,10
Toronto,1225000.0,108 ARDAGH ST,4,2,Ontario,5647656,43.7417,-79.3733,97000.0,2023,10
Toronto,988000.0,#1404 -2087 LAKE SHORE BLVD W,3,2,Ontario,5647656,43.7417,-79.3733,97000.0,2023,10
Toronto,879000.0,99 KING EDWARD AVE,2,2,Ontario,5647656,43.7417,-79.3733,97000.0,2023,10
Toronto,899900.0,#202 -55 FRONT ST E,2,1,Ontario,5647656,43.7417,-79.3733,97000.0,2023,10
Toronto,815000.0,#302 -8 WELLESLEY ST E,2,2,Ontario,5647656,43.7417,-79.3733,97000.0,2023,10
Toronto,579000.0,#205 -458 RICHMOND ST W,1,1,Ontario,5647656,43.7417,-79.3733,97000.0,2023,10
Toronto,599000.0,#1206 -3237 BAYVIEW AVE,2,2,Ontario,5647656,43.7417,-79.3733,97000.0,2023,10
Toronto,599000.0,#3106 -38 DAN LECKIE WAY,1,1,Ontario,5647656,43.7417,-79.3733,97000.0,2023,10
Toronto,10950000.0,481 RUSSELL HILL RD,5,7,Ontario,5647656,43.7417,-79.3733,97000.0,2023,10
Toronto,919000.0,#102 -1111 AVENUE RD,2,2,Ontario,5647656,43.7417,-79.3733,97000.0,2023,10
Toronto,598000.0,#1503 -403 CHURCH ST,1,1,Ontario,5647656,43.7417,-79.3733,97000.0,2023,10
Toronto,699800.0,#2109 -33 BAY ST,1,1,Ontario,5647656,43.7417,-79.3733,97000.0,2023,10
Toronto,549900.0,#1106 -40 HOMEWOOD AVE,1,1,Ontario,5647656,43.7417,-79.3733,97000.0,2023,10
Toronto,2189999.0,495 ST GERMAIN AVE,4,2,Ontario,5647656,43.7417,-79.3733,97000.0,2023,10
Toronto,1599000.0,367 EUCLID AVE,5,3,Ontario,5647656,43.7417,-79.3733,97000.0,2023,10
Toronto,475000.0,#720 -25 COLE ST,1,1,Ontario,5647656,43.7417,-79.3733,97000.0,2023,10
Toronto,1485000.0,#902 -55 ONTARIO ST,2,2,Ontario,5647656,43.7417,-79.3733,97000.0,2023,10
Toronto,1299000.0,89 LAWRENCE AVE W,3,2,Ontario,5647656,43.7417,-79.3733,97000.0,2023,10
Toronto,549900.0,#801 -3 MICHAEL POWER PL,1,1,Ontario,5647656,43.7417,-79.3733,97000.0,2023,10
Toronto,930000.0,570 BLACKTHORN AVE,3,2,Ontario,5647656,43.7417,-79.3733,97000.0,2023,10
Toronto,1164000.0,#106 -35 WABASH AVE,2,2,Ontario,5647656,43.7417,-79.3733,97000.0,2023,10
Toronto,599000.0,#1406 -2181 YONGE ST,1,1,Ontario,5647656,43.7417,-79.3733,97000.0,2023,10
Toronto,875000.0,#620 -1030 KING ST W,3,2,Ontario,5647656,43.7417,-79.3733,97000.0,2023,10
Toronto,2199000.0,43 FAIRFIELD RD,5,4,Ontario,5647656,43.7417,-79.3733,97000.0,2023,10
Toronto,799000.0,178 CEDRIC AVE,2,2,Ontario,5647656,43.7417,-79.3733,97000.0,2023,10
Toronto,1499000.0,189 COURCELETTE RD,3,2,Ontario,5647656,43.7417,-79.3733,97000.0,2023,10
Toronto,598000.0,#107 -99 THE DONWAY  W,2,2,Ontario,5647656,43.7417,-79.3733,97000.0,2023,10
Toronto,2199000.0,119 CASTLEFIELD AVE,4,4,Ontario,5647656,43.7417,-79.3733,97000.0,2023,10
Toronto,829000.0,#524 -40 SYLVAN VALLEYWAY,2,2,Ontario,5647656,43.7417,-79.3733,97000.0,2023,10
Toronto,2300000.0,133 COWAN AVE,4,4,Ontario,5647656,43.7417,-79.3733,97000.0,2023,10
Toronto,599000.0,#421 -628 FLEET ST,2,1,Ontario,5647656,43.7417,-79.3733,97000.0,2023,10
Vancouver,550000.0,1712-938 SMITHE STREET,1,1,British Columbia,2426160,49.25,-123.1,90000.0,2023,10
Vancouver,649000.0,311-1050 BROUGHTON STREET,1,1,British Columbia,2426160,49.25,-123.1,90000.0,2023,10
Vancouver,2880000.0,5802 EAGLE ISLAND,2,2,British Columbia,2426160,49.25,-123.1,90000.0,2023,10
Vancouver,455000.0,1002-2008 FULLERTON AVENUE,1,1,British Columbia,2426160,49.25,-123.1,90000.0,2023,10
Vancouver,599000.0,702-5058 JOYCE STREET,1,1,British Columbia,2426160,49.25,-123.1,90000.0,2023,10
Vancouver,1698000.0,4102 YUCULTA CRESCENT,5,4,British Columbia,2426160,49.25,-123.1,90000.0,2023,10
Vancouver,925000.0,804-939 HOMER STREET,2,2,British Columbia,2426160,49.25,-123.1,90000.0,2023,10
Vancouver,6580000.0,4492 QUESNEL DRIVE,4,5,British Columbia,2426160,49.25,-123.1,90000.0,2023,10
Vancouver,1549900.0,1827 E 38TH AVENUE,2,1,British Columbia,2426160,49.25,-123.1,90000.0,2023,10
Vancouver,899900.0,905-1295 RICHARDS STREET,2,2,British Columbia,2426160,49.25,-123.1,90000.0,2023,10
Vancouver,649998.0,701-989 NELSON STREET,1,1,British Columbia,2426160,49.25,-123.1,90000.0,2023,10
Vancouver,2990000.0,3191 W 35TH AVENUE,5,3,British Columbia,2426160,49.25,-123.1,90000.0,2023,10
Vancouver,3749000.0,283 MONTERAY AVENUE,5,6,British Columbia,2426160,49.25,-123.1,90000.0,2023,10
Vancouver,1199000.0,1410-3487 BINNING ROAD,3,2,British Columbia,2426160,49.25,-123.1,90000.0,2023,10
Vancouver,1499000.0,1845 E 51ST AVENUE,4,3,British Columbia,2426160,49.25,-123.1,90000.0,2023,10
Vancouver,999000.0,204-217 W 8TH STREET,2,2,British Columbia,2426160,49.25,-123.1,90000.0,2023,10
Vancouver,488000.0,310-211 W 3RD STREET,1,1,British Columbia,2426160,49.25,-123.1,90000.0,2023,10
Vancouver,1088000.0,3609 RAE AVENUE,3,3,British Columbia,2426160,49.25,-123.1,90000.0,2023,10
Vancouver,899000.0,3603-5665 BOUNDARY ROAD,2,2,British Columbia,2426160,49.25,-123.1,90000.0,2023,10
Vancouver,3480000.0,302-1930 BELLEVUE AVENUE,2,2,British Columbia,2426160,49.25,-123.1,90000.0,2023,10
Vancouver,2058000.0,3089 E 28TH AVENUE,5,4,British Columbia,2426160,49.25,-123.1,90000.0,2023,10
Vancouver,1898000.0,222-618 W 45TH AVENUE,3,2,British Columbia,2426160,49.25,-123.1,90000.0,2023,10
Vancouver,1289000.0,1103-5425 YEW STREET,2,2,British Columbia,2426160,49.25,-123.1,90000.0,2023,10
Vancouver,998000.0,1607-838 W HASTINGS STREET,1,1,British Columbia,2426160,49.25,-123.1,90000.0,2023,10
Vancouver,1195000.0,87-3180 E 58TH AVENUE,4,4,British Columbia,2426160,49.25,-123.1,90000.0,2023,10
Vancouver,1799999.0,2-204 E 18TH STREET,4,4,British Columbia,2426160,49.25,-123.1,90000.0,2023,10
Vancouver,799000.0,1207-3538 SAWMILL CRESCENT,2,2,British Columbia,2426160,49.25,-123.1,90000.0,2023,10
Vancouver,1128000.0,2906-777 RICHARDS STREET,2,2,British Columbia,2426160,49.25,-123.1,90000.0,2023,10
Vancouver,2988000.0,6458 MALVERN AVENUE,5,6,British Columbia,2426160,49.25,-123.1,90000.0,2023,10
Vancouver,4800000.0,5806 EAGLE ISLAND,5,4,British Columbia,2426160,49.25,-123.1,90000.0,2023,10
Vancouver,749000.0,4009-1788 GILMORE AVENUE,1,1,British Columbia,2426160,49.25,-123.1,90000.0,2023,10
Vancouver,688800.0,1709-4730 LOUGHEED HIGHWAY,1,1,British Columbia,2426160,49.25,-123.1,90000.0,2023,10
Vancouver,595000.0,1507-108 W CORDOVA STREET,1,1,British Columbia,2426160,49.25,-123.1,90000.0,2023,10
Vancouver,799000.0,1806-4182 DAWSON STREET,2,2,British Columbia,2426160,49.25,-123.1,90000.0,2023,10
Vancouver,2998000.0,3475 MATHERS AVENUE,4,3,British Columbia,2426160,49.25,-123.1,90000.0,2023,10
Vancouver,1020000.0,512-2788 PRINCE EDWARD STREET,2,2,British Columbia,2426160,49.25,-123.1,90000.0,2023,10
Vancouver,799900.0,307-6699 DUNBLANE AVENUE,2,2,British Columbia,2426160,49.25,-123.1,90000.0,2023,10
Vancouver,1780000.0,941 E 41ST AVENUE,5,2,British Columbia,2426160,49.25,-123.1,90000.0,2023,10
Vancouver,799900.0,307-6699 DUNBLANE AVENUE,2,2,British Columbia,2426160,49.25,-123.1,90000.0,2023,10
Vancouver,1479900.0,313-2377 E 11TH AVENUE,3,3,British Columbia,2426160,49.25,-123.1,90000.0,2023,10
Vancouver,999999.0,1102-1200 ALBERNI STREET,2,2,British Columbia,2426160,49.25,-123.1,90000.0,2023,10
Vancouver,2350000.0,1458 W 45TH AVENUE,5,4,British Columbia,2426160,49.25,-123.1,90000.0,2023,10
Vancouver,848000.0,1705-2220 KINGSWAY,2,2,British Columbia,2426160,49.25,-123.1,90000.0,2023,10
Vancouver,1598000.0,300-5890 BALSAM STREET,2,3,British Columbia,2426160,49.25,-123.1,90000.0,2023,10
Vancouver,6295000.0,6633 CHURCHILL STREET,7,8,British Columbia,2426160,49.25,-123.1,90000.0,2023,10
Vancouver,849999.0,5504-4510 HALIFAX WAY,2,2,British Columbia,2426160,49.25,-123.1,90000.0,2023,10
Vancouver,925000.0,9-7198 BARNET ROAD,2,2,British Columbia,2426160,49.25,-123.1,90000.0,2023,10
Vancouver,4888000.0,3722 SOUTHRIDGE PLACE,6,5,British Columbia,2426160,49.25,-123.1,90000.0,2023,10
Vancouver,3990000.0,2206 WESTHILL DRIVE,6,4,British Columbia,2426160,49.25,-123.1,90000.0,2023,10
Vancouver,554000.0,203-4990 MCGEER STREET,1,1,British Columbia,2426160,49.25,-123.1,90000.0,2023,10
Vancouver,649000.0,2104-1050 BURRARD STREET,0,1,British Columbia,2426160,49.25,-123.1,90000.0,2023,10
Vancouver,1380000.0,1388 W 45TH AVENUE,5,6,British Columbia,2426160,49.25,-123.1,90000.0,2023,10
Vancouver,3900000.0,402-212 LONSDALE AVENUE,2,1,British Columbia,2426160,49.25,-123.1,90000.0,2023,10
Vancouver,764900.0,S107-5005 ASH STREET,3,2,British Columbia,2426160,49.25,-123.1,90000.0,2023,10
Vancouver,1598000.0,27-1350 W 6TH AVENUE,1,1,British Columbia,2426160,49.25,-123.1,90000.0,2023,10
Vancouver,699800.0,1604-1401 HUNTER STREET,1,1,British Columbia,2426160,49.25,-123.1,90000.0,2023,10
Vancouver,1580000.0,2769 MOUNTAIN HIGHWAY,3,3,British Columbia,2426160,49.25,-123.1,90000.0,2023,10
Vancouver,3299900.0,580 ARTHUR ERICKSON PLACE,3,4,British Columbia,2426160,49.25,-123.1,90000.0,2023,10
Vancouver,1319900.0,106-2377 E 11TH AVENUE,2,3,British Columbia,2426160,49.25,-123.1,90000.0,2023,10
Vancouver,2488000.0,1460 W 45TH AVENUE,3,3,British Columbia,2426160,49.25,-123.1,90000.0,2023,10
Vancouver,3279900.0,584 ARTHUR ERICKSON PLACE,3,4,British Columbia,2426160,49.25,-123.1,90000.0,2023,10
Vancouver,1179900.0,457-2377 E 11TH AVENUE,2,3,British Columbia,2426160,49.25,-123.1,90000.0,2023,10
Vancouver,2299000.0,621 SEYMOUR COURT,5,3,British Columbia,2426160,49.25,-123.1,90000.0,2023,10
Vancouver,910000.0,511-2188 MADISON AVENUE,3,2,British Columbia,2426160,49.25,-123.1,90000.0,2023,10
Vancouver,1138000.0,401-2815 YEW STREET,2,2,British Columbia,2426160,49.25,-123.1,90000.0,2023,10
Vancouver,2598000.0,1-1456 W 45TH AVENUE,4,4,British Columbia,2426160,49.25,-123.1,90000.0,2023,10
Vancouver,1899000.0,1704-1205 W HASTINGS STREET,2,2,British Columbia,2426160,49.25,-123.1,90000.0,2023,10
Vancouver,1599000.0,2486 W 8TH AVENUE,4,3,British Columbia,2426160,49.25,-123.1,90000.0,2023,10
Vancouver,699000.0,711-138 W 1ST AVENUE,1,1,British Columbia,2426160,49.25,-123.1,90000.0,2023,10
Vancouver,1830000.0,1709-5608 BERTON AVENUE,2,2,British Columbia,2426160,49.25,-123.1,90000.0,2023,10
Vancouver,1358900.0,205-206-3438 SAWMILL CRESCENT,3,3,British Columbia,2426160,49.25,-123.1,90000.0,2023,10
Vancouver,2598000.0,5240 RANGER AVENUE,4,3,British Columbia,2426160,49.25,-123.1,90000.0,2023,10
Vancouver,1645000.0,146 W WOODSTOCK AVENUE,3,3,British Columbia,2426160,49.25,-123.1,90000.0,2023,10
Vancouver,708000.0,1002-1565 W 6TH AVENUE,1,1,British Columbia,2426160,49.25,-123.1,90000.0,2023,10
Vancouver,897800.0,2802-6525 TELFORD AVENUE,2,2,British Columbia,2426160,49.25,-123.1,90000.0,2023,10
Vancouver,2588000.0,4553 W 8TH AVENUE,4,4,British Columbia,2426160,49.25,-123.1,90000.0,2023,10
Vancouver,560000.0,408-1330 HORNBY STREET,1,1,British Columbia,2426160,49.25,-123.1,90000.0,2023,10
Vancouver,999999.0,TH2-1728 GILMORE AVENUE,2,3,British Columbia,2426160,49.25,-123.1,90000.0,2023,10
Vancouver,1588000.0,1906-1028 BARCLAY STREET,2,2,British Columbia,2426160,49.25,-123.1,90000.0,2023,10
Vancouver,2598000.0,3377 W 23RD AVENUE,3,4,British Columbia,2426160,49.25,-123.1,90000.0,2023,10
Vancouver,7880000.0,5501-1480 HOWE STREET,3,5,British Columbia,2426160,49.25,-123.1,90000.0,2023,10
Vancouver,2299999.0,1612 GRAND BOULEVARD,5,4,British Columbia,2426160,49.25,-123.1,90000.0,2023,10
Vancouver,4298000.0,3606 EDGEMONT BOULEVARD,7,6,British Columbia,2426160,49.25,-123.1,90000.0,2023,10
Vancouver,875000.0,1103-950 CAMBIE STREET,2,2,British Columbia,2426160,49.25,-123.1,90000.0,2023,10
Vancouver,1958000.0,5094 WALDEN STREET,3,4,British Columbia,2426160,49.25,-123.1,90000.0,2023,10
Vancouver,649000.0,508-2763 CHANDLERY PLACE,2,2,British Columbia,2426160,49.25,-123.1,90000.0,2023,10
Vancouver,2797000.0,472 CRESTWOOD AVENUE,5,3,British Columbia,2426160,49.25,-123.1,90000.0,2023,10
Vancouver,2595000.0,2417 WEYMOUTH PLACE,4,3,British Columbia,2426160,49.25,-123.1,90000.0,2023,10
Vancouver,6370000.0,3307-1011 W CORDOVA STREET,2,3,British Columbia,2426160,49.25,-123.1,90000.0,2023,10
Vancouver,5780000.0,4418 W 15TH AVENUE,6,7,British Columbia,2426160,49.25,-123.1,90000.0,2023,10
Vancouver,3659000.0,2408 BRIDGMAN AVENUE,6,6,British Columbia,2426160,49.25,-123.1,90000.0,2023,10
Vancouver,2880000.0,3596 W 23RD AVENUE,3,3,British Columbia,2426160,49.25,-123.1,90000.0,2023,10
Vancouver,1898000.0,792 E 11TH AVENUE,3,4,British Columbia,2426160,49.25,-123.1,90000.0,2023,10
Vancouver,1898000.0,792 E 11TH AVENUE,3,4,British Columbia,2426160,49.25,-123.1,90000.0,2023,10
Vancouver,679000.0,1305-2181 MADISON AVENUE,1,1,British Columbia,2426160,49.25,-123.1,90000.0,2023,10
Vancouver,499800.0,206-688 E 56TH AVENUE,1,1,British Columbia,2426160,49.25,-123.1,90000.0,2023,10
Vancouver,1168000.0,960 LILLOOET ROAD,4,3,British Columbia,2426160,49.25,-123.1,90000.0,2023,10
Vancouver,1678800.0,6-251 E 11TH STREET,3,3,British Columbia,2426160,49.25,-123.1,90000.0,2023,10
Vancouver,589000.0,311-1783 MANITOBA STREET,1,1,British Columbia,2426160,49.25,-123.1,90000.0,2023,10
Vancouver,639000.0,212-150 W 22ND STREET,1,1,British Columbia,2426160,49.25,-123.1,90000.0,2023,10
Vancouver,1999000.0,1136 E 22ND AVENUE,3,3,British Columbia,2426160,49.25,-123.1,90000.0,2023,10
Vancouver,664900.0,2401-3438 SAWMILL CRESCENT,1,1,British Columbia,2426160,49.25,-123.1,90000.0,2023,10
Vancouver,1668000.0,4552 INVERNESS STREET,3,3,British Columbia,2426160,49.25,-123.1,90000.0,2023,10
Vancouver,1899000.0,2308 E 30TH AVENUE,4,2,British Columbia,2426160,49.25,-123.1,90000.0,2023,10
Vancouver,1899000.0,2324 E 30TH AVENUE,4,2,British Columbia,2426160,49.25,-123.1,90000.0,2023,10
Vancouver,4288000.0,4619 CAULFEILD DRIVE,4,5,British Columbia,2426160,49.25,-123.1,90000.0,2023,10
Vancouver,1328000.0,4003-4730 LOUGHEED HIGHWAY,2,2,British Columbia,2426160,49.25,-123.1,90000.0,2023,10
Vancouver,489900.0,307-711 W 14TH STREET,1,1,British Columbia,2426160,49.25,-123.1,90000.0,2023,10
Vancouver,988000.0,2401-5311 GORING STREET,2,2,British Columbia,2426160,49.25,-123.1,90000.0,2023,10
Vancouver,790000.0,1909-2024 FULLERTON AVENUE,2,2,British Columbia,2426160,49.25,-123.1,90000.0,2023,10
Vancouver,1899999.0,6642 FULTON AVENUE,5,3,British Columbia,2426160,49.25,-123.1,90000.0,2023,10
Vancouver,648000.0,702-4250 DAWSON STREET,1,1,British Columbia,2426160,49.25,-123.1,90000.0,2023,10
Vancouver,1699000.0,216 E 5TH AVENUE,3,3,British Columbia,2426160,49.25,-123.1,90000.0,2023,10
Vancouver,790000.0,1909-2024 FULLERTON AVENUE,2,2,British Columbia,2426160,49.25,-123.1,90000.0,2023,10
Vancouver,489900.0,307-711 W 14TH STREET,1,1,British Columbia,2426160,49.25,-123.1,90000.0,2023,10
Vancouver,988000.0,2401-5311 GORING STREET,2,2,British Columbia,2426160,49.25,-123.1,90000.0,2023,10
Vancouver,648000.0,702-4250 DAWSON STREET,1,1,British Columbia,2426160,49.25,-123.1,90000.0,2023,10
Vancouver,599000.0,E213-515 E 15TH AVENUE,2,2,British Columbia,2426160,49.25,-123.1,90000.0,2023,10
Vancouver,1899999.0,6642 FULTON AVENUE,5,3,British Columbia,2426160,49.25,-123.1,90000.0,2023,10
Vancouver,1976000.0,2501-89 NELSON STREET,2,2,British Columbia,2426160,49.25,-123.1,90000.0,2023,10
Vancouver,2049000.0,2052 MACKAY AVENUE,3,1,British Columbia,2426160,49.25,-123.1,90000.0,2023,10
Vancouver,2498000.0,2-3841 W 27TH AVENUE,3,4,British Columbia,2426160,49.25,-123.1,90000.0,2023,10
Vancouver,2549000.0,8068 LAUREL STREET,3,4,British Columbia,2426160,49.25,-123.1,90000.0,2023,10
Vancouver,1899000.0,364 W KEITH ROAD,3,4,British Columbia,2426160,49.25,-123.1,90000.0,2023,10
Vancouver,1648000.0,503-677 W 41ST AVENUE,3,2,British Columbia,2426160,49.25,-123.1,90000.0,2023,10
Vancouver,899000.0,406-2515 ONTARIO STREET,2,2,British Columbia,2426160,49.25,-123.1,90000.0,2023,10
Vancouver,1995000.0,43-2236 FOLKESTONE WAY,2,2,British Columbia,2426160,49.25,-123.1,90000.0,2023,10
Vancouver,3348888.0,4850 ROSS STREET,5,0,British Columbia,2426160,49.25,-123.1,90000.0,2023,10
Vancouver,724900.0,202-1990 W 6TH AVENUE,1,1,British Columbia,2426160,49.25,-123.1,90000.0,2023,10
Vancouver,4580000.0,2903 W 28TH AVENUE,7,6,British Columbia,2426160,49.25,-123.1,90000.0,2023,10
Vancouver,1799000.0,8058 HAIG STREET,3,4,British Columbia,2426160,49.25,-123.1,90000.0,2023,10
Vancouver,728800.0,3005-909 MAINLAND STREET,1,1,British Columbia,2426160,49.25,-123.1,90000.0,2023,10
Vancouver,599800.0,201-6455 WILLINGDON AVENUE,2,1,British Columbia,2426160,49.25,-123.1,90000.0,2023,10
Vancouver,1900000.0,3067 GRAVELEY STREET,5,3,British Columbia,2426160,49.25,-123.1,90000.0,2023,10
Vancouver,728800.0,3005-909 MAINLAND STREET,1,1,British Columbia,2426160,49.25,-123.1,90000.0,2023,10
Vancouver,1799000.0,8058 HAIG STREET,3,4,British Columbia,2426160,49.25,-123.1,90000.0,2023,10
Vancouver,799000.0,603-689 ABBOTT STREET,1,1,British Columbia,2426160,49.25,-123.1,90000.0,2023,10
Vancouver,1600000.0,8377 FRENCH STREET,3,2,British Columbia,2426160,49.25,-123.1,90000.0,2023,10
Vancouver,598800.0,57-433 SEYMOUR RIVER PLACE,1,1,British Columbia,2426160,49.25,-123.1,90000.0,2023,10
Vancouver,1649900.0,2430 E 41ST AVENUE,5,4,British Columbia,2426160,49.25,-123.1,90000.0,2023,10
Vancouver,2399000.0,1152 E 22ND AVENUE,6,4,British Columbia,2426160,49.25,-123.1,90000.0,2023,10
Vancouver,874900.0,408-1323 HOMER STREET,2,1,British Columbia,2426160,49.25,-123.1,90000.0,2023,10
Vancouver,2999800.0,2808 W 13TH AVENUE,4,5,British Columbia,2426160,49.25,-123.1,90000.0,2023,10
Vancouver,659000.0,2104-4485 SKYLINE DRIVE,1,1,British Columbia,2426160,49.25,-123.1,90000.0,2023,10
Vancouver,1995000.0,142-540 W 29TH AVENUE,3,3,British Columbia,2426160,49.25,-123.1,90000.0,2023,10
Vancouver,699000.0,2002-989 RICHARDS STREET,1,1,British Columbia,2426160,49.25,-123.1,90000.0,2023,10
Vancouver,839000.0,105-189 E 16TH AVENUE,2,2,British Columbia,2426160,49.25,-123.1,90000.0,2023,10
Vancouver,1849000.0,8056 HAIG STREET,3,4,British Columbia,2426160,49.25,-123.1,90000.0,2023,10
Vancouver,1398000.0,509-530 RAVEN WOODS DRIVE,2,2,British Columbia,2426160,49.25,-123.1,90000.0,2023,10
Vancouver,2188000.0,2708-1239 W GEORGIA STREET,3,4,British Columbia,2426160,49.25,-123.1,90000.0,2023,10
Vancouver,4499000.0,1271 FULTON AVENUE,6,5,British Columbia,2426160,49.25,-123.1,90000.0,2023,10
Vancouver,1248000.0,711-5608 BERTON AVENUE,2,2,British Columbia,2426160,49.25,-123.1,90000.0,2023,10
Vancouver,1798000.0,4664 ROYAL OAK AVENUE,5,3,British Columbia,2426160,49.25,-123.1,90000.0,2023,10
Vancouver,1599800.0,705-212 DAVIE STREET,2,2,British Columbia,2426160,49.25,-123.1,90000.0,2023,10
Vancouver,620000.0,1004-2008 FULLERTON AVENUE,2,1,British Columbia,2426160,49.25,-123.1,90000.0,2023,10
Vancouver,818000.0,701-5608 BERTON AVENUE,1,1,British Columbia,2426160,49.25,-123.1,90000.0,2023,10
Vancouver,1848888.0,5274 TAUNTON STREET,5,3,British Columbia,2426160,49.25,-123.1,90000.0,2023,10
Vancouver,888000.0,905-160 W KEITH ROAD,2,2,British Columbia,2426160,49.25,-123.1,90000.0,2023,10
Vancouver,650000.0,1210-4105 MAYWOOD STREET,2,2,British Columbia,2426160,49.25,-123.1,90000.0,2023,10
Vancouver,619000.0,310-2330 MAPLE STREET,1,1,British Columbia,2426160,49.25,-123.1,90000.0,2023,10
Vancouver,2998000.0,3380 WESTMOUNT ROAD,3,3,British Columbia,2426160,49.25,-123.1,90000.0,2023,10
Vancouver,3700000.0,5327 DUNDEE STREET,5,3,British Columbia,2426160,49.25,-123.1,90000.0,2023,10
Vancouver,999000.0,1708-2085 SKYLINE COURT,2,2,British Columbia,2426160,49.25,-123.1,90000.0,2023,10
Vancouver,1659900.0,3402-1335 HOWE STREET,2,2,British Columbia,2426160,49.25,-123.1,90000.0,2023,10
Vancouver,1999000.0,3940 QUEBEC STREET,4,2,British Columbia,2426160,49.25,-123.1,90000.0,2023,10
Vancouver,799900.0,703-689 ABBOTT STREET,1,1,British Columbia,2426160,49.25,-123.1,90000.0,2023,10
Vancouver,699000.0,306-2105 W 42ND AVENUE,2,2,British Columbia,2426160,49.25,-123.1,90000.0,2023,10
Vancouver,519800.0,302-4028 KNIGHT STREET,0,1,British Columbia,2426160,49.25,-123.1,90000.0,2023,10
Vancouver,1279900.0,6-3508 MOUNT SEYMOUR PARKWAY,3,3,British Columbia,2426160,49.25,-123.1,90000.0,2023,10
Vancouver,3949000.0,PH801-788 ARTHUR ERICKSON PLACE,3,3,British Columbia,2426160,49.25,-123.1,90000.0,2023,10
Vancouver,1149900.0,2203-3538 SAWMILL CRESCENT,3,2,British Columbia,2426160,49.25,-123.1,90000.0,2023,10
Vancouver,1399000.0,1607-6000 MCKAY AVENUE,3,2,British Columbia,2426160,49.25,-123.1,90000.0,2023,10
Vancouver,4488000.0,605 W 23RD AVENUE,8,8,British Columbia,2426160,49.25,-123.1,90000.0,2023,10
Vancouver,828000.0,1287-87 NELSON STREET,1,1,British Columbia,2426160,49.25,-123.1,90000.0,2023,10
Vancouver,2549000.0,4563 CEDARCREST AVENUE,5,4,British Columbia,2426160,49.25,-123.1,90000.0,2023,10
Vancouver,1090000.0,508-5770 OAK STREET,2,2,British Columbia,2426160,49.25,-123.1,90000.0,2023,10
Vancouver,688000.0,202-960 LYNN VALLEY ROAD,2,1,British Columbia,2426160,49.25,-123.1,90000.0,2023,10
Vancouver,589900.0,305-350 E 5TH AVENUE,1,1,British Columbia,2426160,49.25,-123.1,90000.0,2023,10
Vancouver,698000.0,1505-688 ABBOTT STREET,1,1,British Columbia,2426160,49.25,-123.1,90000.0,2023,10
Vancouver,2499000.0,2301-2200 DOUGLAS ROAD,2,2,British Columbia,2426160,49.25,-123.1,90000.0,2023,10
Vancouver,619000.0,2507-108 W CORDOVA STREET,1,1,British Columbia,2426160,49.25,-123.1,90000.0,2023,10
Vancouver,2699000.0,838 W 64TH AVENUE,6,5,British Columbia,2426160,49.25,-123.1,90000.0,2023,10
Vancouver,2598000.0,1-3841 W 27TH AVENUE,3,4,British Columbia,2426160,49.25,-123.1,90000.0,2023,10
Vancouver,899000.0,101-2101 MCMULLEN AVENUE,2,2,British Columbia,2426160,49.25,-123.1,90000.0,2023,10
Vancouver,4280000.0,1288 W 50TH AVENUE,6,5,British Columbia,2426160,49.25,-123.1,90000.0,2023,10
Vancouver,1150000.0,11-744 W 7TH AVENUE,2,2,British Columbia,2426160,49.25,-123.1,90000.0,2023,10
Vancouver,3380000.0,3949 W 23RD AVENUE,6,3,British Columbia,2426160,49.25,-123.1,90000.0,2023,10
Vancouver,3799000.0,1610 GILES PLACE,8,9,British Columbia,2426160,49.25,-123.1,90000.0,2023,10
Vancouver,3300000.0,925 LEOVISTA AVENUE,7,4,British Columbia,2426160,49.25,-123.1,90000.0,2023,10
Vancouver,1800000.0,928 W 13TH AVENUE,3,2,British Columbia,2426160,49.25,-123.1,90000.0,2023,10
Vancouver,1285000.0,3409-833 SEYMOUR STREET,2,2,British Columbia,2426160,49.25,-123.1,90000.0,2023,10
Vancouver,1098000.0,3303-6638 DUNBLANE AVENUE,2,2,British Columbia,2426160,49.25,-123.1,90000.0,2023,10
Vancouver,1118000.0,2208-1401 HUNTER STREET,2,2,British Columbia,2426160,49.25,-123.1,90000.0,2023,10
Vancouver,7680000.0,2237 W 37TH AVENUE,9,9,British Columbia,2426160,49.25,-123.1,90000.0,2023,10
Vancouver,2049900.0,2604-1335 HOWE STREET,2,2,British Columbia,2426160,49.25,-123.1,90000.0,2023,10
Vancouver,689000.0,104-111 W 10TH AVENUE,1,1,British Columbia,2426160,49.25,-123.1,90000.0,2023,10
Vancouver,1800000.0,8381 FRENCH STREET,4,4,British Columbia,2426160,49.25,-123.1,90000.0,2023,10
Vancouver,799000.0,2408-7388 KINGSWAY,2,2,British Columbia,2426160,49.25,-123.1,90000.0,2023,10
Vancouver,1479000.0,3103-535 SMITHE STREET,2,3,British Columbia,2426160,49.25,-123.1,90000.0,2023,10
Vancouver,989000.0,501-1745 ESQUIMALT AVENUE,2,2,British Columbia,2426160,49.25,-123.1,90000.0,2023,10
Vancouver,495000.0,405-1270 ROBSON STREET,1,1,British Columbia,2426160,49.25,-123.1,90000.0,2023,10
Vancouver,3998000.0,2770 W 5TH AVENUE,7,3,British Columbia,2426160,49.25,-123.1,90000.0,2023,10
Vancouver,2178000.0,4370 W 9TH AVENUE,5,2,British Columbia,2426160,49.25,-123.1,90000.0,2023,10
Vancouver,1899900.0,2165 E 41ST AVENUE,5,3,British Columbia,2426160,49.25,-123.1,90000.0,2023,10
Vancouver,3788000.0,6680 AUBREY STREET,7,9,British Columbia,2426160,49.25,-123.1,90000.0,2023,10
Vancouver,880000.0,3304-1189 MELVILLE STREET,1,1,British Columbia,2426160,49.25,-123.1,90000.0,2023,10
Vancouver,680000.0,3505-4485 SKYLINE DRIVE,1,1,British Columbia,2426160,49.25,-123.1,90000.0,2023,10
Vancouver,2299999.0,3101-867 HAMILTON STREET,2,2,British Columbia,2426160,49.25,-123.1,90000.0,2023,10
Vancouver,2360000.0,2803-1239 W GEORGIA STREET,4,4,British Columbia,2426160,49.25,-123.1,90000.0,2023,10
Vancouver,1980000.0,7309 IMPERIAL STREET,4,4,British Columbia,2426160,49.25,-123.1,90000.0,2023,10
Vancouver,1999999.0,5828 SOPHIA STREET,6,3,British Columbia,2426160,49.25,-123.1,90000.0,2023,10
Vancouver,898000.0,323-5735 HAMPTON PLACE,2,2,British Columbia,2426160,49.25,-123.1,90000.0,2023,10
Vancouver,1849000.0,919 E 10TH AVENUE,4,4,British Columbia,2426160,49.25,-123.1,90000.0,2023,10
Vancouver,699900.0,221-1633 MACKAY AVENUE,1,1,British Columbia,2426160,49.25,-123.1,90000.0,2023,10
Vancouver,2360000.0,2803-1239 W GEORGIA STREET,4,4,British Columbia,2426160,49.25,-123.1,90000.0,2023,10
Vancouver,2250000.0,1101-2785 LIBRARY LANE,3,2,British Columbia,2426160,49.25,-123.1,90000.0,2023,10
Vancouver,2180000.0,5078 WATLING STREET,4,4,British Columbia,2426160,49.25,-123.1,90000.0,2023,10
Vancouver,499900.0,403-950 DRAKE STREET,1,1,British Columbia,2426160,49.25,-123.1,90000.0,2023,10
Vancouver,799000.0,704-822 SEYMOUR STREET,2,2,British Columbia,2426160,49.25,-123.1,90000.0,2023,10
Vancouver,12698000.0,2701-323 JERVIS STREET,4,5,British Columbia,2426160,49.25,-123.1,90000.0,2023,10
Vancouver,1570000.0,6594 FREDERICK STREET,5,4,British Columbia,2426160,49.25,-123.1,90000.0,2023,10
Vancouver,698000.0,1242-235 KEITH ROAD,1,1,British Columbia,2426160,49.25,-123.1,90000.0,2023,10
Vancouver,599900.0,415-725 MARINE DRIVE,1,1,British Columbia,2426160,49.25,-123.1,90000.0,2023,10
Vancouver,1838000.0,2763 E 24TH AVENUE,5,4,British Columbia,2426160,49.25,-123.1,90000.0,2023,10
Vancouver,785000.0,1602-1200 W GEORGIA STREET,1,1,British Columbia,2426160,49.25,-123.1,90000.0,2023,10
Vancouver,799000.0,205-5608 BERTON AVENUE,1,1,British Columbia,2426160,49.25,-123.1,90000.0,2023,10
Vancouver,3188000.0,1550 PALMERSTON AVENUE,5,4,British Columbia,2426160,49.25,-123.1,90000.0,2023,10
Vancouver,629000.0,305-357 E 2ND STREET,1,1,British Columbia,2426160,49.25,-123.1,90000.0,2023,10
Vancouver,2399900.0,4631 ROSS STREET,4,4,British Columbia,2426160,49.25,-123.1,90000.0,2023,10
Vancouver,988000.0,2403-6240 MCKAY AVENUE,2,2,British Columbia,2426160,49.25,-123.1,90000.0,2023,10
Vancouver,2588000.0,1701-1372 SEYMOUR STREET,4,3,British Columbia,2426160,49.25,-123.1,90000.0,2023,10
Vancouver,2298800.0,4706 BRUCE STREET,6,4,British Columbia,2426160,49.25,-123.1,90000.0,2023,10
Vancouver,838000.0,1005-688 ABBOTT STREET,1,1,British Columbia,2426160,49.25,-123.1,90000.0,2023,10
Vancouver,1499900.0,2318 WINDSOR STREET,3,3,British Columbia,2426160,49.25,-123.1,90000.0,2023,10
Vancouver,488000.0,321-4818 ELDORADO MEWS,1,1,British Columbia,2426160,49.25,-123.1,90000.0,2023,10
Vancouver,1009800.0,108-1768 GILMORE AVENUE,3,2,British Columbia,2426160,49.25,-123.1,90000.0,2023,10
Vancouver,3788000.0,266 W 26TH AVENUE,4,2,British Columbia,2426160,49.25,-123.1,90000.0,2023,10
Vancouver,3998000.0,4635 CAULFEILD DRIVE,5,4,British Columbia,2426160,49.25,-123.1,90000.0,2023,10
Vancouver,549000.0,1246-235 KEITH ROAD,1,1,British Columbia,2426160,49.25,-123.1,90000.0,2023,10
Vancouver,1997300.0,402 E 13TH STREET,3,2,British Columbia,2426160,49.25,-123.1,90000.0,2023,10
Vancouver,1375000.0,707-89 W 2ND AVENUE,2,2,British Columbia,2426160,49.25,-123.1,90000.0,2023,10
Vancouver,1238000.0,311-6733 CAMBIE STREET,2,2,British Columbia,2426160,49.25,-123.1,90000.0,2023,10
Vancouver,1488000.0,202-2485 LARCH STREET,2,2,British Columbia,2426160,49.25,-123.1,90000.0,2023,10
Vancouver,1449000.0,2D-199 DRAKE STREET,2,2,British Columbia,2426160,49.25,-123.1,90000.0,2023,10
Vancouver,4950000.0,865 ANDOVER CRESCENT,6,4,British Columbia,2426160,49.25,-123.1,90000.0,2023,10
Vancouver,1568000.0,8083 YUKON STREET,3,3,British Columbia,2426160,49.25,-123.1,90000.0,2023,10
Vancouver,620000.0,314-3608 DEERCREST DRIVE,2,2,British Columbia,2426160,49.25,-123.1,90000.0,2023,10
Vancouver,689900.0,1701-1199 SEYMOUR STREET,1,1,British Columbia,2426160,49.25,-123.1,90000.0,2023,10
Vancouver,849500.0,206-333 E 1ST STREET,2,1,British Columbia,2426160,49.25,-123.1,90000.0,2023,10
Vancouver,6288000.0,5323 MANSON STREET,8,5,British Columbia,2426160,49.25,-123.1,90000.0,2023,10
Vancouver,1999900.0,5626 CHAFFEY AVENUE,2,1,British Columbia,2426160,49.25,-123.1,90000.0,2023,10
Vancouver,2180000.0,5080 WATLING STREET,4,4,British Columbia,2426160,49.25,-123.1,90000.0,2023,10
Vancouver,488000.0,510-4815 ELDORADO MEWS,1,1,British Columbia,2426160,49.25,-123.1,90000.0,2023,10
Vancouver,3999000.0,5718 EAGLE HARBOUR ROAD,5,3,British Columbia,2426160,49.25,-123.1,90000.0,2023,10
Vancouver,4500000.0,5578 ELIZABETH STREET,5,5,British Columbia,2426160,49.25,-123.1,90000.0,2023,10
Vancouver,1788000.0,902-1888 ALBERNI STREET,2,2,British Columbia,2426160,49.25,-123.1,90000.0,2023,10
Vancouver,799000.0,206-980 W 22ND AVENUE,1,1,British Columbia,2426160,49.25,-123.1,90000.0,2023,10
Vancouver,2288000.0,1-2537 E 20TH AVENUE,3,4,British Columbia,2426160,49.25,-123.1,90000.0,2023,10
Vancouver,825000.0,66-728 W 14TH STREET,1,1,British Columbia,2426160,49.25,-123.1,90000.0,2023,10
Vancouver,1099000.0,217-676 W 6TH AVENUE,2,2,British Columbia,2426160,49.25,-123.1,90000.0,2023,10
Vancouver,788800.0,5205-4510 HALIFAX WAY,2,2,British Columbia,2426160,49.25,-123.1,90000.0,2023,10
Vancouver,799900.0,1908-989 NELSON STREET,2,2,British Columbia,2426160,49.25,-123.1,90000.0,2023,10
Vancouver,555000.0,401-8238 LORD STREET,1,1,British Columbia,2426160,49.25,-123.1,90000.0,2023,10
Vancouver,1349000.0,1893 W 13TH AVENUE,2,2,British Columbia,2426160,49.25,-123.1,90000.0,2023,10
Vancouver,2298000.0,1177 ARBORLYNN DRIVE,5,4,British Columbia,2426160,49.25,-123.1,90000.0,2023,10
Vancouver,978000.0,105-5740 TORONTO ROAD,2,2,British Columbia,2426160,49.25,-123.1,90000.0,2023,10
Vancouver,1029900.0,3428 SAWMILL CRESCENT,2,2,British Columbia,2426160,49.25,-123.1,90000.0,2023,10
Vancouver,525000.0,423-3600 WINDCREST DRIVE,1,1,British Columbia,2426160,49.25,-123.1,90000.0,2023,10
Vancouver,650000.0,511-3600 WINDCREST DRIVE,1,1,British Columbia,2426160,49.25,-123.1,90000.0,2023,10
Vancouver,1328000.0,2203-1500 HORNBY STREET,2,2,British Columbia,2426160,49.25,-123.1,90000.0,2023,10
Vancouver,1159000.0,833 OLD LILLOOET ROAD,3,2,British Columbia,2426160,49.25,-123.1,90000.0,2023,10
Vancouver,1088000.0,306-843 22ND STREET,2,2,British Columbia,2426160,49.25,-123.1,90000.0,2023,10
Vancouver,695000.0,204-1633 W 8TH AVENUE,1,1,British Columbia,2426160,49.25,-123.1,90000.0,2023,10
Vancouver,549800.0,216-680 E 5TH AVENUE,1,1,British Columbia,2426160,49.25,-123.1,90000.0,2023,10
Vancouver,749000.0,1807-4711 HAZEL STREET,1,1,British Columbia,2426160,49.25,-123.1,90000.0,2023,10
Vancouver,899900.0,1801-4638 GLADSTONE STREET,2,2,British Columbia,2426160,49.25,-123.1,90000.0,2023,10
Vancouver,1888000.0,372-438 W KING EDWARD AVENUE,2,2,British Columbia,2426160,49.25,-123.1,90000.0,2023,10
Vancouver,1098000.0,104-936 BUTE STREET,2,2,British Columbia,2426160,49.25,-123.1,90000.0,2023,10
Vancouver,3498000.0,5897 MARINE DRIVE,3,3,British Columbia,2426160,49.25,-123.1,90000.0,2023,10
Vancouver,759900.0,206-2688 DUKE STREET,2,2,British Columbia,2426160,49.25,-123.1,90000.0,2023,10
Vancouver,1328000.0,1318 E 49TH AVENUE,4,4,British Columbia,2426160,49.25,-123.1,90000.0,2023,10
Vancouver,850000.0,410-6888 SOUTHPOINT DRIVE,2,2,British Columbia,2426160,49.25,-123.1,90000.0,2023,10
Vancouver,728000.0,2603-5333 GORING STREET,1,1,British Columbia,2426160,49.25,-123.1,90000.0,2023,10
Vancouver,7995000.0,3850 POINT GREY ROAD,5,5,British Columbia,2426160,49.25,-123.1,90000.0,2023,10
Vancouver,569900.0,102-2688 DUKE STREET,1,1,British Columbia,2426160,49.25,-123.1,90000.0,2023,10
Vancouver,599900.0,315-665 E 6TH AVENUE,1,1,British Columbia,2426160,49.25,-123.1,90000.0,2023,10
Vancouver,1049000.0,402-1477 W PENDER STREET,1,1,British Columbia,2426160,49.25,-123.1,90000.0,2023,10
Vancouver,3788000.0,846 W KING EDWARD AVENUE,6,5,British Columbia,2426160,49.25,-123.1,90000.0,2023,10
Vancouver,575000.0,311-288 E 14TH AVENUE,1,1,British Columbia,2426160,49.25,-123.1,90000.0,2023,10
Vancouver,1398000.0,1316 E 49TH AVENUE,4,4,British Columbia,2426160,49.25,-123.1,90000.0,2023,10
Vancouver,825000.0,208-3235 W 4TH AVENUE,2,1,British Columbia,2426160,49.25,-123.1,90000.0,2023,10
Vancouver,719000.0,113-277 W 1ST STREET,0,1,British Columbia,2426160,49.25,-123.1,90000.0,2023,10
Vancouver,899900.0,311-298 E 11TH AVENUE,2,2,British Columbia,2426160,49.25,-123.1,90000.0,2023,10
Vancouver,4300000.0,5564 ELIZABETH STREET,8,6,British Columbia,2426160,49.25,-123.1,90000.0,2023,10
Vancouver,1180000.0,1505-4711 HAZEL STREET,2,2,British Columbia,2426160,49.25,-123.1,90000.0,2023,10
Vancouver,1749000.0,41-4055 INDIAN RIVER DRIVE,3,3,British Columbia,2426160,49.25,-123.1,90000.0,2023,10
Vancouver,968000.0,607-6638 DUNBLANE AVENUE,2,2,British Columbia,2426160,49.25,-123.1,90000.0,2023,10
Vancouver,779000.0,707-1188 HOWE STREET,2,2,British Columbia,2426160,49.25,-123.1,90000.0,2023,10
Vancouver,769000.0,306-5565 BARKER AVENUE,2,2,British Columbia,2426160,49.25,-123.1,90000.0,2023,10
Vancouver,1068800.0,2761 E 24TH AVENUE,3,3,British Columbia,2426160,49.25,-123.1,90000.0,2023,10
Vancouver,798900.0,2105-930 CAMBIE STREET,2,2,British Columbia,2426160,49.25,-123.1,90000.0,2023,10
Vancouver,599000.0,108-1661 QUEBEC STREET,1,1,British Columbia,2426160,49.25,-123.1,90000.0,2023,10
Vancouver,425000.0,#3 4303 27th Avenue,2,3,British Columbia,2426160,49.25,-123.1,90000.0,2023,10
Vancouver,2099000.0,2802-1483 HOMER STREET,2,2,British Columbia,2426160,49.25,-123.1,90000.0,2023,10
Vancouver,860000.0,2303-2181 MADISON AVENUE,2,2,British Columbia,2426160,49.25,-123.1,90000.0,2023,10
Vancouver,899000.0,705-185 VICTORY SHIP WAY,1,1,British Columbia,2426160,49.25,-123.1,90000.0,2023,10
Vancouver,2850000.0,2128 NEWPORT AVENUE,8,6,British Columbia,2426160,49.25,-123.1,90000.0,2023,10
Vancouver,694900.0,1105-1550 FERN STREET,1,1,British Columbia,2426160,49.25,-123.1,90000.0,2023,10
Vancouver,599000.0,1001-989 RICHARDS STREET,1,1,British Columbia,2426160,49.25,-123.1,90000.0,2023,10
Vancouver,2299000.0,132 W 10TH AVENUE,3,3,British Columbia,2426160,49.25,-123.1,90000.0,2023,10
Vancouver,889900.0,208-4933 CLARENDON STREET,2,2,British Columbia,2426160,49.25,-123.1,90000.0,2023,10
Vancouver,1648000.0,1401-1205 HOWE STREET,2,2,British Columbia,2426160,49.25,-123.1,90000.0,2023,10
Vancouver,795000.0,3103-2085 SKYLINE COURT,1,1,British Columbia,2426160,49.25,-123.1,90000.0,2023,10
Vancouver,3888000.0,962 FREDERICK PLACE,9,8,British Columbia,2426160,49.25,-123.1,90000.0,2023,10
Vancouver,2588000.0,3261 WANETA PLACE,6,3,British Columbia,2426160,49.25,-123.1,90000.0,2023,10
Vancouver,2849000.0,416 E 16TH STREET,5,5,British Columbia,2426160,49.25,-123.1,90000.0,2023,10
Vancouver,1749900.0,1802-3487 BINNING ROAD,3,2,British Columbia,2426160,49.25,-123.1,90000.0,2023,10
Vancouver,4089000.0,702-788 ARTHUR ERICKSON PLACE,2,3,British Columbia,2426160,49.25,-123.1,90000.0,2023,10
Vancouver,919900.0,7255 WEAVER COURT,3,3,British Columbia,2426160,49.25,-123.1,90000.0,2023,10
Vancouver,798000.0,2205-108 W CORDOVA STREET,1,1,British Columbia,2426160,49.25,-123.1,90000.0,2023,10
Vancouver,1298000.0,2207-455 SW MARINE DRIVE,3,2,British Columbia,2426160,49.25,-123.1,90000.0,2023,10
Vancouver,999000.0,313-2508 WATSON STREET,2,3,British Columbia,2426160,49.25,-123.1,90000.0,2023,10
Vancouver,2098000.0,908 BELVEDERE DRIVE,3,2,British Columbia,2426160,49.25,-123.1,90000.0,2023,10
Vancouver,1599000.0,402-5779 BIRNEY AVENUE,3,3,British Columbia,2426160,49.25,-123.1,90000.0,2023,10
Vancouver,10000000.0,1849 CREELMAN AVENUE,5,6,British Columbia,2426160,49.25,-123.1,90000.0,2023,10
Vancouver,749500.0,501-1740 COMOX STREET,2,1,British Columbia,2426160,49.25,-123.1,90000.0,2023,10
Vancouver,5375000.0,990 JEFFERSON AVENUE,5,4,British Columbia,2426160,49.25,-123.1,90000.0,2023,10
Vancouver,1899000.0,332 E 26TH STREET,3,3,British Columbia,2426160,49.25,-123.1,90000.0,2023,10
Vancouver,1738000.0,5388 OAK STREET,3,3,British Columbia,2426160,49.25,-123.1,90000.0,2023,10
Vancouver,1075000.0,314-55 E CORDOVA STREET,1,1,British Columbia,2426160,49.25,-123.1,90000.0,2023,10
Vancouver,1998000.0,5765 LARSON PLACE,3,2,British Columbia,2426160,49.25,-123.1,90000.0,2023,10
Vancouver,1049900.0,111-2045 HERITAGE PARK LANE,2,2,British Columbia,2426160,49.25,-123.1,90000.0,2023,10
Vancouver,1579900.0,128-2045 HERITAGE PARK LANE,4,2,British Columbia,2426160,49.25,-123.1,90000.0,2023,10
Vancouver,9980000.0,1350 LAURIER AVENUE,5,4,British Columbia,2426160,49.25,-123.1,90000.0,2023,10
Vancouver,2180000.0,3411 E 27 TH AVENUE,6,4,British Columbia,2426160,49.25,-123.1,90000.0,2023,10
Vancouver,2850000.0,PH3-172 VICTORY SHIP WAY,3,3,British Columbia,2426160,49.25,-123.1,90000.0,2023,10
Vancouver,1488800.0,1671 E 31ST AVENUE,5,2,British Columbia,2426160,49.25,-123.1,90000.0,2023,10
Vancouver,1348000.0,1558-38 SMITHE STREET,3,2,British Columbia,2426160,49.25,-123.1,90000.0,2023,10
Vancouver,1298000.0,2938 MT SEYMOUR PARKWAY,3,3,British Columbia,2426160,49.25,-123.1,90000.0,2023,10
Vancouver,619999.0,507-1249 GRANVILLE STREET,1,1,British Columbia,2426160,49.25,-123.1,90000.0,2023,10
Vancouver,599000.0,414-180 E 2ND AVENUE,1,1,British Columbia,2426160,49.25,-123.1,90000.0,2023,10
Vancouver,2998000.0,4200 STARLIGHT WAY,6,4,British Columbia,2426160,49.25,-123.1,90000.0,2023,10
Vancouver,1080000.0,3207-4508 HAZEL STREET,2,2,British Columbia,2426160,49.25,-123.1,90000.0,2023,10
Vancouver,5998000.0,3962 W 37TH AVENUE,4,6,British Columbia,2426160,49.25,-123.1,90000.0,2023,10
Vancouver,1468888.0,2302-289 DRAKE STREET,2,2,British Columbia,2426160,49.25,-123.1,90000.0,2023,10
Vancouver,3800000.0,8467 OAK STREET,4,3,British Columbia,2426160,49.25,-123.1,90000.0,2023,10
Vancouver,2099000.0,7206 HASTINGS STREET,5,4,British Columbia,2426160,49.25,-123.1,90000.0,2023,10
Vancouver,728000.0,905-4670 ASSEMBLY WAY,1,1,British Columbia,2426160,49.25,-123.1,90000.0,2023,10
Vancouver,3598000.0,731 W KING EDWARD AVENUE,5,3,British Columbia,2426160,49.25,-123.1,90000.0,2023,10
Vancouver,659000.0,805-999 SEYMOUR STREET,1,1,British Columbia,2426160,49.25,-123.1,90000.0,2023,10
Vancouver,629000.0,302-1177 HORNBY STREET,1,1,British Columbia,2426160,49.25,-123.1,90000.0,2023,10
Vancouver,689000.0,606-618 ABBOTT STREET,1,1,British Columbia,2426160,49.25,-123.1,90000.0,2023,10
Vancouver,2598800.0,6934 WINCH STREET,5,2,British Columbia,2426160,49.25,-123.1,90000.0,2023,10
Vancouver,729900.0,3305-2181 MADISON AVENUE,1,1,British Columbia,2426160,49.25,-123.1,90000.0,2023,10
Vancouver,2590000.0,76 W 48TH AVENUE,3,2,British Columbia,2426160,49.25,-123.1,90000.0,2023,10
Vancouver,2480000.0,4579 GRASSMERE STREET,4,2,British Columbia,2426160,49.25,-123.1,90000.0,2023,10
Vancouver,868000.0,2505-668 CITADEL PARADE,2,1,British Columbia,2426160,49.25,-123.1,90000.0,2023,10
Vancouver,1599900.0,65 E KING EDWARD AVENUE,5,2,British Columbia,2426160,49.25,-123.1,90000.0,2023,10
Vancouver,1499000.0,612 HENDRY AVENUE,4,1,British Columbia,2426160,49.25,-123.1,90000.0,2023,10
Vancouver,724000.0,305-988 RICHARDS STREET,1,1,British Columbia,2426160,49.25,-123.1,90000.0,2023,10
Vancouver,949000.0,1802-2008 ROSSER AVENUE,2,2,British Columbia,2426160,49.25,-123.1,90000.0,2023,10
Vancouver,6788000.0,2278 ORCHARD LANE,7,5,British Columbia,2426160,49.25,-123.1,90000.0,2023,10
Vancouver,1795000.0,1101-717 JERVIS STREET,3,2,British Columbia,2426160,49.25,-123.1,90000.0,2023,10
Vancouver,2148000.0,1319 OAKWOOD CRESCENT,3,2,British Columbia,2426160,49.25,-123.1,90000.0,2023,10
Vancouver,499000.0,803-1238 SEYMOUR STREET,0,1,British Columbia,2426160,49.25,-123.1,90000.0,2023,10
Vancouver,724000.0,305-988 RICHARDS STREET,1,1,British Columbia,2426160,49.25,-123.1,90000.0,2023,10
Vancouver,1298000.0,203-1680 BAYSHORE DRIVE,2,2,British Columbia,2426160,49.25,-123.1,90000.0,2023,10
Vancouver,1068000.0,3-1115 W 10TH AVENUE,2,2,British Columbia,2426160,49.25,-123.1,90000.0,2023,10
Vancouver,849000.0,807-58 KEEFER PLACE,1,1,British Columbia,2426160,49.25,-123.1,90000.0,2023,10
Vancouver,2288000.0,2750 E 21ST AVENUE,6,4,British Columbia,2426160,49.25,-123.1,90000.0,2023,10
Vancouver,638888.0,1422-938 SMITHE STREET,1,1,British Columbia,2426160,49.25,-123.1,90000.0,2023,10
Vancouver,1080000.0,1602-6699 DUNBLANE AVENUE,3,2,British Columbia,2426160,49.25,-123.1,90000.0,2023,10
Vancouver,738000.0,515-180 E 2ND AVENUE,1,1,British Columbia,2426160,49.25,-123.1,90000.0,2023,10
Vancouver,1899000.0,1728 COTTON DRIVE,3,3,British Columbia,2426160,49.25,-123.1,90000.0,2023,10
Vancouver,879000.0,824-289 ALEXANDER STREET,1,1,British Columbia,2426160,49.25,-123.1,90000.0,2023,10
Vancouver,2799900.0,448 BRAND STREET,5,4,British Columbia,2426160,49.25,-123.1,90000.0,2023,10
Vancouver,2849000.0,418 E 16TH STREET,5,5,British Columbia,2426160,49.25,-123.1,90000.0,2023,10
Vancouver,1075000.0,213-175 W 1ST STREET,2,2,British Columbia,2426160,49.25,-123.1,90000.0,2023,10
Vancouver,1499000.0,1451 WOODLAND DRIVE,4,1,British Columbia,2426160,49.25,-123.1,90000.0,2023,10
Vancouver,1048000.0,G4-625 E 3RD STREET,2,2,British Columbia,2426160,49.25,-123.1,90000.0,2023,10
Vancouver,1568000.0,5133 BURSILL STREET,3,2,British Columbia,2426160,49.25,-123.1,90000.0,2023,10
Vancouver,899990.0,208-3888 NORFOLK STREET,2,2,British Columbia,2426160,49.25,-123.1,90000.0,2023,10
Vancouver,825000.0,7326 HAWTHORNE TERRACE,2,2,British Columbia,2426160,49.25,-123.1,90000.0,2023,10
Vancouver,744000.0,3607-2181 MADISON AVENUE,1,1,British Columbia,2426160,49.25,-123.1,90000.0,2023,10
Vancouver,899000.0,205-7128 ADERA STREET,1,1,British Columbia,2426160,49.25,-123.1,90000.0,2023,10
Vancouver,749999.0,422-2288 W BROADWAY,1,1,British Columbia,2426160,49.25,-123.1,90000.0,2023,10
Vancouver,799900.0,2302-1289 HORNBY STREET,1,1,British Columbia,2426160,49.25,-123.1,90000.0,2023,10
Vancouver,4899000.0,3906 SOUTHRIDGE AVENUE,5,4,British Columbia,2426160,49.25,-123.1,90000.0,2023,10
Vancouver,825000.0,1005-1515 EASTERN AVENUE,2,1,British Columbia,2426160,49.25,-123.1,90000.0,2023,10
Vancouver,568800.0,503-239 KEEFER STREET,1,1,British Columbia,2426160,49.25,-123.1,90000.0,2023,10
Vancouver,4200000.0,1734 FULTON AVENUE,5,4,British Columbia,2426160,49.25,-123.1,90000.0,2023,10
Vancouver,2990000.0,2393 BONACCORD DRIVE,7,6,British Columbia,2426160,49.25,-123.1,90000.0,2023,10
Vancouver,5880000.0,1091 ESQUIMALT AVENUE,6,6,British Columbia,2426160,49.25,-123.1,90000.0,2023,10
Vancouver,598000.0,2005-989 NELSON STREET,1,1,British Columbia,2426160,49.25,-123.1,90000.0,2023,10
Vancouver,599000.0,709-2008 FULLERTON AVENUE,2,1,British Columbia,2426160,49.25,-123.1,90000.0,2023,10
Vancouver,749900.0,702-1661 QUEBEC STREET,1,1,British Columbia,2426160,49.25,-123.1,90000.0,2023,10
Vancouver,4380000.0,950 W 57TH AVENUE,5,3,British Columbia,2426160,49.25,-123.1,90000.0,2023,10
Vancouver,1049000.0,2201-4388 BUCHANAN STREET,2,2,British Columbia,2426160,49.25,-123.1,90000.0,2023,10
Vancouver,1199999.0,1862 SE MARINE DRIVE,3,3,British Columbia,2426160,49.25,-123.1,90000.0,2023,10
Vancouver,649900.0,3301-2181 MADISON AVENUE,1,1,British Columbia,2426160,49.25,-123.1,90000.0,2023,10
Vancouver,1869000.0,538 UNION STREET,7,6,British Columbia,2426160,49.25,-123.1,90000.0,2023,10
Vancouver,649900.0,3301-2181 MADISON AVENUE,1,1,British Columbia,2426160,49.25,-123.1,90000.0,2023,10
Vancouver,599900.0,808-3581 E KENT AVENUE NORTH,1,1,British Columbia,2426160,49.25,-123.1,90000.0,2023,10
Vancouver,2300000.0,2802-1111 ALBERNI STREET,2,3,British Columbia,2426160,49.25,-123.1,90000.0,2023,10
Vancouver,1098000.0,303-489 W 26TH AVENUE,2,2,British Columbia,2426160,49.25,-123.1,90000.0,2023,10
Vancouver,4580000.0,3857 W 3RD AVENUE,6,5,British Columbia,2426160,49.25,-123.1,90000.0,2023,10
Vancouver,1799000.0,4355 ST. CATHERINES STREET,3,2,British Columbia,2426160,49.25,-123.1,90000.0,2023,10
Vancouver,4998000.0,2051 W 17TH AVENUE,7,4,British Columbia,2426160,49.25,-123.1,90000.0,2023,10
Vancouver,3298000.0,3550 W 39TH AVENUE,5,3,British Columbia,2426160,49.25,-123.1,90000.0,2023,10
Vancouver,730000.0,311-760 KINGSWAY,2,2,British Columbia,2426160,49.25,-123.1,90000.0,2023,10
Vancouver,2650000.0,4304-938 NELSON STREET,2,2,British Columbia,2426160,49.25,-123.1,90000.0,2023,10
Vancouver,979900.0,1102-688 ABBOTT STREET,2,2,British Columbia,2426160,49.25,-123.1,90000.0,2023,10
Vancouver,775000.0,102-2336 WALL STREET,2,1,British Columbia,2426160,49.25,-123.1,90000.0,2023,10
Vancouver,4998000.0,625 GLENMAROON ROAD,5,6,British Columbia,2426160,49.25,-123.1,90000.0,2023,10
Vancouver,6697000.0,735 ST. ANDREWS ROAD,6,8,British Columbia,2426160,49.25,-123.1,90000.0,2023,10
Vancouver,1599000.0,4257 TRIUMPH STREET,3,1,British Columbia,2426160,49.25,-123.1,90000.0,2023,10
Vancouver,1935000.0,3041 SCHOOL AVENUE,5,4,British Columbia,2426160,49.25,-123.1,90000.0,2023,10
Vancouver,2438000.0,2886 E 24TH AVENUE,5,4,British Columbia,2426160,49.25,-123.1,90000.0,2023,10
Vancouver,1888000.0,4114 MANITOBA STREET,2,3,British Columbia,2426160,49.25,-123.1,90000.0,2023,10
Vancouver,629000.0,123-440 E 5TH AVENUE,1,1,British Columbia,2426160,49.25,-123.1,90000.0,2023,10
Vancouver,4700000.0,1859 ALLISON ROAD,5,3,British Columbia,2426160,49.25,-123.1,90000.0,2023,10
Vancouver,2688000.0,43 W 11TH AVENUE,7,4,British Columbia,2426160,49.25,-123.1,90000.0,2023,10
Vancouver,2695000.0,2529 HYANNIS POINT,4,4,British Columbia,2426160,49.25,-123.1,90000.0,2023,10
Vancouver,9998000.0,2814 BELLEVUE AVENUE,4,2,British Columbia,2426160,49.25,-123.1,90000.0,2023,10
Vancouver,1238000.0,3514 MARINE WAY,3,3,British Columbia,2426160,49.25,-123.1,90000.0,2023,10
Vancouver,859000.0,705-3581 E KENT AVENUE NORTH,2,2,British Columbia,2426160,49.25,-123.1,90000.0,2023,10
Vancouver,1090000.0,307-345 WATER STREET,1,1,British Columbia,2426160,49.25,-123.1,90000.0,2023,10
Vancouver,1249900.0,26-6736 SOUTHPOINT DRIVE,3,3,British Columbia,2426160,49.25,-123.1,90000.0,2023,10
Vancouver,18950000.0,166 28TH STREET,6,8,British Columbia,2426160,49.25,-123.1,90000.0,2023,10
Vancouver,779000.0,404-155 E 3RD STREET,2,1,British Columbia,2426160,49.25,-123.1,90000.0,2023,10
Vancouver,3188000.0,5905 EARLES STREET,5,3,British Columbia,2426160,49.25,-123.1,90000.0,2023,10
Vancouver,599900.0,201-869 BEATTY STREET,1,1,British Columbia,2426160,49.25,-123.1,90000.0,2023,10
Vancouver,3688000.0,4622 VICTORY STREET,6,7,British Columbia,2426160,49.25,-123.1,90000.0,2023,10
Vancouver,798800.0,2602-1288 W GEORGIA STREET,1,1,British Columbia,2426160,49.25,-123.1,90000.0,2023,10
Vancouver,5278000.0,3606-1011 W CORDOVA STREET,2,3,British Columbia,2426160,49.25,-123.1,90000.0,2023,10
Vancouver,649000.0,210-4160 ALBERT STREET,1,1,British Columbia,2426160,49.25,-123.1,90000.0,2023,10
Vancouver,4580000.0,552 BEACHVIEW DRIVE,5,3,British Columbia,2426160,49.25,-123.1,90000.0,2023,10
Vancouver,1349900.0,410-7428 ALBERTA STREET,2,2,British Columbia,2426160,49.25,-123.1,90000.0,2023,10
Vancouver,1020000.0,2108-6699 DUNBLANE AVENUE,2,2,British Columbia,2426160,49.25,-123.1,90000.0,2023,10
Vancouver,1988000.0,5995 WALTER GAGE ROAD,3,4,British Columbia,2426160,49.25,-123.1,90000.0,2023,10
Vancouver,2498000.0,3929 SUNSET BOULEVARD,3,2,British Columbia,2426160,49.25,-123.1,90000.0,2023,10
Vancouver,574900.0,203-2508 FRASER STREET,1,1,British Columbia,2426160,49.25,-123.1,90000.0,2023,10
Vancouver,369900.0,903-1251 CARDERO STREET,1,1,British Columbia,2426160,49.25,-123.1,90000.0,2023,10
Vancouver,799000.0,103-1080 BROUGHTON STREET,2,2,British Columbia,2426160,49.25,-123.1,90000.0,2023,10
Vancouver,2350000.0,2785 W 21ST AVENUE,2,2,British Columbia,2426160,49.25,-123.1,90000.0,2023,10
Vancouver,1338000.0,601-6398 SILVER AVENUE,3,2,British Columbia,2426160,49.25,-123.1,90000.0,2023,10
Vancouver,1358000.0,1502-3581 E KENT AVENUE NORTH,3,2,British Columbia,2426160,49.25,-123.1,90000.0,2023,10
Vancouver,2190000.0,1201-738 BROUGHTON STREET,3,3,British Columbia,2426160,49.25,-123.1,90000.0,2023,10
Vancouver,3099000.0,3118 W 18TH AVENUE,3,2,British Columbia,2426160,49.25,-123.1,90000.0,2023,10
Vancouver,2280000.0,6554 CHARLES STREET,4,3,British Columbia,2426160,49.25,-123.1,90000.0,2023,10
Vancouver,769000.0,212-680 E 5TH AVENUE,2,1,British Columbia,2426160,49.25,-123.1,90000.0,2023,10
Vancouver,1180000.0,403-162 VICTORY SHIP WAY,2,2,British Columbia,2426160,49.25,-123.1,90000.0,2023,10
Vancouver,729000.0,2001-1331 W GEORGIA STREET,1,1,British Columbia,2426160,49.25,-123.1,90000.0,2023,10
Vancouver,13288000.0,2988 ROSEBERY AVENUE,7,11,British Columbia,2426160,49.25,-123.1,90000.0,2023,10
Vancouver,543000.0,707-4165 MAYWOOD STREET,1,1,British Columbia,2426160,49.25,-123.1,90000.0,2023,10
Vancouver,1499999.0,602 W KEITH ROAD,3,4,British Columbia,2426160,49.25,-123.1,90000.0,2023,10
Vancouver,1599000.0,1931 E 12TH AVENUE,4,2,British Columbia,2426160,49.25,-123.1,90000.0,2023,10
Vancouver,548000.0,810-3438 VANNESS AVENUE,1,1,British Columbia,2426160,49.25,-123.1,90000.0,2023,10
Vancouver,665000.0,1003-5288 MELBOURNE STREET,2,1,British Columbia,2426160,49.25,-123.1,90000.0,2023,10
Vancouver,1698000.0,3127-EAST KENT AVENUE NORTH,4,4,British Columbia,2426160,49.25,-123.1,90000.0,2023,10
Vancouver,1699000.0,3-274 W 62ND AVENUE,3,3,British Columbia,2426160,49.25,-123.1,90000.0,2023,10
Vancouver,1699000.0,3-274 W 62ND AVENUE,3,3,British Columbia,2426160,49.25,-123.1,90000.0,2023,10
Vancouver,1990000.0,1402-1650 BAYSHORE DRIVE,2,3,British Columbia,2426160,49.25,-123.1,90000.0,2023,10
Vancouver,699900.0,5610-4510 HALIFAX WAY,1,1,British Columbia,2426160,49.25,-123.1,90000.0,2023,10
Vancouver,1668000.0,1723 NAPIER STREET,3,3,British Columbia,2426160,49.25,-123.1,90000.0,2023,10
Vancouver,678000.0,2609-7388 KINGSWAY,1,1,British Columbia,2426160,49.25,-123.1,90000.0,2023,10
Vancouver,724900.0,4706-4730 LOUGHEED HIGHWAY,1,1,British Columbia,2426160,49.25,-123.1,90000.0,2023,10
Vancouver,1600000.0,1002-1710 BAYSHORE DRIVE,2,2,British Columbia,2426160,49.25,-123.1,90000.0,2023,10
Vancouver,1499000.0,3007-6000 MCKAY AVENUE,3,2,British Columbia,2426160,49.25,-123.1,90000.0,2023,10
Vancouver,2875000.0,2494 FOLKESTONE WAY,2,3,British Columbia,2426160,49.25,-123.1,90000.0,2023,10
Vancouver,4300000.0,1279 W KEITH ROAD,3,2,British Columbia,2426160,49.25,-123.1,90000.0,2023,10
Vancouver,725000.0,101-1586 W 11TH AVENUE,1,1,British Columbia,2426160,49.25,-123.1,90000.0,2023,10
Vancouver,903900.0,502-6608 SUSSEX AVENUE,1,1,British Columbia,2426160,49.25,-123.1,90000.0,2023,10
Vancouver,1638000.0,TH13-6438 BYRNEPARK DRIVE,4,3,British Columbia,2426160,49.25,-123.1,90000.0,2023,10
Vancouver,1068000.0,2309-788 HAMILTON STREET,3,2,British Columbia,2426160,49.25,-123.1,90000.0,2023,10
Vancouver,879000.0,1209-5311 GORING STREET,2,2,British Columbia,2426160,49.25,-123.1,90000.0,2023,10
Vancouver,899900.0,1402-2055 PENDRELL STREET,1,1,British Columbia,2426160,49.25,-123.1,90000.0,2023,10
Vancouver,997000.0,2106 PANORAMA DRIVE,4,3,British Columbia,2426160,49.25,-123.1,90000.0,2023,10
Vancouver,19880000.0,1351 LAURIER AVENUE,7,9,British Columbia,2426160,49.25,-123.1,90000.0,2023,10
Vancouver,1999900.0,46 W KING EDWARD AVENUE,3,3,British Columbia,2426160,49.25,-123.1,90000.0,2023,10
Vancouver,999000.0,2202-4711 HAZEL STREET,2,2,British Columbia,2426160,49.25,-123.1,90000.0,2023,10
Vancouver,1190000.0,402-172 VICTORY SHIP WAY,2,2,British Columbia,2426160,49.25,-123.1,90000.0,2023,10
Vancouver,699000.0,2603-1325 ROLSTON STREET,1,1,British Columbia,2426160,49.25,-123.1,90000.0,2023,10
Vancouver,590000.0,404-857 W 15 STREET,1,1,British Columbia,2426160,49.25,-123.1,90000.0,2023,10
Vancouver,1688000.0,1338 E 37TH AVENUE,4,2,British Columbia,2426160,49.25,-123.1,90000.0,2023,10
Vancouver,1568000.0,709-3355 BINNING ROAD,3,2,British Columbia,2426160,49.25,-123.1,90000.0,2023,10
Vancouver,499999.0,309-5665 IRMIN STREET,1,1,British Columbia,2426160,49.25,-123.1,90000.0,2023,10
Vancouver,2880000.0,1408-3533 ROSS DRIVE,3,3,British Columbia,2426160,49.25,-123.1,90000.0,2023,10
Vancouver,1160000.0,4004-1283 HOWE STREET,2,2,British Columbia,2426160,49.25,-123.1,90000.0,2023,10
Vancouver,998000.0,307-733 E 3RD STREET,2,2,British Columbia,2426160,49.25,-123.1,90000.0,2023,10
Vancouver,1208000.0,603-128 W 15TH STREET,2,2,British Columbia,2426160,49.25,-123.1,90000.0,2023,10
Vancouver,638000.0,903-7358 EDMONDS STREET,1,1,British Columbia,2426160,49.25,-123.1,90000.0,2023,10
Vancouver,1700000.0,1761 E 57TH AVENUE,4,5,British Columbia,2426160,49.25,-123.1,90000.0,2023,10
Vancouver,890000.0,1008-1401 HUNTER STREET,2,2,British Columbia,2426160,49.25,-123.1,90000.0,2023,10
Vancouver,719000.0,2510-909 MAINLAND STREET,1,1,British Columbia,2426160,49.25,-123.1,90000.0,2023,10
Vancouver,610000.0,210-633 W 16TH AVENUE,1,1,British Columbia,2426160,49.25,-123.1,90000.0,2023,10
Vancouver,785000.0,2001-1008 CAMBIE STREET,2,1,British Columbia,2426160,49.25,-123.1,90000.0,2023,10
Vancouver,569888.0,1511-610 GRANVILLE STREET,0,1,British Columbia,2426160,49.25,-123.1,90000.0,2023,10
Vancouver,548000.0,PH8-5388 GRIMMER STREET,1,1,British Columbia,2426160,49.25,-123.1,90000.0,2023,10
Vancouver,1445000.0,1548 BOWSER AVENUE,3,4,British Columbia,2426160,49.25,-123.1,90000.0,2023,10
Vancouver,3990000.0,3328 CHIPPENDALE ROAD,3,3,British Columbia,2426160,49.25,-123.1,90000.0,2023,10
Vancouver,820000.0,901-1708 ONTARIO STREET,1,1,British Columbia,2426160,49.25,-123.1,90000.0,2023,10
Vancouver,5899000.0,6125 SOUTHLANDS PLACE,5,4,British Columbia,2426160,49.25,-123.1,90000.0,2023,10
Vancouver,1199900.0,2901-535 SMITHE STREET,2,2,British Columbia,2426160,49.25,-123.1,90000.0,2023,10
Vancouver,1190000.0,503-2055 PENDRELL STREET,2,2,British Columbia,2426160,49.25,-123.1,90000.0,2023,10
Vancouver,608000.0,2005-489 INTERURBAN WAY,1,1,British Columbia,2426160,49.25,-123.1,90000.0,2023,10
Vancouver,1749000.0,3324 E 2ND AVENUE,5,3,British Columbia,2426160,49.25,-123.1,90000.0,2023,10
Vancouver,1538000.0,407-522 MOBERLY ROAD,2,2,British Columbia,2426160,49.25,-123.1,90000.0,2023,10
Vancouver,828000.0,2004-89 NELSON STREET,1,1,British Columbia,2426160,49.25,-123.1,90000.0,2023,10
Vancouver,748000.0,1111-89 NELSON STREET,1,1,British Columbia,2426160,49.25,-123.1,90000.0,2023,10
Vancouver,1298000.0,401-789 JERVIS STREET,2,2,British Columbia,2426160,49.25,-123.1,90000.0,2023,10
Vancouver,878000.0,1303-5051 IMPERIAL STREET,2,2,British Columbia,2426160,49.25,-123.1,90000.0,2023,10
Vancouver,1549000.0,507-289 DRAKE STREET,2,2,British Columbia,2426160,49.25,-123.1,90000.0,2023,10
Vancouver,2200000.0,269 W 63RD AVENUE,4,3,British Columbia,2426160,49.25,-123.1,90000.0,2023,10
Vancouver,1599000.0,5033 PRINCE ALBERT STREET,4,2,British Columbia,2426160,49.25,-123.1,90000.0,2023,10
Vancouver,2890000.0,423-425 E 2ND STREET,6,6,British Columbia,2426160,49.25,-123.1,90000.0,2023,10
Vancouver,2699000.0,352 14TH WEST STREET,4,5,British Columbia,2426160,49.25,-123.1,90000.0,2023,10
Vancouver,629000.0,1706-455 SW MARINE DRIVE,1,1,British Columbia,2426160,49.25,-123.1,90000.0,2023,10
Vancouver,1899000.0,107-2060 CURLING ROAD,3,3,British Columbia,2426160,49.25,-123.1,90000.0,2023,10
Vancouver,628000.0,509-1249 GRANVILLE STREET,1,1,British Columbia,2426160,49.25,-123.1,90000.0,2023,10
Vancouver,1999000.0,188 E 39TH AVENUE,5,3,British Columbia,2426160,49.25,-123.1,90000.0,2023,10
Vancouver,1880000.0,8381 VICTORIA DRIVE,5,3,British Columbia,2426160,49.25,-123.1,90000.0,2023,10
Vancouver,1599000.0,519 E 16TH AVENUE,3,3,British Columbia,2426160,49.25,-123.1,90000.0,2023,10
Vancouver,10880000.0,1408 CHIPPENDALE ROAD,6,9,British Columbia,2426160,49.25,-123.1,90000.0,2023,10
Vancouver,780000.0,1045 SCANTLINGS,2,1,British Columbia,2426160,49.25,-123.1,90000.0,2023,10
Vancouver,1950000.0,6791 FLEMING STREET,3,2,British Columbia,2426160,49.25,-123.1,90000.0,2023,10
Vancouver,2849000.0,354 14TH WEST STREET,4,5,British Columbia,2426160,49.25,-123.1,90000.0,2023,10
Vancouver,2298000.0,5565 GRANT STREET,5,3,British Columbia,2426160,49.25,-123.1,90000.0,2023,10
Vancouver,2489000.0,2208-1111 RICHARDS STREET,3,2,British Columbia,2426160,49.25,-123.1,90000.0,2023,10
Vancouver,999000.0,206-3600 WINDCREST DRIVE,2,3,British Columbia,2426160,49.25,-123.1,90000.0,2023,10
Vancouver,709900.0,1803-2008 ROSSER AVENUE,1,1,British Columbia,2426160,49.25,-123.1,90000.0,2023,10
Vancouver,765000.0,3706-4295 DAWSON STREET,1,1,British Columbia,2426160,49.25,-123.1,90000.0,2023,10
Vancouver,1698000.0,4442 YEW STREET,3,3,British Columbia,2426160,49.25,-123.1,90000.0,2023,10
Vancouver,748000.0,1811-928 BEATTY STREET,1,1,British Columbia,2426160,49.25,-123.1,90000.0,2023,10
Vancouver,2898000.0,2210 JEFFERSON AVENUE,0,0,British Columbia,2426160,49.25,-123.1,90000.0,2023,10
Vancouver,2159900.0,2905-1500 FERN STREET,3,3,British Columbia,2426160,49.25,-123.1,90000.0,2023,10
Vancouver,799000.0,5188 CHAMBERS STREET,2,2,British Columbia,2426160,49.25,-123.1,90000.0,2023,10
Vancouver,949000.0,1702-2181 MADISON AVENUE,2,2,British Columbia,2426160,49.25,-123.1,90000.0,2023,10
Vancouver,585000.0,205-2408 GRANT STREET,1,1,British Columbia,2426160,49.25,-123.1,90000.0,2023,10
Vancouver,879000.0,506-193 AQUARIUS MEWS,1,1,British Columbia,2426160,49.25,-123.1,90000.0,2023,10
Vancouver,1100000.0,1001-1616 COLUMBIA STREET,1,1,British Columbia,2426160,49.25,-123.1,90000.0,2023,10
Vancouver,575000.0,407-53 W HASTINGS STREET,1,1,British Columbia,2426160,49.25,-123.1,90000.0,2023,10
Vancouver,23800000.0,1123 CRESTLINE ROAD,6,9,British Columbia,2426160,49.25,-123.1,90000.0,2023,10
Vancouver,257000.0,286 TYEE DRIVE,1,1,British Columbia,2426160,49.25,-123.1,90000.0,2023,10
Vancouver,728000.0,1101-4567 HAZEL STREET,2,2,British Columbia,2426160,49.25,-123.1,90000.0,2023,10
Vancouver,3238000.0,2341 JONES AVENUE,6,6,British Columbia,2426160,49.25,-123.1,90000.0,2023,10
Vancouver,924900.0,121-1552 E 3RD AVENUE,2,2,British Columbia,2426160,49.25,-123.1,90000.0,2023,10
Vancouver,1624900.0,103-1550 E 3RD AVENUE,3,3,British Columbia,2426160,49.25,-123.1,90000.0,2023,10
Vancouver,1980000.0,646 UNION STREET,5,2,British Columbia,2426160,49.25,-123.1,90000.0,2023,10
Vancouver,849000.0,108-1950 CEDAR VILLAGE CRESCENT,3,1,British Columbia,2426160,49.25,-123.1,90000.0,2023,10
Vancouver,995000.0,2808-4670 ASSEMBLY WAY,2,2,British Columbia,2426160,49.25,-123.1,90000.0,2023,10
Vancouver,3790000.0,7698 WHEATER COURT,7,7,British Columbia,2426160,49.25,-123.1,90000.0,2023,10
Vancouver,998000.0,102-1575 W 10TH AVENUE,2,2,British Columbia,2426160,49.25,-123.1,90000.0,2023,10
Vancouver,998000.0,907-6525 TELFORD AVENUE,2,2,British Columbia,2426160,49.25,-123.1,90000.0,2023,10
Vancouver,3195000.0,2002 W 35TH AVENUE,5,2,British Columbia,2426160,49.25,-123.1,90000.0,2023,10
Vancouver,3195000.0,2002 W 35TH AVENUE,5,2,British Columbia,2426160,49.25,-123.1,90000.0,2023,10
Vancouver,949900.0,312-626 ALEXANDER STREET,2,3,British Columbia,2426160,49.25,-123.1,90000.0,2023,10
Vancouver,8900000.0,701-277 THURLOW STREET,3,4,British Columbia,2426160,49.25,-123.1,90000.0,2023,10
Vancouver,725000.0,216-223 MOUNTAIN HIGHWAY,2,2,British Columbia,2426160,49.25,-123.1,90000.0,2023,10
Vancouver,8998000.0,2478 CROWN STREET,5,6,British Columbia,2426160,49.25,-123.1,90000.0,2023,10
Vancouver,1079000.0,808-689 ABBOTT STREET,2,2,British Columbia,2426160,49.25,-123.1,90000.0,2023,10
Vancouver,740000.0,1505-6188 WILSON AVENUE,1,1,British Columbia,2426160,49.25,-123.1,90000.0,2023,10
Vancouver,698500.0,1510-928 HOMER STREET,1,1,British Columbia,2426160,49.25,-123.1,90000.0,2023,10
Vancouver,3680000.0,2798 YALE STREET,6,4,British Columbia,2426160,49.25,-123.1,90000.0,2023,10
Vancouver,2198000.0,2201-8555 GRANVILLE STREET,2,3,British Columbia,2426160,49.25,-123.1,90000.0,2023,10
Vancouver,949800.0,503-1471 HUNTER STREET,2,2,British Columbia,2426160,49.25,-123.1,90000.0,2023,10
Vancouver,1019900.0,513-2235 E BROADWAY,2,2,British Columbia,2426160,49.25,-123.1,90000.0,2023,10
Vancouver,1524900.0,122-1552 E 3RD AVENUE,3,3,British Columbia,2426160,49.25,-123.1,90000.0,2023,10
Vancouver,1249900.0,104-1550 E 3RD AVENUE,3,3,British Columbia,2426160,49.25,-123.1,90000.0,2023,10
Vancouver,10780000.0,1056 GROVELAND ROAD,5,5,British Columbia,2426160,49.25,-123.1,90000.0,2023,10
Vancouver,968000.0,107-255 W 1ST STREET,2,2,British Columbia,2426160,49.25,-123.1,90000.0,2023,10
Vancouver,599900.0,214-2600 E 49TH AVENUE,2,1,British Columbia,2426160,49.25,-123.1,90000.0,2023,10
Vancouver,938000.0,311-2665 MOUNTAIN HIGHWAY,2,2,British Columbia,2426160,49.25,-123.1,90000.0,2023,10
Vancouver,1349000.0,213-2060 CURLING ROAD,2,2,British Columbia,2426160,49.25,-123.1,90000.0,2023,10
Vancouver,1746900.0,1218 LE ROI STREET,4,4,British Columbia,2426160,49.25,-123.1,90000.0,2023,10
Vancouver,1746900.0,1218 LE ROI STREET,4,4,British Columbia,2426160,49.25,-123.1,90000.0,2023,10
Vancouver,909000.0,401-379 E BROADWAY,2,2,British Columbia,2426160,49.25,-123.1,90000.0,2023,10
Vancouver,3175000.0,463 VENTURA CRESCENT,3,3,British Columbia,2426160,49.25,-123.1,90000.0,2023,10
Vancouver,1228000.0,2406-1155 SEYMOUR STREET,2,2,British Columbia,2426160,49.25,-123.1,90000.0,2023,10
Vancouver,699900.0,3208-2181 MADISON AVENUE,1,1,British Columbia,2426160,49.25,-123.1,90000.0,2023,10
Vancouver,799000.0,111-7133 14TH AVENUE,2,2,British Columbia,2426160,49.25,-123.1,90000.0,2023,10
Vancouver,4100000.0,2216 JEFFERSON AVENUE,0,0,British Columbia,2426160,49.25,-123.1,90000.0,2023,10
Vancouver,1500000.0,5790 HALIFAX STREET,4,2,British Columbia,2426160,49.25,-123.1,90000.0,2023,10
Vancouver,9490000.0,472 W 39TH AVENUE,2,2,British Columbia,2426160,49.25,-123.1,90000.0,2023,10
Vancouver,539000.0,806-1003 BURNABY STREET,0,1,British Columbia,2426160,49.25,-123.1,90000.0,2023,10
Vancouver,1999000.0,4917 VENABLES STREET,3,3,British Columbia,2426160,49.25,-123.1,90000.0,2023,10
Vancouver,4250000.0,587 N DOLLARTON HWY,6,8,British Columbia,2426160,49.25,-123.1,90000.0,2023,10
Vancouver,1128800.0,4001-4880 BENNETT STREET,3,2,British Columbia,2426160,49.25,-123.1,90000.0,2023,10
Vancouver,2299000.0,5860 ALMA STREET,3,3,British Columbia,2426160,49.25,-123.1,90000.0,2023,10
Vancouver,859000.0,228-5735 HAMPTON PLACE,2,1,British Columbia,2426160,49.25,-123.1,90000.0,2023,10
Vancouver,2299000.0,5860 ALMA STREET,3,3,British Columbia,2426160,49.25,-123.1,90000.0,2023,10
Vancouver,914900.0,204-1010 CHILCO STREET,2,2,British Columbia,2426160,49.25,-123.1,90000.0,2023,10
Vancouver,1746900.0,1212 LE ROI STREET,4,4,British Columbia,2426160,49.25,-123.1,90000.0,2023,10
Vancouver,439900.0,PH6-6991 VICTORIA DRIVE,0,1,British Columbia,2426160,49.25,-123.1,90000.0,2023,10
Vancouver,780000.0,604-4888 BRENTWOOD DRIVE,2,2,British Columbia,2426160,49.25,-123.1,90000.0,2023,10
Vancouver,3680000.0,1909 E 64TH AVENUE,8,7,British Columbia,2426160,49.25,-123.1,90000.0,2023,10
Vancouver,1120000.0,1204 120 W 16TH STREET,2,2,British Columbia,2426160,49.25,-123.1,90000.0,2023,10
Vancouver,1399999.0,2234 E 3RD AVENUE,2,2,British Columbia,2426160,49.25,-123.1,90000.0,2023,10
Vancouver,2588000.0,801-210 E 5TH AVENUE,2,2,British Columbia,2426160,49.25,-123.1,90000.0,2023,10
Vancouver,1559000.0,204-788 ARTHUR ERICKSON PLACE,2,2,British Columbia,2426160,49.25,-123.1,90000.0,2023,10
Vancouver,1098800.0,806-89 NELSON STREET,2,2,British Columbia,2426160,49.25,-123.1,90000.0,2023,10
Vancouver,1498000.0,6447 BEATRICE STREET,4,3,British Columbia,2426160,49.25,-123.1,90000.0,2023,10
Vancouver,728000.0,1105-3996 DUMFRIES STREET,1,1,British Columbia,2426160,49.25,-123.1,90000.0,2023,10
Vancouver,649900.0,1501-909 MAINLAND STREET,1,1,British Columbia,2426160,49.25,-123.1,90000.0,2023,10
Vancouver,599000.0,10-5809 WALES STREET,1,1,British Columbia,2426160,49.25,-123.1,90000.0,2023,10
Vancouver,869900.0,48-728 W 14TH STREET,2,2,British Columbia,2426160,49.25,-123.1,90000.0,2023,10
Vancouver,7380000.0,3725 W 26TH AVENUE,5,6,British Columbia,2426160,49.25,-123.1,90000.0,2023,10
Vancouver,1032888.0,3E-2775 FIR STREET,2,2,British Columbia,2426160,49.25,-123.1,90000.0,2023,10
Vancouver,3288000.0,1694 W 62ND AVENUE,4,2,British Columbia,2426160,49.25,-123.1,90000.0,2023,10
Vancouver,6990000.0,720 FAIRMILE ROAD,6,7,British Columbia,2426160,49.25,-123.1,90000.0,2023,10
Vancouver,2724900.0,108-555 W 28TH AVENUE,4,3,British Columbia,2426160,49.25,-123.1,90000.0,2023,10
Vancouver,1888888.0,4229 PENDER STREET,6,3,British Columbia,2426160,49.25,-123.1,90000.0,2023,10
Vancouver,1215800.0,206-6485 MANITOBA STREET,2,1,British Columbia,2426160,49.25,-123.1,90000.0,2023,10
Vancouver,998800.0,106-3615 W 17TH AVENUE,2,2,British Columbia,2426160,49.25,-123.1,90000.0,2023,10
Vancouver,843800.0,1002-7358 EDMONDS STREET,2,2,British Columbia,2426160,49.25,-123.1,90000.0,2023,10
Vancouver,1160000.0,406-2707 LIBRARY LANE,2,2,British Columbia,2426160,49.25,-123.1,90000.0,2023,10
Vancouver,818800.0,3108-6333 SILVER AVENUE,2,2,British Columbia,2426160,49.25,-123.1,90000.0,2023,10
Vancouver,1184900.0,503-2550 GARDEN DRIVE,2,2,British Columbia,2426160,49.25,-123.1,90000.0,2023,10
Vancouver,729000.0,421-3163 RIVERWALK AVENUE,2,2,British Columbia,2426160,49.25,-123.1,90000.0,2023,10
Vancouver,1088888.0,6019 SPROTT STREET,3,3,British Columbia,2426160,49.25,-123.1,90000.0,2023,10
Vancouver,2070000.0,3747 UNION STREET,4,3,British Columbia,2426160,49.25,-123.1,90000.0,2023,10
Vancouver,758000.0,505-6088 WILLINGDON AVENUE,2,2,British Columbia,2426160,49.25,-123.1,90000.0,2023,10
Vancouver,639000.0,2903-131 REGIMENT SQUARE,1,1,British Columbia,2426160,49.25,-123.1,90000.0,2023,10
Vancouver,1780000.0,1415 E 18TH STREET,4,2,British Columbia,2426160,49.25,-123.1,90000.0,2023,10
Vancouver,4288000.0,4580 W 1ST AVENUE,5,3,British Columbia,2426160,49.25,-123.1,90000.0,2023,10
Vancouver,3780000.0,302-1009 LAURIER AVENUE,3,4,British Columbia,2426160,49.25,-123.1,90000.0,2023,10
Vancouver,869000.0,62-2727 E KENT AVENUE NORTH,3,2,British Columbia,2426160,49.25,-123.1,90000.0,2023,10
Vancouver,895000.0,1502-6658 DOW AVENUE,2,2,British Columbia,2426160,49.25,-123.1,90000.0,2023,10
Vancouver,828000.0,315-1661 QUEBEC STREET,1,1,British Columbia,2426160,49.25,-123.1,90000.0,2023,10
Vancouver,5880000.0,5761 MARGUERITE STREET,5,4,British Columbia,2426160,49.25,-123.1,90000.0,2023,10
Vancouver,778000.0,301-1675 W 10TH AVENUE,1,1,British Columbia,2426160,49.25,-123.1,90000.0,2023,10
Vancouver,2339900.0,637 W 30TH AVENUE,3,3,British Columbia,2426160,49.25,-123.1,90000.0,2023,10
Vancouver,2298000.0,2302-1111 ALBERNI STREET,2,3,British Columbia,2426160,49.25,-123.1,90000.0,2023,10
Vancouver,748000.0,1705-1155 SEYMOUR STREET,1,1,British Columbia,2426160,49.25,-123.1,90000.0,2023,10
Vancouver,2499000.0,7221 FRANCES STREET,7,3,British Columbia,2426160,49.25,-123.1,90000.0,2023,10
Vancouver,3188800.0,602 ST. ANDREWS ROAD,6,4,British Columbia,2426160,49.25,-123.1,90000.0,2023,10
Vancouver,835000.0,1002-6220 MCKAY AVENUE,2,2,British Columbia,2426160,49.25,-123.1,90000.0,2023,10
Vancouver,1588000.0,TH3-6438 BYRNEPARK DRIVE,4,3,British Columbia,2426160,49.25,-123.1,90000.0,2023,10
Vancouver,565000.0,303-4353 HALIFAX STREET,2,1,British Columbia,2426160,49.25,-123.1,90000.0,2023,10
Vancouver,1388000.0,301-36 WATER STREET,2,2,British Columbia,2426160,49.25,-123.1,90000.0,2023,10
Vancouver,1399900.0,274 E 3RD STREET,3,2,British Columbia,2426160,49.25,-123.1,90000.0,2023,10
Vancouver,749900.0,222-2008 PINE STREET,1,1,British Columbia,2426160,49.25,-123.1,90000.0,2023,10
Vancouver,638000.0,705-3660 VANNESS AVENUE,1,1,British Columbia,2426160,49.25,-123.1,90000.0,2023,10
Vancouver,1748800.0,301-5118 CAMBIE STREET,3,3,British Columbia,2426160,49.25,-123.1,90000.0,2023,10
Vancouver,2000000.0,3880 CLARK DRIVE,5,2,British Columbia,2426160,49.25,-123.1,90000.0,2023,10
Vancouver,1498000.0,TH14-6438 BYRNEPARK DRIVE,4,3,British Columbia,2426160,49.25,-123.1,90000.0,2023,10
Vancouver,2388000.0,625 W 15 STREET,5,4,British Columbia,2426160,49.25,-123.1,90000.0,2023,10
Vancouver,1175000.0,18-3036 W 4TH AVENUE,2,2,British Columbia,2426160,49.25,-123.1,90000.0,2023,10
Vancouver,649900.0,709-1177 HORNBY STREET,1,1,British Columbia,2426160,49.25,-123.1,90000.0,2023,10
Vancouver,748000.0,905-1833 CROWE STREET,1,1,British Columbia,2426160,49.25,-123.1,90000.0,2023,10
Vancouver,1487000.0,2003-33 SMITHE STREET,2,2,British Columbia,2426160,49.25,-123.1,90000.0,2023,10
Vancouver,499000.0,1406-8131 NUNAVUT LANE,1,1,British Columbia,2426160,49.25,-123.1,90000.0,2023,10
Vancouver,699900.0,1709-58 KEEFER PLACE,1,1,British Columbia,2426160,49.25,-123.1,90000.0,2023,10
Vancouver,1499000.0,2032 E 44TH AVENUE,3,4,British Columbia,2426160,49.25,-123.1,90000.0,2023,10
Vancouver,460000.0,105-1655 NELSON STREET,0,1,British Columbia,2426160,49.25,-123.1,90000.0,2023,10
Vancouver,1529000.0,2946 E 3RD AVENUE,3,4,British Columbia,2426160,49.25,-123.1,90000.0,2023,10
Vancouver,1328000.0,1203-128 W 15 STREET,2,2,British Columbia,2426160,49.25,-123.1,90000.0,2023,10
Vancouver,1650000.0,1720 VENABLES STREET,3,3,British Columbia,2426160,49.25,-123.1,90000.0,2023,10
Vancouver,1598000.0,3201-1372 SEYMOUR STREET,2,2,British Columbia,2426160,49.25,-123.1,90000.0,2023,10
Vancouver,2500000.0,504-89 NELSON STREET,1,1,British Columbia,2426160,49.25,-123.1,90000.0,2023,10
Vancouver,659000.0,105-1468 W 14TH AVENUE,2,2,British Columbia,2426160,49.25,-123.1,90000.0,2023,10
Vancouver,1598000.0,7884 PATTERSON AVENUE,6,4,British Columbia,2426160,49.25,-123.1,90000.0,2023,10
Vancouver,1888000.0,808-433 SW MARINE DRIVE,2,2,British Columbia,2426160,49.25,-123.1,90000.0,2023,10
Vancouver,899000.0,7089 MALIBU DRIVE,3,1,British Columbia,2426160,49.25,-123.1,90000.0,2023,10
Vancouver,1599000.0,1-1310 W KING EDWARD AVENUE,3,3,British Columbia,2426160,49.25,-123.1,90000.0,2023,10
Vancouver,2789000.0,225-119 W 22ND STREET,1,1,British Columbia,2426160,49.25,-123.1,90000.0,2023,10
Vancouver,799900.0,307-3 N GARDEN DRIVE,1,1,British Columbia,2426160,49.25,-123.1,90000.0,2023,10
Vancouver,485000.0,4242 HURST STREET,8,7,British Columbia,2426160,49.25,-123.1,90000.0,2023,10
Vancouver,3650000.0,1824 E 11TH AVENUE,4,3,British Columbia,2426160,49.25,-123.1,90000.0,2023,10
Vancouver,3090000.0,102-1825 W 8TH AVENUE,1,1,British Columbia,2426160,49.25,-123.1,90000.0,2023,10
Vancouver,639000.0,301-6485 MANITOBA STREET,3,2,British Columbia,2426160,49.25,-123.1,90000.0,2023,10
Vancouver,1486800.0,2509 E 27TH AVENUE,2,1,British Columbia,2426160,49.25,-123.1,90000.0,2023,10
Vancouver,1599000.0,103-6485 MANITOBA STREET,1,1,British Columbia,2426160,49.25,-123.1,90000.0,2023,10
Vancouver,978800.0,103-6485 MANITOBA STREET,1,1,British Columbia,2426160,49.25,-123.1,90000.0,2023,10
Vancouver,1749000.0,2106 MOUNTAIN HIGHWAY,4,3,British Columbia,2426160,49.25,-123.1,90000.0,2023,10
Vancouver,1199000.0,613-3289 RIVERWALK AVENUE,3,2,British Columbia,2426160,49.25,-123.1,90000.0,2023,10
Vancouver,695000.0,206-1633 TATLOW AVENUE,1,1,British Columbia,2426160,49.25,-123.1,90000.0,2023,10
Vancouver,1598000.0,513-7228 ADERA STREET,3,2,British Columbia,2426160,49.25,-123.1,90000.0,2023,10
Vancouver,779000.0,1505-1327 E KEITH ROAD,2,2,British Columbia,2426160,49.25,-123.1,90000.0,2023,10
Vancouver,695000.0,108-2770 BURRARD STREET,1,1,British Columbia,2426160,49.25,-123.1,90000.0,2023,10
Vancouver,2398000.0,3335 W 16TH AVENUE,3,3,British Columbia,2426160,49.25,-123.1,90000.0,2023,10
Vancouver,1950000.0,152 W WOODSTOCK AVENUE,3,3,British Columbia,2426160,49.25,-123.1,90000.0,2023,10
Vancouver,899000.0,1203-4465 JUNEAU STREET,2,2,British Columbia,2426160,49.25,-123.1,90000.0,2023,10
Vancouver,1588888.0,2942 RENFREW STREET,6,3,British Columbia,2426160,49.25,-123.1,90000.0,2023,10
Vancouver,988000.0,3601-4510 HALIFAX WAY,2,2,British Columbia,2426160,49.25,-123.1,90000.0,2023,10
Vancouver,888000.0,3531 W 37TH AVENUE,4,2,British Columbia,2426160,49.25,-123.1,90000.0,2023,10
Vancouver,4390000.0,2857 WALL STREET,3,3,British Columbia,2426160,49.25,-123.1,90000.0,2023,10
Vancouver,1828000.0,401-123 W 1ST AVENUE,1,1,British Columbia,2426160,49.25,-123.1,90000.0,2023,10
Vancouver,3750000.0,2668 FINCH HILL,6,9,British Columbia,2426160,49.25,-123.1,90000.0,2023,10
Vancouver,779000.0,1801 289 DRAKE STREET,2,2,British Columbia,2426160,49.25,-123.1,90000.0,2023,10
Vancouver,7680000.0,2601-4400 BUCHANAN STREET,3,3,British Columbia,2426160,49.25,-123.1,90000.0,2023,10
Vancouver,895000.0,706-933 HORNBY STREET,2,2,British Columbia,2426160,49.25,-123.1,90000.0,2023,10
Vancouver,2090000.0,6916 UNION STREET,4,3,British Columbia,2426160,49.25,-123.1,90000.0,2023,10
Vancouver,6980000.0,3965 W 14TH AVENUE,7,7,British Columbia,2426160,49.25,-123.1,90000.0,2023,10
Vancouver,4188000.0,3611 GALIANO ROAD,4,4,British Columbia,2426160,49.25,-123.1,90000.0,2023,10
Vancouver,550000.0,401-718 MAIN STREET,1,1,British Columbia,2426160,49.25,-123.1,90000.0,2023,10
Vancouver,1120000.0,1204-120 W 16TH STREET,2,2,British Columbia,2426160,49.25,-123.1,90000.0,2023,10
Vancouver,2000900.0,123-5383 WILLOW STREET,3,3,British Columbia,2426160,49.25,-123.1,90000.0,2023,10
Vancouver,1809900.0,627 W 30TH AVENUE,2,2,British Columbia,2426160,49.25,-123.1,90000.0,2023,10
Vancouver,688000.0,403-3996 DUMFRIES STREET,1,1,British Columbia,2426160,49.25,-123.1,90000.0,2023,10
Vancouver,1298000.0,1210-1028 BARCLAY STREET,2,2,British Columbia,2426160,49.25,-123.1,90000.0,2023,10
Vancouver,999000.0,406-345 WATER STREET,1,1,British Columbia,2426160,49.25,-123.1,90000.0,2023,10
Vancouver,3590000.0,5507-1289 HORNBY STREET,3,3,British Columbia,2426160,49.25,-123.1,90000.0,2023,10
Vancouver,2398000.0,860 E 61ST AVENUE,5,4,British Columbia,2426160,49.25,-123.1,90000.0,2023,10
Vancouver,2188000.0,3634 W 29TH AVENUE,3,4,British Columbia,2426160,49.25,-123.1,90000.0,2023,10
Vancouver,1899000.0,1095 E 14TH AVENUE,4,3,British Columbia,2426160,49.25,-123.1,90000.0,2023,10
Vancouver,839000.0,2507-1289 HORNBY STREET,1,1,British Columbia,2426160,49.25,-123.1,90000.0,2023,10
Vancouver,588000.0,310-4728 BRENTWOOD DRIVE,1,1,British Columbia,2426160,49.25,-123.1,90000.0,2023,10
Vancouver,549900.0,321-1445 MARPOLE AVENUE,1,1,British Columbia,2426160,49.25,-123.1,90000.0,2023,10
Vancouver,598000.0,305-4194 MAYWOOD STREET,2,1,British Columbia,2426160,49.25,-123.1,90000.0,2023,10
Vancouver,748800.0,3110-4711 HAZEL STREET,1,1,British Columbia,2426160,49.25,-123.1,90000.0,2023,10
Vancouver,2799900.0,402-3636 W 39TH AVENUE,2,3,British Columbia,2426160,49.25,-123.1,90000.0,2023,10
Vancouver,649900.0,1201-1155 SEYMOUR STREET,1,1,British Columbia,2426160,49.25,-123.1,90000.0,2023,10
Vancouver,698000.0,1230-933 HORNBY STREET,1,1,British Columbia,2426160,49.25,-123.1,90000.0,2023,10
Vancouver,1099000.0,101-4223 HASTINGS STREET,2,2,British Columbia,2426160,49.25,-123.1,90000.0,2023,10
Vancouver,3198000.0,1191 QUEENS AVENUE,3,3,British Columbia,2426160,49.25,-123.1,90000.0,2023,10
Vancouver,578800.0,107-307 W 2ND STREET,1,1,British Columbia,2426160,49.25,-123.1,90000.0,2023,10
Vancouver,1299900.0,508-3198 RIVERWALK AVENUE,2,2,British Columbia,2426160,49.25,-123.1,90000.0,2023,10
Vancouver,1598800.0,8-1891 MARINE DRIVE,2,2,British Columbia,2426160,49.25,-123.1,90000.0,2023,10
Vancouver,2188000.0,3285 W 8TH AVENUE,6,3,British Columbia,2426160,49.25,-123.1,90000.0,2023,10
Vancouver,2699000.0,3721 W 11TH AVENUE,5,3,British Columbia,2426160,49.25,-123.1,90000.0,2023,10
Vancouver,1938000.0,PH2-1226 HAMILTON STREET,2,2,British Columbia,2426160,49.25,-123.1,90000.0,2023,10
Vancouver,2689000.0,6975 AUBREY STREET,10,6,British Columbia,2426160,49.25,-123.1,90000.0,2023,10
Vancouver,2789000.0,3204 THOMPSON CRESCENT,4,3,British Columbia,2426160,49.25,-123.1,90000.0,2023,10
Vancouver,1790000.0,3217 COLUMBIA STREET,3,3,British Columbia,2426160,49.25,-123.1,90000.0,2023,10
Vancouver,2050000.0,1-2820 W 41ST AVENUE,4,4,British Columbia,2426160,49.25,-123.1,90000.0,2023,10
Vancouver,634500.0,2003-145 ST. GEORGES AVENUE,1,1,British Columbia,2426160,49.25,-123.1,90000.0,2023,10
Vancouver,709000.0,310-4550 FRASER STREET,1,1,British Columbia,2426160,49.25,-123.1,90000.0,2023,10
Vancouver,878000.0,406-1476 W 10TH AVENUE,2,1,British Columbia,2426160,49.25,-123.1,90000.0,2023,10
Vancouver,1180000.0,3206-8131 NUNAVUT LANE,2,2,British Columbia,2426160,49.25,-123.1,90000.0,2023,10
Vancouver,699000.0,2004-1155 HOMER STREET,1,1,British Columbia,2426160,49.25,-123.1,90000.0,2023,10
Vancouver,2898000.0,5747 TELEGRAPH TRAIL,6,4,British Columbia,2426160,49.25,-123.1,90000.0,2023,10
Vancouver,735000.0,1210-688 ABBOTT STREET,1,1,British Columbia,2426160,49.25,-123.1,90000.0,2023,10
Vancouver,1068000.0,802-2085 SKYLINE COURT,2,2,British Columbia,2426160,49.25,-123.1,90000.0,2023,10
Vancouver,1920000.0,6140 BRYANT STREET,4,4,British Columbia,2426160,49.25,-123.1,90000.0,2023,10
Vancouver,749900.0,806-58 KEEFER PLACE,1,1,British Columbia,2426160,49.25,-123.1,90000.0,2023,10
Vancouver,634500.0,2003-145 ST. GEORGES AVENUE,1,1,British Columbia,2426160,49.25,-123.1,90000.0,2023,10
Vancouver,699800.0,510-360 E 36TH AVENUE,1,1,British Columbia,2426160,49.25,-123.1,90000.0,2023,10
Vancouver,2998000.0,630 BARNHAM ROAD,4,4,British Columbia,2426160,49.25,-123.1,90000.0,2023,10
Vancouver,1799000.0,3586 TRINITY STREET,4,4,British Columbia,2426160,49.25,-123.1,90000.0,2023,10
Vancouver,1399000.0,411-5733 ALBERTA STREET,2,2,British Columbia,2426160,49.25,-123.1,90000.0,2023,10
Vancouver,899000.0,3107-6383 MCKAY AVENUE,2,2,British Columbia,2426160,49.25,-123.1,90000.0,2023,10
Vancouver,4688000.0,3402 W 21ST AVENUE,4,4,British Columbia,2426160,49.25,-123.1,90000.0,2023,10
Vancouver,1399900.0,237-2060 CURLING ROAD,3,3,British Columbia,2426160,49.25,-123.1,90000.0,2023,10
Vancouver,2078000.0,5929 BERWICK STREET,4,2,British Columbia,2426160,49.25,-123.1,90000.0,2023,10
Vancouver,899000.0,312-235 KEITH ROAD,2,2,British Columbia,2426160,49.25,-123.1,90000.0,2023,10
Vancouver,1888000.0,2-2119 E 29TH AVENUE,3,4,British Columbia,2426160,49.25,-123.1,90000.0,2023,10
Vancouver,599000.0,212-2320 TRINITY STREET,1,1,British Columbia,2426160,49.25,-123.1,90000.0,2023,10
Vancouver,1125000.0,113-649 E 3RD STREET,2,2,British Columbia,2426160,49.25,-123.1,90000.0,2023,10
Vancouver,885000.0,2309-4720 LOUGHEED HIGHWAY,2,2,British Columbia,2426160,49.25,-123.1,90000.0,2023,10
Vancouver,799900.0,2008-1155 SEYMOUR STREET,1,1,British Columbia,2426160,49.25,-123.1,90000.0,2023,10
Vancouver,1498000.0,4066 YUKON STREET,3,3,British Columbia,2426160,49.25,-123.1,90000.0,2023,10
Vancouver,739900.0,107-1745 ESQUIMALT AVENUE,1,1,British Columbia,2426160,49.25,-123.1,90000.0,2023,10
Vancouver,899000.0,233-383 E 37TH AVENUE,2,2,British Columbia,2426160,49.25,-123.1,90000.0,2023,10
Vancouver,1799999.0,111 E KENSINGTON ROAD,5,3,British Columbia,2426160,49.25,-123.1,90000.0,2023,10
Vancouver,5380000.0,3838 W 50TH AVENUE,5,6,British Columbia,2426160,49.25,-123.1,90000.0,2023,10
Vancouver,3590000.0,3410 W 15TH AVENUE,6,5,British Columbia,2426160,49.25,-123.1,90000.0,2023,10
Vancouver,574800.0,217-4768 BRENTWOOD DRIVE,1,1,British Columbia,2426160,49.25,-123.1,90000.0,2023,10
Vancouver,1595000.0,221 E 29TH STREET,4,2,British Columbia,2426160,49.25,-123.1,90000.0,2023,10
Vancouver,689900.0,2406-7388 KINGSWAY,1,1,British Columbia,2426160,49.25,-123.1,90000.0,2023,10
Vancouver,739000.0,2008-777 RICHARDS STREET,1,1,British Columbia,2426160,49.25,-123.1,90000.0,2023,10
Vancouver,569000.0,995 W 20TH AVENUE,1,1,British Columbia,2426160,49.25,-123.1,90000.0,2023,10
Vancouver,1349000.0,1107-288 W 1ST AVENUE,2,2,British Columbia,2426160,49.25,-123.1,90000.0,2023,10
Vancouver,1049900.0,547 E 16TH AVENUE,2,2,British Columbia,2426160,49.25,-123.1,90000.0,2023,10
Vancouver,2538000.0,3636 W 29TH AVENUE,3,4,British Columbia,2426160,49.25,-123.1,90000.0,2023,10
Vancouver,630000.0,1201-7077 BERESFORD STREET,2,2,British Columbia,2426160,49.25,-123.1,90000.0,2023,10
Vancouver,799800.0,904-89 NELSON STREET,1,1,British Columbia,2426160,49.25,-123.1,90000.0,2023,10
Vancouver,3438000.0,436 E 5TH STREET,6,6,British Columbia,2426160,49.25,-123.1,90000.0,2023,10
Vancouver,698000.0,1010-4720 LOUGHEED HIGHWAY,1,1,British Columbia,2426160,49.25,-123.1,90000.0,2023,10
Vancouver,3888000.0,1501-1111 MARINASIDE CRESCENT,3,2,British Columbia,2426160,49.25,-123.1,90000.0,2023,10
Vancouver,2488000.0,5580 ALMA STREET,4,4,British Columbia,2426160,49.25,-123.1,90000.0,2023,10
Vancouver,600000.0,202-1550 FELL AVENUE,1,1,British Columbia,2426160,49.25,-123.1,90000.0,2023,10
Vancouver,579000.0,1204-1111 RICHARDS STREET,0,1,British Columbia,2426160,49.25,-123.1,90000.0,2023,10
Vancouver,1280000.0,604-3533 ROSS DRIVE,2,2,British Columbia,2426160,49.25,-123.1,90000.0,2023,10
Vancouver,549900.0,1110-5380 OBEN STREET,1,1,British Columbia,2426160,49.25,-123.1,90000.0,2023,10
Vancouver,848000.0,901-950 CAMBIE STREET,2,2,British Columbia,2426160,49.25,-123.1,90000.0,2023,10
Vancouver,1738000.0,7798 GILLEY AVENUE,6,3,British Columbia,2426160,49.25,-123.1,90000.0,2023,10
Vancouver,1858000.0,1-2119 E 29TH AVENUE,3,4,British Columbia,2426160,49.25,-123.1,90000.0,2023,10
Vancouver,599000.0,309-1440 E BROADWAY,1,1,British Columbia,2426160,49.25,-123.1,90000.0,2023,10
Vancouver,1180000.0,305-477 W 59TH AVENUE,2,2,British Columbia,2426160,49.25,-123.1,90000.0,2023,10
Vancouver,1689000.0,411-1859 SPYGLASS PLACE,2,2,British Columbia,2426160,49.25,-123.1,90000.0,2023,10
Vancouver,938000.0,2211-285 E 10TH AVENUE,2,1,British Columbia,2426160,49.25,-123.1,90000.0,2023,10
Vancouver,699000.0,1005-1205 HOWE STREET,1,1,British Columbia,2426160,49.25,-123.1,90000.0,2023,10
Vancouver,2580000.0,461 E 45TH AVENUE,4,5,British Columbia,2426160,49.25,-123.1,90000.0,2023,10
Vancouver,1585000.0,6654 IMPERIAL STREET,3,2,British Columbia,2426160,49.25,-123.1,90000.0,2023,10
Vancouver,568888.0,503-6455 WILLINGDON AVENUE,1,1,British Columbia,2426160,49.25,-123.1,90000.0,2023,10
Vancouver,4175000.0,3329 CHIPPENDALE ROAD,4,4,British Columbia,2426160,49.25,-123.1,90000.0,2023,10
Vancouver,1090900.0,704-128 W 15TH STREET,1,1,British Columbia,2426160,49.25,-123.1,90000.0,2023,10
Vancouver,918000.0,1956 WOLFE STREET,4,3,British Columbia,2426160,49.25,-123.1,90000.0,2023,10
Vancouver,599988.0,1103 121 W 15TH STREET,1,1,British Columbia,2426160,49.25,-123.1,90000.0,2023,10
Vancouver,369000.0,415-3520 CROWLEY DRIVE,0,1,British Columbia,2426160,49.25,-123.1,90000.0,2023,10
Vancouver,936000.0,707-4465 JUNEAU STREET,2,2,British Columbia,2426160,49.25,-123.1,90000.0,2023,10
Vancouver,2288000.0,4246 OXFORD STREET,5,4,British Columbia,2426160,49.25,-123.1,90000.0,2023,10
Vancouver,1498000.0,38-6736 SOUTHPOINT DRIVE,4,4,British Columbia,2426160,49.25,-123.1,90000.0,2023,10
Vancouver,15888000.0,1436 SANDHURST PLACE,7,8,British Columbia,2426160,49.25,-123.1,90000.0,2023,10
Vancouver,699000.0,309-3168 RIVERWALK AVENUE,2,2,British Columbia,2426160,49.25,-123.1,90000.0,2023,10
Vancouver,7998000.0,4358 ROSS CRESCENT,4,6,British Columbia,2426160,49.25,-123.1,90000.0,2023,10
Vancouver,999888.0,2304-6080 MCKAY AVENUE,2,2,British Columbia,2426160,49.25,-123.1,90000.0,2023,10
Vancouver,2149000.0,2526 W 8TH AVENUE,3,4,British Columbia,2426160,49.25,-123.1,90000.0,2023,10
Vancouver,899000.0,40-433 SEYMOUR RIVER PLACE,2,2,British Columbia,2426160,49.25,-123.1,90000.0,2023,10
Vancouver,1688000.0,2896 E GEORGIA STREET,4,5,British Columbia,2426160,49.25,-123.1,90000.0,2023,10
Vancouver,4498888.0,2190 SHAFTON PLACE,4,2,British Columbia,2426160,49.25,-123.1,90000.0,2023,10
Vancouver,2798000.0,3081 W 3RD AVENUE,3,2,British Columbia,2426160,49.25,-123.1,90000.0,2023,10
Vancouver,4295000.0,4020 GLENVIEW CRESCENT,6,6,British Columbia,2426160,49.25,-123.1,90000.0,2023,10
Vancouver,1799900.0,1779 PETERS ROAD,4,3,British Columbia,2426160,49.25,-123.1,90000.0,2023,10
Vancouver,988000.0,413-2388 WESTERN PARKWAY,2,2,British Columbia,2426160,49.25,-123.1,90000.0,2023,10
Vancouver,848000.0,801-1480 HOWE STREET,1,1,British Columbia,2426160,49.25,-123.1,90000.0,2023,10
Vancouver,1149900.0,301-135 E 13TH STREET,2,2,British Columbia,2426160,49.25,-123.1,90000.0,2023,10
Vancouver,9980000.0,6076 ANGUS DRIVE,6,7,British Columbia,2426160,49.25,-123.1,90000.0,2023,10
Vancouver,729900.0,2903-1788 GILMORE AVENUE,1,1,British Columbia,2426160,49.25,-123.1,90000.0,2023,10
Vancouver,504000.0,1107-819 HAMILTON STREET,1,1,British Columbia,2426160,49.25,-123.1,90000.0,2023,10
Vancouver,719900.0,605-983 E HASTINGS STREET,2,2,British Columbia,2426160,49.25,-123.1,90000.0,2023,10
Vancouver,2488000.0,5 GLENMORE DRIVE,5,4,British Columbia,2426160,49.25,-123.1,90000.0,2023,10
Vancouver,585000.0,303-1050 JERVIS STREET,1,1,British Columbia,2426160,49.25,-123.1,90000.0,2023,10
Vancouver,799000.0,2706-939 HOMER STREET,2,2,British Columbia,2426160,49.25,-123.1,90000.0,2023,10
Vancouver,669000.0,306-1550 FERN STREET,1,1,British Columbia,2426160,49.25,-123.1,90000.0,2023,10
Vancouver,1499000.0,3872 SPRUCE STREET,2,1,British Columbia,2426160,49.25,-123.1,90000.0,2023,10
Vancouver,1199000.0,501-546 BEATTY STREET,2,2,British Columbia,2426160,49.25,-123.1,90000.0,2023,10
Vancouver,2549000.0,567 W 17TH AVENUE,3,3,British Columbia,2426160,49.25,-123.1,90000.0,2023,10
Vancouver,1699000.0,5161 INMAN AVENUE,4,4,British Columbia,2426160,49.25,-123.1,90000.0,2023,10
Vancouver,689800.0,2804-1255 SEYMOUR STREET,1,1,British Columbia,2426160,49.25,-123.1,90000.0,2023,10
Vancouver,725000.0,114-2150 BRUNSWICK STREET,2,1,British Columbia,2426160,49.25,-123.1,90000.0,2023,10
Vancouver,599999.0,309-1551 W 11TH AVENUE,1,1,British Columbia,2426160,49.25,-123.1,90000.0,2023,10
Vancouver,628000.0,307-1345 COMOX STREET,1,1,British Columbia,2426160,49.25,-123.1,90000.0,2023,10
Vancouver,2199900.0,5785 BURNS PLACE,4,3,British Columbia,2426160,49.25,-123.1,90000.0,2023,10
Vancouver,1888000.0,8333 CARTIER STREET,3,3,British Columbia,2426160,49.25,-123.1,90000.0,2023,10
Vancouver,1899999.0,121 E 42ND AVENUE,3,4,British Columbia,2426160,49.25,-123.1,90000.0,2023,10
Vancouver,1798000.0,4254 CADDY ROAD,4,3,British Columbia,2426160,49.25,-123.1,90000.0,2023,10
Vancouver,1768000.0,4-225 W 17TH STREET,3,3,British Columbia,2426160,49.25,-123.1,90000.0,2023,10
Vancouver,1898800.0,1702-638 BEACH CRESCENT,2,2,British Columbia,2426160,49.25,-123.1,90000.0,2023,10
Vancouver,679900.0,412-725 MARINE DRIVE,1,1,British Columbia,2426160,49.25,-123.1,90000.0,2023,10
Vancouver,2388000.0,6060 MARINE DRIVE,6,4,British Columbia,2426160,49.25,-123.1,90000.0,2023,10
Vancouver,549900.0,301-236 W 2ND STREET,1,1,British Columbia,2426160,49.25,-123.1,90000.0,2023,10
Vancouver,2580000.0,1577 W 57TH AVENUE,2,3,British Columbia,2426160,49.25,-123.1,90000.0,2023,10
Vancouver,3895000.0,1145 LINNAE AVENUE,3,3,British Columbia,2426160,49.25,-123.1,90000.0,2023,10
Vancouver,2200000.0,3460 CARNARVON AVENUE,4,4,British Columbia,2426160,49.25,-123.1,90000.0,2023,10
Vancouver,1838000.0,2865 TURNER STREET,4,4,British Columbia,2426160,49.25,-123.1,90000.0,2023,10
Vancouver,649000.0,411-311 E 6TH AVENUE,0,1,British Columbia,2426160,49.25,-123.1,90000.0,2023,10
Vancouver,999000.0,2606-1111 ALBERNI STREET,1,1,British Columbia,2426160,49.25,-123.1,90000.0,2023,10
Vancouver,688000.0,2607-7388 KINGSWAY,1,1,British Columbia,2426160,49.25,-123.1,90000.0,2023,10
Vancouver,1399000.0,107-5688 WILLOW STREET,2,2,British Columbia,2426160,49.25,-123.1,90000.0,2023,10
Vancouver,3888000.0,3341 W 35TH AVENUE,3,3,British Columbia,2426160,49.25,-123.1,90000.0,2023,10
Vancouver,769000.0,207-7231 ANTRIM AVENUE,2,2,British Columbia,2426160,49.25,-123.1,90000.0,2023,10
Vancouver,908000.0,301-5535 HASTINGS STREET,1,1,British Columbia,2426160,49.25,-123.1,90000.0,2023,10
Vancouver,5388000.0,3908 GLENVIEW CRESCENT,4,6,British Columbia,2426160,49.25,-123.1,90000.0,2023,10
Vancouver,6698000.0,2221 KINGS AVENUE,6,6,British Columbia,2426160,49.25,-123.1,90000.0,2023,10
Vancouver,965000.0,3107-33 CHESTERFIELD PLACE,2,2,British Columbia,2426160,49.25,-123.1,90000.0,2023,10
Vancouver,2388000.0,6060 MARINE DRIVE,6,4,British Columbia,2426160,49.25,-123.1,90000.0,2023,10
Vancouver,2580000.0,1577 W 57TH AVENUE,2,3,British Columbia,2426160,49.25,-123.1,90000.0,2023,10
Vancouver,1920000.0,10-1960 GLENAIRE DRIVE,4,3,British Columbia,2426160,49.25,-123.1,90000.0,2023,10
Vancouver,560000.0,1903-938 SMITHE STREET,1,1,British Columbia,2426160,49.25,-123.1,90000.0,2023,10
Vancouver,3599000.0,3763 FIR STREET,9,9,British Columbia,2426160,49.25,-123.1,90000.0,2023,10
Vancouver,999000.0,1604-1327 E KEITH ROAD,2,2,British Columbia,2426160,49.25,-123.1,90000.0,2023,10
Vancouver,1009900.0,401-1345 W 4TH AVENUE,2,1,British Columbia,2426160,49.25,-123.1,90000.0,2023,10
Vancouver,3498888.0,4199 W 29TH AVENUE,5,5,British Columbia,2426160,49.25,-123.1,90000.0,2023,10
Vancouver,2100000.0,321 N KOOTENAY STREET,5,3,British Columbia,2426160,49.25,-123.1,90000.0,2023,10
Vancouver,639800.0,1802-777 RICHARDS STREET,1,1,British Columbia,2426160,49.25,-123.1,90000.0,2023,10
Vancouver,798000.0,1708-4178 DAWSON STREET,2,2,British Columbia,2426160,49.25,-123.1,90000.0,2023,10
Vancouver,899000.0,305-557 E CORDOVA STREET,2,3,British Columbia,2426160,49.25,-123.1,90000.0,2023,10
Vancouver,5380000.0,2817 OLIVER CRESCENT,6,8,British Columbia,2426160,49.25,-123.1,90000.0,2023,10
Vancouver,499900.0,205-1958 E 47TH AVENUE,2,1,British Columbia,2426160,49.25,-123.1,90000.0,2023,10
Vancouver,1658000.0,721 RENFREW STREET,4,5,British Columbia,2426160,49.25,-123.1,90000.0,2023,10
Vancouver,1628000.0,1846 E 37TH AVENUE,3,2,British Columbia,2426160,49.25,-123.1,90000.0,2023,10
Vancouver,5498000.0,5721 WESTPORT COURT,5,6,British Columbia,2426160,49.25,-123.1,90000.0,2023,10
Vancouver,4799000.0,1373 CAMWELL DRIVE,7,4,British Columbia,2426160,49.25,-123.1,90000.0,2023,10
Vancouver,453000.0,502-1100 HARWOOD STREET,1,1,British Columbia,2426160,49.25,-123.1,90000.0,2023,10
Vancouver,1538000.0,608-6383 CAMBIE STREET,3,2,British Columbia,2426160,49.25,-123.1,90000.0,2023,10
Vancouver,2190000.0,607 BARNHAM ROAD,6,4,British Columbia,2426160,49.25,-123.1,90000.0,2023,10
Vancouver,799000.0,3203-928 HOMER STREET,2,1,British Columbia,2426160,49.25,-123.1,90000.0,2023,10
Vancouver,3475000.0,3819 W 27TH AVENUE,3,2,British Columbia,2426160,49.25,-123.1,90000.0,2023,10
Vancouver,1760000.0,4004-1189 MELVILLE STREET,2,3,British Columbia,2426160,49.25,-123.1,90000.0,2023,10
Vancouver,1479900.0,301-5212 CAMBIE STREET,2,0,British Columbia,2426160,49.25,-123.1,90000.0,2023,10
Vancouver,1298000.0,1804-667 HOWE STREET,1,1,British Columbia,2426160,49.25,-123.1,90000.0,2023,10
Vancouver,1838900.0,601-5212 CAMBIE STREET,2,0,British Columbia,2426160,49.25,-123.1,90000.0,2023,10
Vancouver,4498000.0,733 W 66TH AVENUE,4,6,British Columbia,2426160,49.25,-123.1,90000.0,2023,10
Vancouver,1578900.0,206-5212 CAMBIE STREET,3,0,British Columbia,2426160,49.25,-123.1,90000.0,2023,10
Vancouver,2688000.0,1060 ADDERLEY STREET,5,6,British Columbia,2426160,49.25,-123.1,90000.0,2023,10
Vancouver,1199800.0,2006-1328 W PENDER STREET,2,2,British Columbia,2426160,49.25,-123.1,90000.0,2023,10
Vancouver,1858900.0,108-5212 CAMBIE STREET,2,0,British Columbia,2426160,49.25,-123.1,90000.0,2023,10
Vancouver,1750000.0,2875 CAMBRIDGE STREET,4,2,British Columbia,2426160,49.25,-123.1,90000.0,2023,10
Vancouver,2698000.0,3202-667 HOWE STREET,2,2,British Columbia,2426160,49.25,-123.1,90000.0,2023,10
Vancouver,1198000.0,22-7488 SALISBURY AVENUE,3,3,British Columbia,2426160,49.25,-123.1,90000.0,2023,10
Vancouver,599988.0,1103-121 W 15TH STREET,1,1,British Columbia,2426160,49.25,-123.1,90000.0,2023,10
Vancouver,1688000.0,396 E 59TH AVENUE,5,4,British Columbia,2426160,49.25,-123.1,90000.0,2023,10
Vancouver,3798000.0,5532 WESTHAVEN ROAD,5,4,British Columbia,2426160,49.25,-123.1,90000.0,2023,10
Vancouver,1188888.0,3305-4711 HAZEL STREET,2,2,British Columbia,2426160,49.25,-123.1,90000.0,2023,10
Vancouver,1688000.0,396 E 59TH AVENUE,5,4,British Columbia,2426160,49.25,-123.1,90000.0,2023,10
Vancouver,1980000.0,403-4675 CAMBIE STREET,2,2,British Columbia,2426160,49.25,-123.1,90000.0,2023,10
Vancouver,689800.0,306-1133 HOMER STREET,1,1,British Columbia,2426160,49.25,-123.1,90000.0,2023,10
Vancouver,1079000.0,1708-58 KEEFER PLACE,2,2,British Columbia,2426160,49.25,-123.1,90000.0,2023,10
Vancouver,699000.0,209-3289 RIVERWALK AVENUE,2,2,British Columbia,2426160,49.25,-123.1,90000.0,2023,10
Vancouver,1099000.0,212-4933 CLARENDON STREET,3,3,British Columbia,2426160,49.25,-123.1,90000.0,2023,10
Vancouver,4788000.0,1393 GREENBRIAR WAY,5,6,British Columbia,2426160,49.25,-123.1,90000.0,2023,10
Vancouver,3590000.0,3545 W 50TH AVENUE,6,5,British Columbia,2426160,49.25,-123.1,90000.0,2023,10
Vancouver,2649900.0,4283 BALKAN STREET,4,3,British Columbia,2426160,49.25,-123.1,90000.0,2023,10
Vancouver,925000.0,4-5730 CARNARVON STREET,2,2,British Columbia,2426160,49.25,-123.1,90000.0,2023,10
Vancouver,888800.0,1601-183 KEEFER PLACE,2,1,British Columbia,2426160,49.25,-123.1,90000.0,2023,10
Vancouver,2398000.0,272 MONTROYAL BOULEVARD,7,6,British Columbia,2426160,49.25,-123.1,90000.0,2023,10
Vancouver,2600000.0,3298 E 2ND AVENUE,7,5,British Columbia,2426160,49.25,-123.1,90000.0,2023,10
Vancouver,2798000.0,4164 MADELEY ROAD,6,4,British Columbia,2426160,49.25,-123.1,90000.0,2023,10
Vancouver,3299000.0,761 E 12TH STREET,4,3,British Columbia,2426160,49.25,-123.1,90000.0,2023,10
Vancouver,799999.0,506-4650 BRENTWOOD BOULEVARD,2,2,British Columbia,2426160,49.25,-123.1,90000.0,2023,10
Vancouver,899000.0,804-4400 BUCHANAN STREET,2,2,British Columbia,2426160,49.25,-123.1,90000.0,2023,10
Vancouver,829000.0,307-3050 KINGSWAY,2,2,British Columbia,2426160,49.25,-123.1,90000.0,2023,10
Vancouver,2198000.0,3108 E 21ST AVENUE,6,4,British Columbia,2426160,49.25,-123.1,90000.0,2023,10
Vancouver,899000.0,86 W KING EDWARD AVENUE,1,1,British Columbia,2426160,49.25,-123.1,90000.0,2023,10
Vancouver,1729900.0,1174 E 26TH AVENUE,3,4,British Columbia,2426160,49.25,-123.1,90000.0,2023,10
Vancouver,999000.0,807-1675 LIONS GATE LANE,2,2,British Columbia,2426160,49.25,-123.1,90000.0,2023,10
Vancouver,650000.0,407-1950 E 11TH AVENUE,1,1,British Columbia,2426160,49.25,-123.1,90000.0,2023,10
Vancouver,1138000.0,2309 SOUTH SHORE CRESCENT,3,3,British Columbia,2426160,49.25,-123.1,90000.0,2023,10
Vancouver,2649000.0,569 W 17TH AVENUE,3,3,British Columbia,2426160,49.25,-123.1,90000.0,2023,10
Vancouver,1768000.0,2863 TURNER STREET,4,4,British Columbia,2426160,49.25,-123.1,90000.0,2023,10
Vancouver,729900.0,401-5790 PATTERSON AVENUE,2,2,British Columbia,2426160,49.25,-123.1,90000.0,2023,10
Vancouver,549900.0,102-1429 E 4TH AVENUE,1,1,British Columbia,2426160,49.25,-123.1,90000.0,2023,10
Vancouver,2475000.0,754 W 26TH AVENUE,3,3,British Columbia,2426160,49.25,-123.1,90000.0,2023,10
Vancouver,1880000.0,3079 E 22ND AVENUE,6,3,British Columbia,2426160,49.25,-123.1,90000.0,2023,10
Vancouver,899000.0,302-2815 YEW STREET,2,2,British Columbia,2426160,49.25,-123.1,90000.0,2023,10
Vancouver,578000.0,1006-4815 ELDORADO MEWS,1,1,British Columbia,2426160,49.25,-123.1,90000.0,2023,10
Vancouver,1230000.0,7-3370 ROSEMONT DRIVE,3,3,British Columbia,2426160,49.25,-123.1,90000.0,2023,10
Vancouver,3999000.0,4069 W 14TH AVENUE,6,3,British Columbia,2426160,49.25,-123.1,90000.0,2023,10
Vancouver,1538000.0,1-605 CLYDE AVENUE,2,2,British Columbia,2426160,49.25,-123.1,90000.0,2023,10
Vancouver,849000.0,416-725 MARINE DRIVE,2,2,British Columbia,2426160,49.25,-123.1,90000.0,2023,10
Vancouver,849000.0,903-4567 HAZEL STREET,2,2,British Columbia,2426160,49.25,-123.1,90000.0,2023,10
Vancouver,2399000.0,5537 WALES STREET,4,2,British Columbia,2426160,49.25,-123.1,90000.0,2023,10
Vancouver,1150000.0,302-5779 BIRNEY AVENUE,3,2,British Columbia,2426160,49.25,-123.1,90000.0,2023,10
Vancouver,1699000.0,3363 WINDSOR STREET,3,3,British Columbia,2426160,49.25,-123.1,90000.0,2023,10
Vancouver,729888.0,707-172 VICTORY SHIP WAY,1,1,British Columbia,2426160,49.25,-123.1,90000.0,2023,10
Vancouver,828000.0,411-1728 GILMORE AVENUE,2,2,British Columbia,2426160,49.25,-123.1,90000.0,2023,10
Vancouver,1090000.0,2005-200 KLAHANIE COURT,1,1,British Columbia,2426160,49.25,-123.1,90000.0,2023,10
Vancouver,1149000.0,908-111 E 1ST AVENUE,2,2,British Columbia,2426160,49.25,-123.1,90000.0,2023,10
Vancouver,7500000.0,2207-6658 DOW AVENUE,2,2,British Columbia,2426160,49.25,-123.1,90000.0,2023,10
Vancouver,849800.0,303-1471 HUNTER STREET,2,2,British Columbia,2426160,49.25,-123.1,90000.0,2023,10
Vancouver,1068888.0,308-2688 VINE STREET,1,1,British Columbia,2426160,49.25,-123.1,90000.0,2023,10
Vancouver,605000.0,1901-3438 SAWMILL CRESCENT,1,1,British Columbia,2426160,49.25,-123.1,90000.0,2023,10
Vancouver,649000.0,111-2070 CURLING ROAD,4,3,British Columbia,2426160,49.25,-123.1,90000.0,2023,10
Vancouver,1899900.0,8130 TIDEWATER PLACE,3,3,British Columbia,2426160,49.25,-123.1,90000.0,2023,10
Vancouver,2889000.0,4822 BOND STREET,7,8,British Columbia,2426160,49.25,-123.1,90000.0,2023,10
Vancouver,3688000.0,1203-1281 W CORDOVA STREET,2,2,British Columbia,2426160,49.25,-123.1,90000.0,2023,10
Vancouver,2298000.0,708-1688 PULLMAN PORTER STREET,1,1,British Columbia,2426160,49.25,-123.1,90000.0,2023,10
Vancouver,1075000.0,582 W 16TH AVENUE,3,3,British Columbia,2426160,49.25,-123.1,90000.0,2023,10
Vancouver,2598000.0,303-1887 CROWE STREET,3,2,British Columbia,2426160,49.25,-123.1,90000.0,2023,10
Vancouver,1374900.0,2601-610 GRANVILLE STREET,1,1,British Columbia,2426160,49.25,-123.1,90000.0,2023,10
Vancouver,956900.0,1406 MCNAIR DRIVE,4,3,British Columbia,2426160,49.25,-123.1,90000.0,2023,10
Vancouver,3499000.0,310 MACBETH CRESCENT,6,4,British Columbia,2426160,49.25,-123.1,90000.0,2023,10
Vancouver,1799000.0,1406 MCNAIR DRIVE,4,3,British Columbia,2426160,49.25,-123.1,90000.0,2023,10
Vancouver,2200000.0,4551 NAPIER STREET,5,2,British Columbia,2426160,49.25,-123.1,90000.0,2023,10
Vancouver,2649900.0,4-2366 BIRCH STREET,3,3,British Columbia,2426160,49.25,-123.1,90000.0,2023,10
Vancouver,999900.0,303-1238 MELVILLE STREET,2,2,British Columbia,2426160,49.25,-123.1,90000.0,2023,10
Vancouver,1049900.0,206-233 KINGSWAY AVENUE,2,2,British Columbia,2426160,49.25,-123.1,90000.0,2023,10
Vancouver,928000.0,2105-1111 RICHARDS STREET,1,1,British Columbia,2426160,49.25,-123.1,90000.0,2023,10
Vancouver,739000.0,802-1372 SEYMOUR STREET,1,1,British Columbia,2426160,49.25,-123.1,90000.0,2023,10
Vancouver,2550000.0,7849 BIRCH STREET,3,3,British Columbia,2426160,49.25,-123.1,90000.0,2023,10
Vancouver,569900.0,1202-438 SEYMOUR STREET,1,1,British Columbia,2426160,49.25,-123.1,90000.0,2023,10
Vancouver,1174900.0,103-738 BROUGHTON STREET,2,2,British Columbia,2426160,49.25,-123.1,90000.0,2023,10
Vancouver,2039000.0,5075 HOWE SOUND LANE,4,2,British Columbia,2426160,49.25,-123.1,90000.0,2023,10
Vancouver,978900.0,1301-1471 HUNTER STREET,2,2,British Columbia,2426160,49.25,-123.1,90000.0,2023,10
Vancouver,2665900.0,607-5212 CAMBIE STREET,3,0,British Columbia,2426160,49.25,-123.1,90000.0,2023,10
Vancouver,6698000.0,3241 W 32ND AVENUE,5,7,British Columbia,2426160,49.25,-123.1,90000.0,2023,10
Vancouver,1038800.0,3-2717 HORLEY STREET,3,2,British Columbia,2426160,49.25,-123.1,90000.0,2023,10
Vancouver,715000.0,310-298 E 11TH AVENUE,1,1,British Columbia,2426160,49.25,-123.1,90000.0,2023,10
Vancouver,649900.0,605-100 E ESPLANADE,1,1,British Columbia,2426160,49.25,-123.1,90000.0,2023,10
Vancouver,1289900.0,412-1225 RICHARDS STREET,2,1,British Columbia,2426160,49.25,-123.1,90000.0,2023,10
Vancouver,959900.0,201-150 W 15TH STREET,2,2,British Columbia,2426160,49.25,-123.1,90000.0,2023,10
Vancouver,819900.0,7408 MAGNOLIA TERRACE,2,2,British Columbia,2426160,49.25,-123.1,90000.0,2023,10
Vancouver,628000.0,116-2960 E 29TH AVENUE,1,1,British Columbia,2426160,49.25,-123.1,90000.0,2023,10
Vancouver,629000.0,513-135 E 17TH STREET,1,1,British Columbia,2426160,49.25,-123.1,90000.0,2023,10
Vancouver,2098000.0,258 E 37TH AVENUE,3,4,British Columbia,2426160,49.25,-123.1,90000.0,2023,10
Vancouver,1499900.0,103-2312 EMERY COURT,3,3,British Columbia,2426160,49.25,-123.1,90000.0,2023,10
Vancouver,2188000.0,1966 E GEORGIA STREET,5,3,British Columbia,2426160,49.25,-123.1,90000.0,2023,10
Vancouver,799000.0,601-2121 W 38TH AVENUE,2,2,British Columbia,2426160,49.25,-123.1,90000.0,2023,10
Vancouver,1674900.0,40-528 E 2ND STREET,3,3,British Columbia,2426160,49.25,-123.1,90000.0,2023,10
Vancouver,3098000.0,2394 CARMARIA COURT,6,6,British Columbia,2426160,49.25,-123.1,90000.0,2023,10
Vancouver,1375000.0,1851 STAINSBURY AVENUE,3,3,British Columbia,2426160,49.25,-123.1,90000.0,2023,10
Vancouver,599000.0,510-417 GREAT NORTHERN WAY,1,1,British Columbia,2426160,49.25,-123.1,90000.0,2023,10
Vancouver,979000.0,6-1071 LYNN VALLEY ROAD,2,2,British Columbia,2426160,49.25,-123.1,90000.0,2023,10
Vancouver,1838000.0,6963 LANARK STREET,4,4,British Columbia,2426160,49.25,-123.1,90000.0,2023,10
Vancouver,788000.0,3508-6098 STATION STREET,1,1,British Columbia,2426160,49.25,-123.1,90000.0,2023,10
Vancouver,699000.0,810-161 W GEORGIA STREET,1,1,British Columbia,2426160,49.25,-123.1,90000.0,2023,10
Vancouver,1998000.0,6777 KERR STREET,6,4,British Columbia,2426160,49.25,-123.1,90000.0,2023,10
Vancouver,2888888.0,4389 QUEBEC STREET,5,3,British Columbia,2426160,49.25,-123.1,90000.0,2023,10
Vancouver,925000.0,2601-1438 RICHARDS STREET,1,1,British Columbia,2426160,49.25,-123.1,90000.0,2023,10
Vancouver,1168000.0,1907-6463 SILVER AVENUE,2,2,British Columbia,2426160,49.25,-123.1,90000.0,2023,10
Vancouver,661800.0,4138 GARDEN GROVE DRIVE,2,1,British Columbia,2426160,49.25,-123.1,90000.0,2023,10
Vancouver,499000.0,307-1690 AUGUSTA AVENUE,1,1,British Columbia,2426160,49.25,-123.1,90000.0,2023,10
Vancouver,999000.0,43-6670 RUMBLE STREET,3,4,British Columbia,2426160,49.25,-123.1,90000.0,2023,10
Vancouver,2098000.0,2640 E 56TH AVENUE,5,3,British Columbia,2426160,49.25,-123.1,90000.0,2023,10
Vancouver,1638000.0,4416 ROYAL OAK AVENUE,4,2,British Columbia,2426160,49.25,-123.1,90000.0,2023,10
Vancouver,1098000.0,2106-1775 QUEBEC STREET,2,2,British Columbia,2426160,49.25,-123.1,90000.0,2023,10
Vancouver,619000.0,3178 MOUNTAIN HIGHWAY,2,1,British Columbia,2426160,49.25,-123.1,90000.0,2023,10
Vancouver,2475000.0,461 E 22ND AVENUE,3,2,British Columbia,2426160,49.25,-123.1,90000.0,2023,10
Vancouver,1624800.0,907-181 W 1ST AVENUE,2,2,British Columbia,2426160,49.25,-123.1,90000.0,2023,10
Vancouver,699900.0,401-733 E 3RD STREET,1,1,British Columbia,2426160,49.25,-123.1,90000.0,2023,10
Vancouver,1388000.0,410-5955 IONA DRIVE,2,2,British Columbia,2426160,49.25,-123.1,90000.0,2023,10
Vancouver,1429000.0,601-1288 MARINASIDE CRESCENT,2,2,British Columbia,2426160,49.25,-123.1,90000.0,2023,10
Vancouver,699000.0,111-3038 E KENT AVENUE SOUTH,2,2,British Columbia,2426160,49.25,-123.1,90000.0,2023,10
Vancouver,699999.0,122-7828 GRANVILLE STREET,1,1,British Columbia,2426160,49.25,-123.1,90000.0,2023,10
Vancouver,1699000.0,2302-285 E 10TH AVENUE,2,2,British Columbia,2426160,49.25,-123.1,90000.0,2023,10
Vancouver,2098000.0,1610 ST. ANDREWS AVENUE,3,4,British Columbia,2426160,49.25,-123.1,90000.0,2023,10
Vancouver,1649000.0,207-185 VICTORY SHIP WAY,2,2,British Columbia,2426160,49.25,-123.1,90000.0,2023,10
Vancouver,2088000.0,5603 SPRUCE STREET,4,4,British Columbia,2426160,49.25,-123.1,90000.0,2023,10
Vancouver,709000.0,2909-7088 18TH AVENUE,1,1,British Columbia,2426160,49.25,-123.1,90000.0,2023,10
Vancouver,859000.0,508-1082 SEYMOUR STREET,2,2,British Columbia,2426160,49.25,-123.1,90000.0,2023,10
Vancouver,1745000.0,6853 BALMORAL STREET,5,4,British Columbia,2426160,49.25,-123.1,90000.0,2023,10
Vancouver,1899000.0,2604-1111 RICHARDS STREET,3,2,British Columbia,2426160,49.25,-123.1,90000.0,2023,10
Vancouver,2439900.0,1742 BEWICKE AVENUE,5,5,British Columbia,2426160,49.25,-123.1,90000.0,2023,10
Vancouver,1775000.0,221 W 28TH STREET,4,2,British Columbia,2426160,49.25,-123.1,90000.0,2023,10
Vancouver,599900.0,2403-2351 BETA AVENUE,1,1,British Columbia,2426160,49.25,-123.1,90000.0,2023,10
Vancouver,980000.0,609-688 ABBOTT STREET,2,2,British Columbia,2426160,49.25,-123.1,90000.0,2023,10
Vancouver,999990.0,PH3-4888 BRENTWOOD DRIVE,2,2,British Columbia,2426160,49.25,-123.1,90000.0,2023,10
Vancouver,779000.0,313-2511 QUEBEC STREET,1,1,British Columbia,2426160,49.25,-123.1,90000.0,2023,10
Vancouver,1114900.0,1501-5938 OLIVE AVENUE,2,2,British Columbia,2426160,49.25,-123.1,90000.0,2023,10
Vancouver,488000.0,512-950 DRAKE STREET,1,1,British Columbia,2426160,49.25,-123.1,90000.0,2023,10
Vancouver,1986000.0,1370 E 37TH AVENUE,7,5,British Columbia,2426160,49.25,-123.1,90000.0,2023,10
Vancouver,845000.0,488-87 NELSON STREET,1,1,British Columbia,2426160,49.25,-123.1,90000.0,2023,10
Vancouver,1598000.0,1603 E 4TH AVENUE,3,2,British Columbia,2426160,49.25,-123.1,90000.0,2023,10
Vancouver,768000.0,1102-1133 HOMER STREET,1,1,British Columbia,2426160,49.25,-123.1,90000.0,2023,10
Vancouver,949000.0,1808-1888 GILMORE AVENUE,2,2,British Columbia,2426160,49.25,-123.1,90000.0,2023,10
Vancouver,868000.0,502-1496 CHARLOTTE ROAD,2,2,British Columbia,2426160,49.25,-123.1,90000.0,2023,10
Vancouver,2790000.0,6575 LIME STREET,8,3,British Columbia,2426160,49.25,-123.1,90000.0,2023,10
Vancouver,709000.0,PH4-955 E HASTINGS STREET,1,1,British Columbia,2426160,49.25,-123.1,90000.0,2023,10
Vancouver,599900.0,1003-8131 NUNAVUT LANE,1,1,British Columbia,2426160,49.25,-123.1,90000.0,2023,10
Vancouver,1055000.0,307-2888 ARBUTUS STREET,1,1,British Columbia,2426160,49.25,-123.1,90000.0,2023,10
Vancouver,1088000.0,1006-3996 DUMFRIES STREET,2,2,British Columbia,2426160,49.25,-123.1,90000.0,2023,10
Vancouver,2199000.0,803-8 SMITHE MEWS,2,2,British Columbia,2426160,49.25,-123.1,90000.0,2023,10
Vancouver,4990000.0,4888 TRAFALGAR STREET,6,7,British Columbia,2426160,49.25,-123.1,90000.0,2023,10
Vancouver,2938000.0,3478 MONMOUTH AVENUE,5,7,British Columbia,2426160,49.25,-123.1,90000.0,2023,10
Vancouver,4988800.0,282 W 46TH AVENUE,7,7,British Columbia,2426160,49.25,-123.1,90000.0,2023,10
Vancouver,799000.0,1902-6240 MCKAY AVENUE,3,2,British Columbia,2426160,49.25,-123.1,90000.0,2023,10
Vancouver,1895000.0,3411 E 45TH AVENUE,3,2,British Columbia,2426160,49.25,-123.1,90000.0,2023,10
Vancouver,2149900.0,3465 SEAFORTH DRIVE,5,4,British Columbia,2426160,49.25,-123.1,90000.0,2023,10
Vancouver,899000.0,311-7777 ROYAL OAK AVENUE,2,3,British Columbia,2426160,49.25,-123.1,90000.0,2023,10
Vancouver,2149900.0,3467 SEAFORTH DRIVE,5,4,British Columbia,2426160,49.25,-123.1,90000.0,2023,10
Vancouver,1890000.0,4551 ELLERTON COURT,5,4,British Columbia,2426160,49.25,-123.1,90000.0,2023,10
Vancouver,738880.0,8-2883 E KENT AVENUE NORTH,2,2,British Columbia,2426160,49.25,-123.1,90000.0,2023,10
Vancouver,3800000.0,598 ST. ANDREWS ROAD,5,6,British Columbia,2426160,49.25,-123.1,90000.0,2023,10
Vancouver,1118000.0,2504-6525 TELFORD AVENUE,3,2,British Columbia,2426160,49.25,-123.1,90000.0,2023,10
Vancouver,3098000.0,3524 OXFORD STREET,4,5,British Columbia,2426160,49.25,-123.1,90000.0,2023,10
Vancouver,949000.0,602-180 E 2 AVENUE,2,2,British Columbia,2426160,49.25,-123.1,90000.0,2023,10
Vancouver,2098000.0,2905 SKEENA STREET,6,3,British Columbia,2426160,49.25,-123.1,90000.0,2023,10
Vancouver,1998000.0,2939 E 6TH AVENUE,6,2,British Columbia,2426160,49.25,-123.1,90000.0,2023,10
Vancouver,699000.0,1808-1239 W GEORGIA STREET,1,1,British Columbia,2426160,49.25,-123.1,90000.0,2023,10
Vancouver,1687000.0,1602-5775 HAMPTON PLACE,2,2,British Columbia,2426160,49.25,-123.1,90000.0,2023,10
Vancouver,550000.0,104-2468 E BROADWAY,2,2,British Columbia,2426160,49.25,-123.1,90000.0,2023,10
Vancouver,1099000.0,1102-188 KEEFER PLACE,2,2,British Columbia,2426160,49.25,-123.1,90000.0,2023,10
Vancouver,3988000.0,6222 MCCLEERY STREET,5,4,British Columbia,2426160,49.25,-123.1,90000.0,2023,10
Vancouver,699000.0,703-4818 ELDORADO MEWS,2,1,British Columbia,2426160,49.25,-123.1,90000.0,2023,10
Vancouver,789000.0,2745 WESTVIEW DRIVE,3,3,British Columbia,2426160,49.25,-123.1,90000.0,2023,10
Vancouver,800000.0,PH 6-1011 W KING EDWARD AVENUE,1,1,British Columbia,2426160,49.25,-123.1,90000.0,2023,10
Vancouver,639000.0,416-4868 BRENTWOOD DRIVE,1,1,British Columbia,2426160,49.25,-123.1,90000.0,2023,10
Vancouver,2299000.0,3293 WAYNE DRIVE,4,3,British Columbia,2426160,49.25,-123.1,90000.0,2023,10
Vancouver,1898000.0,2804 GRAVELEY STREET,7,2,British Columbia,2426160,49.25,-123.1,90000.0,2023,10
Vancouver,10080000.0,1025 KING GEORGES WAY,5,6,British Columbia,2426160,49.25,-123.1,90000.0,2023,10
Vancouver,2280000.0,4365 WOODCREST ROAD,3,2,British Columbia,2426160,49.25,-123.1,90000.0,2023,10
Vancouver,639000.0,118-5355 BOUNDARY ROAD,2,1,British Columbia,2426160,49.25,-123.1,90000.0,2023,10
Vancouver,845000.0,405-1502 ISLAND PARK WALK,1,1,British Columbia,2426160,49.25,-123.1,90000.0,2023,10
Vancouver,6500000.0,345 W 13TH AVENUE,0,0,British Columbia,2426160,49.25,-123.1,90000.0,2023,10
Vancouver,665000.0,3102-5470 ORMIDALE STREET,1,1,British Columbia,2426160,49.25,-123.1,90000.0,2023,10
Vancouver,1588000.0,401-3065 HEATHER STREET,3,2,British Columbia,2426160,49.25,-123.1,90000.0,2023,10
Vancouver,549000.0,306-3629 DEERCREST DRIVE,1,1,British Columbia,2426160,49.25,-123.1,90000.0,2023,10
Vancouver,1849888.0,2976 SCHOOL AVENUE,5,3,British Columbia,2426160,49.25,-123.1,90000.0,2023,10
Vancouver,1999000.0,5385 EARLES STREET,5,2,British Columbia,2426160,49.25,-123.1,90000.0,2023,10
Vancouver,760000.0,810-1268 W BROADWAY,2,2,British Columbia,2426160,49.25,-123.1,90000.0,2023,10
Vancouver,1538000.0,2829 MCGILL STREET,4,4,British Columbia,2426160,49.25,-123.1,90000.0,2023,10
Vancouver,1119900.0,2501-5058 JOYCE STREET,3,2,British Columbia,2426160,49.25,-123.1,90000.0,2023,10
Vancouver,1999999.0,778 E 29TH STREET,5,4,British Columbia,2426160,49.25,-123.1,90000.0,2023,10
Vancouver,11380000.0,2931 BURFIELD PLACE,5,6,British Columbia,2426160,49.25,-123.1,90000.0,2023,10
Vancouver,499000.0,108-3787 W 4TH AVENUE,1,1,British Columbia,2426160,49.25,-123.1,90000.0,2023,10
Vancouver,3180000.0,1251 MARINE DRIVE,4,5,British Columbia,2426160,49.25,-123.1,90000.0,2023,10
Vancouver,588800.0,2503-5470 ORMIDALE STREET,1,1,British Columbia,2426160,49.25,-123.1,90000.0,2023,10
Vancouver,598000.0,1001-63 KEEFER PLACE,1,1,British Columbia,2426160,49.25,-123.1,90000.0,2023,10
Vancouver,3798000.0,518-520 W KEITH ROAD,16,10,British Columbia,2426160,49.25,-123.1,90000.0,2023,10
Vancouver,2050000.0,959 W 59TH AVENUE,4,4,British Columbia,2426160,49.25,-123.1,90000.0,2023,10
Vancouver,2290000.0,1581 W 57TH AVENUE,2,3,British Columbia,2426160,49.25,-123.1,90000.0,2023,10
Vancouver,568000.0,106-5665 IRMIN STREET,1,1,British Columbia,2426160,49.25,-123.1,90000.0,2023,10
Vancouver,1338000.0,1003-1833 CROWE STREET,2,2,British Columbia,2426160,49.25,-123.1,90000.0,2023,10
Vancouver,1469900.0,2705-1335 HOWE STREET,2,2,British Columbia,2426160,49.25,-123.1,90000.0,2023,10
Vancouver,568000.0,106-5665 IRMIN STREET,1,1,British Columbia,2426160,49.25,-123.1,90000.0,2023,10
Vancouver,1338000.0,1003-1833 CROWE STREET,2,2,British Columbia,2426160,49.25,-123.1,90000.0,2023,10
Vancouver,1989000.0,321 E 20TH AVENUE,4,3,British Columbia,2426160,49.25,-123.1,90000.0,2023,10
Vancouver,610000.0,402-2020 FULLERTON AVENUE,2,2,British Columbia,2426160,49.25,-123.1,90000.0,2023,10
Vancouver,1998000.0,4740 BRENTLAWN DRIVE,4,2,British Columbia,2426160,49.25,-123.1,90000.0,2023,10
Vancouver,1199000.0,2206-777 RICHARDS STREET,2,2,British Columbia,2426160,49.25,-123.1,90000.0,2023,10
Vancouver,789000.0,1508-6333 SILVER AVENUE,2,1,British Columbia,2426160,49.25,-123.1,90000.0,2023,10
Vancouver,1329000.0,301-1500 OSTLER COURT,3,3,British Columbia,2426160,49.25,-123.1,90000.0,2023,10
Vancouver,1170000.0,1902-2085 SKYLINE COURT,2,2,British Columbia,2426160,49.25,-123.1,90000.0,2023,10
Vancouver,719000.0,606-133 E ESPLANADE STREET,1,1,British Columbia,2426160,49.25,-123.1,90000.0,2023,10
Vancouver,1225000.0,311-715 W 15TH STREET,2,2,British Columbia,2426160,49.25,-123.1,90000.0,2023,10
Vancouver,1999800.0,1787 E 57TH AVENUE,5,4,British Columbia,2426160,49.25,-123.1,90000.0,2023,10
Vancouver,3699000.0,3502-1568 ALBERNI STREET,2,2,British Columbia,2426160,49.25,-123.1,90000.0,2023,10
Vancouver,2538000.0,5205-1289 HORNBY STREET,2,2,British Columbia,2426160,49.25,-123.1,90000.0,2023,10
Vancouver,699999.0,1008-7225 ACORN AVENUE,2,1,British Columbia,2426160,49.25,-123.1,90000.0,2023,10
Vancouver,4990000.0,2122 SW MARINE DRIVE,6,7,British Columbia,2426160,49.25,-123.1,90000.0,2023,10
Vancouver,629000.0,302-221 UNION STREET,1,1,British Columbia,2426160,49.25,-123.1,90000.0,2023,10
Vancouver,648000.0,401-3651 FOSTER AVENUE,1,1,British Columbia,2426160,49.25,-123.1,90000.0,2023,10
Vancouver,1150000.0,814 E 51ST AVENUE,3,3,British Columbia,2426160,49.25,-123.1,90000.0,2023,10
Vancouver,649888.0,53-7128 STRIDE AVENUE,2,1,British Columbia,2426160,49.25,-123.1,90000.0,2023,10
Vancouver,1488000.0,104-3220 W 4TH AVENUE,2,2,British Columbia,2426160,49.25,-123.1,90000.0,2023,10
Vancouver,1990000.0,340 W 62ND AVENUE,4,4,British Columbia,2426160,49.25,-123.1,90000.0,2023,10
Vancouver,599000.0,760-5515 BOUNDARY ROAD,1,1,British Columbia,2426160,49.25,-123.1,90000.0,2023,10
Vancouver,939000.0,2910-1480 HOWE STREET,1,1,British Columbia,2426160,49.25,-123.1,90000.0,2023,10
Vancouver,1499000.0,406-5693 ELIZABETH STREET,2,2,British Columbia,2426160,49.25,-123.1,90000.0,2023,10
Vancouver,729000.0,211-6968 ROYAL OAK AVENUE,2,2,British Columbia,2426160,49.25,-123.1,90000.0,2023,10
Vancouver,4388000.0,1283 W 47TH AVENUE,7,6,British Columbia,2426160,49.25,-123.1,90000.0,2023,10
Vancouver,1689000.0,2690 E 8TH AVENUE,3,3,British Columbia,2426160,49.25,-123.1,90000.0,2023,10
Vancouver,850000.0,101-4933 CLARENDON STREET,2,2,British Columbia,2426160,49.25,-123.1,90000.0,2023,10
Vancouver,798000.0,2701-688 ABBOTT STREET,1,1,British Columbia,2426160,49.25,-123.1,90000.0,2023,10
Vancouver,2000000.0,7962 NELSON AVENUE,9,5,British Columbia,2426160,49.25,-123.1,90000.0,2023,10
Vancouver,1170000.0,2409-833 SEYMOUR STREET,2,2,British Columbia,2426160,49.25,-123.1,90000.0,2023,10
Vancouver,2250000.0,203-2200 CHIPPENDALE ROAD,2,3,British Columbia,2426160,49.25,-123.1,90000.0,2023,10
Vancouver,3598000.0,2487 W 23RD AVENUE,5,2,British Columbia,2426160,49.25,-123.1,90000.0,2023,10
Vancouver,1343000.0,902-1372 SEYMOUR STREET,2,2,British Columbia,2426160,49.25,-123.1,90000.0,2023,10
Vancouver,1189000.0,8131 SHAUGHNESSY STREET,3,3,British Columbia,2426160,49.25,-123.1,90000.0,2023,10
Vancouver,2098000.0,102-659 E 8TH AVENUE,1,1,British Columbia,2426160,49.25,-123.1,90000.0,2023,10
Vancouver,649000.0,1689 TATLOW AVENUE,7,5,British Columbia,2426160,49.25,-123.1,90000.0,2023,10
Vancouver,1760000.0,5285 SPENCER STREET,6,3,British Columbia,2426160,49.25,-123.1,90000.0,2023,10
Vancouver,1699000.0,2731 DUKE STREET,4,4,British Columbia,2426160,49.25,-123.1,90000.0,2023,10
Vancouver,2625000.0,1858 E 15TH AVENUE,9,5,British Columbia,2426160,49.25,-123.1,90000.0,2023,10
Vancouver,749900.0,319-550 E 6TH AVENUE,2,1,British Columbia,2426160,49.25,-123.1,90000.0,2023,10
Vancouver,2625000.0,1858 E 15TH AVENUE,9,5,British Columbia,2426160,49.25,-123.1,90000.0,2023,10
Vancouver,1388800.0,705-1033 MARINASIDE CRESCENT,2,2,British Columbia,2426160,49.25,-123.1,90000.0,2023,10
Vancouver,695000.0,1901-1550 FERN STREET,1,1,British Columbia,2426160,49.25,-123.1,90000.0,2023,10
Vancouver,872000.0,1007-4189 HALIFAX STREET,2,2,British Columbia,2426160,49.25,-123.1,90000.0,2023,10
Vancouver,1374800.0,8-4425 HALIFAX STREET,3,3,British Columbia,2426160,49.25,-123.1,90000.0,2023,10
Vancouver,1028000.0,2904-2008 ROSSER AVENUE,2,2,British Columbia,2426160,49.25,-123.1,90000.0,2023,10
Vancouver,1550000.0,805-1077 MARINASIDE CRESCENT,2,2,British Columbia,2426160,49.25,-123.1,90000.0,2023,10
Vancouver,1999000.0,2448 W 6TH AVENUE,3,3,British Columbia,2426160,49.25,-123.1,90000.0,2023,10
Vancouver,2688000.0,3307-1328 W PENDER STREET,2,3,British Columbia,2426160,49.25,-123.1,90000.0,2023,10
Vancouver,669000.0,316-135 E 17TH STREET,1,1,British Columbia,2426160,49.25,-123.1,90000.0,2023,10
Vancouver,5380000.0,4125 BURKEHILL PLACE,3,4,British Columbia,2426160,49.25,-123.1,90000.0,2023,10
Vancouver,674900.0,3001-7358 EDMONDS STREET,1,1,British Columbia,2426160,49.25,-123.1,90000.0,2023,10
Vancouver,1129800.0,320-255 W 1ST STREET,2,2,British Columbia,2426160,49.25,-123.1,90000.0,2023,10
Vancouver,1218000.0,411-5928 BIRNEY AVENUE,2,2,British Columbia,2426160,49.25,-123.1,90000.0,2023,10
Vancouver,5598000.0,2525 BELLEVUE AVENUE,4,5,British Columbia,2426160,49.25,-123.1,90000.0,2023,10
Vancouver,749900.0,209-110 SWITCHMEN STREET,1,1,British Columbia,2426160,49.25,-123.1,90000.0,2023,10
Vancouver,1509900.0,204-2045 HERITAGE PARK LANE,4,2,British Columbia,2426160,49.25,-123.1,90000.0,2023,10
Vancouver,5188000.0,407-2535 GARDEN COURT,3,3,British Columbia,2426160,49.25,-123.1,90000.0,2023,10
Vancouver,698000.0,801-1008 CAMBIE STREET,1,1,British Columbia,2426160,49.25,-123.1,90000.0,2023,10
Vancouver,3188000.0,2357 WESTERN AVENUE,3,2,British Columbia,2426160,49.25,-123.1,90000.0,2023,10
Vancouver,2549000.0,2702-1067 MARINASIDE CRESCENT,3,2,British Columbia,2426160,49.25,-123.1,90000.0,2023,10
Vancouver,6388000.0,1401 DEVONSHIRE CRESCENT,6,7,British Columbia,2426160,49.25,-123.1,90000.0,2023,10
Vancouver,1590000.0,5458 OAK STREET,2,3,British Columbia,2426160,49.25,-123.1,90000.0,2023,10
Vancouver,4388000.0,4088 W 18TH AVENUE,4,6,British Columbia,2426160,49.25,-123.1,90000.0,2023,10
Vancouver,1599000.0,136-3300 CAPILANO ROAD,3,4,British Columbia,2426160,49.25,-123.1,90000.0,2023,10
Vancouver,6680000.0,405 SOUTHBOROUGH DRIVE,5,7,British Columbia,2426160,49.25,-123.1,90000.0,2023,10
Vancouver,2089000.0,1928 STEPHENS STREET,5,3,British Columbia,2426160,49.25,-123.1,90000.0,2023,10
Vancouver,3785000.0,1601-1236 BIDWELL STREET,2,3,British Columbia,2426160,49.25,-123.1,90000.0,2023,10
Vancouver,975000.0,1221-4655 VALLEY DRIVE,2,2,British Columbia,2426160,49.25,-123.1,90000.0,2023,10
Vancouver,6080000.0,2102-323 JERVIS STREET,3,4,British Columbia,2426160,49.25,-123.1,90000.0,2023,10
Vancouver,818000.0,1602-1188 W PENDER STREET,1,1,British Columbia,2426160,49.25,-123.1,90000.0,2023,10
Vancouver,1658000.0,TH 23-6438 BYRNEPARK DRIVE,4,3,British Columbia,2426160,49.25,-123.1,90000.0,2023,10
Vancouver,1349000.0,1007-5775 HAMPTON PLACE,2,2,British Columbia,2426160,49.25,-123.1,90000.0,2023,10
Vancouver,615000.0,102-4181 NORFOLK STREET,1,1,British Columbia,2426160,49.25,-123.1,90000.0,2023,10
Vancouver,1315000.0,1606-1480 HOWE STREET,2,2,British Columbia,2426160,49.25,-123.1,90000.0,2023,10
Vancouver,4399000.0,468 GENOA CRESCENT,5,6,British Columbia,2426160,49.25,-123.1,90000.0,2023,10
Vancouver,1499900.0,903-238 ALVIN NAROD MEWS,3,2,British Columbia,2426160,49.25,-123.1,90000.0,2023,10
Vancouver,1238000.0,605-8538 RIVER DISTRICT CROSSING,3,2,British Columbia,2426160,49.25,-123.1,90000.0,2023,10
Vancouver,1899000.0,829 E 22ND AVENUE,4,2,British Columbia,2426160,49.25,-123.1,90000.0,2023,10
Vancouver,1189000.0,3653 BRAHMS AVENUE,3,3,British Columbia,2426160,49.25,-123.1,90000.0,2023,10
Vancouver,5680000.0,1138 EYREMOUNT DRIVE,4,4,British Columbia,2426160,49.25,-123.1,90000.0,2023,10
Vancouver,699000.0,602-1888 YORK AVENUE,1,1,British Columbia,2426160,49.25,-123.1,90000.0,2023,10
Vancouver,1498888.0,5193 DOMINION STREET,4,2,British Columbia,2426160,49.25,-123.1,90000.0,2023,10
Vancouver,925000.0,2565 CYPRESS STREET,1,1,British Columbia,2426160,49.25,-123.1,90000.0,2023,10
Vancouver,749000.0,3201-1283 HOWE STREET,1,1,British Columbia,2426160,49.25,-123.1,90000.0,2023,10
Vancouver,899000.0,2016-68 SMITHE STREET,2,1,British Columbia,2426160,49.25,-123.1,90000.0,2023,10
Vancouver,724900.0,208-1833 CROWE STREET,1,1,British Columbia,2426160,49.25,-123.1,90000.0,2023,10
Vancouver,569000.0,107-5375 VICTORY STREET,1,1,British Columbia,2426160,49.25,-123.1,90000.0,2023,10
Vancouver,639000.0,3009-8131 NUNAVUT LANE,1,1,British Columbia,2426160,49.25,-123.1,90000.0,2023,10
Vancouver,650000.0,202-1040 PACIFIC STREET,2,1,British Columbia,2426160,49.25,-123.1,90000.0,2023,10
Vancouver,2599000.0,4101 ST. PAULS AVENUE,4,4,British Columbia,2426160,49.25,-123.1,90000.0,2023,10
Vancouver,1879000.0,1552 E 60TH AVENUE,4,4,British Columbia,2426160,49.25,-123.1,90000.0,2023,10
Vancouver,828000.0,604-1323 HOMER STREET,1,1,British Columbia,2426160,49.25,-123.1,90000.0,2023,10
Vancouver,2395000.0,1404-885 CAMBIE STREET,3,3,British Columbia,2426160,49.25,-123.1,90000.0,2023,10
Vancouver,1498000.0,8445 LAUREL STREET,3,2,British Columbia,2426160,49.25,-123.1,90000.0,2023,10
Vancouver,2888888.0,322 W 14TH STREET,2,1,British Columbia,2426160,49.25,-123.1,90000.0,2023,10
Vancouver,735000.0,806-6525 TELFORD AVENUE,1,1,British Columbia,2426160,49.25,-123.1,90000.0,2023,10
Vancouver,670000.0,PH3-2689 KINGSWAY,1,1,British Columbia,2426160,49.25,-123.1,90000.0,2023,10
Vancouver,1399900.0,1501-1632 LIONS GATE LANE,2,2,British Columbia,2426160,49.25,-123.1,90000.0,2023,10
Vancouver,948000.0,1604-1625 HORNBY STREET,1,1,British Columbia,2426160,49.25,-123.1,90000.0,2023,10
Vancouver,598000.0,402-2119 BELLEVUE AVENUE,1,1,British Columbia,2426160,49.25,-123.1,90000.0,2023,10
Vancouver,1488000.0,7471 COLUMBIA STREET,3,4,British Columbia,2426160,49.25,-123.1,90000.0,2023,10
Vancouver,699000.0,914-5470 ORMIDALE STREET,2,1,British Columbia,2426160,49.25,-123.1,90000.0,2023,10
Vancouver,1398000.0,TH4-6659 SOUTHOAKS CRESCENT,3,3,British Columbia,2426160,49.25,-123.1,90000.0,2023,10
Vancouver,779900.0,112-2235 E BROADWAY,1,1,British Columbia,2426160,49.25,-123.1,90000.0,2023,10
Vancouver,1289000.0,1904-4425 HALIFAX STREET,2,3,British Columbia,2426160,49.25,-123.1,90000.0,2023,10
Vancouver,1148900.0,1705-1238 MELVILLE STREET,2,2,British Columbia,2426160,49.25,-123.1,90000.0,2023,10
Vancouver,459000.0,205-135 W 21ST STREET,1,1,British Columbia,2426160,49.25,-123.1,90000.0,2023,10
Vancouver,1880000.0,1178 VICTORIA DRIVE,5,5,British Columbia,2426160,49.25,-123.1,90000.0,2023,10
Vancouver,2749000.0,1335 PALMERSTON AVENUE,5,3,British Columbia,2426160,49.25,-123.1,90000.0,2023,10
Vancouver,1345000.0,2301-1200 ALBERNI STREET,2,3,British Columbia,2426160,49.25,-123.1,90000.0,2023,10
Vancouver,1029000.0,101-2763 HORLEY STREET,3,2,British Columbia,2426160,49.25,-123.1,90000.0,2023,10
Vancouver,950000.0,3606-6000 MCKAY AVENUE,2,1,British Columbia,2426160,49.25,-123.1,90000.0,2023,10
Vancouver,1170000.0,2004 PURCELL WAY,5,3,British Columbia,2426160,49.25,-123.1,90000.0,2023,10
Vancouver,1848000.0,1972 E 7TH AVENUE,3,3,British Columbia,2426160,49.25,-123.1,90000.0,2023,10
Vancouver,2299999.0,4904 RUPERT STREET,7,2,British Columbia,2426160,49.25,-123.1,90000.0,2023,10
Vancouver,1029000.0,410-2651 LIBRARY LANE,2,2,British Columbia,2426160,49.25,-123.1,90000.0,2023,10
Vancouver,888000.0,205-139 W 22ND STREET,2,2,British Columbia,2426160,49.25,-123.1,90000.0,2023,10
Vancouver,869000.0,30-795 W 8TH AVENUE,2,1,British Columbia,2426160,49.25,-123.1,90000.0,2023,10
Vancouver,549900.0,411-718 MAIN STREET,1,1,British Columbia,2426160,49.25,-123.1,90000.0,2023,10
Vancouver,899999.0,1403-6080 MCKAY AVENUE,2,2,British Columbia,2426160,49.25,-123.1,90000.0,2023,10
Vancouver,688000.0,2803-6658 DOW AVENUE,1,1,British Columbia,2426160,49.25,-123.1,90000.0,2023,10
Vancouver,685000.0,1002-1060 ALBERNI STREET,1,1,British Columbia,2426160,49.25,-123.1,90000.0,2023,10
Vancouver,318000.0,601-1850 COMOX STREET,1,1,British Columbia,2426160,49.25,-123.1,90000.0,2023,10
Vancouver,2999800.0,2595 KITCHENER STREET,4,4,British Columbia,2426160,49.25,-123.1,90000.0,2023,10
Vancouver,998000.0,407-610 GRANVILLE STREET,1,1,British Columbia,2426160,49.25,-123.1,90000.0,2023,10
Vancouver,1199000.0,301-1365 DAVIE STREET,2,1,British Columbia,2426160,49.25,-123.1,90000.0,2023,10
Vancouver,569900.0,301-1080 MARINE DRIVE,0,1,British Columbia,2426160,49.25,-123.1,90000.0,2023,10
Vancouver,3880000.0,2601-1281 W CORDOVA STREET,2,2,British Columbia,2426160,49.25,-123.1,90000.0,2023,10
Vancouver,3788000.0,1148 ESQUIMALT AVENUE,4,4,British Columbia,2426160,49.25,-123.1,90000.0,2023,10
Vancouver,3699000.0,405 MONTROYAL BOULEVARD,7,7,British Columbia,2426160,49.25,-123.1,90000.0,2023,10
Vancouver,649000.0,515-2012 FULLERTON AVENUE,2,2,British Columbia,2426160,49.25,-123.1,90000.0,2023,10
Vancouver,968000.0,316-3588 SAWMILL CRESCENT,2,2,British Columbia,2426160,49.25,-123.1,90000.0,2023,10
Vancouver,1900000.0,465 E 54TH AVENUE,5,3,British Columbia,2426160,49.25,-123.1,90000.0,2023,10
Vancouver,6388000.0,1101-1616 COLUMBIA STREET,3,4,British Columbia,2426160,49.25,-123.1,90000.0,2023,10
Vancouver,949900.0,409-3680 BANFF COURT,2,2,British Columbia,2426160,49.25,-123.1,90000.0,2023,10
Vancouver,1599000.0,1014 W 7TH AVENUE,3,2,British Columbia,2426160,49.25,-123.1,90000.0,2023,10
Vancouver,1699900.0,306-3101 BURFIELD PLACE,2,2,British Columbia,2426160,49.25,-123.1,90000.0,2023,10
Vancouver,5999000.0,1701-499 PACIFIC STREET,4,4,British Columbia,2426160,49.25,-123.1,90000.0,2023,10
Vancouver,799800.0,808-4182 DAWSON STREET,2,2,British Columbia,2426160,49.25,-123.1,90000.0,2023,10
Vancouver,1358000.0,508-3382 WESBROOK MALL,2,2,British Columbia,2426160,49.25,-123.1,90000.0,2023,10
Vancouver,1219000.0,504-4932 CAMBIE STREET,2,2,British Columbia,2426160,49.25,-123.1,90000.0,2023,10
Vancouver,1698000.0,1976 E 7TH AVENUE,3,4,British Columbia,2426160,49.25,-123.1,90000.0,2023,10
Vancouver,1399000.0,403-1365 DAVIE STREET,2,2,British Columbia,2426160,49.25,-123.1,90000.0,2023,10
Vancouver,766000.0,415-7131 STRIDE AVENUE,2,2,British Columbia,2426160,49.25,-123.1,90000.0,2023,10
Vancouver,999888.0,401-3732 MT SEYMOUR PARKWAY,2,2,British Columbia,2426160,49.25,-123.1,90000.0,2023,10
Vancouver,648000.0,303-4194 MAYWOOD STREET,2,2,British Columbia,2426160,49.25,-123.1,90000.0,2023,10
Vancouver,1098000.0,1857 TEMPLETON DRIVE,2,2,British Columbia,2426160,49.25,-123.1,90000.0,2023,10
Vancouver,850000.0,620-1783 MANITOBA STREET,1,1,British Columbia,2426160,49.25,-123.1,90000.0,2023,10
Vancouver,2298000.0,2766 CHARLES STREET,5,3,British Columbia,2426160,49.25,-123.1,90000.0,2023,10
Vancouver,1228000.0,2229 W 13TH AVENUE,2,2,British Columbia,2426160,49.25,-123.1,90000.0,2023,10
Vancouver,2288000.0,4931 MACKENZIE STREET,3,3,British Columbia,2426160,49.25,-123.1,90000.0,2023,10
Vancouver,569900.0,201-350 E 5TH AVENUE,1,1,British Columbia,2426160,49.25,-123.1,90000.0,2023,10
Vancouver,1599000.0,4-3939 INDIAN RIVER DRIVE,4,3,British Columbia,2426160,49.25,-123.1,90000.0,2023,10
Vancouver,1879000.0,1550 E 60TH AVENUE,4,4,British Columbia,2426160,49.25,-123.1,90000.0,2023,10
Vancouver,758800.0,1003-68 SMITHE STREET,1,1,British Columbia,2426160,49.25,-123.1,90000.0,2023,10
Vancouver,2998800.0,76 E 21ST AVENUE,5,3,British Columbia,2426160,49.25,-123.1,90000.0,2023,10
Vancouver,1399000.0,1145 E 24TH AVENUE,2,2,British Columbia,2426160,49.25,-123.1,90000.0,2023,10
Vancouver,1485000.0,3902-1408 STRATHMORE MEWS,2,2,British Columbia,2426160,49.25,-123.1,90000.0,2023,10
Vancouver,6698000.0,1080 DOUGLAS CRESCENT,5,6,British Columbia,2426160,49.25,-123.1,90000.0,2023,10
Vancouver,719900.0,101-1519 CROWN STREET,2,1,British Columbia,2426160,49.25,-123.1,90000.0,2023,10
Vancouver,8888000.0,765 FAIRMILE ROAD,4,6,British Columbia,2426160,49.25,-123.1,90000.0,2023,10
Vancouver,849800.0,1107-550 TAYLOR STREET,3,2,British Columbia,2426160,49.25,-123.1,90000.0,2023,10
Vancouver,2889000.0,4683 MARINE DRIVE,6,6,British Columbia,2426160,49.25,-123.1,90000.0,2023,10
Vancouver,9280000.0,1257 W 32ND AVENUE,5,8,British Columbia,2426160,49.25,-123.1,90000.0,2023,10
Vancouver,939000.0,405-1132 HARO STREET,2,2,British Columbia,2426160,49.25,-123.1,90000.0,2023,10
Vancouver,698000.0,2001-1199 SEYMOUR STREET,1,1,British Columbia,2426160,49.25,-123.1,90000.0,2023,10
Vancouver,8980000.0,4411 W 4TH AVENUE,3,1,British Columbia,2426160,49.25,-123.1,90000.0,2023,10
Vancouver,428000.0,306-1743 PENDRELL STREET,1,1,British Columbia,2426160,49.25,-123.1,90000.0,2023,10
Vancouver,1849000.0,741 E 8TH STREET,3,2,British Columbia,2426160,49.25,-123.1,90000.0,2023,10
Vancouver,910000.0,1002-1455 HOWE STREET,1,1,British Columbia,2426160,49.25,-123.1,90000.0,2023,10
Vancouver,1148000.0,302-172 VICTORY SHIP WAY,2,2,British Columbia,2426160,49.25,-123.1,90000.0,2023,10
Vancouver,1680000.0,7495 GRANVILLE STREET,3,3,British Columbia,2426160,49.25,-123.1,90000.0,2023,10
Vancouver,2998000.0,1030 BELMONT AVENUE,3,1,British Columbia,2426160,49.25,-123.1,90000.0,2023,10
Vancouver,6990000.0,1726 W 32ND AVENUE,5,5,British Columbia,2426160,49.25,-123.1,90000.0,2023,10
Vancouver,970000.0,2201-889 PACIFIC STREET,1,1,British Columbia,2426160,49.25,-123.1,90000.0,2023,10
Vancouver,838000.0,4306-1289 HORNBY STREET,0,1,British Columbia,2426160,49.25,-123.1,90000.0,2023,10
Vancouver,2099000.0,2806-198 AQUARIUS MEWS,2,2,British Columbia,2426160,49.25,-123.1,90000.0,2023,10
Vancouver,2698800.0,3950 TRENTON PLACE,4,3,British Columbia,2426160,49.25,-123.1,90000.0,2023,10
Vancouver,775000.0,426-4550 FRASER STREET,1,1,British Columbia,2426160,49.25,-123.1,90000.0,2023,10
Vancouver,2380000.0,501-4685 VALLEY DRIVE,2,2,British Columbia,2426160,49.25,-123.1,90000.0,2023,10
Vancouver,859800.0,3-3580 RAINIER PLACE,3,2,British Columbia,2426160,49.25,-123.1,90000.0,2023,10
Vancouver,768000.0,1705-6188 WILSON AVENUE,1,1,British Columbia,2426160,49.25,-123.1,90000.0,2023,10
Vancouver,585000.0,205-4373 HALIFAX STREET,2,1,British Columbia,2426160,49.25,-123.1,90000.0,2023,10
Vancouver,729900.0,317-1133 HOMER STREET,1,1,British Columbia,2426160,49.25,-123.1,90000.0,2023,10
Vancouver,949800.0,1405-5051 IMPERIAL STREET,2,2,British Columbia,2426160,49.25,-123.1,90000.0,2023,10
Vancouver,799000.0,303-458 W 63RD AVENUE,1,1,British Columbia,2426160,49.25,-123.1,90000.0,2023,10
Vancouver,795000.0,307-4723 DAWSON STREET,2,2,British Columbia,2426160,49.25,-123.1,90000.0,2023,10
Vancouver,549900.0,904-1221 BIDWELL STREET,0,1,British Columbia,2426160,49.25,-123.1,90000.0,2023,10
Vancouver,2575000.0,3052 W 15TH AVENUE,8,3,British Columbia,2426160,49.25,-123.1,90000.0,2023,10
Vancouver,249900.0,1607-1251 CARDERO STREET,1,1,British Columbia,2426160,49.25,-123.1,90000.0,2023,10
Vancouver,2088800.0,1689 GARDEN AVENUE,6,4,British Columbia,2426160,49.25,-123.1,90000.0,2023,10
Vancouver,859800.0,3-3580 RAINIER PLACE,3,2,British Columbia,2426160,49.25,-123.1,90000.0,2023,10
Vancouver,949800.0,1405-5051 IMPERIAL STREET,2,2,British Columbia,2426160,49.25,-123.1,90000.0,2023,10
Vancouver,538000.0,1406-4105 MAYWOOD STREET,1,1,British Columbia,2426160,49.25,-123.1,90000.0,2023,10
Vancouver,390000.0,107-1425 ESQUIMALT AVENUE,1,1,British Columbia,2426160,49.25,-123.1,90000.0,2023,10
Vancouver,3500000.0,871 E 33RD AVENUE,2,1,British Columbia,2426160,49.25,-123.1,90000.0,2023,10
Vancouver,2498000.0,B-3538 W 14TH AVENUE,3,4,British Columbia,2426160,49.25,-123.1,90000.0,2023,10
Vancouver,738800.0,406-4570 HASTINGS STREET,1,1,British Columbia,2426160,49.25,-123.1,90000.0,2023,10
Vancouver,795000.0,307-4723 DAWSON STREET,2,2,British Columbia,2426160,49.25,-123.1,90000.0,2023,10
Vancouver,2499000.0,2707 ROSEBERY AVENUE,6,4,British Columbia,2426160,49.25,-123.1,90000.0,2023,10
Vancouver,1118000.0,806-188 KEEFER PLACE,2,2,British Columbia,2426160,49.25,-123.1,90000.0,2023,10
Vancouver,459900.0,608-2016 FULLERTON AVENUE,1,1,British Columbia,2426160,49.25,-123.1,90000.0,2023,10
Vancouver,1299000.0,305-7878 GRANVILLE STREET,3,2,British Columbia,2426160,49.25,-123.1,90000.0,2023,10
Vancouver,629000.0,803-977 MAINLAND STREET,1,1,British Columbia,2426160,49.25,-123.1,90000.0,2023,10
Vancouver,1749000.0,202-649 E 3RD STREET,3,4,British Columbia,2426160,49.25,-123.1,90000.0,2023,10
Vancouver,2538000.0,841 E 38TH AVENUE,7,6,British Columbia,2426160,49.25,-123.1,90000.0,2023,10
Vancouver,689800.0,705-2008 ROSSER AVENUE,1,1,British Columbia,2426160,49.25,-123.1,90000.0,2023,10
Vancouver,1349000.0,1781 E 13TH AVENUE,2,3,British Columbia,2426160,49.25,-123.1,90000.0,2023,10
Vancouver,825000.0,305-5383 CAMBIE STREET,1,1,British Columbia,2426160,49.25,-123.1,90000.0,2023,10
Vancouver,1389000.0,2728 E 26TH AVENUE,3,3,British Columbia,2426160,49.25,-123.1,90000.0,2023,10
Vancouver,2338000.0,619 E 22ND AVENUE,3,2,British Columbia,2426160,49.25,-123.1,90000.0,2023,10
Vancouver,729900.0,909-909 MAINLAND STREET,1,1,British Columbia,2426160,49.25,-123.1,90000.0,2023,10
Vancouver,1998000.0,5567 CLINTON STREET,5,3,British Columbia,2426160,49.25,-123.1,90000.0,2023,10
Vancouver,1478000.0,1904-1632 LIONS GATE LANE,2,2,British Columbia,2426160,49.25,-123.1,90000.0,2023,10
Vancouver,699000.0,607-618 ABBOTT STREET,1,1,British Columbia,2426160,49.25,-123.1,90000.0,2023,10
Vancouver,599000.0,1803-5515 BOUNDARY ROAD,1,1,British Columbia,2426160,49.25,-123.1,90000.0,2023,10
Vancouver,995000.0,1290 W 8TH AVENUE,2,2,British Columbia,2426160,49.25,-123.1,90000.0,2023,10
Vancouver,2100000.0,1112 E 26TH AVENUE,5,4,British Columbia,2426160,49.25,-123.1,90000.0,2023,10
Vancouver,789000.0,609-221 UNION STREET,2,1,British Columbia,2426160,49.25,-123.1,90000.0,2023,10
Vancouver,1075000.0,1504-1010 BURNABY STREET,2,2,British Columbia,2426160,49.25,-123.1,90000.0,2023,10
Vancouver,598000.0,207-384 E 1ST AVENUE,1,1,British Columbia,2426160,49.25,-123.1,90000.0,2023,10
Vancouver,3488000.0,6378 LARKIN DRIVE,7,7,British Columbia,2426160,49.25,-123.1,90000.0,2023,10
Vancouver,4049800.0,1138 RIDGEWOOD DRIVE,6,6,British Columbia,2426160,49.25,-123.1,90000.0,2023,10
Vancouver,2988000.0,4346 PENDER STREET,6,6,British Columbia,2426160,49.25,-123.1,90000.0,2023,10
Vancouver,959000.0,601-2435 KINGSWAY,2,2,British Columbia,2426160,49.25,-123.1,90000.0,2023,10
Vancouver,1299000.0,405-680 SEYLYNN CRESCENT,3,3,British Columbia,2426160,49.25,-123.1,90000.0,2023,10
Vancouver,3298000.0,4771 WOODLEY DRIVE,5,4,British Columbia,2426160,49.25,-123.1,90000.0,2023,10
Vancouver,1478000.0,5197 DOMINION STREET,4,2,British Columbia,2426160,49.25,-123.1,90000.0,2023,10
Vancouver,779900.0,404-2455 KINGSWAY,2,1,British Columbia,2426160,49.25,-123.1,90000.0,2023,10
Vancouver,1899000.0,4416 PRICE CRESCENT,4,3,British Columbia,2426160,49.25,-123.1,90000.0,2023,10
Vancouver,825000.0,103-2181 W 12 AVENUE,1,1,British Columbia,2426160,49.25,-123.1,90000.0,2023,10
Vancouver,679000.0,2301-6383 MCKAY AVENUE,1,1,British Columbia,2426160,49.25,-123.1,90000.0,2023,10
Vancouver,649900.0,208-1655 NELSON STREET,1,1,British Columbia,2426160,49.25,-123.1,90000.0,2023,10
Vancouver,1799000.0,406-5325 WEST BOULEVARD,3,2,British Columbia,2426160,49.25,-123.1,90000.0,2023,10
Vancouver,2300000.0,4355 WINNIFRED STREET,8,4,British Columbia,2426160,49.25,-123.1,90000.0,2023,10
Vancouver,2298000.0,208 E 26TH STREET,6,4,British Columbia,2426160,49.25,-123.1,90000.0,2023,10
Vancouver,1599900.0,303-1188 QUEBEC STREET,3,2,British Columbia,2426160,49.25,-123.1,90000.0,2023,10
Vancouver,569000.0,101-4868 FRASER STREET,1,1,British Columbia,2426160,49.25,-123.1,90000.0,2023,10
Vancouver,699000.0,805-6076 TISDALL STREET,1,1,British Columbia,2426160,49.25,-123.1,90000.0,2023,10
Vancouver,768000.0,409-525 WHEELHOUSE SQUARE,1,1,British Columbia,2426160,49.25,-123.1,90000.0,2023,10
Vancouver,1569000.0,3994 MOUNT SEYMOUR PARKWAY,3,2,British Columbia,2426160,49.25,-123.1,90000.0,2023,10
Vancouver,729000.0,1702-789 DRAKE STREET,2,2,British Columbia,2426160,49.25,-123.1,90000.0,2023,10
Vancouver,925000.0,1707-1308 HORNBY STREET,2,1,British Columbia,2426160,49.25,-123.1,90000.0,2023,10
Vancouver,4300000.0,617 E 52ND AVENUE,6,6,British Columbia,2426160,49.25,-123.1,90000.0,2023,10
Vancouver,628000.0,2705-8131 NUNAVUT LANE,1,1,British Columbia,2426160,49.25,-123.1,90000.0,2023,10
Vancouver,1199000.0,1143 E 24TH AVENUE,2,2,British Columbia,2426160,49.25,-123.1,90000.0,2023,10
Vancouver,4880000.0,1985 W 52ND AVENUE,4,5,British Columbia,2426160,49.25,-123.1,90000.0,2023,10
Vancouver,499900.0,314-2556 E HASTINGS STREET,0,1,British Columbia,2426160,49.25,-123.1,90000.0,2023,10
Vancouver,2199000.0,1419 DEMPSEY ROAD,5,3,British Columbia,2426160,49.25,-123.1,90000.0,2023,10
Calgary,674900.0,55 Saddlebrook Way NE,4,4,Alberta,1306784,51.05,-114.0667,100000.0,2023,10
Calgary,585000.0,125 Harvest Creek Close NE,3,3,Alberta,1306784,51.05,-114.0667,100000.0,2023,10
Calgary,1050000.0,8 Discovery Ridge Cove SW,5,4,Alberta,1306784,51.05,-114.0667,100000.0,2023,10
Calgary,520000.0,208 Saddlecrest Boulevard NE,4,4,Alberta,1306784,51.05,-114.0667,100000.0,2023,10
Calgary,475000.0,516 Penswood Road SE,3,2,Alberta,1306784,51.05,-114.0667,100000.0,2023,10
Calgary,449900.0,1403 18A Street NE,4,3,Alberta,1306784,51.05,-114.0667,100000.0,2023,10
Calgary,469900.0,88 Erin Grove Close SE,3,2,Alberta,1306784,51.05,-114.0667,100000.0,2023,10
Calgary,599900.0,680 Cornerstone Boulevard NE,5,4,Alberta,1306784,51.05,-114.0667,100000.0,2023,10
Calgary,459900.0,10735 Cityscape Drive NE,3,3,Alberta,1306784,51.05,-114.0667,100000.0,2023,10
Calgary,798800.0,15 Valley Creek Bay NW,3,3,Alberta,1306784,51.05,-114.0667,100000.0,2023,10
Calgary,199900.0,6431 Larkspur Way SW,4,2,Alberta,1306784,51.05,-114.0667,100000.0,2023,10
Calgary,799900.0,203-2306 17B Street SW,2,2,Alberta,1306784,51.05,-114.0667,100000.0,2023,10
Calgary,299900.0,214-4000 Somervale Court SW,2,2,Alberta,1306784,51.05,-114.0667,100000.0,2023,10
Calgary,309900.0,3730 44 Street SW,4,4,Alberta,1306784,51.05,-114.0667,100000.0,2023,10
Calgary,849900.0,1004 McKinnon Drive NE,4,3,Alberta,1306784,51.05,-114.0667,100000.0,2023,10
Calgary,445000.0,416-8810 Royal Birch Boulevard NW,2,2,Alberta,1306784,51.05,-114.0667,100000.0,2023,10
Calgary,299900.0,4519 Charleswood Drive NW,4,2,Alberta,1306784,51.05,-114.0667,100000.0,2023,10
Calgary,775000.0,421 California Place NE,6,5,Alberta,1306784,51.05,-114.0667,100000.0,2023,10
Calgary,629900.0,3628 28 Avenue SE,3,1,Alberta,1306784,51.05,-114.0667,100000.0,2023,10
Calgary,749888.0,193 Hidden Creek Road NW,4,4,Alberta,1306784,51.05,-114.0667,100000.0,2023,10
Calgary,699999.0,8446 Saddleridge Drive NE,4,4,Alberta,1306784,51.05,-114.0667,100000.0,2023,10
Calgary,464990.0,215 Rundlecairn Road NE,3,2,Alberta,1306784,51.05,-114.0667,100000.0,2023,10
Calgary,419000.0,6018 8 Avenue SE,6,2,Alberta,1306784,51.05,-114.0667,100000.0,2023,10
Calgary,309900.0,1509-930 6 Avenue SW,1,1,Alberta,1306784,51.05,-114.0667,100000.0,2023,10
Calgary,499900.0,1915 Matheson Drive NE,4,2,Alberta,1306784,51.05,-114.0667,100000.0,2023,10
Calgary,750000.0,4747 Nelson Road NW,4,3,Alberta,1306784,51.05,-114.0667,100000.0,2023,10
Calgary,319900.0,2107-1118 12 Avenue SW,1,1,Alberta,1306784,51.05,-114.0667,100000.0,2023,10
Calgary,189900.0,106-1904 10 Street SW,1,1,Alberta,1306784,51.05,-114.0667,100000.0,2023,10
Calgary,375000.0,35-4940 39 Avenue SW,3,2,Alberta,1306784,51.05,-114.0667,100000.0,2023,10
Calgary,899000.0,192257 146th Avenue W,6,2,Alberta,1306784,51.05,-114.0667,100000.0,2023,10
Calgary,349900.0,1308-1188 3 Street SE,1,1,Alberta,1306784,51.05,-114.0667,100000.0,2023,10
Calgary,194900.0,103-521 57 Avenue SW,1,1,Alberta,1306784,51.05,-114.0667,100000.0,2023,10
Calgary,978000.0,5236 22 Avenue NW,4,4,Alberta,1306784,51.05,-114.0667,100000.0,2023,10
Calgary,699000.0,147 Marquis Heights SE,4,4,Alberta,1306784,51.05,-114.0667,100000.0,2023,10
Calgary,599000.0,126 Somerglen Road SW,5,4,Alberta,1306784,51.05,-114.0667,100000.0,2023,10
Calgary,769000.0,107 Baker Crescent NW,5,2,Alberta,1306784,51.05,-114.0667,100000.0,2023,10
Calgary,419000.0,163 New Brighton Villas SE,3,3,Alberta,1306784,51.05,-114.0667,100000.0,2023,10
Calgary,459900.0,145 Huntham Road NE,3,2,Alberta,1306784,51.05,-114.0667,100000.0,2023,10
Calgary,624900.0,9732 Alberni Road SE,3,4,Alberta,1306784,51.05,-114.0667,100000.0,2023,10
Calgary,975000.0,128 Mike Ralph Way SW,4,4,Alberta,1306784,51.05,-114.0667,100000.0,2023,10
Calgary,3988000.0,2605 Erlton Street SW,3,5,Alberta,1306784,51.05,-114.0667,100000.0,2023,10
Calgary,299000.0,205-476 14 Street NW,1,1,Alberta,1306784,51.05,-114.0667,100000.0,2023,10
Calgary,789900.0,7201-400 Eau Claire Avenue SW,2,3,Alberta,1306784,51.05,-114.0667,100000.0,2023,10
Calgary,649000.0,401-119 19 Street NW,3,2,Alberta,1306784,51.05,-114.0667,100000.0,2023,10
Calgary,275000.0,111-3719B 49 Street NW,2,2,Alberta,1306784,51.05,-114.0667,100000.0,2023,10
Calgary,449900.0,215-88 9 Street NE,2,2,Alberta,1306784,51.05,-114.0667,100000.0,2023,10
Calgary,449900.0,99 Beddington Crescent NE,3,2,Alberta,1306784,51.05,-114.0667,100000.0,2023,10
Calgary,549900.0,5-88 9 Street NE,2,2,Alberta,1306784,51.05,-114.0667,100000.0,2023,10
Calgary,297000.0,309-2702 17 Avenue SW,1,1,Alberta,1306784,51.05,-114.0667,100000.0,2023,10
Calgary,469900.0,605-817 15 Avenue SW,2,2,Alberta,1306784,51.05,-114.0667,100000.0,2023,10
Calgary,575000.0,136 Rundlecairn Rise NE,5,3,Alberta,1306784,51.05,-114.0667,100000.0,2023,10
Calgary,999900.0,728 Arbour Lake Drive NW,6,4,Alberta,1306784,51.05,-114.0667,100000.0,2023,10
Calgary,469900.0,20 Douglasbank Gardens SE,3,2,Alberta,1306784,51.05,-114.0667,100000.0,2023,10
Calgary,379000.0,306-607 17 Avenue NW,2,2,Alberta,1306784,51.05,-114.0667,100000.0,2023,10
Calgary,554900.0,331 Manora Drive NE,5,2,Alberta,1306784,51.05,-114.0667,100000.0,2023,10
Calgary,1850000.0,41 Whitetail Road,5,5,Alberta,1306784,51.05,-114.0667,100000.0,2023,10
Calgary,289900.0,202-735 56 Avenue SW,2,2,Alberta,1306784,51.05,-114.0667,100000.0,2023,10
Calgary,585000.0,4308A 8 Avenue SW,4,3,Alberta,1306784,51.05,-114.0667,100000.0,2023,10
Calgary,479900.0,408-669 Savanna Boulevard NE,4,3,Alberta,1306784,51.05,-114.0667,100000.0,2023,10
Calgary,775000.0,4943 Vantage Crescent NW,4,3,Alberta,1306784,51.05,-114.0667,100000.0,2023,10
Calgary,1495000.0,91 Aspen Summit View SW,5,5,Alberta,1306784,51.05,-114.0667,100000.0,2023,10
Calgary,329800.0,405-532 5 Avenue NE,1,1,Alberta,1306784,51.05,-114.0667,100000.0,2023,10
Calgary,839000.0,1630 40 Street SW,8,4,Alberta,1306784,51.05,-114.0667,100000.0,2023,10
Calgary,474500.0,315-669 Savanna Boulevard NE,3,3,Alberta,1306784,51.05,-114.0667,100000.0,2023,10
Calgary,499000.0,223 Forest Road SE,4,2,Alberta,1306784,51.05,-114.0667,100000.0,2023,10
Calgary,1299900.0,4241-4243 Richmond Road SW,8,4,Alberta,1306784,51.05,-114.0667,100000.0,2023,10
Calgary,715000.0,81 Elgin Meadows Circle SE,4,4,Alberta,1306784,51.05,-114.0667,100000.0,2023,10
Calgary,220000.0,110-15304 Bannister Road SE,1,1,Alberta,1306784,51.05,-114.0667,100000.0,2023,10
Calgary,649900.0,331 Covewood Park NE,4,4,Alberta,1306784,51.05,-114.0667,100000.0,2023,10
Calgary,779000.0,3037 27 Street SW,4,4,Alberta,1306784,51.05,-114.0667,100000.0,2023,10
Calgary,735000.0,75 Edforth Way NW,4,3,Alberta,1306784,51.05,-114.0667,100000.0,2023,10
Calgary,360000.0,2101-310 Mckenzie Towne Gate SE,2,2,Alberta,1306784,51.05,-114.0667,100000.0,2023,10
Calgary,639900.0,268 Saddlecrest Boulevard NE,5,4,Alberta,1306784,51.05,-114.0667,100000.0,2023,10
Calgary,649900.0,120 Oakwood Place SW,5,3,Alberta,1306784,51.05,-114.0667,100000.0,2023,10
Calgary,669900.0,820 Riverview Place SE,4,4,Alberta,1306784,51.05,-114.0667,100000.0,2023,10
Calgary,1795000.0,204-5555 Elbow Drive SW,3,4,Alberta,1306784,51.05,-114.0667,100000.0,2023,10
Calgary,239900.0,4203-181 Skyview Ranch Manor NE,1,1,Alberta,1306784,51.05,-114.0667,100000.0,2023,10
Calgary,975000.0,23 Tuscany Ravine Close NW,4,4,Alberta,1306784,51.05,-114.0667,100000.0,2023,10
Calgary,235000.0,2214-76 Cornerstone Passage NE,1,1,Alberta,1306784,51.05,-114.0667,100000.0,2023,10
Calgary,689900.0,51 Strathcona Close SW,4,3,Alberta,1306784,51.05,-114.0667,100000.0,2023,10
Calgary,499000.0,139 Saddlemead Close NE,5,2,Alberta,1306784,51.05,-114.0667,100000.0,2023,10
Calgary,925000.0,2634 14 Avenue SE,8,4,Alberta,1306784,51.05,-114.0667,100000.0,2023,10
Calgary,345000.0,123 Falshire Terrace NE,3,3,Alberta,1306784,51.05,-114.0667,100000.0,2023,10
Calgary,275000.0,4315-31 Country Village Manor NE,2,2,Alberta,1306784,51.05,-114.0667,100000.0,2023,10
Calgary,674900.0,530 SAGE HILL Road NW,5,4,Alberta,1306784,51.05,-114.0667,100000.0,2023,10
Calgary,699900.0,823 94 Avenue SW,4,3,Alberta,1306784,51.05,-114.0667,100000.0,2023,10
Calgary,775000.0,8 Woodacres Place SW,4,3,Alberta,1306784,51.05,-114.0667,100000.0,2023,10
Calgary,639900.0,14 Red Embers Lane NE,5,4,Alberta,1306784,51.05,-114.0667,100000.0,2023,10
Calgary,750000.0,126 Panorama Hills Circle NW,3,3,Alberta,1306784,51.05,-114.0667,100000.0,2023,10
Calgary,985000.0,2303 16A Street SW,5,2,Alberta,1306784,51.05,-114.0667,100000.0,2023,10
Calgary,485000.0,5207 Marbank Drive NE,4,2,Alberta,1306784,51.05,-114.0667,100000.0,2023,10
Calgary,799900.0,40 Sherwood Circle NW,3,3,Alberta,1306784,51.05,-114.0667,100000.0,2023,10
Calgary,899900.0,2120 18 Street SW,2,3,Alberta,1306784,51.05,-114.0667,100000.0,2023,10
Calgary,490000.0,1081 Bridlemeadows Manor SW,4,3,Alberta,1306784,51.05,-114.0667,100000.0,2023,10
Calgary,499900.0,313-669 Savanna Boulevard NE,4,3,Alberta,1306784,51.05,-114.0667,100000.0,2023,10
Calgary,349900.0,4-1606 34 Avenue SW,2,2,Alberta,1306784,51.05,-114.0667,100000.0,2023,10
Calgary,1098000.0,633 24 Avenue NE,5,5,Alberta,1306784,51.05,-114.0667,100000.0,2023,10
Calgary,535000.0,5527 5 Avenue SE,4,3,Alberta,1306784,51.05,-114.0667,100000.0,2023,10
Calgary,749900.0,91 Masters Avenue SE,4,4,Alberta,1306784,51.05,-114.0667,100000.0,2023,10
Calgary,279888.0,2307-155 Skyview Ranch Way NE,2,2,Alberta,1306784,51.05,-114.0667,100000.0,2023,10
Calgary,315000.0,128-305 18 Avenue SW,1,1,Alberta,1306784,51.05,-114.0667,100000.0,2023,10
Calgary,1625000.0,37 Whitetail Road,3,4,Alberta,1306784,51.05,-114.0667,100000.0,2023,10
Calgary,499900.0,2355 Crestwood Road SE,3,3,Alberta,1306784,51.05,-114.0667,100000.0,2023,10
Calgary,499900.0,121-1719 9A Street SW,2,3,Alberta,1306784,51.05,-114.0667,100000.0,2023,10
Calgary,474900.0,1802-817 15 Avenue SW,2,2,Alberta,1306784,51.05,-114.0667,100000.0,2023,10
Calgary,499900.0,101 Mt Aberdeen Circle SE,4,3,Alberta,1306784,51.05,-114.0667,100000.0,2023,10
Calgary,549900.0,401-414 Meredith Road NE,3,2,Alberta,1306784,51.05,-114.0667,100000.0,2023,10
Calgary,355000.0,205-2702 17 Avenue SW,2,2,Alberta,1306784,51.05,-114.0667,100000.0,2023,10
Calgary,634900.0,36 Auburn Meadows Green SE,3,3,Alberta,1306784,51.05,-114.0667,100000.0,2023,10
Calgary,628000.0,12 Hardisty Place SW,4,2,Alberta,1306784,51.05,-114.0667,100000.0,2023,10
Calgary,700000.0,1431 Lake Twintree Way SE,4,3,Alberta,1306784,51.05,-114.0667,100000.0,2023,10
Calgary,195000.0,503-1202 13 Avenue SW,1,1,Alberta,1306784,51.05,-114.0667,100000.0,2023,10
Calgary,799000.0,89-99 Christie Point,3,3,Alberta,1306784,51.05,-114.0667,100000.0,2023,10
Calgary,245000.0,103-20 Kincora Glen Park NW,1,1,Alberta,1306784,51.05,-114.0667,100000.0,2023,10
Calgary,649900.0,40 Somme Manor SW,3,4,Alberta,1306784,51.05,-114.0667,100000.0,2023,10
Calgary,679900.0,3203 Kenmare Crescent SW,5,2,Alberta,1306784,51.05,-114.0667,100000.0,2023,10
Calgary,199000.0,807-5204 Dalton Drive NW,1,1,Alberta,1306784,51.05,-114.0667,100000.0,2023,10
Calgary,319000.0,1204-1540 Sherwood Boulevard NW,2,2,Alberta,1306784,51.05,-114.0667,100000.0,2023,10
Calgary,265000.0,1204-350 Livingston Common NE,1,1,Alberta,1306784,51.05,-114.0667,100000.0,2023,10
Calgary,849900.0,8140 Bowness Road NW,3,4,Alberta,1306784,51.05,-114.0667,100000.0,2023,10
Calgary,439000.0,8524 21 Avenue SE,2,2,Alberta,1306784,51.05,-114.0667,100000.0,2023,10
Calgary,499900.0,421-8535 19 Avenue SE,3,3,Alberta,1306784,51.05,-114.0667,100000.0,2023,10
Calgary,1999000.0,108 Partridge Court,4,5,Alberta,1306784,51.05,-114.0667,100000.0,2023,10
Calgary,339000.0,68-210 86 Avenue SE,2,2,Alberta,1306784,51.05,-114.0667,100000.0,2023,10
Calgary,425000.0,158 Edgeridge Terrace NW,2,2,Alberta,1306784,51.05,-114.0667,100000.0,2023,10
Calgary,229900.0,120-5404 10 Avenue SE,2,1,Alberta,1306784,51.05,-114.0667,100000.0,2023,10
Calgary,649900.0,1022 18 Avenue NW,4,2,Alberta,1306784,51.05,-114.0667,100000.0,2023,10
Calgary,1649900.0,66 Aspen Summit Close SW,6,5,Alberta,1306784,51.05,-114.0667,100000.0,2023,10
Calgary,549900.0,616 Midridge Drive SE,4,3,Alberta,1306784,51.05,-114.0667,100000.0,2023,10
Calgary,4750000.0,1801-400 Eau Claire Avenue SW,3,5,Alberta,1306784,51.05,-114.0667,100000.0,2023,10
Calgary,1189900.0,85 Lott Creek View,3,3,Alberta,1306784,51.05,-114.0667,100000.0,2023,10
Calgary,1188000.0,146 Discovery Ridge Boulevard SW,4,3,Alberta,1306784,51.05,-114.0667,100000.0,2023,10
Calgary,885000.0,214 Arbour Lake View NW,4,4,Alberta,1306784,51.05,-114.0667,100000.0,2023,10
Calgary,419900.0,54 Copperstone Common SE,2,3,Alberta,1306784,51.05,-114.0667,100000.0,2023,10
Calgary,765000.0,3020 Parkdale Boulevard NW,2,3,Alberta,1306784,51.05,-114.0667,100000.0,2023,10
Calgary,739000.0,2631 63 Avenue SW,4,2,Alberta,1306784,51.05,-114.0667,100000.0,2023,10
Calgary,649900.0,213 Wentworth Row SW,4,4,Alberta,1306784,51.05,-114.0667,100000.0,2023,10
Calgary,389900.0,4205-111 Tarawood NE,3,4,Alberta,1306784,51.05,-114.0667,100000.0,2023,10
Calgary,1175000.0,72 Edgehill Crescent NW,3,4,Alberta,1306784,51.05,-114.0667,100000.0,2023,10
Calgary,825000.0,569 Corner Meadows Way NE,6,4,Alberta,1306784,51.05,-114.0667,100000.0,2023,10
Calgary,875000.0,1910 29 Avenue SW,4,4,Alberta,1306784,51.05,-114.0667,100000.0,2023,10
Calgary,659900.0,35 Riverstone Crescent SE,4,4,Alberta,1306784,51.05,-114.0667,100000.0,2023,10
Calgary,699999.0,511 Cedarille Crescent SW,4,3,Alberta,1306784,51.05,-114.0667,100000.0,2023,10
Calgary,259000.0,312-1040 15 Avenue SW,2,1,Alberta,1306784,51.05,-114.0667,100000.0,2023,10
Calgary,285000.0,1512-11010 Bonaventure Drive,3,2,Alberta,1306784,51.05,-114.0667,100000.0,2023,10
Calgary,475000.0,88 Dovercrest Way SE,5,3,Alberta,1306784,51.05,-114.0667,100000.0,2023,10
Calgary,238800.0,209-20 Mahogany Mews SE,1,1,Alberta,1306784,51.05,-114.0667,100000.0,2023,10
Calgary,385000.0,17-10910 Bonaventure Drive SE,3,3,Alberta,1306784,51.05,-114.0667,100000.0,2023,10
Calgary,949000.0,1020 Kildonan Place SW,4,3,Alberta,1306784,51.05,-114.0667,100000.0,2023,10
Calgary,271000.0,2104-1317 27 Street SE,2,2,Alberta,1306784,51.05,-114.0667,100000.0,2023,10
Calgary,824999.0,476 Skyview Shores Manor NE,6,4,Alberta,1306784,51.05,-114.0667,100000.0,2023,10
Calgary,620900.0,5988 Madigan Drive NE,7,4,Alberta,1306784,51.05,-114.0667,100000.0,2023,10
Calgary,429000.0,228 Rocky Ridge Court NW,3,2,Alberta,1306784,51.05,-114.0667,100000.0,2023,10
Calgary,774999.0,13034 Coventry Hills Way NE,7,6,Alberta,1306784,51.05,-114.0667,100000.0,2023,10
Calgary,200000.0,104-1331 15 Avenue SW,1,1,Alberta,1306784,51.05,-114.0667,100000.0,2023,10
Calgary,544500.0,111 Cornerstone Path NE,3,3,Alberta,1306784,51.05,-114.0667,100000.0,2023,10
Calgary,215000.0,1403,1,1,Alberta,1306784,51.05,-114.0667,100000.0,2023,10
Calgary,625000.0,212 Diamond Point SE,5,4,Alberta,1306784,51.05,-114.0667,100000.0,2023,10
Calgary,625000.0,168 West Creek Drive,5,3,Alberta,1306784,51.05,-114.0667,100000.0,2023,10
Calgary,749900.0,5204 Grove Hill Road SW,2,3,Alberta,1306784,51.05,-114.0667,100000.0,2023,10
Calgary,649900.0,11 Sage Valley Close NW,3,3,Alberta,1306784,51.05,-114.0667,100000.0,2023,10
Calgary,879900.0,121 ASPENMERE Place,4,4,Alberta,1306784,51.05,-114.0667,100000.0,2023,10
Calgary,439900.0,131 Evansview Gardens NW,2,3,Alberta,1306784,51.05,-114.0667,100000.0,2023,10
Calgary,749000.0,4804 Valiant Drive NW,4,3,Alberta,1306784,51.05,-114.0667,100000.0,2023,10
Calgary,250000.0,305-1053 10 Street SW,1,1,Alberta,1306784,51.05,-114.0667,100000.0,2023,10
Calgary,335000.0,112-214 Sherwood Square NW,2,2,Alberta,1306784,51.05,-114.0667,100000.0,2023,10
Calgary,729900.0,7949 Springbank Boulevard SW,3,3,Alberta,1306784,51.05,-114.0667,100000.0,2023,10
Calgary,365000.0,506,3,2,Alberta,1306784,51.05,-114.0667,100000.0,2023,10
Calgary,319900.0,113-9500 Oakfield Drive SW,2,2,Alberta,1306784,51.05,-114.0667,100000.0,2023,10
Calgary,229900.0,103-920 Royal Avenue SW,1,1,Alberta,1306784,51.05,-114.0667,100000.0,2023,10
Calgary,399900.0,102-1615 13 Avenue SW,2,2,Alberta,1306784,51.05,-114.0667,100000.0,2023,10
Calgary,629900.0,25 Rocky Ridge Close NW,4,4,Alberta,1306784,51.05,-114.0667,100000.0,2023,10
Calgary,300000.0,4304-450 Sage Valley Drive NW,2,1,Alberta,1306784,51.05,-114.0667,100000.0,2023,10
Calgary,549900.0,33 Carringvue Link NW,3,3,Alberta,1306784,51.05,-114.0667,100000.0,2023,10
Calgary,549900.0,33 Carringvue Link NW,3,3,Alberta,1306784,51.05,-114.0667,100000.0,2023,10
Calgary,848800.0,19 Lucas Terrace NW,4,4,Alberta,1306784,51.05,-114.0667,100000.0,2023,10
Calgary,299999.0,1701-1100 8 Avenue SW,2,2,Alberta,1306784,51.05,-114.0667,100000.0,2023,10
Calgary,589000.0,332 Hawthorn Drive NW,5,2,Alberta,1306784,51.05,-114.0667,100000.0,2023,10
Calgary,544900.0,445 Taradale Drive NE,3,3,Alberta,1306784,51.05,-114.0667,100000.0,2023,10
Calgary,1049900.0,1715 19 Avenue NW,4,4,Alberta,1306784,51.05,-114.0667,100000.0,2023,10
Calgary,580000.0,116 Taracove Crescent NE,5,3,Alberta,1306784,51.05,-114.0667,100000.0,2023,10
Calgary,525000.0,7819 hunterquay Way NW,5,3,Alberta,1306784,51.05,-114.0667,100000.0,2023,10
Calgary,1199999.0,6427 Larkspur Way SW,4,3,Alberta,1306784,51.05,-114.0667,100000.0,2023,10
Calgary,300000.0,4213-240 Skyview Ranch Road NE,2,2,Alberta,1306784,51.05,-114.0667,100000.0,2023,10
Calgary,980000.0,1592 Evergreen Hill SW,4,3,Alberta,1306784,51.05,-114.0667,100000.0,2023,10
Calgary,529000.0,6142 Bowness Road NW,3,3,Alberta,1306784,51.05,-114.0667,100000.0,2023,10
Calgary,597633.0,111 Sweet Clover Link,3,3,Alberta,1306784,51.05,-114.0667,100000.0,2023,10
Calgary,519000.0,26 Nolan Hill Heights NW,3,3,Alberta,1306784,51.05,-114.0667,100000.0,2023,10
Calgary,775000.0,521 30 Street NW,3,3,Alberta,1306784,51.05,-114.0667,100000.0,2023,10
Calgary,469900.0,327 Rundleview Drive NE,3,3,Alberta,1306784,51.05,-114.0667,100000.0,2023,10
Calgary,384900.0,1602-135 13 Avenue SW,2,1,Alberta,1306784,51.05,-114.0667,100000.0,2023,10
Calgary,599900.0,436 Rocky Ridge Bay NW,3,3,Alberta,1306784,51.05,-114.0667,100000.0,2023,10
Calgary,750000.0,6064 Dalford Hill NW,4,2,Alberta,1306784,51.05,-114.0667,100000.0,2023,10
Calgary,274900.0,408-55 Spruce Place SW,1,1,Alberta,1306784,51.05,-114.0667,100000.0,2023,10
Calgary,399000.0,813-615 6 Avenue SE,2,2,Alberta,1306784,51.05,-114.0667,100000.0,2023,10
Calgary,724950.0,632 Lake Bonavista Drive SE,4,3,Alberta,1306784,51.05,-114.0667,100000.0,2023,10
Calgary,834900.0,2008 Broadview Road NW,4,4,Alberta,1306784,51.05,-114.0667,100000.0,2023,10
Calgary,549900.0,651 97 Avenue SE,3,2,Alberta,1306784,51.05,-114.0667,100000.0,2023,10
Calgary,899900.0,2816 7 Avenue NW,4,4,Alberta,1306784,51.05,-114.0667,100000.0,2023,10
Calgary,370000.0,2509-930 6 Avenue SW,1,1,Alberta,1306784,51.05,-114.0667,100000.0,2023,10
Calgary,849900.0,155 Lucas Heights NW,4,2,Alberta,1306784,51.05,-114.0667,100000.0,2023,10
Calgary,375000.0,16190 Shawbrooke Road SW,3,2,Alberta,1306784,51.05,-114.0667,100000.0,2023,10
Calgary,550000.0,24 McKernan Court SE,4,2,Alberta,1306784,51.05,-114.0667,100000.0,2023,10
Calgary,449900.0,59 Copperfield Terrace SE,3,2,Alberta,1306784,51.05,-114.0667,100000.0,2023,10
Calgary,599800.0,220 Lynnview Way SE,5,3,Alberta,1306784,51.05,-114.0667,100000.0,2023,10
Calgary,580000.0,2311 5 Avenue NW,2,1,Alberta,1306784,51.05,-114.0667,100000.0,2023,10
Calgary,920000.0,349 Dawson Circle,5,5,Alberta,1306784,51.05,-114.0667,100000.0,2023,10
Calgary,579999.0,129 Shawnee Common SW,3,3,Alberta,1306784,51.05,-114.0667,100000.0,2023,10
Calgary,459900.0,516 Hunts Crescent NW,5,2,Alberta,1306784,51.05,-114.0667,100000.0,2023,10
Calgary,335000.0,6572 Martingrove Drive NE,3,2,Alberta,1306784,51.05,-114.0667,100000.0,2023,10
Calgary,499900.0,12 Copperfield Rise SE,4,4,Alberta,1306784,51.05,-114.0667,100000.0,2023,10
Calgary,599900.0,1106 6 Street NE,3,1,Alberta,1306784,51.05,-114.0667,100000.0,2023,10
Calgary,225000.0,201-310 4 Avenue NE,2,1,Alberta,1306784,51.05,-114.0667,100000.0,2023,10
Calgary,2399900.0,112 Solace Ridge Place,5,5,Alberta,1306784,51.05,-114.0667,100000.0,2023,10
Calgary,549900.0,109 Shawinigan Road SW,5,4,Alberta,1306784,51.05,-114.0667,100000.0,2023,10
Calgary,299900.0,209-1919 31 Street SW,2,2,Alberta,1306784,51.05,-114.0667,100000.0,2023,10
Calgary,729000.0,4011 Norford Avenue NW,3,3,Alberta,1306784,51.05,-114.0667,100000.0,2023,10
Calgary,925000.0,28 Coach Ridge Bay SW,3,3,Alberta,1306784,51.05,-114.0667,100000.0,2023,10
Calgary,599900.0,94 Evanscrest Heights NW,3,3,Alberta,1306784,51.05,-114.0667,100000.0,2023,10
Calgary,680000.0,1103 Lake Huron Crescent SE,6,3,Alberta,1306784,51.05,-114.0667,100000.0,2023,10
Calgary,675000.0,99 Douglas Park Boulevard SE,3,4,Alberta,1306784,51.05,-114.0667,100000.0,2023,10
Calgary,579900.0,15 Taralake Road NE,4,4,Alberta,1306784,51.05,-114.0667,100000.0,2023,10
Calgary,239900.0,406-3830 Brentwood Road NW,1,1,Alberta,1306784,51.05,-114.0667,100000.0,2023,10
Calgary,514900.0,133 Sienna Park Green SW,3,3,Alberta,1306784,51.05,-114.0667,100000.0,2023,10
Calgary,199900.0,202-1710 11 Avenue SW,1,1,Alberta,1306784,51.05,-114.0667,100000.0,2023,10
Calgary,279900.0,7405-302 Skyview Ranch Drive NE,2,1,Alberta,1306784,51.05,-114.0667,100000.0,2023,10
Calgary,594900.0,5640 Temple Drive NE,5,3,Alberta,1306784,51.05,-114.0667,100000.0,2023,10
Calgary,1387000.0,82 Joseph Marquis Crescent SW,5,4,Alberta,1306784,51.05,-114.0667,100000.0,2023,10
Calgary,349900.0,1803-1088 6 Avenue SW,2,1,Alberta,1306784,51.05,-114.0667,100000.0,2023,10
Calgary,615000.0,36 Templeson Road NE,5,3,Alberta,1306784,51.05,-114.0667,100000.0,2023,10
Calgary,245000.0,202-2520 Palliser Drive SW,2,1,Alberta,1306784,51.05,-114.0667,100000.0,2023,10
Calgary,699900.0,167 Panamount Heights NW,3,3,Alberta,1306784,51.05,-114.0667,100000.0,2023,10
Calgary,665000.0,419 11 Street NE,6,2,Alberta,1306784,51.05,-114.0667,100000.0,2023,10
Calgary,1595000.0,127 Eagle Ridge Drive SW,4,5,Alberta,1306784,51.05,-114.0667,100000.0,2023,10
Calgary,280000.0,210-8 Prestwick Pond Terrace SE,2,1,Alberta,1306784,51.05,-114.0667,100000.0,2023,10
Calgary,1899000.0,1000 West Chestermere Drive,4,5,Alberta,1306784,51.05,-114.0667,100000.0,2023,10
Calgary,389000.0,156 Deerview Way SE,3,1,Alberta,1306784,51.05,-114.0667,100000.0,2023,10
Calgary,789777.0,127 Sherwood Bay NW,4,5,Alberta,1306784,51.05,-114.0667,100000.0,2023,10
Calgary,409900.0,11117 OAKFIELD Drive SW,4,3,Alberta,1306784,51.05,-114.0667,100000.0,2023,10
Calgary,435000.0,2408-930 6 Avenue SW,2,2,Alberta,1306784,51.05,-114.0667,100000.0,2023,10
Calgary,859000.0,101 Clarendon Road NW,3,3,Alberta,1306784,51.05,-114.0667,100000.0,2023,10
Calgary,659800.0,95 Copperstone Boulevard SE,4,4,Alberta,1306784,51.05,-114.0667,100000.0,2023,10
Calgary,449900.0,803-428 Nolan Hill Drive NW,2,3,Alberta,1306784,51.05,-114.0667,100000.0,2023,10
Calgary,599800.0,911 18 Avenue NW,3,2,Alberta,1306784,51.05,-114.0667,100000.0,2023,10
Calgary,159900.0,106B-7301 4A Street SW,1,1,Alberta,1306784,51.05,-114.0667,100000.0,2023,10
Calgary,499000.0,233 Mt Aberdeen Circle SE,3,3,Alberta,1306784,51.05,-114.0667,100000.0,2023,10
Calgary,675000.0,150 Marquis Common SE,4,4,Alberta,1306784,51.05,-114.0667,100000.0,2023,10
Calgary,324900.0,31 Falshire Terrace NE,4,2,Alberta,1306784,51.05,-114.0667,100000.0,2023,10
Calgary,649900.0,53 Kincora Landing,3,3,Alberta,1306784,51.05,-114.0667,100000.0,2023,10
Calgary,429900.0,167 Everhollow Heights SW,3,3,Alberta,1306784,51.05,-114.0667,100000.0,2023,10
Calgary,295000.0,201-76 Panatella Road NW,2,2,Alberta,1306784,51.05,-114.0667,100000.0,2023,10
Calgary,299000.0,3313-4641 128 Avenue NE,2,2,Alberta,1306784,51.05,-114.0667,100000.0,2023,10
Calgary,799900.0,3-1220 Prominence Way SW,2,3,Alberta,1306784,51.05,-114.0667,100000.0,2023,10
Calgary,1150000.0,2421 1 Street NE,1,1,Alberta,1306784,51.05,-114.0667,100000.0,2023,10
Calgary,469000.0,42 Covecreek Place NE,3,3,Alberta,1306784,51.05,-114.0667,100000.0,2023,10
Calgary,1150000.0,827 Canna Crescent SW,4,3,Alberta,1306784,51.05,-114.0667,100000.0,2023,10
Calgary,1499000.0,468 Discovery Place SW,4,4,Alberta,1306784,51.05,-114.0667,100000.0,2023,10
Calgary,299000.0,11-616 24 Avenue SW,2,1,Alberta,1306784,51.05,-114.0667,100000.0,2023,10
Calgary,1049900.0,174 Valley Pointe Way NW,4,4,Alberta,1306784,51.05,-114.0667,100000.0,2023,10
Calgary,399900.0,1111-3820 Brentwood Road NW,2,2,Alberta,1306784,51.05,-114.0667,100000.0,2023,10
Calgary,799900.0,3715 Spruce Drive SW,5,2,Alberta,1306784,51.05,-114.0667,100000.0,2023,10
Calgary,769900.0,104 38A Avenue SW,3,4,Alberta,1306784,51.05,-114.0667,100000.0,2023,10
Calgary,285000.0,41-131 Templehill Drive NE,3,1,Alberta,1306784,51.05,-114.0667,100000.0,2023,10
Calgary,429900.0,48 Whitaker Close NE,5,3,Alberta,1306784,51.05,-114.0667,100000.0,2023,10
Calgary,634900.0,125 Coral Springs Bay NE,4,3,Alberta,1306784,51.05,-114.0667,100000.0,2023,10
Calgary,225000.0,3407-181 Skyview Ranch Manor NE,1,1,Alberta,1306784,51.05,-114.0667,100000.0,2023,10
Calgary,1089000.0,1942 28 Avenue SW,4,4,Alberta,1306784,51.05,-114.0667,100000.0,2023,10
Calgary,829988.0,271 Belvedere Drive SE,5,4,Alberta,1306784,51.05,-114.0667,100000.0,2023,10
Calgary,359900.0,101-41 6A Street NE,2,2,Alberta,1306784,51.05,-114.0667,100000.0,2023,10
Calgary,250000.0,202-3522 44 Street SW,2,1,Alberta,1306784,51.05,-114.0667,100000.0,2023,10
Calgary,1225000.0,41 Elmont View SW,3,3,Alberta,1306784,51.05,-114.0667,100000.0,2023,10
Calgary,629900.0,14 Hidden Circle NW,4,4,Alberta,1306784,51.05,-114.0667,100000.0,2023,10
Calgary,899900.0,506 Oakhill Place SW,5,3,Alberta,1306784,51.05,-114.0667,100000.0,2023,10
Calgary,799142.0,46 Corner Meadows Grove NE,4,3,Alberta,1306784,51.05,-114.0667,100000.0,2023,10
Calgary,749900.0,604 15 Street NW,3,3,Alberta,1306784,51.05,-114.0667,100000.0,2023,10
Calgary,735000.0,246 Auburn Glen Circle SE,3,3,Alberta,1306784,51.05,-114.0667,100000.0,2023,10
Calgary,344900.0,2207-11 Mahogany Row SE,2,2,Alberta,1306784,51.05,-114.0667,100000.0,2023,10
Calgary,369900.0,404-320 Meredith Road NE,2,2,Alberta,1306784,51.05,-114.0667,100000.0,2023,10
Calgary,550000.0,1003 Woodview Crescent SW,3,3,Alberta,1306784,51.05,-114.0667,100000.0,2023,10
Calgary,684900.0,197 Hawkmere Close,3,3,Alberta,1306784,51.05,-114.0667,100000.0,2023,10
Calgary,610191.0,107 Sweet Clover Link,2,3,Alberta,1306784,51.05,-114.0667,100000.0,2023,10
Calgary,215000.0,1403-333 TARAVISTA Drive NE,1,1,Alberta,1306784,51.05,-114.0667,100000.0,2023,10
Calgary,619900.0,230 Bridleridge Way SW,5,4,Alberta,1306784,51.05,-114.0667,100000.0,2023,10
Calgary,524900.0,451 Rundlelawn Way NE,4,3,Alberta,1306784,51.05,-114.0667,100000.0,2023,10
Calgary,724800.0,83 Columbia Place NW,4,2,Alberta,1306784,51.05,-114.0667,100000.0,2023,10
Calgary,349900.0,35 Castlepark Road NE,3,2,Alberta,1306784,51.05,-114.0667,100000.0,2023,10
Calgary,310000.0,2309-4975 130 Avenue SE,2,2,Alberta,1306784,51.05,-114.0667,100000.0,2023,10
Calgary,599888.0,345 Mahogany Boulevard SE,4,3,Alberta,1306784,51.05,-114.0667,100000.0,2023,10
Calgary,575000.0,304 West Creek Circle,3,3,Alberta,1306784,51.05,-114.0667,100000.0,2023,10
Calgary,760000.0,3212 30 Street SW,4,2,Alberta,1306784,51.05,-114.0667,100000.0,2023,10
Calgary,649900.0,220 Citadel Crest Circle NW,4,4,Alberta,1306784,51.05,-114.0667,100000.0,2023,10
Calgary,899900.0,91 Wentworth Manor SW,5,4,Alberta,1306784,51.05,-114.0667,100000.0,2023,10
Calgary,599888.0,345 Mahogany Boulevard SE,4,3,Alberta,1306784,51.05,-114.0667,100000.0,2023,10
Calgary,649900.0,220 Citadel Crest Circle NW,4,4,Alberta,1306784,51.05,-114.0667,100000.0,2023,10
Calgary,899900.0,91 Wentworth Manor SW,5,4,Alberta,1306784,51.05,-114.0667,100000.0,2023,10
Calgary,2950000.0,3812 2 Street SW,3,3,Alberta,1306784,51.05,-114.0667,100000.0,2023,10
Calgary,1350000.0,415 7A Street NE,4,4,Alberta,1306784,51.05,-114.0667,100000.0,2023,10
Calgary,628800.0,54 Everglen Crescent SW,3,3,Alberta,1306784,51.05,-114.0667,100000.0,2023,10
Calgary,310000.0,1407-240 Skyview Ranch Road NE,2,2,Alberta,1306784,51.05,-114.0667,100000.0,2023,10
Calgary,459000.0,16 Erin Croft Green SE,4,3,Alberta,1306784,51.05,-114.0667,100000.0,2023,10
Calgary,304777.0,2208-240 Skyview Ranch Road NE,2,2,Alberta,1306784,51.05,-114.0667,100000.0,2023,10
Calgary,388900.0,127 Martin Crossing Court NE,3,3,Alberta,1306784,51.05,-114.0667,100000.0,2023,10
Calgary,560000.0,10093 46 Street NE,3,3,Alberta,1306784,51.05,-114.0667,100000.0,2023,10
Calgary,650000.0,4636 Monterey Avenue NW,4,3,Alberta,1306784,51.05,-114.0667,100000.0,2023,10
Calgary,269900.0,3304-1317 27 Street SE,2,2,Alberta,1306784,51.05,-114.0667,100000.0,2023,10
Calgary,314900.0,420-30 Sierra Morena Mews SW,2,2,Alberta,1306784,51.05,-114.0667,100000.0,2023,10
Calgary,399900.0,3223 Doverville Crescent SE,3,2,Alberta,1306784,51.05,-114.0667,100000.0,2023,10
Calgary,325000.0,1101,3,2,Alberta,1306784,51.05,-114.0667,100000.0,2023,10
Calgary,300000.0,303,3,1,Alberta,1306784,51.05,-114.0667,100000.0,2023,10
Calgary,735000.0,2415 52 Avenue SW,4,2,Alberta,1306784,51.05,-114.0667,100000.0,2023,10
Calgary,260000.0,2212,2,2,Alberta,1306784,51.05,-114.0667,100000.0,2023,10
Calgary,559900.0,64 Falbury Bay NE,5,4,Alberta,1306784,51.05,-114.0667,100000.0,2023,10
Calgary,1498000.0,116 Lake Tahoe Place SE,4,4,Alberta,1306784,51.05,-114.0667,100000.0,2023,10
Calgary,349900.0,1707,2,1,Alberta,1306784,51.05,-114.0667,100000.0,2023,10
Calgary,849000.0,60 Lott Creek Hollow,3,3,Alberta,1306784,51.05,-114.0667,100000.0,2023,10
Calgary,428000.0,615-20 Kincora Glen Park NW,2,2,Alberta,1306784,51.05,-114.0667,100000.0,2023,10
Calgary,259900.0,203-1616 8 Avenue NW,2,1,Alberta,1306784,51.05,-114.0667,100000.0,2023,10
Calgary,598800.0,23 Candle Terrace SW,2,4,Alberta,1306784,51.05,-114.0667,100000.0,2023,10
Calgary,445000.0,97 Aspen Hills Drive SW,2,3,Alberta,1306784,51.05,-114.0667,100000.0,2023,10
Calgary,730000.0,319 32 Avenue NE,3,2,Alberta,1306784,51.05,-114.0667,100000.0,2023,10
Calgary,1189000.0,287 Hampstead Way NW,4,4,Alberta,1306784,51.05,-114.0667,100000.0,2023,10
Calgary,325900.0,161-10 Coachway Road SW,2,1,Alberta,1306784,51.05,-114.0667,100000.0,2023,10
Calgary,620000.0,263 Lucas Boulevard NW,4,3,Alberta,1306784,51.05,-114.0667,100000.0,2023,10
Calgary,339000.0,1416-1053 10 Street SW,2,2,Alberta,1306784,51.05,-114.0667,100000.0,2023,10
Calgary,459900.0,311-1321 Kensington Close NW,2,2,Alberta,1306784,51.05,-114.0667,100000.0,2023,10
Calgary,575000.0,215 Martin Crossing Close NE,4,3,Alberta,1306784,51.05,-114.0667,100000.0,2023,10
Calgary,489900.0,223 Pinemill Mews NE,5,3,Alberta,1306784,51.05,-114.0667,100000.0,2023,10
Calgary,325000.0,3418-10 Country Village Park NE,2,2,Alberta,1306784,51.05,-114.0667,100000.0,2023,10
Calgary,465000.0,408 Quarry Villas SE,2,3,Alberta,1306784,51.05,-114.0667,100000.0,2023,10
Calgary,650000.0,8223 7 Street SW,4,3,Alberta,1306784,51.05,-114.0667,100000.0,2023,10
Calgary,389900.0,2404-310 Mckenzie Towne Gate SE,2,2,Alberta,1306784,51.05,-114.0667,100000.0,2023,10
Calgary,914900.0,34 Sherwood Court NW,5,4,Alberta,1306784,51.05,-114.0667,100000.0,2023,10
Calgary,935000.0,3921 16 Street SW,4,4,Alberta,1306784,51.05,-114.0667,100000.0,2023,10
Calgary,1995000.0,1929 45 Avenue SW,4,4,Alberta,1306784,51.05,-114.0667,100000.0,2023,10
Calgary,990000.0,706-738 1 Avenue SW,2,2,Alberta,1306784,51.05,-114.0667,100000.0,2023,10
Calgary,1199000.0,911-550 Riverfront Avenue SE,2,2,Alberta,1306784,51.05,-114.0667,100000.0,2023,10
Calgary,400000.0,123 Harvest Glen Rise NE,3,2,Alberta,1306784,51.05,-114.0667,100000.0,2023,10
Calgary,538500.0,202 Tuscany Vista Point NW,4,4,Alberta,1306784,51.05,-114.0667,100000.0,2023,10
Calgary,650000.0,233165-233191 Range Road 280,3,3,Alberta,1306784,51.05,-114.0667,100000.0,2023,10
Calgary,1999000.0,10632 Mapleglen Crescent SE,5,5,Alberta,1306784,51.05,-114.0667,100000.0,2023,10
Calgary,939900.0,624 Seattle Drive SW,4,2,Alberta,1306784,51.05,-114.0667,100000.0,2023,10
Calgary,675000.0,7448 Huntertown Crescent NW,3,2,Alberta,1306784,51.05,-114.0667,100000.0,2023,10
Calgary,549000.0,244 Christie Park Mews SW,3,2,Alberta,1306784,51.05,-114.0667,100000.0,2023,10
Calgary,439900.0,4803 32 Avenue NW,3,2,Alberta,1306784,51.05,-114.0667,100000.0,2023,10
Calgary,699900.0,3323 38 Street NE,4,4,Alberta,1306784,51.05,-114.0667,100000.0,2023,10
Calgary,624900.0,6548 Martingrove Drive NE,4,4,Alberta,1306784,51.05,-114.0667,100000.0,2023,10
Calgary,319000.0,3210-302 Skyview Ranch Drive NE,2,2,Alberta,1306784,51.05,-114.0667,100000.0,2023,10
Calgary,699900.0,533 Savanna Drive NE,6,4,Alberta,1306784,51.05,-114.0667,100000.0,2023,10
Calgary,439800.0,117-60 Sierra Morena Landing SW,2,2,Alberta,1306784,51.05,-114.0667,100000.0,2023,10
Calgary,294900.0,214-2440 34 Avenue SW,1,1,Alberta,1306784,51.05,-114.0667,100000.0,2023,10
Calgary,594900.0,6548 Martingrove Drive NE,4,4,Alberta,1306784,51.05,-114.0667,100000.0,2023,10
Calgary,1475000.0,2646 Evercreek Bluffs Way SW,5,4,Alberta,1306784,51.05,-114.0667,100000.0,2023,10
Calgary,289900.0,53A Fonda Green SE,3,2,Alberta,1306784,51.05,-114.0667,100000.0,2023,10
Calgary,574999.0,5206 Forego Avenue SE,3,3,Alberta,1306784,51.05,-114.0667,100000.0,2023,10
Calgary,1599900.0,2420 Sandhurst Avenue SW,4,3,Alberta,1306784,51.05,-114.0667,100000.0,2023,10
Calgary,214900.0,101C-5601 Dalton Drive NW,2,1,Alberta,1306784,51.05,-114.0667,100000.0,2023,10
Calgary,295000.0,4308-31 Country Village Manor NE,2,2,Alberta,1306784,51.05,-114.0667,100000.0,2023,10
Calgary,1595000.0,66 Juneberry Heights,5,4,Alberta,1306784,51.05,-114.0667,100000.0,2023,10
Calgary,594900.0,43 TEMPLEMONT Way NE,5,3,Alberta,1306784,51.05,-114.0667,100000.0,2023,10
Calgary,279900.0,930-1304 15 Avenue SW,2,2,Alberta,1306784,51.05,-114.0667,100000.0,2023,10
Calgary,529900.0,305-8445 Broadcast Avenue SW,2,2,Alberta,1306784,51.05,-114.0667,100000.0,2023,10
Calgary,269900.0,4108-10 Prestwick Bay SE,2,2,Alberta,1306784,51.05,-114.0667,100000.0,2023,10
Calgary,720000.0,230 Auburn Glen Circle SE,3,3,Alberta,1306784,51.05,-114.0667,100000.0,2023,10
Calgary,259900.0,601-1328 13 Avenue SW,2,1,Alberta,1306784,51.05,-114.0667,100000.0,2023,10
Calgary,472000.0,708-1111 10 Street SW,2,2,Alberta,1306784,51.05,-114.0667,100000.0,2023,10
Calgary,359900.0,2304-77 Spruce Place SW,2,2,Alberta,1306784,51.05,-114.0667,100000.0,2023,10
Calgary,999999.0,25 Strathridge Way SW,5,4,Alberta,1306784,51.05,-114.0667,100000.0,2023,10
Calgary,319900.0,224-4 Sage Hill Terrace NW,2,2,Alberta,1306784,51.05,-114.0667,100000.0,2023,10
Calgary,325000.0,501-111 14 Avenue SE,2,1,Alberta,1306784,51.05,-114.0667,100000.0,2023,10
Calgary,929900.0,2111 Broadview Road NW,5,2,Alberta,1306784,51.05,-114.0667,100000.0,2023,10
Calgary,249900.0,43 Abbeydale Villas NE,2,3,Alberta,1306784,51.05,-114.0667,100000.0,2023,10
Calgary,965000.0,84 Crestbrook Way SW,4,3,Alberta,1306784,51.05,-114.0667,100000.0,2023,10
Calgary,245000.0,224 Storybook Terrace NW,2,1,Alberta,1306784,51.05,-114.0667,100000.0,2023,10
Calgary,700000.0,22 Christie Gardens SW,3,3,Alberta,1306784,51.05,-114.0667,100000.0,2023,10
Calgary,475000.0,440 Berkley Crescent NW,5,3,Alberta,1306784,51.05,-114.0667,100000.0,2023,10
Calgary,399900.0,605-215 13 Avenue SW,2,2,Alberta,1306784,51.05,-114.0667,100000.0,2023,10
Calgary,919900.0,2638 31 Street SW,4,4,Alberta,1306784,51.05,-114.0667,100000.0,2023,10
Calgary,2495000.0,2121 7 Street SW,4,4,Alberta,1306784,51.05,-114.0667,100000.0,2023,10
Calgary,539900.0,603-519 Riverfront Avenue SE,2,2,Alberta,1306784,51.05,-114.0667,100000.0,2023,10
Calgary,259900.0,206-140 Panatella Landing NW,1,1,Alberta,1306784,51.05,-114.0667,100000.0,2023,10
Calgary,1359999.0,916 35A Street NW,3,4,Alberta,1306784,51.05,-114.0667,100000.0,2023,10
Calgary,1050000.0,132 Carrington Close NW,6,4,Alberta,1306784,51.05,-114.0667,100000.0,2023,10
Calgary,299900.0,24-15 Aspenmont Heights SW,1,1,Alberta,1306784,51.05,-114.0667,100000.0,2023,10
Calgary,668000.0,410-732 57 Avenue SW,2,2,Alberta,1306784,51.05,-114.0667,100000.0,2023,10
Calgary,249900.0,627 53 Avenue SW,5,4,Alberta,1306784,51.05,-114.0667,100000.0,2023,10
Calgary,550000.0,3812 14 Avenue NE,3,3,Alberta,1306784,51.05,-114.0667,100000.0,2023,10
Calgary,379900.0,201-910 18 Avenue SW,2,2,Alberta,1306784,51.05,-114.0667,100000.0,2023,10
Calgary,179900.0,202,1,1,Alberta,1306784,51.05,-114.0667,100000.0,2023,10
Calgary,399900.0,228 Skyview Ranch Circle NE,2,3,Alberta,1306784,51.05,-114.0667,100000.0,2023,10
Calgary,420000.0,608 Citadel Heights NW,3,3,Alberta,1306784,51.05,-114.0667,100000.0,2023,10
Calgary,525000.0,101 West Lakeview Point,3,3,Alberta,1306784,51.05,-114.0667,100000.0,2023,10
Calgary,610000.0,Ambleton Drive Northwest,4,3,Alberta,1306784,51.05,-114.0667,100000.0,2023,10
Calgary,265000.0,5,1,1,Alberta,1306784,51.05,-114.0667,100000.0,2023,10
Calgary,329900.0,210,1,1,Alberta,1306784,51.05,-114.0667,100000.0,2023,10
Calgary,209900.0,1420,2,2,Alberta,1306784,51.05,-114.0667,100000.0,2023,10
Calgary,619900.0,131 Templemont Place NE,4,3,Alberta,1306784,51.05,-114.0667,100000.0,2023,10
Calgary,1000000.0,4520 84 Avenue NE,5,4,Alberta,1306784,51.05,-114.0667,100000.0,2023,10
Calgary,340000.0,4312 5 Avenue SE,3,2,Alberta,1306784,51.05,-114.0667,100000.0,2023,10
Calgary,439000.0,187 Erin Woods Drive SE,4,2,Alberta,1306784,51.05,-114.0667,100000.0,2023,10
Calgary,190000.0,337,1,1,Alberta,1306784,51.05,-114.0667,100000.0,2023,10
Calgary,237800.0,1104,1,1,Alberta,1306784,51.05,-114.0667,100000.0,2023,10
Calgary,279990.0,1112-8880 Horton Road SW,1,1,Alberta,1306784,51.05,-114.0667,100000.0,2023,10
Calgary,360000.0,1130 12 Avenue SW,2,2,Alberta,1306784,51.05,-114.0667,100000.0,2023,10
Calgary,539000.0,304 Manora Rise NE,4,3,Alberta,1306784,51.05,-114.0667,100000.0,2023,10
Calgary,479900.0,367 Martinbrook Place NE,3,2,Alberta,1306784,51.05,-114.0667,100000.0,2023,10
Calgary,2300000.0,49 Waters Edge Gardens,5,5,Alberta,1306784,51.05,-114.0667,100000.0,2023,10
Calgary,389900.0,1910 8 Avenue SE,1,1,Alberta,1306784,51.05,-114.0667,100000.0,2023,10
Calgary,219900.0,814-8604 48 Avenue NW,2,1,Alberta,1306784,51.05,-114.0667,100000.0,2023,10
Calgary,2350000.0,118 Rosewood Drive SW,5,6,Alberta,1306784,51.05,-114.0667,100000.0,2023,10
Calgary,275000.0,1422-8810 Royal Birch Boulevard NW,2,1,Alberta,1306784,51.05,-114.0667,100000.0,2023,10
Calgary,474900.0,9-3302 50 Street NW,3,3,Alberta,1306784,51.05,-114.0667,100000.0,2023,10
Calgary,324000.0,203-1526 9 Avenue SE,1,1,Alberta,1306784,51.05,-114.0667,100000.0,2023,10
Calgary,445000.0,1107 Citadel Terrace NW,4,4,Alberta,1306784,51.05,-114.0667,100000.0,2023,10
Calgary,459900.0,402-300 Harvest Hills Place NE,2,2,Alberta,1306784,51.05,-114.0667,100000.0,2023,10
Calgary,439000.0,604-99 Spruce Place SW,2,2,Alberta,1306784,51.05,-114.0667,100000.0,2023,10
Calgary,849000.0,539 Woodpark Crescent SW,5,3,Alberta,1306784,51.05,-114.0667,100000.0,2023,10
Calgary,639000.0,257 Sanderling Rise NW,5,4,Alberta,1306784,51.05,-114.0667,100000.0,2023,10
Calgary,520000.0,1347 New Brighton Drive SE,3,2,Alberta,1306784,51.05,-114.0667,100000.0,2023,10
Calgary,318813.0,1202-1000 Hawksbrow Point NW,2,2,Alberta,1306784,51.05,-114.0667,100000.0,2023,10
Calgary,370000.0,2308-1010 6 Street SW,2,1,Alberta,1306784,51.05,-114.0667,100000.0,2023,10
Calgary,549900.0,14 Coral Springs Court NE,3,3,Alberta,1306784,51.05,-114.0667,100000.0,2023,10
Calgary,720000.0,911 17 Avenue SE,2,1,Alberta,1306784,51.05,-114.0667,100000.0,2023,10
Calgary,574990.0,256 Carringham Way NW,3,3,Alberta,1306784,51.05,-114.0667,100000.0,2023,10
Calgary,629999.0,53 Herron Mews NE,4,3,Alberta,1306784,51.05,-114.0667,100000.0,2023,10
Calgary,819900.0,127 Saddlecrest Grove NE,4,4,Alberta,1306784,51.05,-114.0667,100000.0,2023,10
Calgary,289900.0,201-812 14 Avenue SW,2,1,Alberta,1306784,51.05,-114.0667,100000.0,2023,10
Calgary,359000.0,1320-8710 Horton Road SW,2,2,Alberta,1306784,51.05,-114.0667,100000.0,2023,10
Calgary,849900.0,2-742 Memorial Drive NW,3,4,Alberta,1306784,51.05,-114.0667,100000.0,2023,10
Calgary,395000.0,131 Copperfield Lane SE,2,3,Alberta,1306784,51.05,-114.0667,100000.0,2023,10
Calgary,729900.0,91 Masters Place SE,3,3,Alberta,1306784,51.05,-114.0667,100000.0,2023,10
Calgary,730000.0,1603-817 15 Avenue SW,2,2,Alberta,1306784,51.05,-114.0667,100000.0,2023,10
Calgary,979888.0,110 11A Street NE,4,5,Alberta,1306784,51.05,-114.0667,100000.0,2023,10
Calgary,254000.0,1002-4944 Dalton Drive NW,2,1,Alberta,1306784,51.05,-114.0667,100000.0,2023,10
Calgary,614900.0,614 Greenbriar Common NW,4,4,Alberta,1306784,51.05,-114.0667,100000.0,2023,10
Calgary,769900.0,240 Arbour Ridge Way NW,6,4,Alberta,1306784,51.05,-114.0667,100000.0,2023,10
Calgary,310000.0,213-1410 2 Street SW,2,2,Alberta,1306784,51.05,-114.0667,100000.0,2023,10
Calgary,749900.0,1615 22A Street NW,5,2,Alberta,1306784,51.05,-114.0667,100000.0,2023,10
Calgary,542500.0,1-135 12 Avenue NW,2,3,Alberta,1306784,51.05,-114.0667,100000.0,2023,10
Calgary,359000.0,355-222 Riverfront Avenue SW,1,1,Alberta,1306784,51.05,-114.0667,100000.0,2023,10
Calgary,320000.0,1-6412 4 Street NE,3,2,Alberta,1306784,51.05,-114.0667,100000.0,2023,10
Calgary,159000.0,64-5425 Pensacola Crescent SE,3,2,Alberta,1306784,51.05,-114.0667,100000.0,2023,10
Calgary,525000.0,115 8 Avenue NE,2,1,Alberta,1306784,51.05,-114.0667,100000.0,2023,10
Calgary,340000.0,2104-6118 80 Avenue NE,2,2,Alberta,1306784,51.05,-114.0667,100000.0,2023,10
Calgary,879900.0,305-1110 5 Avenue NW,3,3,Alberta,1306784,51.05,-114.0667,100000.0,2023,10
Calgary,537000.0,347-6868 Sierra Morena Boulevard SW,2,3,Alberta,1306784,51.05,-114.0667,100000.0,2023,10
Calgary,284900.0,214,2,2,Alberta,1306784,51.05,-114.0667,100000.0,2023,10
Calgary,475000.0,36 Vandoos Villas NW,3,2,Alberta,1306784,51.05,-114.0667,100000.0,2023,10
Calgary,749900.0,111 Tuscarora Mews NW,3,4,Alberta,1306784,51.05,-114.0667,100000.0,2023,10
Calgary,1995000.0,2032 41 Avenue SW,4,5,Alberta,1306784,51.05,-114.0667,100000.0,2023,10
Calgary,1790000.0,31206 Twp Road 251A Rural Rocky View Country,6,3,Alberta,1306784,51.05,-114.0667,100000.0,2023,10
Calgary,1790000.0,31230 Twp Road 251A Rural,4,2,Alberta,1306784,51.05,-114.0667,100000.0,2023,10
Calgary,275000.0,1324,2,2,Alberta,1306784,51.05,-114.0667,100000.0,2023,10
Calgary,849900.0,179 Sherview Grove NW,6,4,Alberta,1306784,51.05,-114.0667,100000.0,2023,10
Calgary,314000.0,618,1,1,Alberta,1306784,51.05,-114.0667,100000.0,2023,10
Calgary,224900.0,1214,2,2,Alberta,1306784,51.05,-114.0667,100000.0,2023,10
Calgary,319900.0,3206-302 Skyview Ranch Drive NE,2,2,Alberta,1306784,51.05,-114.0667,100000.0,2023,10
Calgary,1549900.0,26 Juneberry Heights,5,5,Alberta,1306784,51.05,-114.0667,100000.0,2023,10
Calgary,639900.0,424 Rundleville Place NE,4,3,Alberta,1306784,51.05,-114.0667,100000.0,2023,10
Calgary,229900.0,701-1330 15 Avenue SW,1,1,Alberta,1306784,51.05,-114.0667,100000.0,2023,10
Calgary,215000.0,311-816 89 Avenue SW,1,1,Alberta,1306784,51.05,-114.0667,100000.0,2023,10
Calgary,369900.0,109-300 Evanscreek Court NW,2,2,Alberta,1306784,51.05,-114.0667,100000.0,2023,10
Calgary,199900.0,117-335 Garry Crescent NE,2,2,Alberta,1306784,51.05,-114.0667,100000.0,2023,10
Calgary,389900.0,47 Huntstrom Drive NE,3,2,Alberta,1306784,51.05,-114.0667,100000.0,2023,10
Calgary,260000.0,10-3800 Fonda Way SE,3,1,Alberta,1306784,51.05,-114.0667,100000.0,2023,10
Calgary,439900.0,3255 39 Street SE,4,2,Alberta,1306784,51.05,-114.0667,100000.0,2023,10
Calgary,525000.0,12-1729 34 Avenue SW,3,3,Alberta,1306784,51.05,-114.0667,100000.0,2023,10
Calgary,549900.0,52 Martin Crossing Crescent NE,4,3,Alberta,1306784,51.05,-114.0667,100000.0,2023,10
Calgary,1775000.0,707 Imperial Way SW,4,4,Alberta,1306784,51.05,-114.0667,100000.0,2023,10
Calgary,219000.0,102-1033 15 Avenue SW,1,1,Alberta,1306784,51.05,-114.0667,100000.0,2023,10
Calgary,184900.0,211-1027 Cameron Avenue SW,1,1,Alberta,1306784,51.05,-114.0667,100000.0,2023,10
Calgary,699900.0,35 Evanscove Place NW,5,4,Alberta,1306784,51.05,-114.0667,100000.0,2023,10
Calgary,364900.0,1218-95 Burma Star Road SW,2,1,Alberta,1306784,51.05,-114.0667,100000.0,2023,10
Calgary,1776000.0,110 Mackenas,3,4,Alberta,1306784,51.05,-114.0667,100000.0,2023,10
Calgary,319900.0,301-42 6A Street NE,2,2,Alberta,1306784,51.05,-114.0667,100000.0,2023,10
Calgary,315000.0,211-3101 34 Avenue NW,1,1,Alberta,1306784,51.05,-114.0667,100000.0,2023,10
Calgary,339900.0,3210-3210 Hawksbrow Point NW,2,2,Alberta,1306784,51.05,-114.0667,100000.0,2023,10
Calgary,413900.0,110 Panamount Drive NW,3,2,Alberta,1306784,51.05,-114.0667,100000.0,2023,10
Calgary,249999.0,111-13104 Elbow Drive SW,2,1,Alberta,1306784,51.05,-114.0667,100000.0,2023,10
Calgary,1299900.0,81 Aspen Ridge Crescent SW,4,4,Alberta,1306784,51.05,-114.0667,100000.0,2023,10
Calgary,270000.0,301-823 1 Avenue NW,2,1,Alberta,1306784,51.05,-114.0667,100000.0,2023,10
Calgary,349800.0,611-1025 5 Avenue SW,1,1,Alberta,1306784,51.05,-114.0667,100000.0,2023,10
Calgary,785000.0,2023 24 Avenue NW,5,4,Alberta,1306784,51.05,-114.0667,100000.0,2023,10
Calgary,310000.0,302,2,2,Alberta,1306784,51.05,-114.0667,100000.0,2023,10
Calgary,1098000.0,147 Coral Shores Landing NE,7,4,Alberta,1306784,51.05,-114.0667,100000.0,2023,10
Calgary,730000.0,352 Saddlemont Boulevard NE,6,4,Alberta,1306784,51.05,-114.0667,100000.0,2023,10
Calgary,870000.0,510 23 Avenue NE,4,4,Alberta,1306784,51.05,-114.0667,100000.0,2023,10
Calgary,329900.0,1206-1330 15 Avenue SW,2,1,Alberta,1306784,51.05,-114.0667,100000.0,2023,10
Calgary,599888.0,121 Cityscape Terrace NE,3,3,Alberta,1306784,51.05,-114.0667,100000.0,2023,10
Calgary,1259000.0,1744 49 Avenue SW,4,5,Alberta,1306784,51.05,-114.0667,100000.0,2023,10
Calgary,329900.0,4420-181 Skyview Ranch Manor NE,2,1,Alberta,1306784,51.05,-114.0667,100000.0,2023,10
Calgary,2350000.0,29 Timberline Court SW,4,5,Alberta,1306784,51.05,-114.0667,100000.0,2023,10
Calgary,1800000.0,16 Wycliffe Mews,3,4,Alberta,1306784,51.05,-114.0667,100000.0,2023,10
Calgary,969900.0,258 22 Avenue NE,5,4,Alberta,1306784,51.05,-114.0667,100000.0,2023,10
Calgary,895000.0,157 Edith Villas NW,5,4,Alberta,1306784,51.05,-114.0667,100000.0,2023,10
Calgary,649900.0,48 New Brighton Common SE,4,3,Alberta,1306784,51.05,-114.0667,100000.0,2023,10
Calgary,645000.0,2508 21 Avenue SW,3,2,Alberta,1306784,51.05,-114.0667,100000.0,2023,10
Calgary,1684900.0,20 Dieppe Drive SW,5,4,Alberta,1306784,51.05,-114.0667,100000.0,2023,10
Calgary,1499900.0,904 Crescent Boulevard SW,4,3,Alberta,1306784,51.05,-114.0667,100000.0,2023,10
Calgary,499900.0,15 Castlegreen Close NE,5,2,Alberta,1306784,51.05,-114.0667,100000.0,2023,10
Calgary,529999.0,128 Carringvue Way NW,3,3,Alberta,1306784,51.05,-114.0667,100000.0,2023,10
Calgary,940000.0,236 Grayling Common,4,4,Alberta,1306784,51.05,-114.0667,100000.0,2023,10
Calgary,724900.0,888 Citadel Drive NW,4,4,Alberta,1306784,51.05,-114.0667,100000.0,2023,10
Calgary,2490000.0,111 Timberstone Court,4,6,Alberta,1306784,51.05,-114.0667,100000.0,2023,10
Calgary,399900.0,3317-11 Mahogany Row SE,2,2,Alberta,1306784,51.05,-114.0667,100000.0,2023,10
Calgary,252900.0,1603-2520 Palliser Drive SW,2,1,Alberta,1306784,51.05,-114.0667,100000.0,2023,10
Calgary,499900.0,86 Cambrian Drive NW,3,2,Alberta,1306784,51.05,-114.0667,100000.0,2023,10
Calgary,949900.0,451 Taralake Way NE,6,5,Alberta,1306784,51.05,-114.0667,100000.0,2023,10
Calgary,1074900.0,148 Sandpiper Landing,6,5,Alberta,1306784,51.05,-114.0667,100000.0,2023,10
Calgary,439900.0,101-121 Quarry Way SE,1,1,Alberta,1306784,51.05,-114.0667,100000.0,2023,10
Calgary,550000.0,165 Harvest Park Circle NE,4,4,Alberta,1306784,51.05,-114.0667,100000.0,2023,10
Calgary,589900.0,8407 58 Avenue NW,4,2,Alberta,1306784,51.05,-114.0667,100000.0,2023,10
Calgary,734900.0,30 Martha's Place NE,4,4,Alberta,1306784,51.05,-114.0667,100000.0,2023,10
Calgary,234900.0,703-1053 10 Street SW,1,1,Alberta,1306784,51.05,-114.0667,100000.0,2023,10
Calgary,919800.0,2809 35 Street SW,4,4,Alberta,1306784,51.05,-114.0667,100000.0,2023,10
Calgary,325000.0,3216-302 skyview ranch Drive NE,2,2,Alberta,1306784,51.05,-114.0667,100000.0,2023,10
Calgary,299999.0,10 Abbeydale Villas NE,3,2,Alberta,1306784,51.05,-114.0667,100000.0,2023,10
Calgary,275000.0,207-1410 1 Street SE,1,1,Alberta,1306784,51.05,-114.0667,100000.0,2023,10
Calgary,539999.0,19 San Diego Place NE,3,2,Alberta,1306784,51.05,-114.0667,100000.0,2023,10
Calgary,130000.0,99-3223 83 Street NW,3,1,Alberta,1306784,51.05,-114.0667,100000.0,2023,10
Calgary,569900.0,506-1726 14 Avenue NW,2,2,Alberta,1306784,51.05,-114.0667,100000.0,2023,10
Calgary,234900.0,307-1087 2 Avenue NW,1,1,Alberta,1306784,51.05,-114.0667,100000.0,2023,10
Calgary,329900.0,209-26 Val Gardena View SW,2,2,Alberta,1306784,51.05,-114.0667,100000.0,2023,10
Calgary,450000.0,1010-225 11 Avenue SE,2,2,Alberta,1306784,51.05,-114.0667,100000.0,2023,10
Calgary,769900.0,1507 22 Avenue NW,3,2,Alberta,1306784,51.05,-114.0667,100000.0,2023,10
Calgary,337000.0,173 Saddlebrook Point NE,2,1,Alberta,1306784,51.05,-114.0667,100000.0,2023,10
Calgary,745000.0,629 Panatella Boulevard NW,4,4,Alberta,1306784,51.05,-114.0667,100000.0,2023,10
Calgary,609000.0,502-320 Meredith Road NE,2,2,Alberta,1306784,51.05,-114.0667,100000.0,2023,10
Calgary,779000.0,1324 8th Avenue SE,3,2,Alberta,1306784,51.05,-114.0667,100000.0,2023,10
Calgary,749000.0,155 Everwillow Close SW,5,4,Alberta,1306784,51.05,-114.0667,100000.0,2023,10
Calgary,329900.0,13-3745 Fonda Way SE,3,1,Alberta,1306784,51.05,-114.0667,100000.0,2023,10
Calgary,645000.0,6202-315 Southampton Drive SW,2,1,Alberta,1306784,51.05,-114.0667,100000.0,2023,10
Calgary,194000.0,1635 22 Avenue NW,4,4,Alberta,1306784,51.05,-114.0667,100000.0,2023,10
Calgary,899500.0,88 Erin Grove Close SE,3,2,Alberta,1306784,51.05,-114.0667,100000.0,2023,10
Calgary,469900.0,2414,2,2,Alberta,1306784,51.05,-114.0667,100000.0,2023,10
Calgary,289900.0,210,1,1,Alberta,1306784,51.05,-114.0667,100000.0,2023,10
Calgary,149900.0,203,2,1,Alberta,1306784,51.05,-114.0667,100000.0,2023,10
Calgary,599900.0,223 Bridlewood Circle SW,4,4,Alberta,1306784,51.05,-114.0667,100000.0,2023,10
Calgary,649900.0,129 Royal Birch Mews NW,5,3,Alberta,1306784,51.05,-114.0667,100000.0,2023,10
Calgary,674900.0,5887 Dalcastle Drive NW,5,4,Alberta,1306784,51.05,-114.0667,100000.0,2023,10
Calgary,219000.0,425,2,2,Alberta,1306784,51.05,-114.0667,100000.0,2023,10
Calgary,455000.0,236 Covington Road NE,2,1,Alberta,1306784,51.05,-114.0667,100000.0,2023,10
Calgary,570000.0,319 Prestwick Landing SE,4,3,Alberta,1306784,51.05,-114.0667,100000.0,2023,10
Calgary,659900.0,59 Homestead Park NE,3,3,Alberta,1306784,51.05,-114.0667,100000.0,2023,10
Calgary,975000.0,2430 28 Avenue SW,4,4,Alberta,1306784,51.05,-114.0667,100000.0,2023,10
Calgary,400000.0,408 Covecreek Circle NE,2,2,Alberta,1306784,51.05,-114.0667,100000.0,2023,10
Calgary,59900.0,204-3223 83 Street NW,2,2,Alberta,1306784,51.05,-114.0667,100000.0,2023,10
Calgary,335000.0,2-336 Rundlehill Drive NE,3,3,Alberta,1306784,51.05,-114.0667,100000.0,2023,10
Calgary,619000.0,102 Country Club Lane,3,3,Alberta,1306784,51.05,-114.0667,100000.0,2023,10
Calgary,274900.0,61-4769 Hubalta Road SE,3,3,Alberta,1306784,51.05,-114.0667,100000.0,2023,10
Calgary,699900.0,125 Cityside Way NE,4,4,Alberta,1306784,51.05,-114.0667,100000.0,2023,10
Calgary,258800.0,309-1121 6 Avenue SW,1,1,Alberta,1306784,51.05,-114.0667,100000.0,2023,10
Calgary,2980000.0,2316 12 Avenue NW,5,7,Alberta,1306784,51.05,-114.0667,100000.0,2023,10
Calgary,438000.0,312 SKYVIEW POINT Place NE,3,3,Alberta,1306784,51.05,-114.0667,100000.0,2023,10
Calgary,460000.0,319 Martinbrook Place NE,3,2,Alberta,1306784,51.05,-114.0667,100000.0,2023,10
Calgary,350000.0,173-6915 Ranchview Drive NW,4,2,Alberta,1306784,51.05,-114.0667,100000.0,2023,10
Calgary,569000.0,257 Dawson Circle,3,3,Alberta,1306784,51.05,-114.0667,100000.0,2023,10
Calgary,289900.0,189 Templehill Drive NE,3,1,Alberta,1306784,51.05,-114.0667,100000.0,2023,10
Calgary,269900.0,105,2,2,Alberta,1306784,51.05,-114.0667,100000.0,2023,10
Calgary,614900.0,884 Copperfield Boulevard SE,3,3,Alberta,1306784,51.05,-114.0667,100000.0,2023,10
Calgary,295000.0,7209,2,2,Alberta,1306784,51.05,-114.0667,100000.0,2023,10
Calgary,304900.0,1211,2,1,Alberta,1306784,51.05,-114.0667,100000.0,2023,10
Calgary,270000.0,3120,2,2,Alberta,1306784,51.05,-114.0667,100000.0,2023,10
Calgary,779900.0,3423 1 Street NW,4,3,Alberta,1306784,51.05,-114.0667,100000.0,2023,10
Calgary,350000.0,62 Bedford Manor NE,3,3,Alberta,1306784,51.05,-114.0667,100000.0,2023,10
Calgary,169000.0,202,1,1,Alberta,1306784,51.05,-114.0667,100000.0,2023,10
Calgary,529900.0,191 Anaheim Circle NE,4,3,Alberta,1306784,51.05,-114.0667,100000.0,2023,10
Calgary,509000.0,8211 Fairmount Drive SE,4,2,Alberta,1306784,51.05,-114.0667,100000.0,2023,10
Calgary,374900.0,102,3,2,Alberta,1306784,51.05,-114.0667,100000.0,2023,10
Calgary,249000.0,311,2,1,Alberta,1306784,51.05,-114.0667,100000.0,2023,10
Calgary,774999.0,824 Corner meadow Way NE,3,3,Alberta,1306784,51.05,-114.0667,100000.0,2023,10
Calgary,579900.0,110 Sweet Clover Link,3,3,Alberta,1306784,51.05,-114.0667,100000.0,2023,10
Calgary,298000.0,1301,2,2,Alberta,1306784,51.05,-114.0667,100000.0,2023,10
Calgary,575000.0,219 New Brighton Landing SE,3,3,Alberta,1306784,51.05,-114.0667,100000.0,2023,10
Calgary,399900.0,138 Skyview Springs Manor NE,2,3,Alberta,1306784,51.05,-114.0667,100000.0,2023,10
Calgary,449900.0,20 Cornerstone Passage NE,4,3,Alberta,1306784,51.05,-114.0667,100000.0,2023,10
Calgary,249900.0,120 Oaktree LANE SW,2,1,Alberta,1306784,51.05,-114.0667,100000.0,2023,10
Calgary,785000.0,174 Evanspark Circle NW,3,4,Alberta,1306784,51.05,-114.0667,100000.0,2023,10
Calgary,339000.0,104,3,2,Alberta,1306784,51.05,-114.0667,100000.0,2023,10
Calgary,469000.0,196 Harvest Rose Circle NE,3,3,Alberta,1306784,51.05,-114.0667,100000.0,2023,10
Calgary,529999.0,11217 Cityscape Drive NE,3,3,Alberta,1306784,51.05,-114.0667,100000.0,2023,10
Calgary,661500.0,A-413 13 Avenue NE,3,3,Alberta,1306784,51.05,-114.0667,100000.0,2023,10
Calgary,809900.0,528 8A Street NE,2,2,Alberta,1306784,51.05,-114.0667,100000.0,2023,10
Calgary,249900.0,1611-4641 128 Avenue NE,2,1,Alberta,1306784,51.05,-114.0667,100000.0,2023,10
Calgary,359900.0,503-510 6 Avenue SE,1,1,Alberta,1306784,51.05,-114.0667,100000.0,2023,10
Calgary,559000.0,31 Carmel Close NE,3,2,Alberta,1306784,51.05,-114.0667,100000.0,2023,10
Calgary,2998000.0,82 Elbow River Road,4,4,Alberta,1306784,51.05,-114.0667,100000.0,2023,10
Calgary,549900.0,1116 34 Street SE,5,2,Alberta,1306784,51.05,-114.0667,100000.0,2023,10
Calgary,759900.0,3-8101 8 Avenue SW,4,3,Alberta,1306784,51.05,-114.0667,100000.0,2023,10
Calgary,305000.0,401-1209 6 Street SW,2,2,Alberta,1306784,51.05,-114.0667,100000.0,2023,10
Calgary,879900.0,239 chelsea Heath,4,4,Alberta,1306784,51.05,-114.0667,100000.0,2023,10
Calgary,800000.0,3034 4 Street SW,2,1,Alberta,1306784,51.05,-114.0667,100000.0,2023,10
Calgary,869900.0,3520 Boulton Road NW,5,3,Alberta,1306784,51.05,-114.0667,100000.0,2023,10
Calgary,339900.0,310-500 Rocky Vista Gardens NW,2,2,Alberta,1306784,51.05,-114.0667,100000.0,2023,10
Calgary,679900.0,50 Citadel Crest Green NW,3,3,Alberta,1306784,51.05,-114.0667,100000.0,2023,10
Calgary,1695000.0,208 Fortress Bay SW,4,5,Alberta,1306784,51.05,-114.0667,100000.0,2023,10
Calgary,599000.0,168 Somerside Close SW,4,2,Alberta,1306784,51.05,-114.0667,100000.0,2023,10
Calgary,759999.0,300 Auburn Glen Manor SE,4,3,Alberta,1306784,51.05,-114.0667,100000.0,2023,10
Calgary,824900.0,3126 45 Street SW,4,4,Alberta,1306784,51.05,-114.0667,100000.0,2023,10
Calgary,341000.0,804-1414 5 Street SW,2,1,Alberta,1306784,51.05,-114.0667,100000.0,2023,10
Calgary,376845.0,49 Sunlake Road SE,4,3,Alberta,1306784,51.05,-114.0667,100000.0,2023,10
Calgary,790000.0,190 Doverglen Crescent SE,3,2,Alberta,1306784,51.05,-114.0667,100000.0,2023,10
Calgary,395000.0,99 Cornerstone Path NE,3,3,Alberta,1306784,51.05,-114.0667,100000.0,2023,10
Calgary,544500.0,92 martingrove way,4,4,Alberta,1306784,51.05,-114.0667,100000.0,2023,10
Calgary,565000.0,37 Val Gardena View SW,4,4,Alberta,1306784,51.05,-114.0667,100000.0,2023,10
Calgary,1128000.0,307-15 Somervale View SW,2,1,Alberta,1306784,51.05,-114.0667,100000.0,2023,10
Calgary,240000.0,108-2416 Erlton Street SW,3,2,Alberta,1306784,51.05,-114.0667,100000.0,2023,10
Calgary,484900.0,941 42 Street SW,4,4,Alberta,1306784,51.05,-114.0667,100000.0,2023,10
Calgary,1198000.0,2028 Bowness Road NW,4,4,Alberta,1306784,51.05,-114.0667,100000.0,2023,10
Calgary,1249900.0,4647 80 Street NW,2,1,Alberta,1306784,51.05,-114.0667,100000.0,2023,10
Calgary,509900.0,107 Stonemere Place,4,3,Alberta,1306784,51.05,-114.0667,100000.0,2023,10
Calgary,349900.0,1328,1,1,Alberta,1306784,51.05,-114.0667,100000.0,2023,10
Calgary,215000.0,3423 Oakwood Drive,4,4,Alberta,1306784,51.05,-114.0667,100000.0,2023,10
Calgary,999900.0,102,1,1,Alberta,1306784,51.05,-114.0667,100000.0,2023,10
Calgary,169900.0,102,1,1,Alberta,1306784,51.05,-114.0667,100000.0,2023,10
Calgary,625000.0,168 Macewan Meadow Way NW,4,3,Alberta,1306784,51.05,-114.0667,100000.0,2023,10
Calgary,219000.0,5101,2,1,Alberta,1306784,51.05,-114.0667,100000.0,2023,10
Calgary,799900.0,63 Glacier Drive SW,5,2,Alberta,1306784,51.05,-114.0667,100000.0,2023,10
Calgary,1320000.0,532 37 Street SW,4,5,Alberta,1306784,51.05,-114.0667,100000.0,2023,10
Calgary,699000.0,137 Hawkbury Close NW,4,4,Alberta,1306784,51.05,-114.0667,100000.0,2023,10
Calgary,415000.0,198 Royal Oak Gardens NW,3,2,Alberta,1306784,51.05,-114.0667,100000.0,2023,10
Calgary,450000.0,8132 13 Street NW,4,2,Alberta,1306784,51.05,-114.0667,100000.0,2023,10
Calgary,235000.0,430,1,1,Alberta,1306784,51.05,-114.0667,100000.0,2023,10
Calgary,589900.0,10407 Fairmount Drive SE,3,3,Alberta,1306784,51.05,-114.0667,100000.0,2023,10
Calgary,379000.0,204,1,1,Alberta,1306784,51.05,-114.0667,100000.0,2023,10
Calgary,849999.0,11 Discovery Ridge Hill SW,5,4,Alberta,1306784,51.05,-114.0667,100000.0,2023,10
Calgary,249900.0,401,2,1,Alberta,1306784,51.05,-114.0667,100000.0,2023,10
Calgary,659900.0,253 Tuscany Reserve Rise NW,3,3,Alberta,1306784,51.05,-114.0667,100000.0,2023,10
Calgary,304900.0,3106,2,2,Alberta,1306784,51.05,-114.0667,100000.0,2023,10
Calgary,349900.0,418,1,1,Alberta,1306784,51.05,-114.0667,100000.0,2023,10
Calgary,574900.0,9477 Hidden Valley Drive NW,4,4,Alberta,1306784,51.05,-114.0667,100000.0,2023,10
Calgary,349900.0,2,3,2,Alberta,1306784,51.05,-114.0667,100000.0,2023,10
Calgary,395000.0,112,2,2,Alberta,1306784,51.05,-114.0667,100000.0,2023,10
Calgary,525000.0,153 Mt Allan Circle SE,3,3,Alberta,1306784,51.05,-114.0667,100000.0,2023,10
Calgary,315000.0,1101,2,2,Alberta,1306784,51.05,-114.0667,100000.0,2023,10
Calgary,214900.0,1106,1,1,Alberta,1306784,51.05,-114.0667,100000.0,2023,10
Calgary,684900.0,240 Oakhill Place SW,4,3,Alberta,1306784,51.05,-114.0667,100000.0,2023,10
Calgary,900000.0,189 Woodpark Close SW,5,4,Alberta,1306784,51.05,-114.0667,100000.0,2023,10
Calgary,484900.0,23 Sherwood Row NW,3,3,Alberta,1306784,51.05,-114.0667,100000.0,2023,10
Calgary,270000.0,2710 Dovely Park SE,2,1,Alberta,1306784,51.05,-114.0667,100000.0,2023,10
Calgary,732000.0,10089 Hamptons Boulevard NW,4,3,Alberta,1306784,51.05,-114.0667,100000.0,2023,10
Calgary,279900.0,46,2,1,Alberta,1306784,51.05,-114.0667,100000.0,2023,10
Calgary,475000.0,7 Harvest Rose Circle NE,4,3,Alberta,1306784,51.05,-114.0667,100000.0,2023,10
Calgary,549900.0,195 Coventry Green NE,4,3,Alberta,1306784,51.05,-114.0667,100000.0,2023,10
Calgary,289900.0,2123,2,2,Alberta,1306784,51.05,-114.0667,100000.0,2023,10
Calgary,370000.0,215-838 19 Avenue SW,2,2,Alberta,1306784,51.05,-114.0667,100000.0,2023,10
Calgary,699900.0,72 Panora View NW,3,3,Alberta,1306784,51.05,-114.0667,100000.0,2023,10
Calgary,629900.0,127 Brightonstone Common SE,3,3,Alberta,1306784,51.05,-114.0667,100000.0,2023,10
Calgary,624900.0,9819 Auburn Road SE,3,1,Alberta,1306784,51.05,-114.0667,100000.0,2023,10
Calgary,4500000.0,31122 Morgans View,5,8,Alberta,1306784,51.05,-114.0667,100000.0,2023,10
Calgary,719000.0,117 Rochester Way NW,3,3,Alberta,1306784,51.05,-114.0667,100000.0,2023,10
Calgary,1275000.0,1604 Scotland Street SW,3,3,Alberta,1306784,51.05,-114.0667,100000.0,2023,10
Calgary,630000.0,83 Somerglen Way SW,5,4,Alberta,1306784,51.05,-114.0667,100000.0,2023,10
Calgary,599900.0,115 AQUILA Way NW,3,3,Alberta,1306784,51.05,-114.0667,100000.0,2023,10
Calgary,249900.0,1208-928 Arbour Lake Road NW,1,1,Alberta,1306784,51.05,-114.0667,100000.0,2023,10
Calgary,589900.0,79 Somerglen Place SW,3,3,Alberta,1306784,51.05,-114.0667,100000.0,2023,10
Calgary,699900.0,125 Shawnee Rise SW,3,3,Alberta,1306784,51.05,-114.0667,100000.0,2023,10
Calgary,750000.0,4410 17 Avenue NW,5,4,Alberta,1306784,51.05,-114.0667,100000.0,2023,10
Calgary,1099000.0,415 11 Street NE,4,5,Alberta,1306784,51.05,-114.0667,100000.0,2023,10
Calgary,324900.0,1008-1111 6 Avenue SW,2,2,Alberta,1306784,51.05,-114.0667,100000.0,2023,10
Calgary,785000.0,12431 Crestmont Boulevard SW,4,4,Alberta,1306784,51.05,-114.0667,100000.0,2023,10
Calgary,350000.0,13-169 Rockyledge View NW,2,2,Alberta,1306784,51.05,-114.0667,100000.0,2023,10
Calgary,969900.0,3115 5 Street NW,4,4,Alberta,1306784,51.05,-114.0667,100000.0,2023,10
Calgary,999990.0,1907 49 Avenue,4,4,Alberta,1306784,51.05,-114.0667,100000.0,2023,10
Calgary,599900.0,46 Hays Drive SW,3,2,Alberta,1306784,51.05,-114.0667,100000.0,2023,10
Calgary,1099900.0,49 Elmont Estates Manor SW,6,4,Alberta,1306784,51.05,-114.0667,100000.0,2023,10
Calgary,489900.0,26 CORNER MEADOWS Manor NE,4,3,Alberta,1306784,51.05,-114.0667,100000.0,2023,10
Calgary,1049900.0,3 Taralake Mews NE,8,6,Alberta,1306784,51.05,-114.0667,100000.0,2023,10
Calgary,335000.0,433 Georgian Villas NE,3,3,Alberta,1306784,51.05,-114.0667,100000.0,2023,10
Calgary,400000.0,213-60 Sierra Morena Landing SW,2,2,Alberta,1306784,51.05,-114.0667,100000.0,2023,10
Calgary,314900.0,406-25 Auburn Meadows Avenue SE,2,1,Alberta,1306784,51.05,-114.0667,100000.0,2023,10
Calgary,999900.0,3-5501 Elbow Drive SW,3,4,Alberta,1306784,51.05,-114.0667,100000.0,2023,10
Calgary,283000.0,213-6703 New Brighton Avenue SE,2,1,Alberta,1306784,51.05,-114.0667,100000.0,2023,10
Calgary,398088.0,204 Covecreek Circle NE,2,2,Alberta,1306784,51.05,-114.0667,100000.0,2023,10
Calgary,774900.0,643 36 Street SW,5,2,Alberta,1306784,51.05,-114.0667,100000.0,2023,10
Calgary,1450000.0,7088 Christie Briar Manor SW,5,5,Alberta,1306784,51.05,-114.0667,100000.0,2023,10
Calgary,283000.0,213-6703 New Brighton Avenue SE,2,1,Alberta,1306784,51.05,-114.0667,100000.0,2023,10
Calgary,398088.0,204 Covecreek Circle NE,2,2,Alberta,1306784,51.05,-114.0667,100000.0,2023,10
Calgary,999900.0,3-5501 Elbow Drive SW,3,4,Alberta,1306784,51.05,-114.0667,100000.0,2023,10
Calgary,3850000.0,3035 Roxboro Glen Road SW,5,6,Alberta,1306784,51.05,-114.0667,100000.0,2023,10
Calgary,425000.0,260 Red Embers Way NE,3,3,Alberta,1306784,51.05,-114.0667,100000.0,2023,10
Calgary,284500.0,180-300 Marina Drive,2,1,Alberta,1306784,51.05,-114.0667,100000.0,2023,10
Calgary,549500.0,189 Citadel Forest Close NW,3,2,Alberta,1306784,51.05,-114.0667,100000.0,2023,10
Calgary,815000.0,178 Tuscarora Circle NW,5,3,Alberta,1306784,51.05,-114.0667,100000.0,2023,10
Calgary,499000.0,204-699 Savanna Boulevard NE,3,3,Alberta,1306784,51.05,-114.0667,100000.0,2023,10
Calgary,394900.0,231 Covecreek Circle NE,2,2,Alberta,1306784,51.05,-114.0667,100000.0,2023,10
Calgary,538888.0,310-1000 Centre Avenue NE,2,2,Alberta,1306784,51.05,-114.0667,100000.0,2023,10
Calgary,599990.0,27 Coville Close NE,4,3,Alberta,1306784,51.05,-114.0667,100000.0,2023,10
Calgary,825000.0,935 Regal Crescent NE,4,4,Alberta,1306784,51.05,-114.0667,100000.0,2023,10
Calgary,839900.0,933 Regal Crescent NE,4,4,Alberta,1306784,51.05,-114.0667,100000.0,2023,10
Calgary,879900.0,218 Evergreen Heights SW,3,3,Alberta,1306784,51.05,-114.0667,100000.0,2023,10
Calgary,510000.0,5236 5 Avenue SE,5,2,Alberta,1306784,51.05,-114.0667,100000.0,2023,10
Calgary,920000.0,2528 7 Avenue NW,3,2,Alberta,1306784,51.05,-114.0667,100000.0,2023,10
Calgary,799900.0,232 Westwood Drive SW,4,3,Alberta,1306784,51.05,-114.0667,100000.0,2023,10
Calgary,920000.0,2528 7 Avenue NW,3,2,Alberta,1306784,51.05,-114.0667,100000.0,2023,10
Calgary,1425000.0,3 Ollerenshaw Ranch,3,3,Alberta,1306784,51.05,-114.0667,100000.0,2023,10
Calgary,199900.0,3203-3000 Millrise Point SW,1,1,Alberta,1306784,51.05,-114.0667,100000.0,2023,10
Calgary,169000.0,401-1612 14 Avenue SW,1,1,Alberta,1306784,51.05,-114.0667,100000.0,2023,10
Calgary,535000.0,2412 Cherokee Drive NW,4,3,Alberta,1306784,51.05,-114.0667,100000.0,2023,10
Calgary,899000.0,3401-210 15 Avenue SE,2,2,Alberta,1306784,51.05,-114.0667,100000.0,2023,10
Calgary,999900.0,103 Copperstone Boulevard SE,3,3,Alberta,1306784,51.05,-114.0667,100000.0,2023,10
Calgary,629900.0,808-8880 Horton Road SW,2,2,Alberta,1306784,51.05,-114.0667,100000.0,2023,10
Calgary,529900.0,135 Strathdale Close SW,5,4,Alberta,1306784,51.05,-114.0667,100000.0,2023,10
Calgary,349900.0,627 30 Avenue NE,3,2,Alberta,1306784,51.05,-114.0667,100000.0,2023,10
Calgary,868900.0,177 Elgin Meadows Park SE,2,4,Alberta,1306784,51.05,-114.0667,100000.0,2023,10
Calgary,3300000.0,119 Saddlecrest Gardens NE,6,4,Alberta,1306784,51.05,-114.0667,100000.0,2023,10
Calgary,574900.0,48-99 Christie Point SW,2,3,Alberta,1306784,51.05,-114.0667,100000.0,2023,10
Calgary,484500.0,2440 31 Avenue SW,4,2,Alberta,1306784,51.05,-114.0667,100000.0,2023,10
Calgary,819900.0,4104-530 3 Street SE,3,2,Alberta,1306784,51.05,-114.0667,100000.0,2023,10
Calgary,690000.0,4-645 Meredith Road NE,2,1,Alberta,1306784,51.05,-114.0667,100000.0,2023,10
Calgary,439900.0,704-2505 17 Avenue SW,2,3,Alberta,1306784,51.05,-114.0667,100000.0,2023,10
Calgary,264999.0,312-7110 80 Avenue NE,1,1,Alberta,1306784,51.05,-114.0667,100000.0,2023,10
Calgary,1100000.0,1104-200 La Caille Place SW,2,2,Alberta,1306784,51.05,-114.0667,100000.0,2023,10
Calgary,364900.0,209-301 10 Street NW,1,1,Alberta,1306784,51.05,-114.0667,100000.0,2023,10
Calgary,500000.0,3402-402 Kincora Glen Road NW,3,2,Alberta,1306784,51.05,-114.0667,100000.0,2023,10
Calgary,449900.0,39 Bermuda Drive NW,4,2,Alberta,1306784,51.05,-114.0667,100000.0,2023,10
Calgary,229000.0,102-1025 14 Avenue SW,2,1,Alberta,1306784,51.05,-114.0667,100000.0,2023,10
Calgary,499900.0,510-10060 46 Street NE,3,3,Alberta,1306784,51.05,-114.0667,100000.0,2023,10
Calgary,920000.0,2524 7 Avenue NW,5,2,Alberta,1306784,51.05,-114.0667,100000.0,2023,10
Calgary,647000.0,549 Coral Keys Villas NE,5,4,Alberta,1306784,51.05,-114.0667,100000.0,2023,10
Calgary,458200.0,227 Falmere Way NE,3,2,Alberta,1306784,51.05,-114.0667,100000.0,2023,10
Calgary,889900.0,757 Qualicum Beach Bay,5,4,Alberta,1306784,51.05,-114.0667,100000.0,2023,10
Calgary,519900.0,333 Triune Bay,3,3,Alberta,1306784,51.05,-114.0667,100000.0,2023,10
Calgary,399900.0,228-371 Marina Drive,2,3,Alberta,1306784,51.05,-114.0667,100000.0,2023,10
Calgary,574900.0,116 Hidden Vale Crescent NW,4,3,Alberta,1306784,51.05,-114.0667,100000.0,2023,10
Calgary,574900.0,116 Hidden Vale Crescent NW,4,3,Alberta,1306784,51.05,-114.0667,100000.0,2023,10
Calgary,439900.0,604,2,2,Alberta,1306784,51.05,-114.0667,100000.0,2023,10
Calgary,539000.0,6019 Pinepoint Drive NE,5,3,Alberta,1306784,51.05,-114.0667,100000.0,2023,10
Calgary,365000.0,123 Abingdon Court NE,3,2,Alberta,1306784,51.05,-114.0667,100000.0,2023,10
Calgary,259900.0,401,2,1,Alberta,1306784,51.05,-114.0667,100000.0,2023,10
Calgary,224900.0,101,1,1,Alberta,1306784,51.05,-114.0667,100000.0,2023,10
Calgary,448888.0,47 Dovely Way SE,3,2,Alberta,1306784,51.05,-114.0667,100000.0,2023,10
Calgary,728000.0,2304 5 Street NW,3,4,Alberta,1306784,51.05,-114.0667,100000.0,2023,10
Calgary,759900.0,153 Mt Robson Close SE,4,4,Alberta,1306784,51.05,-114.0667,100000.0,2023,10
Calgary,593500.0,1125 Prestwick Circle SE,4,3,Alberta,1306784,51.05,-114.0667,100000.0,2023,10
Calgary,269000.0,1404,2,2,Alberta,1306784,51.05,-114.0667,100000.0,2023,10
Calgary,205000.0,2710,1,1,Alberta,1306784,51.05,-114.0667,100000.0,2023,10
Calgary,1325000.0,92 Beny-Sur-Mer Road SW,3,4,Alberta,1306784,51.05,-114.0667,100000.0,2023,10
Calgary,699900.0,1928 25 Avenue SW,2,2,Alberta,1306784,51.05,-114.0667,100000.0,2023,10
Calgary,459900.0,10735 Cityscape Drive NE,3,3,Alberta,1306784,51.05,-114.0667,100000.0,2023,10
Calgary,537500.0,316 Braniff Place SW,4,3,Alberta,1306784,51.05,-114.0667,100000.0,2023,10
Calgary,255000.0,55,2,1,Alberta,1306784,51.05,-114.0667,100000.0,2023,10
Calgary,299900.0,11,3,1,Alberta,1306784,51.05,-114.0667,100000.0,2023,10
Calgary,629900.0,10724 Maplebend Drive SE,4,3,Alberta,1306784,51.05,-114.0667,100000.0,2023,10
Calgary,500000.0,2106,2,2,Alberta,1306784,51.05,-114.0667,100000.0,2023,10
Calgary,235000.0,604,1,1,Alberta,1306784,51.05,-114.0667,100000.0,2023,10
Calgary,450000.0,205 Christie Park Mews SW,2,3,Alberta,1306784,51.05,-114.0667,100000.0,2023,10
Calgary,949900.0,4612 70 Street NW,5,4,Alberta,1306784,51.05,-114.0667,100000.0,2023,10
Calgary,399900.0,42 Shawinigan LANE SW,3,3,Alberta,1306784,51.05,-114.0667,100000.0,2023,10
Calgary,559000.0,235 Martell Road NE,3,2,Alberta,1306784,51.05,-114.0667,100000.0,2023,10
Calgary,549900.0,41 Millbank Bay SW,4,3,Alberta,1306784,51.05,-114.0667,100000.0,2023,10
Calgary,559000.0,308 Queen Anne Way SE,4,3,Alberta,1306784,51.05,-114.0667,100000.0,2023,10
Calgary,654900.0,51 Montrose Crescent NE,5,2,Alberta,1306784,51.05,-114.0667,100000.0,2023,10
Calgary,425000.0,112 Strathlorne Mews SW,2,2,Alberta,1306784,51.05,-114.0667,100000.0,2023,10
Calgary,269900.0,1404,1,1,Alberta,1306784,51.05,-114.0667,100000.0,2023,10
Calgary,235000.0,422,2,1,Alberta,1306784,51.05,-114.0667,100000.0,2023,10
Calgary,270000.0,4118,2,2,Alberta,1306784,51.05,-114.0667,100000.0,2023,10
Calgary,610000.0,321 Nolanfield Way NW,3,4,Alberta,1306784,51.05,-114.0667,100000.0,2023,10
Calgary,669000.0,33 Douglas Ridge Close SE,3,4,Alberta,1306784,51.05,-114.0667,100000.0,2023,10
Calgary,519900.0,27 Inverness Grove SE,3,3,Alberta,1306784,51.05,-114.0667,100000.0,2023,10
Calgary,300000.0,311,2,2,Alberta,1306784,51.05,-114.0667,100000.0,2023,10
Calgary,499900.0,95 Shawglen Rise SW,4,2,Alberta,1306784,51.05,-114.0667,100000.0,2023,10
Calgary,549800.0,25 Gladstone Gardens SW,2,3,Alberta,1306784,51.05,-114.0667,100000.0,2023,10
Calgary,500000.0,104,3,2,Alberta,1306784,51.05,-114.0667,100000.0,2023,10
Calgary,469900.0,225 Marquis LANE SE,3,3,Alberta,1306784,51.05,-114.0667,100000.0,2023,10
Calgary,675000.0,2168 Brightoncrest Green SE,3,3,Alberta,1306784,51.05,-114.0667,100000.0,2023,10
Calgary,579900.0,5231 Maryvale Drive NE,5,2,Alberta,1306784,51.05,-114.0667,100000.0,2023,10
Calgary,319786.0,9,3,2,Alberta,1306784,51.05,-114.0667,100000.0,2023,10
Calgary,889999.0,161 Carringsby Way NW,6,5,Alberta,1306784,51.05,-114.0667,100000.0,2023,10
Calgary,650000.0,222 Midridge Crescent SE,3,3,Alberta,1306784,51.05,-114.0667,100000.0,2023,10
Calgary,540000.0,4019 Dovercrest Drive SE,3,2,Alberta,1306784,51.05,-114.0667,100000.0,2023,10
Calgary,850000.0,316 Douglas Park View SE,4,3,Alberta,1306784,51.05,-114.0667,100000.0,2023,10
Calgary,610000.0,1835 Na'a Drive SW,3,3,Alberta,1306784,51.05,-114.0667,100000.0,2023,10
Calgary,420000.0,42 Coachway Gardens SW,3,3,Alberta,1306784,51.05,-114.0667,100000.0,2023,10
Calgary,325000.0,701-1188 3 Street SE,1,1,Alberta,1306784,51.05,-114.0667,100000.0,2023,10
Calgary,675000.0,81 Redstone Plaza NE,4,3,Alberta,1306784,51.05,-114.0667,100000.0,2023,10
Calgary,664900.0,627 21 Avenue NE,3,3,Alberta,1306784,51.05,-114.0667,100000.0,2023,10
Calgary,485000.0,318 Evanscrest Square NW,3,3,Alberta,1306784,51.05,-114.0667,100000.0,2023,10
Calgary,429900.0,396 Killarney Glen Court SW,3,3,Alberta,1306784,51.05,-114.0667,100000.0,2023,10
Calgary,699900.0,795 Taradale Drive NE,4,4,Alberta,1306784,51.05,-114.0667,100000.0,2023,10
Calgary,679000.0,328 29 Avenue NE,4,2,Alberta,1306784,51.05,-114.0667,100000.0,2023,10
Calgary,630000.0,52 Evansbrooke Point NW,3,3,Alberta,1306784,51.05,-114.0667,100000.0,2023,10
Calgary,565000.0,6908 4 Avenue NE,6,4,Alberta,1306784,51.05,-114.0667,100000.0,2023,10
Calgary,399900.0,405-1107 Gladstone Road NW,2,2,Alberta,1306784,51.05,-114.0667,100000.0,2023,10
Calgary,1249000.0,140 Kinniburgh Loop,6,5,Alberta,1306784,51.05,-114.0667,100000.0,2023,10
Calgary,599900.0,226 Arbour Cliff Close NW,3,3,Alberta,1306784,51.05,-114.0667,100000.0,2023,10
Calgary,347500.0,204-33 6A Street NE,1,1,Alberta,1306784,51.05,-114.0667,100000.0,2023,10
Calgary,929000.0,621 36 Street SW,4,4,Alberta,1306784,51.05,-114.0667,100000.0,2023,10
Calgary,1049000.0,2013 35 Street SW,4,5,Alberta,1306784,51.05,-114.0667,100000.0,2023,10
Calgary,649900.0,1405 15 Street SW,3,3,Alberta,1306784,51.05,-114.0667,100000.0,2023,10
Calgary,554903.0,409-150 Shawnee Square SW,3,2,Alberta,1306784,51.05,-114.0667,100000.0,2023,10
Calgary,219900.0,14-1230 Cameron Avenue SW,1,1,Alberta,1306784,51.05,-114.0667,100000.0,2023,10
Calgary,609900.0,201 27 Avenue NW,2,2,Alberta,1306784,51.05,-114.0667,100000.0,2023,10
Calgary,799000.0,27 Hawkstone Drive NW,4,4,Alberta,1306784,51.05,-114.0667,100000.0,2023,10
Calgary,899900.0,16 Schiller Crescent NW,5,4,Alberta,1306784,51.05,-114.0667,100000.0,2023,10
Calgary,768000.0,1103 Rupert Road NE,6,3,Alberta,1306784,51.05,-114.0667,100000.0,2023,10
Calgary,579900.0,2039 46 Street SE,3,1,Alberta,1306784,51.05,-114.0667,100000.0,2023,10
Calgary,429900.0,313-11 Mahogany Circle SE,1,1,Alberta,1306784,51.05,-114.0667,100000.0,2023,10
Calgary,1325000.0,92 Beny-Sur-Mer Road SW,3,4,Alberta,1306784,51.05,-114.0667,100000.0,2023,10
Calgary,269000.0,404-320 24 Avenue SW,1,1,Alberta,1306784,51.05,-114.0667,100000.0,2023,10
Calgary,499900.0,172 Copperleaf Way SE,3,4,Alberta,1306784,51.05,-114.0667,100000.0,2023,10
Calgary,309000.0,413-10 Sage Hill Walk NW,2,1,Alberta,1306784,51.05,-114.0667,100000.0,2023,10
Calgary,649900.0,220 Edith Walk NW,3,3,Alberta,1306784,51.05,-114.0667,100000.0,2023,10
Calgary,779900.0,2843 42 Street SW,4,3,Alberta,1306784,51.05,-114.0667,100000.0,2023,10
Calgary,820000.0,158 Verity Manor SW,3,3,Alberta,1306784,51.05,-114.0667,100000.0,2023,10
Calgary,699900.0,208 Edith Walk NW,3,3,Alberta,1306784,51.05,-114.0667,100000.0,2023,10
Calgary,795000.0,85 Red Embers Manor NE,5,4,Alberta,1306784,51.05,-114.0667,100000.0,2023,10
Calgary,576345.0,405-530 3 Street SE,2,2,Alberta,1306784,51.05,-114.0667,100000.0,2023,10
Calgary,465000.0,2406-99 Spruce Place SW,2,2,Alberta,1306784,51.05,-114.0667,100000.0,2023,10
Calgary,779900.0,2843 42 Street SW,4,3,Alberta,1306784,51.05,-114.0667,100000.0,2023,10
Calgary,820000.0,158 Verity Manor SW,3,3,Alberta,1306784,51.05,-114.0667,100000.0,2023,10
Calgary,309000.0,413-10 Sage Hill Walk NW,2,1,Alberta,1306784,51.05,-114.0667,100000.0,2023,10
Calgary,379900.0,57 Harvest Glen Heights NE,2,2,Alberta,1306784,51.05,-114.0667,100000.0,2023,10
Calgary,449900.0,915 43 Street SE,4,2,Alberta,1306784,51.05,-114.0667,100000.0,2023,10
Calgary,298000.0,405-108 15 Avenue SE,2,1,Alberta,1306784,51.05,-114.0667,100000.0,2023,10
Calgary,728888.0,22 Martha's Place NE,6,4,Alberta,1306784,51.05,-114.0667,100000.0,2023,10
Calgary,650000.0,1-2233 26 Avenue SW,3,4,Alberta,1306784,51.05,-114.0667,100000.0,2023,10
Calgary,268000.0,2503-1122 3 Street SE,1,1,Alberta,1306784,51.05,-114.0667,100000.0,2023,10
Calgary,539000.0,11 Deerfield Circle SE,4,2,Alberta,1306784,51.05,-114.0667,100000.0,2023,10
Calgary,379900.0,6937 Ranchero Road NW,2,2,Alberta,1306784,51.05,-114.0667,100000.0,2023,10
Calgary,429900.0,1131-2330 Fish Creek Boulevard SW,1,1,Alberta,1306784,51.05,-114.0667,100000.0,2023,10
Calgary,738800.0,7940 Springbank Boulevard SW,3,3,Alberta,1306784,51.05,-114.0667,100000.0,2023,10
Calgary,519900.0,27 Inverness Grove SE,3,3,Alberta,1306784,51.05,-114.0667,100000.0,2023,10
Calgary,775000.0,1632 7A Street NW,3,2,Alberta,1306784,51.05,-114.0667,100000.0,2023,10
Calgary,250000.0,202-912 19 Avenue SW,1,1,Alberta,1306784,51.05,-114.0667,100000.0,2023,10
Calgary,659900.0,11 Bridlerange Circle SW,3,3,Alberta,1306784,51.05,-114.0667,100000.0,2023,10
Calgary,569900.0,31 Cornerstone Path NE,3,3,Alberta,1306784,51.05,-114.0667,100000.0,2023,10
Calgary,2780000.0,554 Marine Drive SE,4,5,Alberta,1306784,51.05,-114.0667,100000.0,2023,10
Calgary,299900.0,1309-181 Skyview Ranch Manor NE,2,1,Alberta,1306784,51.05,-114.0667,100000.0,2023,10
Calgary,689900.0,138 Invermere Drive,4,4,Alberta,1306784,51.05,-114.0667,100000.0,2023,10
Calgary,2695000.0,41 Cougar Plateau Point SW,6,7,Alberta,1306784,51.05,-114.0667,100000.0,2023,10
Calgary,889000.0,2507 17A Street NW,4,4,Alberta,1306784,51.05,-114.0667,100000.0,2023,10
Calgary,2825000.0,10 Devonian Ridge Place,4,4,Alberta,1306784,51.05,-114.0667,100000.0,2023,10
Calgary,649000.0,773 Coral Springs Boulevard NE,4,4,Alberta,1306784,51.05,-114.0667,100000.0,2023,10
Calgary,1388800.0,92 Marquis View SE,4,5,Alberta,1306784,51.05,-114.0667,100000.0,2023,10
Calgary,440000.0,206-2411 Erlton Road SW,2,2,Alberta,1306784,51.05,-114.0667,100000.0,2023,10
Calgary,755000.0,8 Calhoun Common NE,4,4,Alberta,1306784,51.05,-114.0667,100000.0,2023,10
Calgary,699900.0,3934 Point Mckay Road NW,3,3,Alberta,1306784,51.05,-114.0667,100000.0,2023,10
Calgary,654900.0,232 Edith Walk NW,3,3,Alberta,1306784,51.05,-114.0667,100000.0,2023,10
Calgary,649000.0,516 40 Avenue NW,5,2,Alberta,1306784,51.05,-114.0667,100000.0,2023,10
Calgary,519900.0,240 Fresno Place NE,3,3,Alberta,1306784,51.05,-114.0667,100000.0,2023,10
Calgary,1265000.0,460 Lake Topaz Crescent SE,5,3,Alberta,1306784,51.05,-114.0667,100000.0,2023,10
Calgary,544900.0,308 Waterford Boulevard,3,3,Alberta,1306784,51.05,-114.0667,100000.0,2023,10
Calgary,595000.0,43 Berkley Rise NW,2,3,Alberta,1306784,51.05,-114.0667,100000.0,2023,10
Calgary,429999.0,45 Tuscany Springs Gardens NW,3,2,Alberta,1306784,51.05,-114.0667,100000.0,2023,10
Calgary,799900.0,2143 Sirocco Drive SW,4,4,Alberta,1306784,51.05,-114.0667,100000.0,2023,10
Calgary,999000.0,60 Nolanlake View NW,3,3,Alberta,1306784,51.05,-114.0667,100000.0,2023,10
Calgary,729000.0,66 Homestead Park,3,3,Alberta,1306784,51.05,-114.0667,100000.0,2023,10
Calgary,599900.0,49 Bridleridge Road SW,3,3,Alberta,1306784,51.05,-114.0667,100000.0,2023,10
Calgary,364900.0,1106-325 3 Street SE,2,2,Alberta,1306784,51.05,-114.0667,100000.0,2023,10
Calgary,675000.0,2816 25 Street SW,3,2,Alberta,1306784,51.05,-114.0667,100000.0,2023,10
Calgary,539900.0,196 Copperfield Heights SE,4,3,Alberta,1306784,51.05,-114.0667,100000.0,2023,10
Calgary,899000.0,2020 33 Street SW,4,4,Alberta,1306784,51.05,-114.0667,100000.0,2023,10
Calgary,768000.0,1164 Northmount Drive NW,6,4,Alberta,1306784,51.05,-114.0667,100000.0,2023,10
Calgary,699999.0,51 Redstone Gardens NE,3,3,Alberta,1306784,51.05,-114.0667,100000.0,2023,10
Calgary,279900.0,217-15233 1 Street SE,2,1,Alberta,1306784,51.05,-114.0667,100000.0,2023,10
Calgary,599900.0,16 Millpark Way SW,3,4,Alberta,1306784,51.05,-114.0667,100000.0,2023,10
Calgary,499000.0,3204,2,1,Alberta,1306784,51.05,-114.0667,100000.0,2023,10
Calgary,229900.0,212 West Lakeview Circle,3,3,Alberta,1306784,51.05,-114.0667,100000.0,2023,10
Calgary,578500.0,65 Redstone Link NE,4,4,Alberta,1306784,51.05,-114.0667,100000.0,2023,10
Calgary,739900.0,402,2,1,Alberta,1306784,51.05,-114.0667,100000.0,2023,10
Calgary,225000.0,120 Bridlewood Crescent SW,3,2,Alberta,1306784,51.05,-114.0667,100000.0,2023,10
Calgary,499900.0,5820 Temple Drive NE,6,3,Alberta,1306784,51.05,-114.0667,100000.0,2023,10
Calgary,549900.0,312 Falwood Way NE,5,3,Alberta,1306784,51.05,-114.0667,100000.0,2023,10
Calgary,474900.0,87 Evanscrest Terrace NW,3,3,Alberta,1306784,51.05,-114.0667,100000.0,2023,10
Calgary,200000.0,202,2,1,Alberta,1306784,51.05,-114.0667,100000.0,2023,10
Calgary,1169900.0,2119 32 Avenue SW,4,4,Alberta,1306784,51.05,-114.0667,100000.0,2023,10
Calgary,368863.0,238,2,2,Alberta,1306784,51.05,-114.0667,100000.0,2023,10
Calgary,284900.0,101,1,1,Alberta,1306784,51.05,-114.0667,100000.0,2023,10
Calgary,299900.0,3,3,1,Alberta,1306784,51.05,-114.0667,100000.0,2023,10
Calgary,289000.0,217,1,1,Alberta,1306784,51.05,-114.0667,100000.0,2023,10
Calgary,450000.0,74 Saddlemead Close NE,3,2,Alberta,1306784,51.05,-114.0667,100000.0,2023,10
Calgary,639990.0,75 Fenton Road SE,3,2,Alberta,1306784,51.05,-114.0667,100000.0,2023,10
Calgary,590000.0,68 Sundown Green SE,4,3,Alberta,1306784,51.05,-114.0667,100000.0,2023,10
Calgary,589999.0,111 Cornerbrook Gate NE,4,4,Alberta,1306784,51.05,-114.0667,100000.0,2023,10
Calgary,685000.0,396 Kincora Glen Rise NW,3,3,Alberta,1306784,51.05,-114.0667,100000.0,2023,10
Calgary,194500.0,207,1,1,Alberta,1306784,51.05,-114.0667,100000.0,2023,10
Calgary,579900.0,199 Covecreek Place NE,4,4,Alberta,1306784,51.05,-114.0667,100000.0,2023,10
Calgary,519900.0,55 Templeton Place NE,3,2,Alberta,1306784,51.05,-114.0667,100000.0,2023,10
Calgary,389900.0,204 Copperstone Cove SE,2,3,Alberta,1306784,51.05,-114.0667,100000.0,2023,10
Calgary,632988.0,5028 20 Avenue NW,2,1,Alberta,1306784,51.05,-114.0667,100000.0,2023,10
Calgary,899800.0,36 Carrington Rise NW,4,4,Alberta,1306784,51.05,-114.0667,100000.0,2023,10
Calgary,284900.0,28-1101 84th Street NE,3,2,Alberta,1306784,51.05,-114.0667,100000.0,2023,10
Calgary,824900.0,172 Redstone Park NE,4,3,Alberta,1306784,51.05,-114.0667,100000.0,2023,10
Calgary,679000.0,48 Martha's Haven Green NE,4,3,Alberta,1306784,51.05,-114.0667,100000.0,2023,10
Calgary,749900.0,197 Treeline Avenue SW,3,3,Alberta,1306784,51.05,-114.0667,100000.0,2023,10
Calgary,759900.0,439 Crimson Ridge Place NW,3,3,Alberta,1306784,51.05,-114.0667,100000.0,2023,10
Calgary,1295000.0,12319 Lake Moraine Rise SE,5,4,Alberta,1306784,51.05,-114.0667,100000.0,2023,10
Calgary,629900.0,1207-930 16 Avenue SW,2,2,Alberta,1306784,51.05,-114.0667,100000.0,2023,10
Calgary,324900.0,103-1123 13 Avenue SW,2,1,Alberta,1306784,51.05,-114.0667,100000.0,2023,10
Calgary,1245000.0,617 19 Avenue NW,3,4,Alberta,1306784,51.05,-114.0667,100000.0,2023,10
Calgary,335000.0,604-300 Meredith Road NE,2,1,Alberta,1306784,51.05,-114.0667,100000.0,2023,10
Calgary,299000.0,408-123 4 Street NE,0,1,Alberta,1306784,51.05,-114.0667,100000.0,2023,10
Calgary,899000.0,2217 35 Street SW,4,4,Alberta,1306784,51.05,-114.0667,100000.0,2023,10
Calgary,890000.0,1133 Renfrew Drive NE,4,4,Alberta,1306784,51.05,-114.0667,100000.0,2023,10
Calgary,629900.0,228 West Creek Close,4,3,Alberta,1306784,51.05,-114.0667,100000.0,2023,10
Calgary,1200000.0,60 Patterson Mews SW,5,4,Alberta,1306784,51.05,-114.0667,100000.0,2023,10
Calgary,399900.0,2218-6118 80 Avenue NE,3,2,Alberta,1306784,51.05,-114.0667,100000.0,2023,10
Calgary,379900.0,55 Copperfield Court SE,2,2,Alberta,1306784,51.05,-114.0667,100000.0,2023,10
Calgary,529900.0,7 Country Hills Link,4,2,Alberta,1306784,51.05,-114.0667,100000.0,2023,10
Calgary,1399000.0,6050 Signal Ridge Heights SW,5,4,Alberta,1306784,51.05,-114.0667,100000.0,2023,10
Calgary,750000.0,86 Schubert Hill NW,3,4,Alberta,1306784,51.05,-114.0667,100000.0,2023,10
Calgary,1299900.0,459 Savanna Way NE,5,4,Alberta,1306784,51.05,-114.0667,100000.0,2023,10
Calgary,800000.0,312 Carrington Circle NW,3,3,Alberta,1306784,51.05,-114.0667,100000.0,2023,10
Calgary,534900.0,84-9000 Wentworth Avenue SW,4,3,Alberta,1306784,51.05,-114.0667,100000.0,2023,10
Calgary,890000.0,1131 Renfrew Drive NE,4,4,Alberta,1306784,51.05,-114.0667,100000.0,2023,10
Calgary,849900.0,1006-1107 Gladstone Road NW,2,2,Alberta,1306784,51.05,-114.0667,100000.0,2023,10
Calgary,5250000.0,31049 Coyote Valley Road,4,5,Alberta,1306784,51.05,-114.0667,100000.0,2023,10
Calgary,549900.0,102-3130 Thirsk Street NW,2,3,Alberta,1306784,51.05,-114.0667,100000.0,2023,10
Calgary,265000.0,205-3730 50 Street NW,2,2,Alberta,1306784,51.05,-114.0667,100000.0,2023,10
Calgary,699000.0,148 Saddlecrest Green NE,5,4,Alberta,1306784,51.05,-114.0667,100000.0,2023,10
Calgary,550000.0,10461 Hidden Valley Drive NW,3,3,Alberta,1306784,51.05,-114.0667,100000.0,2023,10
Calgary,700000.0,93 Howse Terrace NE,3,3,Alberta,1306784,51.05,-114.0667,100000.0,2023,10
Calgary,940000.0,5820 Dalhousie Drive NW,5,3,Alberta,1306784,51.05,-114.0667,100000.0,2023,10
Calgary,519900.0,301-669 Savanna Boulevard NE,3,3,Alberta,1306784,51.05,-114.0667,100000.0,2023,10
Calgary,799900.0,396 Strathcona Drive SW,4,3,Alberta,1306784,51.05,-114.0667,100000.0,2023,10
Calgary,549888.0,166 Skyview Springs Crescent NE,3,3,Alberta,1306784,51.05,-114.0667,100000.0,2023,10
Calgary,229900.0,2312-315 Southampton Drive SW,2,1,Alberta,1306784,51.05,-114.0667,100000.0,2023,10
Calgary,699900.0,528 Sandy Beach Cove,3,3,Alberta,1306784,51.05,-114.0667,100000.0,2023,10
Calgary,675000.0,225 Panora Way NW,3,3,Alberta,1306784,51.05,-114.0667,100000.0,2023,10
Calgary,669500.0,3516 Beaver Road NW,5,2,Alberta,1306784,51.05,-114.0667,100000.0,2023,10
Calgary,528888.0,8731 34 Avenue NW,2,1,Alberta,1306784,51.05,-114.0667,100000.0,2023,10
Calgary,339000.0,162 Killarney Glen Court SW,2,1,Alberta,1306784,51.05,-114.0667,100000.0,2023,10
Calgary,749900.0,80 Hartford Road NW,5,3,Alberta,1306784,51.05,-114.0667,100000.0,2023,10
Calgary,1650000.0,2203 12 Avenue NW,4,4,Alberta,1306784,51.05,-114.0667,100000.0,2023,10
Calgary,539900.0,95 Cornerstone Path NE,3,3,Alberta,1306784,51.05,-114.0667,100000.0,2023,10
Calgary,749900.0,80 Hartford Road NW,5,3,Alberta,1306784,51.05,-114.0667,100000.0,2023,10
Calgary,799900.0,119 Sage Meadows View NW,3,3,Alberta,1306784,51.05,-114.0667,100000.0,2023,10
Calgary,542900.0,620 Mahogany Boulevard SE,2,3,Alberta,1306784,51.05,-114.0667,100000.0,2023,10
Calgary,1399900.0,531 36 Street SW,5,4,Alberta,1306784,51.05,-114.0667,100000.0,2023,10
Calgary,1249900.0,2608 34 Avenue NW,6,5,Alberta,1306784,51.05,-114.0667,100000.0,2023,10
Calgary,2250000.0,1903 45 Avenue SW,5,5,Alberta,1306784,51.05,-114.0667,100000.0,2023,10
Calgary,959999.0,23 laxton Place SW,1,1,Alberta,1306784,51.05,-114.0667,100000.0,2023,10
Calgary,299900.0,1323-10 Prestwick Bay SE,2,2,Alberta,1306784,51.05,-114.0667,100000.0,2023,10
Calgary,609000.0,271 Chelsea Road,3,3,Alberta,1306784,51.05,-114.0667,100000.0,2023,10
Calgary,1388000.0,2312 State Road SW,2,3,Alberta,1306784,51.05,-114.0667,100000.0,2023,10
Calgary,639777.0,1101 Taradale Drive NE,4,4,Alberta,1306784,51.05,-114.0667,100000.0,2023,10
Calgary,599888.0,22 Red Sky Walk NE,4,3,Alberta,1306784,51.05,-114.0667,100000.0,2023,10
Calgary,599000.0,109 Covebrook Bay NE,3,3,Alberta,1306784,51.05,-114.0667,100000.0,2023,10
Calgary,1259000.0,255210 Range Road 282,5,4,Alberta,1306784,51.05,-114.0667,100000.0,2023,10
Calgary,259900.0,102,2,1,Alberta,1306784,51.05,-114.0667,100000.0,2023,10
Calgary,279900.0,1218,2,2,Alberta,1306784,51.05,-114.0667,100000.0,2023,10
Calgary,625000.0,1649 Copperfield Boulevard SE,3,3,Alberta,1306784,51.05,-114.0667,100000.0,2023,10
Calgary,722888.0,521 Cantrell Place SW,3,3,Alberta,1306784,51.05,-114.0667,100000.0,2023,10
Calgary,589900.0,109 Citadel Bluff Close NW,5,3,Alberta,1306784,51.05,-114.0667,100000.0,2023,10
Calgary,624900.0,66 Everglen Crescent SW,3,3,Alberta,1306784,51.05,-114.0667,100000.0,2023,10
Calgary,219999.0,313,1,1,Alberta,1306784,51.05,-114.0667,100000.0,2023,10
Calgary,420000.0,1229 Cornerstone Street NE,3,3,Alberta,1306784,51.05,-114.0667,100000.0,2023,10
Calgary,629900.0,647 Cornerstone Drive NE,3,3,Alberta,1306784,51.05,-114.0667,100000.0,2023,10
Calgary,324900.0,2207,2,2,Alberta,1306784,51.05,-114.0667,100000.0,2023,10
Calgary,218000.0,6305,1,1,Alberta,1306784,51.05,-114.0667,100000.0,2023,10
Calgary,255000.0,201,1,1,Alberta,1306784,51.05,-114.0667,100000.0,2023,10
Calgary,564900.0,236 Autumn Green SE,2,3,Alberta,1306784,51.05,-114.0667,100000.0,2023,10
Calgary,579900.0,1960 New Brighton Drive SE,4,2,Alberta,1306784,51.05,-114.0667,100000.0,2023,10
Calgary,699000.0,303-200 La Caille Place SW,2,2,Alberta,1306784,51.05,-114.0667,100000.0,2023,10
Calgary,549900.0,512 Murray Place NE,4,3,Alberta,1306784,51.05,-114.0667,100000.0,2023,10
Calgary,500000.0,76 Scotia Landing NW,3,3,Alberta,1306784,51.05,-114.0667,100000.0,2023,10
Calgary,499800.0,483 Country Hills Drive NW,3,3,Alberta,1306784,51.05,-114.0667,100000.0,2023,10
Calgary,595000.0,229 Copperpond Parade SE,4,4,Alberta,1306784,51.05,-114.0667,100000.0,2023,10
Calgary,435000.0,12,3,3,Alberta,1306784,51.05,-114.0667,100000.0,2023,10
Calgary,649900.0,2604 Garland Street SW,3,2,Alberta,1306784,51.05,-114.0667,100000.0,2023,10
Calgary,1799900.0,254106 Range Road 284,4,2,Alberta,1306784,51.05,-114.0667,100000.0,2023,10
Calgary,339900.0,310,2,2,Alberta,1306784,51.05,-114.0667,100000.0,2023,10
Calgary,779900.0,361 Herron Mews NE,3,3,Alberta,1306784,51.05,-114.0667,100000.0,2023,10
Calgary,689000.0,27 Scenic Cove Court NW,3,4,Alberta,1306784,51.05,-114.0667,100000.0,2023,10
Calgary,539900.0,1609 2A Street NW,2,2,Alberta,1306784,51.05,-114.0667,100000.0,2023,10
Calgary,949900.0,1922 29 Avenue SW,3,4,Alberta,1306784,51.05,-114.0667,100000.0,2023,10
Calgary,364777.0,807-788 12 Avenue SW,2,2,Alberta,1306784,51.05,-114.0667,100000.0,2023,10
Calgary,899900.0,904 33 Street NW,4,2,Alberta,1306784,51.05,-114.0667,100000.0,2023,10
Calgary,475000.0,2107-1122 3 Street SE,2,2,Alberta,1306784,51.05,-114.0667,100000.0,2023,10
Calgary,355000.0,211-500 Auburn Meadows Common SE,2,2,Alberta,1306784,51.05,-114.0667,100000.0,2023,10
Calgary,527900.0,442 Ascot Circle SW,2,3,Alberta,1306784,51.05,-114.0667,100000.0,2023,10
Calgary,335000.0,207-330 Dieppe Drive SW,1,1,Alberta,1306784,51.05,-114.0667,100000.0,2023,10
Calgary,319900.0,142 Killarney Glen Court SW,2,1,Alberta,1306784,51.05,-114.0667,100000.0,2023,10
Calgary,299900.0,99 Falshire Terrace,3,2,Alberta,1306784,51.05,-114.0667,100000.0,2023,10
Calgary,550000.0,8 Allandale Close SE,3,2,Alberta,1306784,51.05,-114.0667,100000.0,2023,10
Calgary,318800.0,1008-788 12 Avenue SW,1,1,Alberta,1306784,51.05,-114.0667,100000.0,2023,10
Calgary,340000.0,703-544 Blackthorn Road NE,3,1,Alberta,1306784,51.05,-114.0667,100000.0,2023,10
Calgary,1620000.0,243206 Range Road 281A Close NE,3,3,Alberta,1306784,51.05,-114.0667,100000.0,2023,10
Calgary,755895.0,3006-530 3 Street SE,2,2,Alberta,1306784,51.05,-114.0667,100000.0,2023,10
Calgary,1365000.0,3452 Lane Crescent SW,5,3,Alberta,1306784,51.05,-114.0667,100000.0,2023,10
Calgary,834645.0,3002-530 3 Street SE,2,2,Alberta,1306784,51.05,-114.0667,100000.0,2023,10
Calgary,629900.0,123 Fredson Drive SE,4,2,Alberta,1306784,51.05,-114.0667,100000.0,2023,10
Calgary,559000.0,409-8505 Broadcast Avenue SW,2,2,Alberta,1306784,51.05,-114.0667,100000.0,2023,10
Calgary,549000.0,310-638 11 Avenue SW,2,2,Alberta,1306784,51.05,-114.0667,100000.0,2023,10
Calgary,649000.0,68 Saddleland Close NE,4,3,Alberta,1306784,51.05,-114.0667,100000.0,2023,10
Calgary,475000.0,219 Kincora Lane NW,3,3,Alberta,1306784,51.05,-114.0667,100000.0,2023,10
Calgary,675000.0,151 Douglas Ridge Mews SE,3,3,Alberta,1306784,51.05,-114.0667,100000.0,2023,10
Calgary,750000.0,280260 Township Road 240,3,2,Alberta,1306784,51.05,-114.0667,100000.0,2023,10
Calgary,2095000.0,36 Aspen Ridge Manor SW,6,7,Alberta,1306784,51.05,-114.0667,100000.0,2023,10
Calgary,779900.0,75 Edgepark Way NW,5,4,Alberta,1306784,51.05,-114.0667,100000.0,2023,10
Calgary,579777.0,917 Crestridge Common SW,3,3,Alberta,1306784,51.05,-114.0667,100000.0,2023,10
Calgary,1259000.0,112 Hanover Road SW,5,4,Alberta,1306784,51.05,-114.0667,100000.0,2023,10
Calgary,1299000.0,3612 1A Street SW,3,4,Alberta,1306784,51.05,-114.0667,100000.0,2023,10
Calgary,219999.0,306-7 Somervale View SW,1,1,Alberta,1306784,51.05,-114.0667,100000.0,2023,10
Calgary,1100000.0,1636 Cayuga Drive NW,4,4,Alberta,1306784,51.05,-114.0667,100000.0,2023,10
Calgary,199900.0,206-8403 Fairmount Drive SE,2,1,Alberta,1306784,51.05,-114.0667,100000.0,2023,10
Calgary,969900.0,130 Sandpiper Park,4,4,Alberta,1306784,51.05,-114.0667,100000.0,2023,10
Calgary,969900.0,130 Sandpiper Park,4,4,Alberta,1306784,51.05,-114.0667,100000.0,2023,10
Calgary,274900.0,204-140 Mahogany Street SE,1,1,Alberta,1306784,51.05,-114.0667,100000.0,2023,10
Calgary,599000.0,162 Chelsea Mews,4,4,Alberta,1306784,51.05,-114.0667,100000.0,2023,10
Calgary,446145.0,3001-530 3 Street SE,1,1,Alberta,1306784,51.05,-114.0667,100000.0,2023,10
Calgary,569900.0,708 Thorneycroft Drive NW,5,2,Alberta,1306784,51.05,-114.0667,100000.0,2023,10
Calgary,765000.0,2839 Cedar Ridge Drive SW,4,3,Alberta,1306784,51.05,-114.0667,100000.0,2023,10
Calgary,299900.0,127-355 Taralake Way NE,2,2,Alberta,1306784,51.05,-114.0667,100000.0,2023,10
Calgary,199900.0,131-35 Richard Court SW,0,1,Alberta,1306784,51.05,-114.0667,100000.0,2023,10
Calgary,869000.0,195 Howse Drive NE,3,3,Alberta,1306784,51.05,-114.0667,100000.0,2023,10
Calgary,510000.0,609 Nolanlake Villas NW,3,3,Alberta,1306784,51.05,-114.0667,100000.0,2023,10
Calgary,489900.0,24 San Diego Green NE,5,2,Alberta,1306784,51.05,-114.0667,100000.0,2023,10
Calgary,825000.0,2 Somme Mews SW,3,5,Alberta,1306784,51.05,-114.0667,100000.0,2023,10
Calgary,735000.0,159 Hawkmere View,6,4,Alberta,1306784,51.05,-114.0667,100000.0,2023,10
Calgary,264900.0,402,2,1,Alberta,1306784,51.05,-114.0667,100000.0,2023,10
Calgary,269900.0,1408,2,1,Alberta,1306784,51.05,-114.0667,100000.0,2023,10
Calgary,339900.0,1009,2,2,Alberta,1306784,51.05,-114.0667,100000.0,2023,10
Calgary,719999.0,335 Panatella Boulevard NW,5,4,Alberta,1306784,51.05,-114.0667,100000.0,2023,10
Calgary,375000.0,536 McKenzie Towne Close SE,2,3,Alberta,1306784,51.05,-114.0667,100000.0,2023,10
Calgary,209000.0,406,1,1,Alberta,1306784,51.05,-114.0667,100000.0,2023,10
Calgary,450000.0,1305 7 Street SW,2,2,Alberta,1306784,51.05,-114.0667,100000.0,2023,10
Calgary,419900.0,3406 64 Street NE,3,4,Alberta,1306784,51.05,-114.0667,100000.0,2023,10
Calgary,649000.0,2308-24 Hemlock Crescent SW,2,2,Alberta,1306784,51.05,-114.0667,100000.0,2023,10
Calgary,549999.0,47 Macewan Meadow Link NW,4,2,Alberta,1306784,51.05,-114.0667,100000.0,2023,10
Calgary,549900.0,218 Costa Mesa Close NE,4,4,Alberta,1306784,51.05,-114.0667,100000.0,2023,10
Calgary,587999.0,233 chelsea place City W,3,3,Alberta,1306784,51.05,-114.0667,100000.0,2023,10
Calgary,239500.0,3412-11811 Lake Fraser Drive SE,1,1,Alberta,1306784,51.05,-114.0667,100000.0,2023,10
Calgary,489000.0,653 Savanna Boulevard NE,4,3,Alberta,1306784,51.05,-114.0667,100000.0,2023,10
Calgary,742900.0,2716 Crawford Road NW,3,2,Alberta,1306784,51.05,-114.0667,100000.0,2023,10
Calgary,939900.0,87 Arbour Lake Heights NW,4,4,Alberta,1306784,51.05,-114.0667,100000.0,2023,10
Calgary,365000.0,3107-930 6 Avenue SW,1,1,Alberta,1306784,51.05,-114.0667,100000.0,2023,10
Calgary,312900.0,4416-181 Skyview Ranch Manor NE,2,1,Alberta,1306784,51.05,-114.0667,100000.0,2023,10
Calgary,365000.0,3208-95 Burma Star Road SW,2,1,Alberta,1306784,51.05,-114.0667,100000.0,2023,10
Calgary,499900.0,1505 36 Street SE,3,2,Alberta,1306784,51.05,-114.0667,100000.0,2023,10
Calgary,199000.0,215-335 Garry Crescent NE,2,2,Alberta,1306784,51.05,-114.0667,100000.0,2023,10
Calgary,889000.0,71 nolanfield Court NW,6,3,Alberta,1306784,51.05,-114.0667,100000.0,2023,10
Calgary,499000.0,146 Autumn Green SE,4,4,Alberta,1306784,51.05,-114.0667,100000.0,2023,10
Calgary,819786.0,26 Redstone Manor NE,5,4,Alberta,1306784,51.05,-114.0667,100000.0,2023,10
Calgary,768000.0,9045 Wentworth Avenue SW,3,4,Alberta,1306784,51.05,-114.0667,100000.0,2023,10
Calgary,235000.0,63-3745 Fonda Way SE,2,1,Alberta,1306784,51.05,-114.0667,100000.0,2023,10
Calgary,860000.0,405 Taralake Landing NE,5,4,Alberta,1306784,51.05,-114.0667,100000.0,2023,10
Calgary,875000.0,212 Lakepointe Drive,4,4,Alberta,1306784,51.05,-114.0667,100000.0,2023,10
Calgary,384900.0,1606-650 10 Street SW,2,2,Alberta,1306784,51.05,-114.0667,100000.0,2023,10
Calgary,60000.0,61-6220 17 Avenue SE,2,1,Alberta,1306784,51.05,-114.0667,100000.0,2023,10
Calgary,935900.0,3 Malibou Road SW,4,2,Alberta,1306784,51.05,-114.0667,100000.0,2023,10
Calgary,549900.0,4 Martin Crossing Crescent NE,4,2,Alberta,1306784,51.05,-114.0667,100000.0,2023,10
Calgary,1299000.0,2533 20 Street SW,4,4,Alberta,1306784,51.05,-114.0667,100000.0,2023,10
Calgary,589900.0,7 Falwood Place NE,5,3,Alberta,1306784,51.05,-114.0667,100000.0,2023,10
Calgary,1199000.0,5011 21A Street SW,4,4,Alberta,1306784,51.05,-114.0667,100000.0,2023,10
Calgary,724900.0,1444 Remington Road NE,4,2,Alberta,1306784,51.05,-114.0667,100000.0,2023,10
Calgary,329000.0,84 Whitehaven Road NE,3,2,Alberta,1306784,51.05,-114.0667,100000.0,2023,10
Calgary,498900.0,238 Cresthaven Place SW,3,4,Alberta,1306784,51.05,-114.0667,100000.0,2023,10
Calgary,795000.0,176 Lucas Boulevard NW,3,4,Alberta,1306784,51.05,-114.0667,100000.0,2023,10
Calgary,595000.0,417-345 Rocky Vista Park NW,2,2,Alberta,1306784,51.05,-114.0667,100000.0,2023,10
Calgary,595000.0,176 Lucas Boulevard NW,3,4,Alberta,1306784,51.05,-114.0667,100000.0,2023,10
Calgary,459786.0,929 42 Street SE,4,2,Alberta,1306784,51.05,-114.0667,100000.0,2023,10
Calgary,475000.0,68 Cornerbrook View NE,6,4,Alberta,1306784,51.05,-114.0667,100000.0,2023,10
Calgary,526800.0,3819 Parkhill Place SW,3,1,Alberta,1306784,51.05,-114.0667,100000.0,2023,10
Calgary,365000.0,417-345 Rocky Vista Park NW,2,2,Alberta,1306784,51.05,-114.0667,100000.0,2023,10
Calgary,484900.0,34-903 Mahogany Boulevard SE,2,3,Alberta,1306784,51.05,-114.0667,100000.0,2023,10
Calgary,555000.0,16 Mardale Crescent NE,4,2,Alberta,1306784,51.05,-114.0667,100000.0,2023,10
Calgary,248000.0,202-3232 Rideau Place SW,1,1,Alberta,1306784,51.05,-114.0667,100000.0,2023,10
Calgary,320000.0,403-3204 Rideau Place SW,1,1,Alberta,1306784,51.05,-114.0667,100000.0,2023,10
Calgary,919900.0,183 Kinniburgh Loop,5,4,Alberta,1306784,51.05,-114.0667,100000.0,2023,10
Calgary,489000.0,214 Saratoga Close NE,3,2,Alberta,1306784,51.05,-114.0667,100000.0,2023,10
Calgary,298555.0,309-317 19 Avenue SW,1,1,Alberta,1306784,51.05,-114.0667,100000.0,2023,10
Calgary,387500.0,203-603 7 Avenue NE,2,2,Alberta,1306784,51.05,-114.0667,100000.0,2023,10
Calgary,459900.0,1807-211 13 Avenue SE,2,2,Alberta,1306784,51.05,-114.0667,100000.0,2023,10
Calgary,464786.0,931 42 Street SE,4,2,Alberta,1306784,51.05,-114.0667,100000.0,2023,10
Calgary,579900.0,242 Chelsea Place,3,3,Alberta,1306784,51.05,-114.0667,100000.0,2023,10
Calgary,699900.0,69 Sage Hill Court NW,3,4,Alberta,1306784,51.05,-114.0667,100000.0,2023,10
Calgary,212500.0,201-3737 42 Street NW,1,1,Alberta,1306784,51.05,-114.0667,100000.0,2023,10
Calgary,1469000.0,1810 Elizabeth Street SE,4,4,Alberta,1306784,51.05,-114.0667,100000.0,2023,10
Calgary,759900.0,11 Royal Oak Cove NW,3,3,Alberta,1306784,51.05,-114.0667,100000.0,2023,10
Calgary,339900.0,613 Sabrina Road SW,2,1,Alberta,1306784,51.05,-114.0667,100000.0,2023,10
Calgary,580000.0,418-330 Dieppe Drive SW,1,1,Alberta,1306784,51.05,-114.0667,100000.0,2023,10
Calgary,301442.0,246 Aquila Drive NW,3,3,Alberta,1306784,51.05,-114.0667,100000.0,2023,10
Calgary,597000.0,192 Lucas Heights NW,8,4,Alberta,1306784,51.05,-114.0667,100000.0,2023,10
Calgary,929000.0,7 Taralea Crescent NE,6,4,Alberta,1306784,51.05,-114.0667,100000.0,2023,10
Calgary,699900.0,599 Everbrook Way SW,5,4,Alberta,1306784,51.05,-114.0667,100000.0,2023,10
Calgary,799900.0,156 Stonemere Place,3,3,Alberta,1306784,51.05,-114.0667,100000.0,2023,10
Calgary,374900.0,10 Martha's Haven Manor NE,4,3,Alberta,1306784,51.05,-114.0667,100000.0,2023,10
Calgary,549999.0,2210-2210 Lake Fraser Court SE,2,2,Alberta,1306784,51.05,-114.0667,100000.0,2023,10
Calgary,559900.0,3148 Linden Drive SW,5,4,Alberta,1306784,51.05,-114.0667,100000.0,2023,10
Calgary,1849000.0,3604 Boulton Road NW,5,2,Alberta,1306784,51.05,-114.0667,100000.0,2023,10
Calgary,734900.0,UNIT #205 SAGE HILL CIR Drive NW,2,3,Alberta,1306784,51.05,-114.0667,100000.0,2023,10
Calgary,449000.0,4627 21 Avenue NW,6,3,Alberta,1306784,51.05,-114.0667,100000.0,2023,10
Calgary,1225000.0,69 Saddletree Court NE,3,3,Alberta,1306784,51.05,-114.0667,100000.0,2023,10
Calgary,399900.0,20 Sage Berry Road NW,4,4,Alberta,1306784,51.05,-114.0667,100000.0,2023,10
Calgary,759900.0,8611 7 Street SW,4,3,Alberta,1306784,51.05,-114.0667,100000.0,2023,10
Calgary,825000.0,203-4512 75 Street NW,1,1,Alberta,1306784,51.05,-114.0667,100000.0,2023,10
Calgary,153900.0,11 Mahogany Grove SE,2,3,Alberta,1306784,51.05,-114.0667,100000.0,2023,10
Calgary,435000.0,27,2,3,Alberta,1306784,51.05,-114.0667,100000.0,2023,10
Calgary,979888.0,112 11A Street NE,4,5,Alberta,1306784,51.05,-114.0667,100000.0,2023,10
Calgary,269900.0,4103,2,2,Alberta,1306784,51.05,-114.0667,100000.0,2023,10
Calgary,499900.0,246 Martinbrook Place NE,4,3,Alberta,1306784,51.05,-114.0667,100000.0,2023,10
Calgary,699900.0,61 Carmangay Crescent NW,4,2,Alberta,1306784,51.05,-114.0667,100000.0,2023,10
Calgary,550000.0,116 Mckerrell Close SE,4,2,Alberta,1306784,51.05,-114.0667,100000.0,2023,10
Calgary,865000.0,5010 Vanstone Road NW,5,3,Alberta,1306784,51.05,-114.0667,100000.0,2023,10
Calgary,177500.0,205 C,1,1,Alberta,1306784,51.05,-114.0667,100000.0,2023,10
Calgary,380000.0,211,2,2,Alberta,1306784,51.05,-114.0667,100000.0,2023,10
Calgary,688800.0,472 Kincora Bay NW,4,3,Alberta,1306784,51.05,-114.0667,100000.0,2023,10
Calgary,475000.0,516 Penswood Road SE,3,2,Alberta,1306784,51.05,-114.0667,100000.0,2023,10
Calgary,629900.0,26 Bridlecreek Park SW,4,3,Alberta,1306784,51.05,-114.0667,100000.0,2023,10
Calgary,849000.0,587 Taralake Way NE,6,4,Alberta,1306784,51.05,-114.0667,100000.0,2023,10
Calgary,389000.0,1019-8880 Horton Road SW,2,2,Alberta,1306784,51.05,-114.0667,100000.0,2023,10
Calgary,649999.0,52 Cornerbrook Avenue NE,4,3,Alberta,1306784,51.05,-114.0667,100000.0,2023,10
Calgary,969900.0,103 Superior Avenue SW,5,4,Alberta,1306784,51.05,-114.0667,100000.0,2023,10
Calgary,684900.0,3263 Signal Hill Drive SW,3,3,Alberta,1306784,51.05,-114.0667,100000.0,2023,10
Calgary,629900.0,509 18 Avenue NE,4,2,Alberta,1306784,51.05,-114.0667,100000.0,2023,10
Calgary,849900.0,453 30 Avenue NW,4,4,Alberta,1306784,51.05,-114.0667,100000.0,2023,10
Calgary,575000.0,536 Oakridge Way SW,4,3,Alberta,1306784,51.05,-114.0667,100000.0,2023,10
Calgary,699900.0,168 Brightonstone Gardens SE,4,4,Alberta,1306784,51.05,-114.0667,100000.0,2023,10
Calgary,549900.0,54 Belvedere Common SE,3,3,Alberta,1306784,51.05,-114.0667,100000.0,2023,10
Calgary,877000.0,68 evansfield Place NW,5,4,Alberta,1306784,51.05,-114.0667,100000.0,2023,10
Calgary,549900.0,46 Belvedere Common SE,3,3,Alberta,1306784,51.05,-114.0667,100000.0,2023,10
Calgary,315000.0,304-1740 9 Street NW,3,1,Alberta,1306784,51.05,-114.0667,100000.0,2023,10
Calgary,849999.0,88 Homestead Grove,5,4,Alberta,1306784,51.05,-114.0667,100000.0,2023,10
Calgary,1785000.0,108 Aventerra Court,4,4,Alberta,1306784,51.05,-114.0667,100000.0,2023,10
Calgary,839999.0,246 Discovery Ridge Boulevard SW,3,3,Alberta,1306784,51.05,-114.0667,100000.0,2023,10
Calgary,779000.0,2820 1 Avenue NW,3,2,Alberta,1306784,51.05,-114.0667,100000.0,2023,10
Calgary,380000.0,211-1811 34 Avenue SW,2,2,Alberta,1306784,51.05,-114.0667,100000.0,2023,10
Calgary,849900.0,7 Melville Place SW,5,2,Alberta,1306784,51.05,-114.0667,100000.0,2023,10
Calgary,799988.0,2608 31 Street SW,4,3,Alberta,1306784,51.05,-114.0667,100000.0,2023,10
Calgary,289900.0,900-1101 84 Street NE,3,2,Alberta,1306784,51.05,-114.0667,100000.0,2023,10
Calgary,1550000.0,2721 5 Avenue NW,5,5,Alberta,1306784,51.05,-114.0667,100000.0,2023,10
Calgary,598000.0,16 Sage Bluff Gate NW,3,3,Alberta,1306784,51.05,-114.0667,100000.0,2023,10
Calgary,849900.0,77 Hartford Road NW,5,4,Alberta,1306784,51.05,-114.0667,100000.0,2023,10
Calgary,265000.0,2607,2,1,Alberta,1306784,51.05,-114.0667,100000.0,2023,10
Calgary,689000.0,265 West Creek Drive,3,4,Alberta,1306784,51.05,-114.0667,100000.0,2023,10
Calgary,699900.0,1,3,4,Alberta,1306784,51.05,-114.0667,100000.0,2023,10
Calgary,398800.0,4311 6 Avenue SE,3,2,Alberta,1306784,51.05,-114.0667,100000.0,2023,10
Calgary,950000.0,81 Arbour Vista Close NW,3,4,Alberta,1306784,51.05,-114.0667,100000.0,2023,10
Calgary,599888.0,50 Somerset Crescent,5,4,Alberta,1306784,51.05,-114.0667,100000.0,2023,10
Calgary,1800000.0,314 Roxboro Road SW,4,3,Alberta,1306784,51.05,-114.0667,100000.0,2023,10
Calgary,469900.0,214,2,3,Alberta,1306784,51.05,-114.0667,100000.0,2023,10
Calgary,319900.0,6214,2,2,Alberta,1306784,51.05,-114.0667,100000.0,2023,10
Calgary,585000.0,125 Harvest Creek Close NE,3,3,Alberta,1306784,51.05,-114.0667,100000.0,2023,10
Calgary,399900.0,405 10 Avenue NE,2,2,Alberta,1306784,51.05,-114.0667,100000.0,2023,10
Calgary,599900.0,15 Pensville Road SE,5,3,Alberta,1306784,51.05,-114.0667,100000.0,2023,10
Calgary,290000.0,6302-155 Skyview Ranch Way NE,2,2,Alberta,1306784,51.05,-114.0667,100000.0,2023,10
Calgary,520000.0,55 Templeson Way NE,5,3,Alberta,1306784,51.05,-114.0667,100000.0,2023,10
Calgary,630000.0,5359 Lakeview Drive SW,5,3,Alberta,1306784,51.05,-114.0667,100000.0,2023,10
Calgary,649900.0,5316 Thornbriar Road NW,4,3,Alberta,1306784,51.05,-114.0667,100000.0,2023,10
Calgary,460000.0,3829 Parkhill Place SW,3,1,Alberta,1306784,51.05,-114.0667,100000.0,2023,10
Calgary,195000.0,129,1,1,Alberta,1306784,51.05,-114.0667,100000.0,2023,10
Calgary,299000.0,102,2,2,Alberta,1306784,51.05,-114.0667,100000.0,2023,10
Calgary,549900.0,11 Covecreek Place NE,3,3,Alberta,1306784,51.05,-114.0667,100000.0,2023,10
Calgary,615000.0,763 Cantrell Drive SW,5,3,Alberta,1306784,51.05,-114.0667,100000.0,2023,10
Calgary,575000.0,4320 Marbank Drive NE,5,3,Alberta,1306784,51.05,-114.0667,100000.0,2023,10
Calgary,189000.0,3115,1,1,Alberta,1306784,51.05,-114.0667,100000.0,2023,10
Calgary,289000.0,104,3,1,Alberta,1306784,51.05,-114.0667,100000.0,2023,10
Calgary,574900.0,107,2,2,Alberta,1306784,51.05,-114.0667,100000.0,2023,10
Calgary,525000.0,73 Sundown Close SE,4,2,Alberta,1306784,51.05,-114.0667,100000.0,2023,10
Calgary,495000.0,641 Savanna Blvd NE,4,3,Alberta,1306784,51.05,-114.0667,100000.0,2023,10
Calgary,794800.0,4065 Norford Avenue NW,3,3,Alberta,1306784,51.05,-114.0667,100000.0,2023,10
Calgary,468000.0,903-626 14 Avenue SW,2,2,Alberta,1306784,51.05,-114.0667,100000.0,2023,10
Calgary,335000.0,1608-788 12 Avenue SW,1,1,Alberta,1306784,51.05,-114.0667,100000.0,2023,10
Calgary,250000.0,2211-4641 128 Avenue NE,2,1,Alberta,1306784,51.05,-114.0667,100000.0,2023,10
Calgary,619900.0,182 Nolan Hill Drive NW,3,3,Alberta,1306784,51.05,-114.0667,100000.0,2023,10
Calgary,229900.0,102-123 22 Avenue NE,3,1,Alberta,1306784,51.05,-114.0667,100000.0,2023,10
Calgary,639900.0,26 Evanscrest Heights NW,4,4,Alberta,1306784,51.05,-114.0667,100000.0,2023,10
Calgary,1650000.0,3903-1188 3 Street SE,2,3,Alberta,1306784,51.05,-114.0667,100000.0,2023,10
Calgary,550000.0,509-1718 14 Avenue NW,2,2,Alberta,1306784,51.05,-114.0667,100000.0,2023,10
Calgary,1249000.0,1601 11 Avenue NW,5,2,Alberta,1306784,51.05,-114.0667,100000.0,2023,10
Calgary,339900.0,1402-6118 80 Avenue NE,2,2,Alberta,1306784,51.05,-114.0667,100000.0,2023,10
Calgary,680000.0,513 Sunmills Drive SE,5,4,Alberta,1306784,51.05,-114.0667,100000.0,2023,10
Calgary,839000.0,8561 Wentworth Drive SW,3,3,Alberta,1306784,51.05,-114.0667,100000.0,2023,10
Calgary,344900.0,202-123 4 Street NE,2,1,Alberta,1306784,51.05,-114.0667,100000.0,2023,10
Calgary,1149900.0,145 Wildwood Drive SW,2,3,Alberta,1306784,51.05,-114.0667,100000.0,2023,10
Calgary,575000.0,911 Somerset Drive SW,4,3,Alberta,1306784,51.05,-114.0667,100000.0,2023,10
Calgary,1169999.0,732 Lake Twintree Crescent SE,4,3,Alberta,1306784,51.05,-114.0667,100000.0,2023,10
Calgary,949900.0,2025 31 Street SW,4,4,Alberta,1306784,51.05,-114.0667,100000.0,2023,10
Calgary,1299900.0,86 West Point Mews SW,3,3,Alberta,1306784,51.05,-114.0667,100000.0,2023,10
Calgary,849900.0,841 Mcpherson Road NE,4,2,Alberta,1306784,51.05,-114.0667,100000.0,2023,10
Calgary,740000.0,15 Taralake Mews NE,6,5,Alberta,1306784,51.05,-114.0667,100000.0,2023,10
Calgary,1000000.0,36 Elmont Court SW,4,3,Alberta,1306784,51.05,-114.0667,100000.0,2023,10
Calgary,238800.0,201-630 57 Avenue SW,2,1,Alberta,1306784,51.05,-114.0667,100000.0,2023,10
Calgary,1865000.0,15 Fishermans Bend,5,4,Alberta,1306784,51.05,-114.0667,100000.0,2023,10
Calgary,1350000.0,405 16 Street NW,4,4,Alberta,1306784,51.05,-114.0667,100000.0,2023,10
Calgary,515000.0,119 Scenic Acres Terrace NW,3,3,Alberta,1306784,51.05,-114.0667,100000.0,2023,10
Calgary,1049999.0,26 Collingwood Place NW,5,3,Alberta,1306784,51.05,-114.0667,100000.0,2023,10
Calgary,1499000.0,1721 2 Avenue NW,5,4,Alberta,1306784,51.05,-114.0667,100000.0,2023,10
Calgary,1249900.0,15 Rock Lake Point NW,5,5,Alberta,1306784,51.05,-114.0667,100000.0,2023,10
Calgary,269000.0,109-7110 80 Avenue NE,2,1,Alberta,1306784,51.05,-114.0667,100000.0,2023,10
Calgary,499000.0,unit #215 SAGE HILL CiR NW,3,3,Alberta,1306784,51.05,-114.0667,100000.0,2023,10
Calgary,749900.0,69 Tusslewood Drive NW,4,4,Alberta,1306784,51.05,-114.0667,100000.0,2023,10
Calgary,515000.0,426 32 Avenue NE,4,2,Alberta,1306784,51.05,-114.0667,100000.0,2023,10
Calgary,819900.0,111 Sherwood Bay NW,5,5,Alberta,1306784,51.05,-114.0667,100000.0,2023,10
Calgary,569900.0,216 Mt Apex Green SE,4,4,Alberta,1306784,51.05,-114.0667,100000.0,2023,10
Calgary,481900.0,5 Citadel Estates Manor NW,3,4,Alberta,1306784,51.05,-114.0667,100000.0,2023,10
Calgary,997500.0,3-923 1 Avenue NW,3,3,Alberta,1306784,51.05,-114.0667,100000.0,2023,10
Calgary,599900.0,142 Chelsea Mews,4,4,Alberta,1306784,51.05,-114.0667,100000.0,2023,10
Calgary,775900.0,246 Inverness Park SE,4,4,Alberta,1306784,51.05,-114.0667,100000.0,2023,10
Calgary,1599900.0,919 Edgemont Road NW,5,5,Alberta,1306784,51.05,-114.0667,100000.0,2023,10
Calgary,599900.0,154 Chelsea Mews,4,4,Alberta,1306784,51.05,-114.0667,100000.0,2023,10
Calgary,799000.0,4621 72 Street NW,4,4,Alberta,1306784,51.05,-114.0667,100000.0,2023,10
Calgary,1299900.0,2925 SIGNAL HILL Heights SW,5,3,Alberta,1306784,51.05,-114.0667,100000.0,2023,10
Calgary,725000.0,561 Silvergrove Drive NW,5,4,Alberta,1306784,51.05,-114.0667,100000.0,2023,10
Calgary,769900.0,525 30 Street NW,3,3,Alberta,1306784,51.05,-114.0667,100000.0,2023,10
Calgary,2299990.0,2224 4 Avenue NW,5,5,Alberta,1306784,51.05,-114.0667,100000.0,2023,10
Calgary,749900.0,246 Hamptons Park NW,3,3,Alberta,1306784,51.05,-114.0667,100000.0,2023,10
Calgary,699000.0,244 Coverdale Court NE,6,3,Alberta,1306784,51.05,-114.0667,100000.0,2023,10
Calgary,495000.0,19 Falshire Way NE,3,3,Alberta,1306784,51.05,-114.0667,100000.0,2023,10
Calgary,925000.0,111 Mission Road SW,4,3,Alberta,1306784,51.05,-114.0667,100000.0,2023,10
Calgary,715000.0,42 Tuscany Meadows Bay NW,3,4,Alberta,1306784,51.05,-114.0667,100000.0,2023,10
Calgary,4450000.0,1204 Beverley Boulevard SW,5,6,Alberta,1306784,51.05,-114.0667,100000.0,2023,10
Calgary,550000.0,363 Point Mckay Gardens NW,3,3,Alberta,1306784,51.05,-114.0667,100000.0,2023,10
Calgary,566500.0,4-1717 27 Avenue SW,3,3,Alberta,1306784,51.05,-114.0667,100000.0,2023,10
Calgary,725000.0,42 Tuscany Meadows Drive NW,4,4,Alberta,1306784,51.05,-114.0667,100000.0,2023,10
Calgary,874900.0,1775 8 Avenue NW,4,4,Alberta,1306784,51.05,-114.0667,100000.0,2023,10
Calgary,399900.0,3433 Cedarille Drive SW,3,2,Alberta,1306784,51.05,-114.0667,100000.0,2023,10
Calgary,789000.0,2502 16 Street NW,4,4,Alberta,1306784,51.05,-114.0667,100000.0,2023,10
Calgary,339000.0,46 Lavender Road SE,4,4,Alberta,1306784,51.05,-114.0667,100000.0,2023,10
Calgary,680000.0,210,2,2,Alberta,1306784,51.05,-114.0667,100000.0,2023,10
Calgary,284900.0,208 Saddlecrest Boulevard NE,4,4,Alberta,1306784,51.05,-114.0667,100000.0,2023,10
Calgary,520000.0,189 Royal Birch Terrace NW,4,4,Alberta,1306784,51.05,-114.0667,100000.0,2023,10
Calgary,674900.0,10872 Hidden Valley Drive NW,3,2,Alberta,1306784,51.05,-114.0667,100000.0,2023,10
Calgary,499900.0,224 Falmere Way NE,3,3,Alberta,1306784,51.05,-114.0667,100000.0,2023,10
Calgary,465000.0,125,3,1,Alberta,1306784,51.05,-114.0667,100000.0,2023,10
Calgary,230000.0,506,3,3,Alberta,1306784,51.05,-114.0667,100000.0,2023,10
Calgary,489000.0,412 28 Avenue NE,4,2,Alberta,1306784,51.05,-114.0667,100000.0,2023,10
Calgary,849000.0,403,2,2,Alberta,1306784,51.05,-114.0667,100000.0,2023,10
Calgary,399900.0,215 Copperpond Row SE,2,3,Alberta,1306784,51.05,-114.0667,100000.0,2023,10
Calgary,420000.0,200 Suncrest Way SE,3,1,Alberta,1306784,51.05,-114.0667,100000.0,2023,10
Calgary,559000.0,503 Evansridge Park NW,3,3,Alberta,1306784,51.05,-114.0667,100000.0,2023,10
Calgary,479900.0,201,1,1,Alberta,1306784,51.05,-114.0667,100000.0,2023,10
Calgary,339900.0,232 San Fernando Place NE,4,4,Alberta,1306784,51.05,-114.0667,100000.0,2023,10
Calgary,639900.0,15872 Shannon Link SW,4,3,Alberta,1306784,51.05,-114.0667,100000.0,2023,10
Calgary,585000.0,309 Marquis Heights SE,4,4,Alberta,1306784,51.05,-114.0667,100000.0,2023,10
Calgary,585000.0,55 Cornerbrook Gate NE,4,4,Alberta,1306784,51.05,-114.0667,100000.0,2023,10
Calgary,229900.0,3,2,1,Alberta,1306784,51.05,-114.0667,100000.0,2023,10
Calgary,799999.0,531 9 Avenue NE,4,3,Alberta,1306784,51.05,-114.0667,100000.0,2023,10
Calgary,500000.0,645 Savanna Boulevard NE,3,3,Alberta,1306784,51.05,-114.0667,100000.0,2023,10
Calgary,269900.0,2212,2,2,Alberta,1306784,51.05,-114.0667,100000.0,2023,10
Calgary,629900.0,745 80 Avenue SW,4,3,Alberta,1306784,51.05,-114.0667,100000.0,2023,10
Calgary,395000.0,55 Sun Harbour Road SE,3,3,Alberta,1306784,51.05,-114.0667,100000.0,2023,10
Calgary,160000.0,401,1,1,Alberta,1306784,51.05,-114.0667,100000.0,2023,10
Calgary,439900.0,16,2,3,Alberta,1306784,51.05,-114.0667,100000.0,2023,10
Calgary,759990.0,3139 37 Street SW,5,2,Alberta,1306784,51.05,-114.0667,100000.0,2023,10
Calgary,549900.0,814 Cornerstone Street NE,3,3,Alberta,1306784,51.05,-114.0667,100000.0,2023,10
Calgary,315000.0,312,2,2,Alberta,1306784,51.05,-114.0667,100000.0,2023,10
Calgary,599900.0,1175 Country Hills Circle NW,3,3,Alberta,1306784,51.05,-114.0667,100000.0,2023,10
Calgary,449000.0,2506-1010 6 Street SW,2,2,Alberta,1306784,51.05,-114.0667,100000.0,2023,10
Calgary,4500000.0,4116 Crestview Road SW,5,9,Alberta,1306784,51.05,-114.0667,100000.0,2023,10
Calgary,799900.0,1-1616 15 Avenue SW,3,4,Alberta,1306784,51.05,-114.0667,100000.0,2023,10
Calgary,525000.0,7 Deerbow Place SE,3,3,Alberta,1306784,51.05,-114.0667,100000.0,2023,10
Calgary,869900.0,33 Carrington Circle NW,5,4,Alberta,1306784,51.05,-114.0667,100000.0,2023,10
Calgary,489999.0,4115 30 Avenue SE,3,2,Alberta,1306784,51.05,-114.0667,100000.0,2023,10
Calgary,269000.0,1150-2395 Eversyde Avenue SW,2,1,Alberta,1306784,51.05,-114.0667,100000.0,2023,10
Calgary,828000.0,78 Royal Crest Way NW,4,4,Alberta,1306784,51.05,-114.0667,100000.0,2023,10
Calgary,1388000.0,1305 5 Street NE,6,5,Alberta,1306784,51.05,-114.0667,100000.0,2023,10
Calgary,699900.0,63 Deermeade Road SE,4,4,Alberta,1306784,51.05,-114.0667,100000.0,2023,10
Calgary,579000.0,213 25 Avenue NE,4,3,Alberta,1306784,51.05,-114.0667,100000.0,2023,10
Calgary,799900.0,58 Edgeridge Green NW,4,4,Alberta,1306784,51.05,-114.0667,100000.0,2023,10
Calgary,329500.0,7115-302 skyview Ranch Drive NE,2,2,Alberta,1306784,51.05,-114.0667,100000.0,2023,10
Calgary,300000.0,104-17 Country Village Bay NE,2,1,Alberta,1306784,51.05,-114.0667,100000.0,2023,10
Calgary,774900.0,286 Carringsby Way NW,4,3,Alberta,1306784,51.05,-114.0667,100000.0,2023,10
Calgary,499000.0,3374 Catalina Boulevard NE,3,2,Alberta,1306784,51.05,-114.0667,100000.0,2023,10
Calgary,1388800.0,130 Panatella Crescent NW,4,4,Alberta,1306784,51.05,-114.0667,100000.0,2023,10
Calgary,538900.0,57 Somercrest Gardens SW,4,3,Alberta,1306784,51.05,-114.0667,100000.0,2023,10
Calgary,669000.0,64 Savanna Grove NE,5,5,Alberta,1306784,51.05,-114.0667,100000.0,2023,10
Calgary,799900.0,2416 58 Avenue SW,4,3,Alberta,1306784,51.05,-114.0667,100000.0,2023,10
Calgary,1110000.0,115 Edgepark Boulevard NW,6,4,Alberta,1306784,51.05,-114.0667,100000.0,2023,10
Calgary,1165000.0,23 Shawnee Heath SW,3,4,Alberta,1306784,51.05,-114.0667,100000.0,2023,10
Calgary,1099900.0,2807 35 Street SW,4,4,Alberta,1306784,51.05,-114.0667,100000.0,2023,10
Calgary,895000.0,812 1 Street NW,3,2,Alberta,1306784,51.05,-114.0667,100000.0,2023,10
Calgary,633000.0,391 Copperfield Grove SE,4,2,Alberta,1306784,51.05,-114.0667,100000.0,2023,10
Calgary,519900.0,57 New Street SE,5,4,Alberta,1306784,51.05,-114.0667,100000.0,2023,10
Calgary,1750000.0,20 Windhorse Bay,5,6,Alberta,1306784,51.05,-114.0667,100000.0,2023,10
Calgary,799999.0,5 Mackay Drive SW,4,2,Alberta,1306784,51.05,-114.0667,100000.0,2023,10
Calgary,575000.0,340 SAGE HILL Circle NW,4,5,Alberta,1306784,51.05,-114.0667,100000.0,2023,10
Calgary,619000.0,219 Coville Close NE,4,4,Alberta,1306784,51.05,-114.0667,100000.0,2023,10
Calgary,748000.0,734 20 Avenue NW,3,4,Alberta,1306784,51.05,-114.0667,100000.0,2023,10
Calgary,319900.0,311-429 14 Street NW,2,1,Alberta,1306784,51.05,-114.0667,100000.0,2023,10
Calgary,634900.0,2106-1234 5 Avenue NW,2,3,Alberta,1306784,51.05,-114.0667,100000.0,2023,10
Calgary,899900.0,107 Sandpiper Park,5,4,Alberta,1306784,51.05,-114.0667,100000.0,2023,10
Calgary,550000.0,35 Queen Isabella Close SE,5,2,Alberta,1306784,51.05,-114.0667,100000.0,2023,10
Calgary,439900.0,41-300 Evanscreek Court NW,2,3,Alberta,1306784,51.05,-114.0667,100000.0,2023,10
Calgary,469900.0,6625 18 Street SE,4,1,Alberta,1306784,51.05,-114.0667,100000.0,2023,10
Calgary,629900.0,2-1607 12 Avenue SW,3,4,Alberta,1306784,51.05,-114.0667,100000.0,2023,10
Calgary,349900.0,610-510 6 Avenue SE,1,1,Alberta,1306784,51.05,-114.0667,100000.0,2023,10
Calgary,539900.0,3766 Catalina Boulevard NE,3,2,Alberta,1306784,51.05,-114.0667,100000.0,2023,10
Calgary,849000.0,65 Homestead Crescent NE,6,5,Alberta,1306784,51.05,-114.0667,100000.0,2023,10
Calgary,1150000.0,1720 48 Avenue SW,4,4,Alberta,1306784,51.05,-114.0667,100000.0,2023,10
Calgary,349000.0,28-219 90 Avenue SE,3,1,Alberta,1306784,51.05,-114.0667,100000.0,2023,10
Calgary,749999.0,166 ROCKY RIDGE Circle NW,5,3,Alberta,1306784,51.05,-114.0667,100000.0,2023,10
Calgary,595000.0,253 West Lakeview Place,3,3,Alberta,1306784,51.05,-114.0667,100000.0,2023,10
Calgary,729900.0,3002-1111 10 Street SW,2,2,Alberta,1306784,51.05,-114.0667,100000.0,2023,10
Calgary,1150000.0,2331 Lincoln Drive SW,4,3,Alberta,1306784,51.05,-114.0667,100000.0,2023,10
Calgary,660000.0,608-11 Mahogany Circle SE,2,2,Alberta,1306784,51.05,-114.0667,100000.0,2023,10
Calgary,849900.0,154 Saddlecrest Grove,4,4,Alberta,1306784,51.05,-114.0667,100000.0,2023,10
Calgary,700000.0,455 Mahogany Boulevard SE,4,4,Alberta,1306784,51.05,-114.0667,100000.0,2023,10
Calgary,1199900.0,3413 Exshaw Road NW,5,4,Alberta,1306784,51.05,-114.0667,100000.0,2023,10
Calgary,539900.0,101-301 10 Street NW,2,2,Alberta,1306784,51.05,-114.0667,100000.0,2023,10
Calgary,590000.0,2402-1100 8 Avenue SW,2,3,Alberta,1306784,51.05,-114.0667,100000.0,2023,10
Calgary,899000.0,PH1904-530 12 Avenue SW,2,2,Alberta,1306784,51.05,-114.0667,100000.0,2023,10
Calgary,359000.0,3401-95 Burma Star Road SW,1,1,Alberta,1306784,51.05,-114.0667,100000.0,2023,10
Calgary,880000.0,4836 Verona Drive NW,4,4,Alberta,1306784,51.05,-114.0667,100000.0,2023,10
Calgary,269900.0,101-929 18 Avenue SW,1,1,Alberta,1306784,51.05,-114.0667,100000.0,2023,10
Calgary,514900.0,2424 39 Street SE,3,2,Alberta,1306784,51.05,-114.0667,100000.0,2023,10
Calgary,1450000.0,2414 7 Street NE,4,4,Alberta,1306784,51.05,-114.0667,100000.0,2023,10
Calgary,2199000.0,1611 21 A Street NW,6,8,Alberta,1306784,51.05,-114.0667,100000.0,2023,10
Calgary,314900.0,322-4 Sage Hill Terrace NW,2,2,Alberta,1306784,51.05,-114.0667,100000.0,2023,10
Calgary,495000.0,212-669 Savanna Boulevard NE,3,3,Alberta,1306784,51.05,-114.0667,100000.0,2023,10
Calgary,600000.0,8423 62 Avenue NW,3,3,Alberta,1306784,51.05,-114.0667,100000.0,2023,10
Calgary,775000.0,92 Sage Bluff Way NW,3,3,Alberta,1306784,51.05,-114.0667,100000.0,2023,10
Calgary,324900.0,7-336 Rundlehill Drive NE,3,2,Alberta,1306784,51.05,-114.0667,100000.0,2023,10
Calgary,784900.0,3151 107 Avenue SW,4,4,Alberta,1306784,51.05,-114.0667,100000.0,2023,10
Calgary,697200.0,64 Royal Elm Green NW,3,3,Alberta,1306784,51.05,-114.0667,100000.0,2023,10
Calgary,1280000.0,2526 Eversyde Avenue SW,4,4,Alberta,1306784,51.05,-114.0667,100000.0,2023,10
Calgary,479500.0,224 Arbour Lake Way,5,4,Alberta,1306784,51.05,-114.0667,100000.0,2023,10
Calgary,689000.0,408 Auburn Bay Square,2,1,Alberta,1306784,51.05,-114.0667,100000.0,2023,10
Calgary,324900.0,2204 Bowness Road NW,4,4,Alberta,1306784,51.05,-114.0667,100000.0,2023,10
Calgary,998500.0,104-2114 17 Street SW,2,1,Alberta,1306784,51.05,-114.0667,100000.0,2023,10
Calgary,194999.0,1104-626 14 Avenue SW,1,1,Alberta,1306784,51.05,-114.0667,100000.0,2023,10
Calgary,314900.0,707-1025 5 Avenue SW,1,1,Alberta,1306784,51.05,-114.0667,100000.0,2023,10
Calgary,356888.0,52 Waterford Terrace,6,5,Alberta,1306784,51.05,-114.0667,100000.0,2023,10
Calgary,979900.0,33 South Shore Manor,6,4,Alberta,1306784,51.05,-114.0667,100000.0,2023,10
Calgary,839000.0,7727 67 Avenue NW,5,3,Alberta,1306784,51.05,-114.0667,100000.0,2023,10
Calgary,739900.0,228,1,1,Alberta,1306784,51.05,-114.0667,100000.0,2023,10
Calgary,264900.0,25,3,2,Alberta,1306784,51.05,-114.0667,100000.0,2023,10
Calgary,962560.0,2411 52 Avenue SW,4,4,Alberta,1306784,51.05,-114.0667,100000.0,2023,10
Calgary,1100000.0,159 Templeton Circle NE,5,3,Alberta,1306784,51.05,-114.0667,100000.0,2023,10
Calgary,599000.0,259 Cornerstone Avenue NE,3,3,Alberta,1306784,51.05,-114.0667,100000.0,2023,10
Calgary,550000.0,15,1,1,Alberta,1306784,51.05,-114.0667,100000.0,2023,10
