city,Type of unit,year,month,VALUE,Avg_Max_Temp,Avg_Min_Temp,Total_Precip_mm,Total_Snow_cm,Avg_Mean_Temp,geo,dguid,uom,uom_id,scalar_factor,scalar_id,vector,coordinate,mortgage_rate,decimals,renter_major_repairs_percent,renter_minor_repairs_percent,avg_dwelling_damage_percent,avg_poor_air_quality_percent,avg_heavy_rain_impact_percent,avg_long_power_loss_percent,avg_house_price,Date
Toronto,Bachelor units,2018,1,1081.0,-1.2741935483870968,-9.958064516129031,61.8,21.4,-5.622580645161291,,,,,,,,,,,8.3,25.0,,,,,,2018-01-01
Toronto,Bachelor units,2018,1,1217.0,-1.2741935483870968,-9.958064516129031,61.8,21.4,-5.622580645161291,,,,,,,,,,,8.3,25.0,,,,,,2018-01-01
Toronto,Bachelor units,2018,1,1080.0,-1.2741935483870968,-9.958064516129031,61.8,21.4,-5.622580645161291,,,,,,,,,,,8.3,25.0,,,,,,2018-01-01
Toronto,Bachelor units,2018,1,1083.0,-1.2741935483870968,-9.958064516129031,61.8,21.4,-5.622580645161291,,,,,,,,,,,8.3,25.0,,,,,,2018-01-01
Toronto,Bachelor units,2018,2,1081.0,2.5892857142857144,-6.221428571428571,65.4,28.8,-1.8214285714285714,,,,,,,,,,,8.3,25.0,,,,,,2018-02-01
Toronto,Bachelor units,2018,2,1217.0,2.5892857142857144,-6.221428571428571,65.4,28.8,-1.8214285714285714,,,,,,,,,,,8.3,25.0,,,,,,2018-02-01
Toronto,Bachelor units,2018,2,1080.0,2.5892857142857144,-6.221428571428571,65.4,28.8,-1.8214285714285714,,,,,,,,,,,8.3,25.0,,,,,,2018-02-01
Toronto,Bachelor units,2018,2,1083.0,2.5892857142857144,-6.221428571428571,65.4,28.8,-1.8214285714285714,,,,,,,,,,,8.3,25.0,,,,,,2018-02-01
Toronto,Bachelor units,2018,3,1081.0,4.058064516129032,-3.7903225806451615,32.599999999999994,8.799999999999999,0.1290322580645161,,,,,,,,,,,8.3,25.0,,,,,,2018-03-01
Toronto,Bachelor units,2018,3,1217.0,4.058064516129032,-3.7903225806451615,32.599999999999994,8.799999999999999,0.1290322580645161,,,,,,,,,,,8.3,25.0,,,,,,2018-03-01
Toronto,Bachelor units,2018,3,1080.0,4.058064516129032,-3.7903225806451615,32.599999999999994,8.799999999999999,0.1290322580645161,,,,,,,,,,,8.3,25.0,,,,,,2018-03-01
Toronto,Bachelor units,2018,3,1083.0,4.058064516129032,-3.7903225806451615,32.599999999999994,8.799999999999999,0.1290322580645161,,,,,,,,,,,8.3,25.0,,,,,,2018-03-01
Toronto,Bachelor units,2018,4,1081.0,7.973333333333333,-1.1433333333333335,150.6,10.4,3.757275476660092,,,,,,,,,,,8.3,25.0,,,,,,2018-04-01
Toronto,Bachelor units,2018,4,1217.0,7.973333333333333,-1.1433333333333335,150.6,10.4,3.757275476660092,,,,,,,,,,,8.3,25.0,,,,,,2018-04-01
Toronto,Bachelor units,2018,4,1080.0,7.973333333333333,-1.1433333333333335,150.6,10.4,3.757275476660092,,,,,,,,,,,8.3,25.0,,,,,,2018-04-01
Toronto,Bachelor units,2018,4,1083.0,7.973333333333333,-1.1433333333333335,150.6,10.4,3.757275476660092,,,,,,,,,,,8.3,25.0,,,,,,2018-04-01
Toronto,Bachelor units,2018,5,1081.0,22.77741935483871,11.109677419354838,65.4,0.0,16.970967741935485,,,,,,,,,,,8.3,25.0,,,,,,2018-05-01
Toronto,Bachelor units,2018,5,1217.0,22.77741935483871,11.109677419354838,65.4,0.0,16.970967741935485,,,,,,,,,,,8.3,25.0,,,,,,2018-05-01
Toronto,Bachelor units,2018,5,1080.0,22.77741935483871,11.109677419354838,65.4,0.0,16.970967741935485,,,,,,,,,,,8.3,25.0,,,,,,2018-05-01
Toronto,Bachelor units,2018,5,1083.0,22.77741935483871,11.109677419354838,65.4,0.0,16.970967741935485,,,,,,,,,,,8.3,25.0,,,,,,2018-05-01
Toronto,Bachelor units,2018,6,1081.0,24.55666666666667,14.443333333333333,50.0,0.0,19.523333333333333,,,,,,,,,,,8.3,25.0,,,,,,2018-06-01
Toronto,Bachelor units,2018,6,1217.0,24.55666666666667,14.443333333333333,50.0,0.0,19.523333333333333,,,,,,,,,,,8.3,25.0,,,,,,2018-06-01
Toronto,Bachelor units,2018,6,1080.0,24.55666666666667,14.443333333333333,50.0,0.0,19.523333333333333,,,,,,,,,,,8.3,25.0,,,,,,2018-06-01
Toronto,Bachelor units,2018,6,1083.0,24.55666666666667,14.443333333333333,50.0,0.0,19.523333333333333,,,,,,,,,,,8.3,25.0,,,,,,2018-06-01
Toronto,Bachelor units,2018,7,1081.0,28.70967741935484,18.051612903225806,64.0,0.0,23.41290322580645,,,,,,,,,,,8.3,25.0,,,,,,2018-07-01
Toronto,Bachelor units,2018,7,1217.0,28.70967741935484,18.051612903225806,64.0,0.0,23.41290322580645,,,,,,,,,,,8.3,25.0,,,,,,2018-07-01
Toronto,Bachelor units,2018,7,1080.0,28.70967741935484,18.051612903225806,64.0,0.0,23.41290322580645,,,,,,,,,,,8.3,25.0,,,,,,2018-07-01
Toronto,Bachelor units,2018,7,1083.0,28.70967741935484,18.051612903225806,64.0,0.0,23.41290322580645,,,,,,,,,,,8.3,25.0,,,,,,2018-07-01
Toronto,Bachelor units,2018,8,1081.0,27.758064516129032,18.59032258064516,118.2,0.0,23.200000000000003,,,,,,,,,,,8.3,25.0,,,,,,2018-08-01
Toronto,Bachelor units,2018,8,1217.0,27.758064516129032,18.59032258064516,118.2,0.0,23.200000000000003,,,,,,,,,,,8.3,25.0,,,,,,2018-08-01
Toronto,Bachelor units,2018,8,1080.0,27.758064516129032,18.59032258064516,118.2,0.0,23.200000000000003,,,,,,,,,,,8.3,25.0,,,,,,2018-08-01
Toronto,Bachelor units,2018,8,1083.0,27.758064516129032,18.59032258064516,118.2,0.0,23.200000000000003,,,,,,,,,,,8.3,25.0,,,,,,2018-08-01
Toronto,Bachelor units,2018,9,1081.0,23.513333333333332,14.27328995793901,50.0,0.0,18.88727547666009,,,,,,,,,,,8.3,25.0,,,,,,2018-09-01
Toronto,Bachelor units,2018,9,1217.0,23.513333333333332,14.27328995793901,50.0,0.0,18.88727547666009,,,,,,,,,,,8.3,25.0,,,,,,2018-09-01
Toronto,Bachelor units,2018,9,1080.0,23.513333333333332,14.27328995793901,50.0,0.0,18.88727547666009,,,,,,,,,,,8.3,25.0,,,,,,2018-09-01
Toronto,Bachelor units,2018,9,1083.0,23.513333333333332,14.27328995793901,50.0,0.0,18.88727547666009,,,,,,,,,,,8.3,25.0,,,,,,2018-09-01
Toronto,Bachelor units,2018,10,1081.0,13.025806451612903,4.77741935483871,69.8,2.4,8.929032258064517,,,,,,,,,,,8.3,25.0,,,,,,2018-10-01
Toronto,Bachelor units,2018,10,1217.0,13.025806451612903,4.77741935483871,69.8,2.4,8.929032258064517,,,,,,,,,,,8.3,25.0,,,,,,2018-10-01
Toronto,Bachelor units,2018,10,1080.0,13.025806451612903,4.77741935483871,69.8,2.4,8.929032258064517,,,,,,,,,,,8.3,25.0,,,,,,2018-10-01
Toronto,Bachelor units,2018,10,1083.0,13.025806451612903,4.77741935483871,69.8,2.4,8.929032258064517,,,,,,,,,,,8.3,25.0,,,,,,2018-10-01
Toronto,Bachelor units,2018,11,1081.0,4.29,-1.24,105.2,15.600000000000001,1.5300000000000002,Canada,2016A000011124,Percent,239.0,units,0.0,v733833,1.0,4.38,2.0,8.3,25.0,,,,,,2018-11-01
Toronto,Bachelor units,2018,11,1217.0,4.29,-1.24,105.2,15.600000000000001,1.5300000000000002,Canada,2016A000011124,Percent,239.0,units,0.0,v733833,1.0,4.38,2.0,8.3,25.0,,,,,,2018-11-01
Toronto,Bachelor units,2018,11,1080.0,4.29,-1.24,105.2,15.600000000000001,1.5300000000000002,Canada,2016A000011124,Percent,239.0,units,0.0,v733833,1.0,4.38,2.0,8.3,25.0,,,,,,2018-11-01
Toronto,Bachelor units,2018,11,1083.0,4.29,-1.24,105.2,15.600000000000001,1.5300000000000002,Canada,2016A000011124,Percent,239.0,units,0.0,v733833,1.0,4.38,2.0,8.3,25.0,,,,,,2018-11-01
Toronto,Bachelor units,2018,12,1081.0,2.8419354838709676,-3.206451612903226,52.0,5.4,-0.18064516129032257,Canada,2016A000011124,Percent,239.0,units,0.0,v733833,1.0,4.59,2.0,8.3,25.0,,,,,,2018-12-01
Toronto,Bachelor units,2018,12,1217.0,2.8419354838709676,-3.206451612903226,52.0,5.4,-0.18064516129032257,Canada,2016A000011124,Percent,239.0,units,0.0,v733833,1.0,4.59,2.0,8.3,25.0,,,,,,2018-12-01
Toronto,Bachelor units,2018,12,1080.0,2.8419354838709676,-3.206451612903226,52.0,5.4,-0.18064516129032257,Canada,2016A000011124,Percent,239.0,units,0.0,v733833,1.0,4.59,2.0,8.3,25.0,,,,,,2018-12-01
Toronto,Bachelor units,2018,12,1083.0,2.8419354838709676,-3.206451612903226,52.0,5.4,-0.18064516129032257,Canada,2016A000011124,Percent,239.0,units,0.0,v733833,1.0,4.59,2.0,8.3,25.0,,,,,,2018-12-01
Toronto,Bachelor units,2019,1,1142.0,-2.267741935483871,-11.02258064516129,67.6,63.4,-6.661290322580645,Canada,2016A000011124,Percent,239.0,units,0.0,v733833,1.0,4.59,2.0,,,,,,,,2019-01-01
Toronto,Bachelor units,2019,1,1217.0,-2.267741935483871,-11.02258064516129,67.6,63.4,-6.661290322580645,Canada,2016A000011124,Percent,239.0,units,0.0,v733833,1.0,4.59,2.0,,,,,,,,2019-01-01
Toronto,Bachelor units,2019,1,1141.0,-2.267741935483871,-11.02258064516129,67.6,63.4,-6.661290322580645,Canada,2016A000011124,Percent,239.0,units,0.0,v733833,1.0,4.59,2.0,,,,,,,,2019-01-01
Toronto,Bachelor units,2019,1,1150.0,-2.267741935483871,-11.02258064516129,67.6,63.4,-6.661290322580645,Canada,2016A000011124,Percent,239.0,units,0.0,v733833,1.0,4.59,2.0,,,,,,,,2019-01-01
Toronto,Bachelor units,2019,2,1142.0,-0.09999999999999996,-8.285714285714286,76.0,43.099999999999994,-4.203571428571428,Canada,2016A000011124,Percent,239.0,units,0.0,v733833,1.0,4.52,2.0,,,,,,,,2019-02-01
Toronto,Bachelor units,2019,2,1217.0,-0.09999999999999996,-8.285714285714286,76.0,43.099999999999994,-4.203571428571428,Canada,2016A000011124,Percent,239.0,units,0.0,v733833,1.0,4.52,2.0,,,,,,,,2019-02-01
Toronto,Bachelor units,2019,2,1141.0,-0.09999999999999996,-8.285714285714286,76.0,43.099999999999994,-4.203571428571428,Canada,2016A000011124,Percent,239.0,units,0.0,v733833,1.0,4.52,2.0,,,,,,,,2019-02-01
Toronto,Bachelor units,2019,2,1150.0,-0.09999999999999996,-8.285714285714286,76.0,43.099999999999994,-4.203571428571428,Canada,2016A000011124,Percent,239.0,units,0.0,v733833,1.0,4.52,2.0,,,,,,,,2019-02-01
Toronto,Bachelor units,2019,3,1142.0,3.1,-5.396774193548388,63.800000000000004,8.2,-1.1580645161290322,Canada,2016A000011124,Percent,239.0,units,0.0,v733833,1.0,4.44,2.0,,,,,,,,2019-03-01
Toronto,Bachelor units,2019,3,1217.0,3.1,-5.396774193548388,63.800000000000004,8.2,-1.1580645161290322,Canada,2016A000011124,Percent,239.0,units,0.0,v733833,1.0,4.44,2.0,,,,,,,,2019-03-01
Toronto,Bachelor units,2019,3,1141.0,3.1,-5.396774193548388,63.800000000000004,8.2,-1.1580645161290322,Canada,2016A000011124,Percent,239.0,units,0.0,v733833,1.0,4.44,2.0,,,,,,,,2019-03-01
Toronto,Bachelor units,2019,3,1150.0,3.1,-5.396774193548388,63.800000000000004,8.2,-1.1580645161290322,Canada,2016A000011124,Percent,239.0,units,0.0,v733833,1.0,4.44,2.0,,,,,,,,2019-03-01
Toronto,Bachelor units,2019,4,1142.0,10.683333333333334,2.1666666666666665,93.4,0.4,6.4399999999999995,Canada,2016A000011124,Percent,239.0,units,0.0,v733833,1.0,4.33,2.0,,,,,,,,2019-04-01
Toronto,Bachelor units,2019,4,1217.0,10.683333333333334,2.1666666666666665,93.4,0.4,6.4399999999999995,Canada,2016A000011124,Percent,239.0,units,0.0,v733833,1.0,4.33,2.0,,,,,,,,2019-04-01
Toronto,Bachelor units,2019,4,1141.0,10.683333333333334,2.1666666666666665,93.4,0.4,6.4399999999999995,Canada,2016A000011124,Percent,239.0,units,0.0,v733833,1.0,4.33,2.0,,,,,,,,2019-04-01
Toronto,Bachelor units,2019,4,1150.0,10.683333333333334,2.1666666666666665,93.4,0.4,6.4399999999999995,Canada,2016A000011124,Percent,239.0,units,0.0,v733833,1.0,4.33,2.0,,,,,,,,2019-04-01
Toronto,Bachelor units,2019,5,1142.0,16.777574417244974,6.964474152844205,97.6,0.0,11.890911751606541,Canada,2016A000011124,Percent,239.0,units,0.0,v733833,1.0,4.3,2.0,,,,,,,,2019-05-01
Toronto,Bachelor units,2019,5,1217.0,16.777574417244974,6.964474152844205,97.6,0.0,11.890911751606541,Canada,2016A000011124,Percent,239.0,units,0.0,v733833,1.0,4.3,2.0,,,,,,,,2019-05-01
Toronto,Bachelor units,2019,5,1141.0,16.777574417244974,6.964474152844205,97.6,0.0,11.890911751606541,Canada,2016A000011124,Percent,239.0,units,0.0,v733833,1.0,4.3,2.0,,,,,,,,2019-05-01
Toronto,Bachelor units,2019,5,1150.0,16.777574417244974,6.964474152844205,97.6,0.0,11.890911751606541,Canada,2016A000011124,Percent,239.0,units,0.0,v733833,1.0,4.3,2.0,,,,,,,,2019-05-01
Toronto,Bachelor units,2019,6,1142.0,23.13,13.203333333333335,108.6,0.0,18.19333333333333,Canada,2016A000011124,Percent,239.0,units,0.0,v733833,1.0,4.23,2.0,,,,,,,,2019-06-01
Toronto,Bachelor units,2019,6,1217.0,23.13,13.203333333333335,108.6,0.0,18.19333333333333,Canada,2016A000011124,Percent,239.0,units,0.0,v733833,1.0,4.23,2.0,,,,,,,,2019-06-01
Toronto,Bachelor units,2019,6,1141.0,23.13,13.203333333333335,108.6,0.0,18.19333333333333,Canada,2016A000011124,Percent,239.0,units,0.0,v733833,1.0,4.23,2.0,,,,,,,,2019-06-01
Toronto,Bachelor units,2019,6,1150.0,23.13,13.203333333333335,108.6,0.0,18.19333333333333,Canada,2016A000011124,Percent,239.0,units,0.0,v733833,1.0,4.23,2.0,,,,,,,,2019-06-01
Toronto,Bachelor units,2019,7,1142.0,28.538709677419355,18.177419354838708,104.2,0.0,23.383870967741935,Canada,2016A000011124,Percent,239.0,units,0.0,v733833,1.0,4.14,2.0,,,,,,,,2019-07-01
Toronto,Bachelor units,2019,7,1217.0,28.538709677419355,18.177419354838708,104.2,0.0,23.383870967741935,Canada,2016A000011124,Percent,239.0,units,0.0,v733833,1.0,4.14,2.0,,,,,,,,2019-07-01
Toronto,Bachelor units,2019,7,1141.0,28.538709677419355,18.177419354838708,104.2,0.0,23.383870967741935,Canada,2016A000011124,Percent,239.0,units,0.0,v733833,1.0,4.14,2.0,,,,,,,,2019-07-01
Toronto,Bachelor units,2019,7,1150.0,28.538709677419355,18.177419354838708,104.2,0.0,23.383870967741935,Canada,2016A000011124,Percent,239.0,units,0.0,v733833,1.0,4.14,2.0,,,,,,,,2019-07-01
Toronto,Bachelor units,2019,8,1142.0,26.26451612903226,16.3,44.6,0.0,21.30322580645161,Canada,2016A000011124,Percent,239.0,units,0.0,v733833,1.0,4.08,2.0,,,,,,,,2019-08-01
Toronto,Bachelor units,2019,8,1217.0,26.26451612903226,16.3,44.6,0.0,21.30322580645161,Canada,2016A000011124,Percent,239.0,units,0.0,v733833,1.0,4.08,2.0,,,,,,,,2019-08-01
Toronto,Bachelor units,2019,8,1141.0,26.26451612903226,16.3,44.6,0.0,21.30322580645161,Canada,2016A000011124,Percent,239.0,units,0.0,v733833,1.0,4.08,2.0,,,,,,,,2019-08-01
Toronto,Bachelor units,2019,8,1150.0,26.26451612903226,16.3,44.6,0.0,21.30322580645161,Canada,2016A000011124,Percent,239.0,units,0.0,v733833,1.0,4.08,2.0,,,,,,,,2019-08-01
Toronto,Bachelor units,2019,9,1142.0,22.323333333333334,12.763333333333332,46.4,0.0,17.566666666666666,Canada,2016A000011124,Percent,239.0,units,0.0,v733833,1.0,4.07,2.0,,,,,,,,2019-09-01
Toronto,Bachelor units,2019,9,1217.0,22.323333333333334,12.763333333333332,46.4,0.0,17.566666666666666,Canada,2016A000011124,Percent,239.0,units,0.0,v733833,1.0,4.07,2.0,,,,,,,,2019-09-01
Toronto,Bachelor units,2019,9,1141.0,22.323333333333334,12.763333333333332,46.4,0.0,17.566666666666666,Canada,2016A000011124,Percent,239.0,units,0.0,v733833,1.0,4.07,2.0,,,,,,,,2019-09-01
Toronto,Bachelor units,2019,9,1150.0,22.323333333333334,12.763333333333332,46.4,0.0,17.566666666666666,Canada,2016A000011124,Percent,239.0,units,0.0,v733833,1.0,4.07,2.0,,,,,,,,2019-09-01
Toronto,Bachelor units,2019,10,1142.0,15.141935483870967,5.887096774193548,136.2,0.0,10.535483870967743,Canada,2016A000011124,Percent,239.0,units,0.0,v733833,1.0,4.09,2.0,,,,,,,,2019-10-01
Toronto,Bachelor units,2019,10,1217.0,15.141935483870967,5.887096774193548,136.2,0.0,10.535483870967743,Canada,2016A000011124,Percent,239.0,units,0.0,v733833,1.0,4.09,2.0,,,,,,,,2019-10-01
Toronto,Bachelor units,2019,10,1141.0,15.141935483870967,5.887096774193548,136.2,0.0,10.535483870967743,Canada,2016A000011124,Percent,239.0,units,0.0,v733833,1.0,4.09,2.0,,,,,,,,2019-10-01
Toronto,Bachelor units,2019,10,1150.0,15.141935483870967,5.887096774193548,136.2,0.0,10.535483870967743,Canada,2016A000011124,Percent,239.0,units,0.0,v733833,1.0,4.09,2.0,,,,,,,,2019-10-01
Toronto,Bachelor units,2019,11,1142.0,4.5233333333333325,-2.756666666666667,40.8,19.2,0.89,Canada,2016A000011124,Percent,239.0,units,0.0,v733833,1.0,4.09,2.0,,,,,,,,2019-11-01
Toronto,Bachelor units,2019,11,1217.0,4.5233333333333325,-2.756666666666667,40.8,19.2,0.89,Canada,2016A000011124,Percent,239.0,units,0.0,v733833,1.0,4.09,2.0,,,,,,,,2019-11-01
Toronto,Bachelor units,2019,11,1141.0,4.5233333333333325,-2.756666666666667,40.8,19.2,0.89,Canada,2016A000011124,Percent,239.0,units,0.0,v733833,1.0,4.09,2.0,,,,,,,,2019-11-01
Toronto,Bachelor units,2019,11,1150.0,4.5233333333333325,-2.756666666666667,40.8,19.2,0.89,Canada,2016A000011124,Percent,239.0,units,0.0,v733833,1.0,4.09,2.0,,,,,,,,2019-11-01
Toronto,Bachelor units,2019,12,1142.0,2.6838709677419352,-4.254838709677419,71.2,29.200000000000003,-0.7870967741935485,Canada,2016A000011124,Percent,239.0,units,0.0,v733833,1.0,4.08,2.0,,,,,,,,2019-12-01
Toronto,Bachelor units,2019,12,1217.0,2.6838709677419352,-4.254838709677419,71.2,29.200000000000003,-0.7870967741935485,Canada,2016A000011124,Percent,239.0,units,0.0,v733833,1.0,4.08,2.0,,,,,,,,2019-12-01
Toronto,Bachelor units,2019,12,1141.0,2.6838709677419352,-4.254838709677419,71.2,29.200000000000003,-0.7870967741935485,Canada,2016A000011124,Percent,239.0,units,0.0,v733833,1.0,4.08,2.0,,,,,,,,2019-12-01
Toronto,Bachelor units,2019,12,1150.0,2.6838709677419352,-4.254838709677419,71.2,29.200000000000003,-0.7870967741935485,Canada,2016A000011124,Percent,239.0,units,0.0,v733833,1.0,4.08,2.0,,,,,,,,2019-12-01
Toronto,Bachelor units,2020,1,1204.0,1.7806451612903227,-4.796774193548386,131.4,30.4,-1.5161290322580645,Canada,2016A000011124,Percent,239.0,units,0.0,v733833,1.0,4.08,2.0,,,,,,,,2020-01-01
Toronto,Bachelor units,2020,1,1217.0,1.7806451612903227,-4.796774193548386,131.4,30.4,-1.5161290322580645,Canada,2016A000011124,Percent,239.0,units,0.0,v733833,1.0,4.08,2.0,,,,,,,,2020-01-01
Toronto,Bachelor units,2020,1,1204.0,1.7806451612903227,-4.796774193548386,131.4,30.4,-1.5161290322580645,Canada,2016A000011124,Percent,239.0,units,0.0,v733833,1.0,4.08,2.0,,,,,,,,2020-01-01
Toronto,Bachelor units,2020,1,1206.0,1.7806451612903227,-4.796774193548386,131.4,30.4,-1.5161290322580645,Canada,2016A000011124,Percent,239.0,units,0.0,v733833,1.0,4.08,2.0,,,,,,,,2020-01-01
Toronto,Bachelor units,2020,2,1204.0,0.5379310344827587,-6.710344827586207,52.0,53.4,-3.096551724137931,Canada,2016A000011124,Percent,239.0,units,0.0,v733833,1.0,4.08,2.0,,,,,,,,2020-02-01
Toronto,Bachelor units,2020,2,1217.0,0.5379310344827587,-6.710344827586207,52.0,53.4,-3.096551724137931,Canada,2016A000011124,Percent,239.0,units,0.0,v733833,1.0,4.08,2.0,,,,,,,,2020-02-01
Toronto,Bachelor units,2020,2,1204.0,0.5379310344827587,-6.710344827586207,52.0,53.4,-3.096551724137931,Canada,2016A000011124,Percent,239.0,units,0.0,v733833,1.0,4.08,2.0,,,,,,,,2020-02-01
Toronto,Bachelor units,2020,2,1206.0,0.5379310344827587,-6.710344827586207,52.0,53.4,-3.096551724137931,Canada,2016A000011124,Percent,239.0,units,0.0,v733833,1.0,4.08,2.0,,,,,,,,2020-02-01
Toronto,Bachelor units,2020,3,1204.0,7.293548387096774,-0.9193548387096774,53.8,6.6,3.203225806451613,Canada,2016A000011124,Percent,239.0,units,0.0,v733833,1.0,3.9,2.0,,,,,,,,2020-03-01
Toronto,Bachelor units,2020,3,1217.0,7.293548387096774,-0.9193548387096774,53.8,6.6,3.203225806451613,Canada,2016A000011124,Percent,239.0,units,0.0,v733833,1.0,3.9,2.0,,,,,,,,2020-03-01
Toronto,Bachelor units,2020,3,1204.0,7.293548387096774,-0.9193548387096774,53.8,6.6,3.203225806451613,Canada,2016A000011124,Percent,239.0,units,0.0,v733833,1.0,3.9,2.0,,,,,,,,2020-03-01
Toronto,Bachelor units,2020,3,1206.0,7.293548387096774,-0.9193548387096774,53.8,6.6,3.203225806451613,Canada,2016A000011124,Percent,239.0,units,0.0,v733833,1.0,3.9,2.0,,,,,,,,2020-03-01
Toronto,Bachelor units,2020,4,1204.0,10.716666666666667,1.0799999999999998,41.0,0.4,5.923333333333333,Canada,2016A000011124,Percent,239.0,units,0.0,v733833,1.0,3.95,2.0,,,,,,,,2020-04-01
Toronto,Bachelor units,2020,4,1217.0,10.716666666666667,1.0799999999999998,41.0,0.4,5.923333333333333,Canada,2016A000011124,Percent,239.0,units,0.0,v733833,1.0,3.95,2.0,,,,,,,,2020-04-01
Toronto,Bachelor units,2020,4,1204.0,10.716666666666667,1.0799999999999998,41.0,0.4,5.923333333333333,Canada,2016A000011124,Percent,239.0,units,0.0,v733833,1.0,3.95,2.0,,,,,,,,2020-04-01
Toronto,Bachelor units,2020,4,1206.0,10.716666666666667,1.0799999999999998,41.0,0.4,5.923333333333333,Canada,2016A000011124,Percent,239.0,units,0.0,v733833,1.0,3.95,2.0,,,,,,,,2020-04-01
Toronto,Bachelor units,2020,5,1204.0,17.293548387096774,6.793548387096774,43.2,3.1999999999999997,12.067741935483872,Canada,2016A000011124,Percent,239.0,units,0.0,v733833,1.0,3.86,2.0,,,,,,,,2020-05-01
Toronto,Bachelor units,2020,5,1217.0,17.293548387096774,6.793548387096774,43.2,3.1999999999999997,12.067741935483872,Canada,2016A000011124,Percent,239.0,units,0.0,v733833,1.0,3.86,2.0,,,,,,,,2020-05-01
Toronto,Bachelor units,2020,5,1204.0,17.293548387096774,6.793548387096774,43.2,3.1999999999999997,12.067741935483872,Canada,2016A000011124,Percent,239.0,units,0.0,v733833,1.0,3.86,2.0,,,,,,,,2020-05-01
Toronto,Bachelor units,2020,5,1206.0,17.293548387096774,6.793548387096774,43.2,3.1999999999999997,12.067741935483872,Canada,2016A000011124,Percent,239.0,units,0.0,v733833,1.0,3.86,2.0,,,,,,,,2020-05-01
Toronto,Bachelor units,2020,6,1204.0,26.55,14.32,49.8,0.0,20.46333333333333,Canada,2016A000011124,Percent,239.0,units,0.0,v733833,1.0,3.77,2.0,,,,,,,,2020-06-01
Toronto,Bachelor units,2020,6,1217.0,26.55,14.32,49.8,0.0,20.46333333333333,Canada,2016A000011124,Percent,239.0,units,0.0,v733833,1.0,3.77,2.0,,,,,,,,2020-06-01
Toronto,Bachelor units,2020,6,1204.0,26.55,14.32,49.8,0.0,20.46333333333333,Canada,2016A000011124,Percent,239.0,units,0.0,v733833,1.0,3.77,2.0,,,,,,,,2020-06-01
Toronto,Bachelor units,2020,6,1206.0,26.55,14.32,49.8,0.0,20.46333333333333,Canada,2016A000011124,Percent,239.0,units,0.0,v733833,1.0,3.77,2.0,,,,,,,,2020-06-01
Toronto,Bachelor units,2020,7,1204.0,30.351612903225806,19.51290322580645,67.6,0.0,24.958064516129035,Canada,2016A000011124,Percent,239.0,units,0.0,v733833,1.0,3.64,2.0,,,,,,,,2020-07-01
Toronto,Bachelor units,2020,7,1217.0,30.351612903225806,19.51290322580645,67.6,0.0,24.958064516129035,Canada,2016A000011124,Percent,239.0,units,0.0,v733833,1.0,3.64,2.0,,,,,,,,2020-07-01
Toronto,Bachelor units,2020,7,1204.0,30.351612903225806,19.51290322580645,67.6,0.0,24.958064516129035,Canada,2016A000011124,Percent,239.0,units,0.0,v733833,1.0,3.64,2.0,,,,,,,,2020-07-01
Toronto,Bachelor units,2020,7,1206.0,30.351612903225806,19.51290322580645,67.6,0.0,24.958064516129035,Canada,2016A000011124,Percent,239.0,units,0.0,v733833,1.0,3.64,2.0,,,,,,,,2020-07-01
Toronto,Bachelor units,2020,8,1204.0,27.42258064516129,16.64516129032258,91.0,0.0,22.061290322580643,Canada,2016A000011124,Percent,239.0,units,0.0,v733833,1.0,3.57,2.0,,,,,,,,2020-08-01
Toronto,Bachelor units,2020,8,1217.0,27.42258064516129,16.64516129032258,91.0,0.0,22.061290322580643,Canada,2016A000011124,Percent,239.0,units,0.0,v733833,1.0,3.57,2.0,,,,,,,,2020-08-01
Toronto,Bachelor units,2020,8,1204.0,27.42258064516129,16.64516129032258,91.0,0.0,22.061290322580643,Canada,2016A000011124,Percent,239.0,units,0.0,v733833,1.0,3.57,2.0,,,,,,,,2020-08-01
Toronto,Bachelor units,2020,8,1206.0,27.42258064516129,16.64516129032258,91.0,0.0,22.061290322580643,Canada,2016A000011124,Percent,239.0,units,0.0,v733833,1.0,3.57,2.0,,,,,,,,2020-08-01
Toronto,Bachelor units,2020,9,1204.0,22.03666666666667,11.53,40.800000000000004,0.0,16.806666666666665,Canada,2016A000011124,Percent,239.0,units,0.0,v733833,1.0,3.51,2.0,,,,,,,,2020-09-01
Toronto,Bachelor units,2020,9,1217.0,22.03666666666667,11.53,40.800000000000004,0.0,16.806666666666665,Canada,2016A000011124,Percent,239.0,units,0.0,v733833,1.0,3.51,2.0,,,,,,,,2020-09-01
Toronto,Bachelor units,2020,9,1204.0,22.03666666666667,11.53,40.800000000000004,0.0,16.806666666666665,Canada,2016A000011124,Percent,239.0,units,0.0,v733833,1.0,3.51,2.0,,,,,,,,2020-09-01
Toronto,Bachelor units,2020,9,1206.0,22.03666666666667,11.53,40.800000000000004,0.0,16.806666666666665,Canada,2016A000011124,Percent,239.0,units,0.0,v733833,1.0,3.51,2.0,,,,,,,,2020-09-01
Toronto,Bachelor units,2020,10,1204.0,13.67741935483871,4.82258064516129,60.4,0.0,9.280645161290321,Canada,2016A000011124,Percent,239.0,units,0.0,v733833,1.0,3.45,2.0,,,,,,,,2020-10-01
Toronto,Bachelor units,2020,10,1217.0,13.67741935483871,4.82258064516129,60.4,0.0,9.280645161290321,Canada,2016A000011124,Percent,239.0,units,0.0,v733833,1.0,3.45,2.0,,,,,,,,2020-10-01
Toronto,Bachelor units,2020,10,1204.0,13.67741935483871,4.82258064516129,60.4,0.0,9.280645161290321,Canada,2016A000011124,Percent,239.0,units,0.0,v733833,1.0,3.45,2.0,,,,,,,,2020-10-01
Toronto,Bachelor units,2020,10,1206.0,13.67741935483871,4.82258064516129,60.4,0.0,9.280645161290321,Canada,2016A000011124,Percent,239.0,units,0.0,v733833,1.0,3.45,2.0,,,,,,,,2020-10-01
Toronto,Bachelor units,2020,11,1204.0,11.133333333333333,2.496666666666667,65.8,23.4,6.84,Canada,2016A000011124,Percent,239.0,units,0.0,v733833,1.0,3.42,2.0,,,,,,,,2020-11-01
Toronto,Bachelor units,2020,11,1217.0,11.133333333333333,2.496666666666667,65.8,23.4,6.84,Canada,2016A000011124,Percent,239.0,units,0.0,v733833,1.0,3.42,2.0,,,,,,,,2020-11-01
Toronto,Bachelor units,2020,11,1204.0,11.133333333333333,2.496666666666667,65.8,23.4,6.84,Canada,2016A000011124,Percent,239.0,units,0.0,v733833,1.0,3.42,2.0,,,,,,,,2020-11-01
Toronto,Bachelor units,2020,11,1206.0,11.133333333333333,2.496666666666667,65.8,23.4,6.84,Canada,2016A000011124,Percent,239.0,units,0.0,v733833,1.0,3.42,2.0,,,,,,,,2020-11-01
Toronto,Bachelor units,2020,12,1204.0,2.5774193548387094,-3.1741935483870964,64.0,34.6,-0.3000000000000001,Canada,2016A000011124,Percent,239.0,units,0.0,v733833,1.0,3.34,2.0,,,,,,,,2020-12-01
Toronto,Bachelor units,2020,12,1217.0,2.5774193548387094,-3.1741935483870964,64.0,34.6,-0.3000000000000001,Canada,2016A000011124,Percent,239.0,units,0.0,v733833,1.0,3.34,2.0,,,,,,,,2020-12-01
Toronto,Bachelor units,2020,12,1204.0,2.5774193548387094,-3.1741935483870964,64.0,34.6,-0.3000000000000001,Canada,2016A000011124,Percent,239.0,units,0.0,v733833,1.0,3.34,2.0,,,,,,,,2020-12-01
Toronto,Bachelor units,2020,12,1206.0,2.5774193548387094,-3.1741935483870964,64.0,34.6,-0.3000000000000001,Canada,2016A000011124,Percent,239.0,units,0.0,v733833,1.0,3.34,2.0,,,,,,,,2020-12-01
Toronto,Bachelor units,2021,1,1217.0,0.5001550624062635,-5.103267782639667,31.2,20.0,-2.3090882483934596,Canada,2016A000011124,Percent,239.0,units,0.0,v733833,1.0,3.3,2.0,9.9,22.0,,,,,,2021-01-01
Toronto,Bachelor units,2021,1,1217.0,0.5001550624062635,-5.103267782639667,31.2,20.0,-2.3090882483934596,Canada,2016A000011124,Percent,239.0,units,0.0,v733833,1.0,3.3,2.0,9.9,22.0,,,,,,2021-01-01
Toronto,Bachelor units,2021,1,1217.0,0.5001550624062635,-5.103267782639667,31.2,20.0,-2.3090882483934596,Canada,2016A000011124,Percent,239.0,units,0.0,v733833,1.0,3.3,2.0,9.9,22.0,,,,,,2021-01-01
Toronto,Bachelor units,2021,1,1217.0,0.5001550624062635,-5.103267782639667,31.2,20.0,-2.3090882483934596,Canada,2016A000011124,Percent,239.0,units,0.0,v733833,1.0,3.3,2.0,9.9,22.0,,,,,,2021-01-01
Toronto,Bachelor units,2021,2,1217.0,-0.25322807610041653,-7.821521518702118,45.2,39.2,-4.059409692871231,Canada,2016A000011124,Percent,239.0,units,0.0,v733833,1.0,3.25,2.0,9.9,22.0,,,,,,2021-02-01
Toronto,Bachelor units,2021,2,1217.0,-0.25322807610041653,-7.821521518702118,45.2,39.2,-4.059409692871231,Canada,2016A000011124,Percent,239.0,units,0.0,v733833,1.0,3.25,2.0,9.9,22.0,,,,,,2021-02-01
Toronto,Bachelor units,2021,2,1217.0,-0.25322807610041653,-7.821521518702118,45.2,39.2,-4.059409692871231,Canada,2016A000011124,Percent,239.0,units,0.0,v733833,1.0,3.25,2.0,9.9,22.0,,,,,,2021-02-01
Toronto,Bachelor units,2021,2,1217.0,-0.25322807610041653,-7.821521518702118,45.2,39.2,-4.059409692871231,Canada,2016A000011124,Percent,239.0,units,0.0,v733833,1.0,3.25,2.0,9.9,22.0,,,,,,2021-02-01
Toronto,Bachelor units,2021,3,1217.0,9.135483870967741,-2.8774193548387097,45.4,0.2,3.138709677419355,Canada,2016A000011124,Percent,239.0,units,0.0,v733833,1.0,3.26,2.0,9.9,22.0,,,,,,2021-03-01
Toronto,Bachelor units,2021,3,1217.0,9.135483870967741,-2.8774193548387097,45.4,0.2,3.138709677419355,Canada,2016A000011124,Percent,239.0,units,0.0,v733833,1.0,3.26,2.0,9.9,22.0,,,,,,2021-03-01
Toronto,Bachelor units,2021,3,1217.0,9.135483870967741,-2.8774193548387097,45.4,0.2,3.138709677419355,Canada,2016A000011124,Percent,239.0,units,0.0,v733833,1.0,3.26,2.0,9.9,22.0,,,,,,2021-03-01
Toronto,Bachelor units,2021,3,1217.0,9.135483870967741,-2.8774193548387097,45.4,0.2,3.138709677419355,Canada,2016A000011124,Percent,239.0,units,0.0,v733833,1.0,3.26,2.0,9.9,22.0,,,,,,2021-03-01
Toronto,Bachelor units,2021,4,1217.0,12.71,3.07,55.8,4.3999999999999995,7.92,Canada,2016A000011124,Percent,239.0,units,0.0,v733833,1.0,3.25,2.0,9.9,22.0,,,,,,2021-04-01
Toronto,Bachelor units,2021,4,1217.0,12.71,3.07,55.8,4.3999999999999995,7.92,Canada,2016A000011124,Percent,239.0,units,0.0,v733833,1.0,3.25,2.0,9.9,22.0,,,,,,2021-04-01
Toronto,Bachelor units,2021,4,1217.0,12.71,3.07,55.8,4.3999999999999995,7.92,Canada,2016A000011124,Percent,239.0,units,0.0,v733833,1.0,3.25,2.0,9.9,22.0,,,,,,2021-04-01
Toronto,Bachelor units,2021,4,1217.0,12.71,3.07,55.8,4.3999999999999995,7.92,Canada,2016A000011124,Percent,239.0,units,0.0,v733833,1.0,3.25,2.0,9.9,22.0,,,,,,2021-04-01
Toronto,Bachelor units,2021,5,1217.0,19.661290322580644,7.487096774193549,21.799999999999997,0.2,13.603225806451613,Canada,2016A000011124,Percent,239.0,units,0.0,v733833,1.0,3.25,2.0,9.9,22.0,,,,,,2021-05-01
Toronto,Bachelor units,2021,5,1217.0,19.661290322580644,7.487096774193549,21.799999999999997,0.2,13.603225806451613,Canada,2016A000011124,Percent,239.0,units,0.0,v733833,1.0,3.25,2.0,9.9,22.0,,,,,,2021-05-01
Toronto,Bachelor units,2021,5,1217.0,19.661290322580644,7.487096774193549,21.799999999999997,0.2,13.603225806451613,Canada,2016A000011124,Percent,239.0,units,0.0,v733833,1.0,3.25,2.0,9.9,22.0,,,,,,2021-05-01
Toronto,Bachelor units,2021,5,1217.0,19.661290322580644,7.487096774193549,21.799999999999997,0.2,13.603225806451613,Canada,2016A000011124,Percent,239.0,units,0.0,v733833,1.0,3.25,2.0,9.9,22.0,,,,,,2021-05-01
Toronto,Bachelor units,2021,6,1217.0,27.259999999999998,16.356666666666666,80.0,0.0,21.833333333333332,Canada,2016A000011124,Percent,239.0,units,0.0,v733833,1.0,3.26,2.0,9.9,22.0,,,,,,2021-06-01
Toronto,Bachelor units,2021,6,1217.0,27.259999999999998,16.356666666666666,80.0,0.0,21.833333333333332,Canada,2016A000011124,Percent,239.0,units,0.0,v733833,1.0,3.26,2.0,9.9,22.0,,,,,,2021-06-01
Toronto,Bachelor units,2021,6,1217.0,27.259999999999998,16.356666666666666,80.0,0.0,21.833333333333332,Canada,2016A000011124,Percent,239.0,units,0.0,v733833,1.0,3.26,2.0,9.9,22.0,,,,,,2021-06-01
Toronto,Bachelor units,2021,6,1217.0,27.259999999999998,16.356666666666666,80.0,0.0,21.833333333333332,Canada,2016A000011124,Percent,239.0,units,0.0,v733833,1.0,3.26,2.0,9.9,22.0,,,,,,2021-06-01
Toronto,Bachelor units,2021,7,1217.0,25.271122804341747,16.425764475424852,120.4,0.0,20.86833110644525,Canada,2016A000011124,Percent,239.0,units,0.0,v733833,1.0,3.2,2.0,9.9,22.0,,,,,,2021-07-01
Toronto,Bachelor units,2021,7,1217.0,25.271122804341747,16.425764475424852,120.4,0.0,20.86833110644525,Canada,2016A000011124,Percent,239.0,units,0.0,v733833,1.0,3.2,2.0,9.9,22.0,,,,,,2021-07-01
Toronto,Bachelor units,2021,7,1217.0,25.271122804341747,16.425764475424852,120.4,0.0,20.86833110644525,Canada,2016A000011124,Percent,239.0,units,0.0,v733833,1.0,3.2,2.0,9.9,22.0,,,,,,2021-07-01
Toronto,Bachelor units,2021,7,1217.0,25.271122804341747,16.425764475424852,120.4,0.0,20.86833110644525,Canada,2016A000011124,Percent,239.0,units,0.0,v733833,1.0,3.2,2.0,9.9,22.0,,,,,,2021-07-01
Toronto,Bachelor units,2021,8,1217.0,28.45176796563207,18.461248346392594,57.4,0.0,23.487685945154926,Canada,2016A000011124,Percent,239.0,units,0.0,v733833,1.0,3.2,2.0,9.9,22.0,,,,,,2021-08-01
Toronto,Bachelor units,2021,8,1217.0,28.45176796563207,18.461248346392594,57.4,0.0,23.487685945154926,Canada,2016A000011124,Percent,239.0,units,0.0,v733833,1.0,3.2,2.0,9.9,22.0,,,,,,2021-08-01
Toronto,Bachelor units,2021,8,1217.0,28.45176796563207,18.461248346392594,57.4,0.0,23.487685945154926,Canada,2016A000011124,Percent,239.0,units,0.0,v733833,1.0,3.2,2.0,9.9,22.0,,,,,,2021-08-01
Toronto,Bachelor units,2021,8,1217.0,28.45176796563207,18.461248346392594,57.4,0.0,23.487685945154926,Canada,2016A000011124,Percent,239.0,units,0.0,v733833,1.0,3.2,2.0,9.9,22.0,,,,,,2021-08-01
Toronto,Bachelor units,2021,9,1217.0,22.64,12.59,158.0,0.0,17.64333333333333,Canada,2016A000011124,Percent,239.0,units,0.0,v733833,1.0,3.22,2.0,9.9,22.0,,,,,,2021-09-01
Toronto,Bachelor units,2021,9,1217.0,22.64,12.59,158.0,0.0,17.64333333333333,Canada,2016A000011124,Percent,239.0,units,0.0,v733833,1.0,3.22,2.0,9.9,22.0,,,,,,2021-09-01
Toronto,Bachelor units,2021,9,1217.0,22.64,12.59,158.0,0.0,17.64333333333333,Canada,2016A000011124,Percent,239.0,units,0.0,v733833,1.0,3.22,2.0,9.9,22.0,,,,,,2021-09-01
Toronto,Bachelor units,2021,9,1217.0,22.64,12.59,158.0,0.0,17.64333333333333,Canada,2016A000011124,Percent,239.0,units,0.0,v733833,1.0,3.22,2.0,9.9,22.0,,,,,,2021-09-01
Toronto,Bachelor units,2021,10,1217.0,16.88064516129032,10.067741935483872,101.8,0.0,13.496774193548386,Canada,2016A000011124,Percent,239.0,units,0.0,v733833,1.0,3.29,2.0,9.9,22.0,,,,,,2021-10-01
Toronto,Bachelor units,2021,10,1217.0,16.88064516129032,10.067741935483872,101.8,0.0,13.496774193548386,Canada,2016A000011124,Percent,239.0,units,0.0,v733833,1.0,3.29,2.0,9.9,22.0,,,,,,2021-10-01
Toronto,Bachelor units,2021,10,1217.0,16.88064516129032,10.067741935483872,101.8,0.0,13.496774193548386,Canada,2016A000011124,Percent,239.0,units,0.0,v733833,1.0,3.29,2.0,9.9,22.0,,,,,,2021-10-01
Toronto,Bachelor units,2021,10,1217.0,16.88064516129032,10.067741935483872,101.8,0.0,13.496774193548386,Canada,2016A000011124,Percent,239.0,units,0.0,v733833,1.0,3.29,2.0,9.9,22.0,,,,,,2021-10-01
Toronto,Bachelor units,2021,11,1217.0,8.426666666666666,-0.029999999999999954,38.199999999999996,15.0,4.21,Canada,2016A000011124,Percent,239.0,units,0.0,v733833,1.0,3.4,2.0,9.9,22.0,,,,,,2021-11-01
Toronto,Bachelor units,2021,11,1217.0,8.426666666666666,-0.029999999999999954,38.199999999999996,15.0,4.21,Canada,2016A000011124,Percent,239.0,units,0.0,v733833,1.0,3.4,2.0,9.9,22.0,,,,,,2021-11-01
Toronto,Bachelor units,2021,11,1217.0,8.426666666666666,-0.029999999999999954,38.199999999999996,15.0,4.21,Canada,2016A000011124,Percent,239.0,units,0.0,v733833,1.0,3.4,2.0,9.9,22.0,,,,,,2021-11-01
Toronto,Bachelor units,2021,11,1217.0,8.426666666666666,-0.029999999999999954,38.199999999999996,15.0,4.21,Canada,2016A000011124,Percent,239.0,units,0.0,v733833,1.0,3.4,2.0,9.9,22.0,,,,,,2021-11-01
Toronto,Bachelor units,2021,12,1217.0,6.1972393807671775,-0.6033517350157729,68.0,27.8,2.808219125787364,Canada,2016A000011124,Percent,239.0,units,0.0,v733833,1.0,3.45,2.0,9.9,22.0,,,,,,2021-12-01
Toronto,Bachelor units,2021,12,1217.0,6.1972393807671775,-0.6033517350157729,68.0,27.8,2.808219125787364,Canada,2016A000011124,Percent,239.0,units,0.0,v733833,1.0,3.45,2.0,9.9,22.0,,,,,,2021-12-01
Toronto,Bachelor units,2021,12,1217.0,6.1972393807671775,-0.6033517350157729,68.0,27.8,2.808219125787364,Canada,2016A000011124,Percent,239.0,units,0.0,v733833,1.0,3.45,2.0,9.9,22.0,,,,,,2021-12-01
Toronto,Bachelor units,2021,12,1217.0,6.1972393807671775,-0.6033517350157729,68.0,27.8,2.808219125787364,Canada,2016A000011124,Percent,239.0,units,0.0,v733833,1.0,3.45,2.0,9.9,22.0,,,,,,2021-12-01
Toronto,Bachelor units,2022,1,1305.0,-1.3866315869747579,-11.748513025338353,43.0,47.8,-6.588555067761024,Canada,2016A000011124,Percent,239.0,units,0.0,v733833,1.0,3.44,2.0,9.4,25.0,,,,,,2022-01-01
Toronto,Bachelor units,2022,1,1217.0,-1.3866315869747579,-11.748513025338353,43.0,47.8,-6.588555067761024,Canada,2016A000011124,Percent,239.0,units,0.0,v733833,1.0,3.44,2.0,9.4,25.0,,,,,,2022-01-01
Toronto,Bachelor units,2022,1,1305.0,-1.3866315869747579,-11.748513025338353,43.0,47.8,-6.588555067761024,Canada,2016A000011124,Percent,239.0,units,0.0,v733833,1.0,3.44,2.0,9.4,25.0,,,,,,2022-01-01
Toronto,Bachelor units,2022,1,1311.0,-1.3866315869747579,-11.748513025338353,43.0,47.8,-6.588555067761024,Canada,2016A000011124,Percent,239.0,units,0.0,v733833,1.0,3.44,2.0,9.4,25.0,,,,,,2022-01-01
Toronto,Bachelor units,2022,2,1305.0,0.9289147810424406,-7.903664375844976,82.60000000000001,48.0,-3.495123978585517,Canada,2016A000011124,Percent,239.0,units,0.0,v733833,1.0,3.58,2.0,9.4,25.0,,,,,,2022-02-01
Toronto,Bachelor units,2022,2,1217.0,0.9289147810424406,-7.903664375844976,82.60000000000001,48.0,-3.495123978585517,Canada,2016A000011124,Percent,239.0,units,0.0,v733833,1.0,3.58,2.0,9.4,25.0,,,,,,2022-02-01
Toronto,Bachelor units,2022,2,1305.0,0.9289147810424406,-7.903664375844976,82.60000000000001,48.0,-3.495123978585517,Canada,2016A000011124,Percent,239.0,units,0.0,v733833,1.0,3.58,2.0,9.4,25.0,,,,,,2022-02-01
Toronto,Bachelor units,2022,2,1311.0,0.9289147810424406,-7.903664375844976,82.60000000000001,48.0,-3.495123978585517,Canada,2016A000011124,Percent,239.0,units,0.0,v733833,1.0,3.58,2.0,9.4,25.0,,,,,,2022-02-01
Toronto,Bachelor units,2022,3,1305.0,5.232258064516128,-3.045161290322581,59.0,24.8,1.1,Canada,2016A000011124,Percent,239.0,units,0.0,v733833,1.0,3.77,2.0,9.4,25.0,,,,,,2022-03-01
Toronto,Bachelor units,2022,3,1217.0,5.232258064516128,-3.045161290322581,59.0,24.8,1.1,Canada,2016A000011124,Percent,239.0,units,0.0,v733833,1.0,3.77,2.0,9.4,25.0,,,,,,2022-03-01
Toronto,Bachelor units,2022,3,1305.0,5.232258064516128,-3.045161290322581,59.0,24.8,1.1,Canada,2016A000011124,Percent,239.0,units,0.0,v733833,1.0,3.77,2.0,9.4,25.0,,,,,,2022-03-01
Toronto,Bachelor units,2022,3,1311.0,5.232258064516128,-3.045161290322581,59.0,24.8,1.1,Canada,2016A000011124,Percent,239.0,units,0.0,v733833,1.0,3.77,2.0,9.4,25.0,,,,,,2022-03-01
Toronto,Bachelor units,2022,4,1305.0,11.263493564486472,2.263289957939011,50.0,8.6,6.790608809993426,Canada,2016A000011124,Percent,239.0,units,0.0,v733833,1.0,4.19,2.0,9.4,25.0,,,,,,2022-04-01
Toronto,Bachelor units,2022,4,1217.0,11.263493564486472,2.263289957939011,50.0,8.6,6.790608809993426,Canada,2016A000011124,Percent,239.0,units,0.0,v733833,1.0,4.19,2.0,9.4,25.0,,,,,,2022-04-01
Toronto,Bachelor units,2022,4,1305.0,11.263493564486472,2.263289957939011,50.0,8.6,6.790608809993426,Canada,2016A000011124,Percent,239.0,units,0.0,v733833,1.0,4.19,2.0,9.4,25.0,,,,,,2022-04-01
Toronto,Bachelor units,2022,4,1311.0,11.263493564486472,2.263289957939011,50.0,8.6,6.790608809993426,Canada,2016A000011124,Percent,239.0,units,0.0,v733833,1.0,4.19,2.0,9.4,25.0,,,,,,2022-04-01
Toronto,Bachelor units,2022,5,1305.0,20.929342382877042,9.845077337946474,46.8,0.0,15.407629954825985,Canada,2016A000011124,Percent,239.0,units,0.0,v733833,1.0,4.63,2.0,9.4,25.0,,,,,,2022-05-01
Toronto,Bachelor units,2022,5,1217.0,20.929342382877042,9.845077337946474,46.8,0.0,15.407629954825985,Canada,2016A000011124,Percent,239.0,units,0.0,v733833,1.0,4.63,2.0,9.4,25.0,,,,,,2022-05-01
Toronto,Bachelor units,2022,5,1305.0,20.929342382877042,9.845077337946474,46.8,0.0,15.407629954825985,Canada,2016A000011124,Percent,239.0,units,0.0,v733833,1.0,4.63,2.0,9.4,25.0,,,,,,2022-05-01
Toronto,Bachelor units,2022,5,1311.0,20.929342382877042,9.845077337946474,46.8,0.0,15.407629954825985,Canada,2016A000011124,Percent,239.0,units,0.0,v733833,1.0,4.63,2.0,9.4,25.0,,,,,,2022-05-01
Toronto,Bachelor units,2022,6,1305.0,25.740000000000002,13.313333333333333,40.4,0.0,19.55,Canada,2016A000011124,Percent,239.0,units,0.0,v733833,1.0,5.05,2.0,9.4,25.0,,,,,,2022-06-01
Toronto,Bachelor units,2022,6,1217.0,25.740000000000002,13.313333333333333,40.4,0.0,19.55,Canada,2016A000011124,Percent,239.0,units,0.0,v733833,1.0,5.05,2.0,9.4,25.0,,,,,,2022-06-01
Toronto,Bachelor units,2022,6,1305.0,25.740000000000002,13.313333333333333,40.4,0.0,19.55,Canada,2016A000011124,Percent,239.0,units,0.0,v733833,1.0,5.05,2.0,9.4,25.0,,,,,,2022-06-01
Toronto,Bachelor units,2022,6,1311.0,25.740000000000002,13.313333333333333,40.4,0.0,19.55,Canada,2016A000011124,Percent,239.0,units,0.0,v733833,1.0,5.05,2.0,9.4,25.0,,,,,,2022-06-01
Toronto,Bachelor units,2022,7,1305.0,28.26774193548387,17.016129032258064,43.599999999999994,0.0,22.66774193548387,Canada,2016A000011124,Percent,239.0,units,0.0,v733833,1.0,5.51,2.0,9.4,25.0,,,,,,2022-07-01
Toronto,Bachelor units,2022,7,1217.0,28.26774193548387,17.016129032258064,43.599999999999994,0.0,22.66774193548387,Canada,2016A000011124,Percent,239.0,units,0.0,v733833,1.0,5.51,2.0,9.4,25.0,,,,,,2022-07-01
Toronto,Bachelor units,2022,7,1305.0,28.26774193548387,17.016129032258064,43.599999999999994,0.0,22.66774193548387,Canada,2016A000011124,Percent,239.0,units,0.0,v733833,1.0,5.51,2.0,9.4,25.0,,,,,,2022-07-01
Toronto,Bachelor units,2022,7,1311.0,28.26774193548387,17.016129032258064,43.599999999999994,0.0,22.66774193548387,Canada,2016A000011124,Percent,239.0,units,0.0,v733833,1.0,5.51,2.0,9.4,25.0,,,,,,2022-07-01
Toronto,Bachelor units,2022,8,1305.0,27.822580645161292,17.183870967741935,80.8,0.0,22.532258064516128,Canada,2016A000011124,Percent,239.0,units,0.0,v733833,1.0,5.58,2.0,9.4,25.0,,,,,,2022-08-01
Toronto,Bachelor units,2022,8,1217.0,27.822580645161292,17.183870967741935,80.8,0.0,22.532258064516128,Canada,2016A000011124,Percent,239.0,units,0.0,v733833,1.0,5.58,2.0,9.4,25.0,,,,,,2022-08-01
Toronto,Bachelor units,2022,8,1305.0,27.822580645161292,17.183870967741935,80.8,0.0,22.532258064516128,Canada,2016A000011124,Percent,239.0,units,0.0,v733833,1.0,5.58,2.0,9.4,25.0,,,,,,2022-08-01
Toronto,Bachelor units,2022,8,1311.0,27.822580645161292,17.183870967741935,80.8,0.0,22.532258064516128,Canada,2016A000011124,Percent,239.0,units,0.0,v733833,1.0,5.58,2.0,9.4,25.0,,,,,,2022-08-01
Toronto,Bachelor units,2022,9,1305.0,22.273493564486476,12.709956624605677,39.4,0.0,17.51394214332676,Canada,2016A000011124,Percent,239.0,units,0.0,v733833,1.0,5.64,2.0,9.4,25.0,,,,,,2022-09-01
Toronto,Bachelor units,2022,9,1217.0,22.273493564486476,12.709956624605677,39.4,0.0,17.51394214332676,Canada,2016A000011124,Percent,239.0,units,0.0,v733833,1.0,5.64,2.0,9.4,25.0,,,,,,2022-09-01
Toronto,Bachelor units,2022,9,1305.0,22.273493564486476,12.709956624605677,39.4,0.0,17.51394214332676,Canada,2016A000011124,Percent,239.0,units,0.0,v733833,1.0,5.64,2.0,9.4,25.0,,,,,,2022-09-01
Toronto,Bachelor units,2022,9,1311.0,22.273493564486476,12.709956624605677,39.4,0.0,17.51394214332676,Canada,2016A000011124,Percent,239.0,units,0.0,v733833,1.0,5.64,2.0,9.4,25.0,,,,,,2022-09-01
Toronto,Bachelor units,2022,10,1305.0,15.516129032258064,5.183870967741936,36.6,0.0,10.370967741935484,Canada,2016A000011124,Percent,239.0,units,0.0,v733833,1.0,5.75,2.0,9.4,25.0,,,,,,2022-10-01
Toronto,Bachelor units,2022,10,1217.0,15.516129032258064,5.183870967741936,36.6,0.0,10.370967741935484,Canada,2016A000011124,Percent,239.0,units,0.0,v733833,1.0,5.75,2.0,9.4,25.0,,,,,,2022-10-01
Toronto,Bachelor units,2022,10,1305.0,15.516129032258064,5.183870967741936,36.6,0.0,10.370967741935484,Canada,2016A000011124,Percent,239.0,units,0.0,v733833,1.0,5.75,2.0,9.4,25.0,,,,,,2022-10-01
Toronto,Bachelor units,2022,10,1311.0,15.516129032258064,5.183870967741936,36.6,0.0,10.370967741935484,Canada,2016A000011124,Percent,239.0,units,0.0,v733833,1.0,5.75,2.0,9.4,25.0,,,,,,2022-10-01
Toronto,Bachelor units,2022,11,1305.0,9.353333333333333,1.3466666666666667,55.400000000000006,13.0,5.36,Canada,2016A000011124,Percent,239.0,units,0.0,v733833,1.0,5.88,2.0,9.4,25.0,,,,,,2022-11-01
Toronto,Bachelor units,2022,11,1217.0,9.353333333333333,1.3466666666666667,55.400000000000006,13.0,5.36,Canada,2016A000011124,Percent,239.0,units,0.0,v733833,1.0,5.88,2.0,9.4,25.0,,,,,,2022-11-01
Toronto,Bachelor units,2022,11,1305.0,9.353333333333333,1.3466666666666667,55.400000000000006,13.0,5.36,Canada,2016A000011124,Percent,239.0,units,0.0,v733833,1.0,5.88,2.0,9.4,25.0,,,,,,2022-11-01
Toronto,Bachelor units,2022,11,1311.0,9.353333333333333,1.3466666666666667,55.400000000000006,13.0,5.36,Canada,2016A000011124,Percent,239.0,units,0.0,v733833,1.0,5.88,2.0,9.4,25.0,,,,,,2022-11-01
Toronto,Bachelor units,2022,12,1305.0,2.42258064516129,-3.5290322580645164,95.2,14.0,-0.5580645161290323,Canada,2016A000011124,Percent,239.0,units,0.0,v733833,1.0,5.89,2.0,9.4,25.0,,,,,,2022-12-01
Toronto,Bachelor units,2022,12,1217.0,2.42258064516129,-3.5290322580645164,95.2,14.0,-0.5580645161290323,Canada,2016A000011124,Percent,239.0,units,0.0,v733833,1.0,5.89,2.0,9.4,25.0,,,,,,2022-12-01
Toronto,Bachelor units,2022,12,1305.0,2.42258064516129,-3.5290322580645164,95.2,14.0,-0.5580645161290323,Canada,2016A000011124,Percent,239.0,units,0.0,v733833,1.0,5.89,2.0,9.4,25.0,,,,,,2022-12-01
Toronto,Bachelor units,2022,12,1311.0,2.42258064516129,-3.5290322580645164,95.2,14.0,-0.5580645161290323,Canada,2016A000011124,Percent,239.0,units,0.0,v733833,1.0,5.89,2.0,9.4,25.0,,,,,,2022-12-01
Toronto,Bachelor units,2023,1,1414.0,1.5548387096774194,-3.293548387096774,77.4,36.2,-0.8741935483870968,Canada,2016A000011124,Percent,239.0,units,0.0,v733833,1.0,5.86,2.0,,,36.0,111.0,87.0,0.0,,2023-01-01
Toronto,Bachelor units,2023,1,1217.0,1.5548387096774194,-3.293548387096774,77.4,36.2,-0.8741935483870968,Canada,2016A000011124,Percent,239.0,units,0.0,v733833,1.0,5.86,2.0,,,36.0,111.0,87.0,0.0,,2023-01-01
Toronto,Bachelor units,2023,1,1414.0,1.5548387096774194,-3.293548387096774,77.4,36.2,-0.8741935483870968,Canada,2016A000011124,Percent,239.0,units,0.0,v733833,1.0,5.86,2.0,,,36.0,111.0,87.0,0.0,,2023-01-01
Toronto,Bachelor units,2023,1,1415.0,1.5548387096774194,-3.293548387096774,77.4,36.2,-0.8741935483870968,Canada,2016A000011124,Percent,239.0,units,0.0,v733833,1.0,5.86,2.0,,,36.0,111.0,87.0,0.0,,2023-01-01
Toronto,Bachelor units,2023,2,1414.0,2.996428571428571,-5.796428571428572,73.3,28.9,-1.4035714285714285,Canada,2016A000011124,Percent,239.0,units,0.0,v733833,1.0,5.81,2.0,,,36.0,111.0,87.0,0.0,,2023-02-01
Toronto,Bachelor units,2023,2,1217.0,2.996428571428571,-5.796428571428572,73.3,28.9,-1.4035714285714285,Canada,2016A000011124,Percent,239.0,units,0.0,v733833,1.0,5.81,2.0,,,36.0,111.0,87.0,0.0,,2023-02-01
Toronto,Bachelor units,2023,2,1414.0,2.996428571428571,-5.796428571428572,73.3,28.9,-1.4035714285714285,Canada,2016A000011124,Percent,239.0,units,0.0,v733833,1.0,5.81,2.0,,,36.0,111.0,87.0,0.0,,2023-02-01
Toronto,Bachelor units,2023,2,1415.0,2.996428571428571,-5.796428571428572,73.3,28.9,-1.4035714285714285,Canada,2016A000011124,Percent,239.0,units,0.0,v733833,1.0,5.81,2.0,,,36.0,111.0,87.0,0.0,,2023-02-01
Toronto,Bachelor units,2023,3,1414.0,4.393548387096774,-2.648387096774193,90.0,44.6,0.8741935483870968,Canada,2016A000011124,Percent,239.0,units,0.0,v733833,1.0,5.81,2.0,,,36.0,111.0,87.0,0.0,,2023-03-01
Toronto,Bachelor units,2023,3,1217.0,4.393548387096774,-2.648387096774193,90.0,44.6,0.8741935483870968,Canada,2016A000011124,Percent,239.0,units,0.0,v733833,1.0,5.81,2.0,,,36.0,111.0,87.0,0.0,,2023-03-01
Toronto,Bachelor units,2023,3,1414.0,4.393548387096774,-2.648387096774193,90.0,44.6,0.8741935483870968,Canada,2016A000011124,Percent,239.0,units,0.0,v733833,1.0,5.81,2.0,,,36.0,111.0,87.0,0.0,,2023-03-01
Toronto,Bachelor units,2023,3,1415.0,4.393548387096774,-2.648387096774193,90.0,44.6,0.8741935483870968,Canada,2016A000011124,Percent,239.0,units,0.0,v733833,1.0,5.81,2.0,,,36.0,111.0,87.0,0.0,,2023-03-01
Toronto,Bachelor units,2023,4,1414.0,14.120000000000001,3.9233333333333333,101.8,0.4,9.046666666666665,Canada,2016A000011124,Percent,239.0,units,0.0,v733833,1.0,5.75,2.0,,,36.0,111.0,87.0,0.0,,2023-04-01
Toronto,Bachelor units,2023,4,1217.0,14.120000000000001,3.9233333333333333,101.8,0.4,9.046666666666665,Canada,2016A000011124,Percent,239.0,units,0.0,v733833,1.0,5.75,2.0,,,36.0,111.0,87.0,0.0,,2023-04-01
Toronto,Bachelor units,2023,4,1414.0,14.120000000000001,3.9233333333333333,101.8,0.4,9.046666666666665,Canada,2016A000011124,Percent,239.0,units,0.0,v733833,1.0,5.75,2.0,,,36.0,111.0,87.0,0.0,,2023-04-01
Toronto,Bachelor units,2023,4,1415.0,14.120000000000001,3.9233333333333333,101.8,0.4,9.046666666666665,Canada,2016A000011124,Percent,239.0,units,0.0,v733833,1.0,5.75,2.0,,,36.0,111.0,87.0,0.0,,2023-04-01
Toronto,Bachelor units,2023,5,1414.0,19.396774193548385,7.590322580645162,58.8,0.0,13.519354838709678,Canada,2016A000011124,Percent,239.0,units,0.0,v733833,1.0,5.74,2.0,,,36.0,111.0,87.0,0.0,,2023-05-01
Toronto,Bachelor units,2023,5,1217.0,19.396774193548385,7.590322580645162,58.8,0.0,13.519354838709678,Canada,2016A000011124,Percent,239.0,units,0.0,v733833,1.0,5.74,2.0,,,36.0,111.0,87.0,0.0,,2023-05-01
Toronto,Bachelor units,2023,5,1414.0,19.396774193548385,7.590322580645162,58.8,0.0,13.519354838709678,Canada,2016A000011124,Percent,239.0,units,0.0,v733833,1.0,5.74,2.0,,,36.0,111.0,87.0,0.0,,2023-05-01
Toronto,Bachelor units,2023,5,1415.0,19.396774193548385,7.590322580645162,58.8,0.0,13.519354838709678,Canada,2016A000011124,Percent,239.0,units,0.0,v733833,1.0,5.74,2.0,,,36.0,111.0,87.0,0.0,,2023-05-01
Toronto,Bachelor units,2023,6,1414.0,24.206666666666667,14.613333333333333,108.0,0.0,19.433333333333334,Canada,2016A000011124,Percent,239.0,units,0.0,v733833,1.0,5.85,2.0,,,36.0,111.0,87.0,0.0,,2023-06-01
Toronto,Bachelor units,2023,6,1217.0,24.206666666666667,14.613333333333333,108.0,0.0,19.433333333333334,Canada,2016A000011124,Percent,239.0,units,0.0,v733833,1.0,5.85,2.0,,,36.0,111.0,87.0,0.0,,2023-06-01
Toronto,Bachelor units,2023,6,1414.0,24.206666666666667,14.613333333333333,108.0,0.0,19.433333333333334,Canada,2016A000011124,Percent,239.0,units,0.0,v733833,1.0,5.85,2.0,,,36.0,111.0,87.0,0.0,,2023-06-01
Toronto,Bachelor units,2023,6,1415.0,24.206666666666667,14.613333333333333,108.0,0.0,19.433333333333334,Canada,2016A000011124,Percent,239.0,units,0.0,v733833,1.0,5.85,2.0,,,36.0,111.0,87.0,0.0,,2023-06-01
Toronto,Bachelor units,2023,7,1414.0,27.148387096774194,17.074193548387097,103.80000000000001,0.0,22.138709677419353,Canada,2016A000011124,Percent,239.0,units,0.0,v733833,1.0,5.99,2.0,,,36.0,111.0,87.0,0.0,,2023-07-01
Toronto,Bachelor units,2023,7,1217.0,27.148387096774194,17.074193548387097,103.80000000000001,0.0,22.138709677419353,Canada,2016A000011124,Percent,239.0,units,0.0,v733833,1.0,5.99,2.0,,,36.0,111.0,87.0,0.0,,2023-07-01
Toronto,Bachelor units,2023,7,1414.0,27.148387096774194,17.074193548387097,103.80000000000001,0.0,22.138709677419353,Canada,2016A000011124,Percent,239.0,units,0.0,v733833,1.0,5.99,2.0,,,36.0,111.0,87.0,0.0,,2023-07-01
Toronto,Bachelor units,2023,7,1415.0,27.148387096774194,17.074193548387097,103.80000000000001,0.0,22.138709677419353,Canada,2016A000011124,Percent,239.0,units,0.0,v733833,1.0,5.99,2.0,,,36.0,111.0,87.0,0.0,,2023-07-01
Toronto,Bachelor units,2023,8,1414.0,24.780645161290323,15.303225806451612,59.199999999999996,0.0,20.05806451612903,Canada,2016A000011124,Percent,239.0,units,0.0,v733833,1.0,6.17,2.0,,,36.0,111.0,87.0,0.0,,2023-08-01
Toronto,Bachelor units,2023,8,1217.0,24.780645161290323,15.303225806451612,59.199999999999996,0.0,20.05806451612903,Canada,2016A000011124,Percent,239.0,units,0.0,v733833,1.0,6.17,2.0,,,36.0,111.0,87.0,0.0,,2023-08-01
Toronto,Bachelor units,2023,8,1414.0,24.780645161290323,15.303225806451612,59.199999999999996,0.0,20.05806451612903,Canada,2016A000011124,Percent,239.0,units,0.0,v733833,1.0,6.17,2.0,,,36.0,111.0,87.0,0.0,,2023-08-01
Toronto,Bachelor units,2023,8,1415.0,24.780645161290323,15.303225806451612,59.199999999999996,0.0,20.05806451612903,Canada,2016A000011124,Percent,239.0,units,0.0,v733833,1.0,6.17,2.0,,,36.0,111.0,87.0,0.0,,2023-08-01
Toronto,Bachelor units,2023,9,1414.0,23.68,13.419956624605678,11.200000000000001,0.0,18.420608809993425,Canada,2016A000011124,Percent,239.0,units,0.0,v733833,1.0,6.27,2.0,,,36.0,111.0,87.0,0.0,,2023-09-01
Toronto,Bachelor units,2023,9,1217.0,23.68,13.419956624605678,11.200000000000001,0.0,18.420608809993425,Canada,2016A000011124,Percent,239.0,units,0.0,v733833,1.0,6.27,2.0,,,36.0,111.0,87.0,0.0,,2023-09-01
Toronto,Bachelor units,2023,9,1414.0,23.68,13.419956624605678,11.200000000000001,0.0,18.420608809993425,Canada,2016A000011124,Percent,239.0,units,0.0,v733833,1.0,6.27,2.0,,,36.0,111.0,87.0,0.0,,2023-09-01
Toronto,Bachelor units,2023,9,1415.0,23.68,13.419956624605678,11.200000000000001,0.0,18.420608809993425,Canada,2016A000011124,Percent,239.0,units,0.0,v733833,1.0,6.27,2.0,,,36.0,111.0,87.0,0.0,,2023-09-01
Toronto,Bachelor units,2023,10,1414.0,16.787096774193547,8.387096774193548,40.1,0.0,12.612903225806452,Canada,2016A000011124,Percent,239.0,units,0.0,v733833,1.0,6.42,2.0,,,36.0,111.0,87.0,0.0,1235288.7735109718,2023-10-01
Toronto,Bachelor units,2023,10,1217.0,16.787096774193547,8.387096774193548,40.1,0.0,12.612903225806452,Canada,2016A000011124,Percent,239.0,units,0.0,v733833,1.0,6.42,2.0,,,36.0,111.0,87.0,0.0,1235288.7735109718,2023-10-01
Toronto,Bachelor units,2023,10,1414.0,16.787096774193547,8.387096774193548,40.1,0.0,12.612903225806452,Canada,2016A000011124,Percent,239.0,units,0.0,v733833,1.0,6.42,2.0,,,36.0,111.0,87.0,0.0,1235288.7735109718,2023-10-01
Toronto,Bachelor units,2023,10,1415.0,16.787096774193547,8.387096774193548,40.1,0.0,12.612903225806452,Canada,2016A000011124,Percent,239.0,units,0.0,v733833,1.0,6.42,2.0,,,36.0,111.0,87.0,0.0,1235288.7735109718,2023-10-01
Toronto,Bachelor units,2023,11,1414.0,8.106666666666666,-0.2733333333333333,54.199999999999996,3.2,3.93,Canada,2016A000011124,Percent,239.0,units,0.0,v733833,1.0,6.47,2.0,,,36.0,111.0,87.0,0.0,,2023-11-01
Toronto,Bachelor units,2023,11,1217.0,8.106666666666666,-0.2733333333333333,54.199999999999996,3.2,3.93,Canada,2016A000011124,Percent,239.0,units,0.0,v733833,1.0,6.47,2.0,,,36.0,111.0,87.0,0.0,,2023-11-01
Toronto,Bachelor units,2023,11,1414.0,8.106666666666666,-0.2733333333333333,54.199999999999996,3.2,3.93,Canada,2016A000011124,Percent,239.0,units,0.0,v733833,1.0,6.47,2.0,,,36.0,111.0,87.0,0.0,,2023-11-01
Toronto,Bachelor units,2023,11,1415.0,8.106666666666666,-0.2733333333333333,54.199999999999996,3.2,3.93,Canada,2016A000011124,Percent,239.0,units,0.0,v733833,1.0,6.47,2.0,,,36.0,111.0,87.0,0.0,,2023-11-01
Toronto,Bachelor units,2023,12,1414.0,5.17741935483871,0.21612903225806443,80.3,9.8,2.7193548387096773,Canada,2016A000011124,Percent,239.0,units,0.0,v733833,1.0,6.39,2.0,,,36.0,111.0,87.0,0.0,,2023-12-01
Toronto,Bachelor units,2023,12,1217.0,5.17741935483871,0.21612903225806443,80.3,9.8,2.7193548387096773,Canada,2016A000011124,Percent,239.0,units,0.0,v733833,1.0,6.39,2.0,,,36.0,111.0,87.0,0.0,,2023-12-01
Toronto,Bachelor units,2023,12,1414.0,5.17741935483871,0.21612903225806443,80.3,9.8,2.7193548387096773,Canada,2016A000011124,Percent,239.0,units,0.0,v733833,1.0,6.39,2.0,,,36.0,111.0,87.0,0.0,,2023-12-01
Toronto,Bachelor units,2023,12,1415.0,5.17741935483871,0.21612903225806443,80.3,9.8,2.7193548387096773,Canada,2016A000011124,Percent,239.0,units,0.0,v733833,1.0,6.39,2.0,,,36.0,111.0,87.0,0.0,,2023-12-01
Toronto,Bachelor units,2024,1,1448.0,0.3419354838709677,-4.54516129032258,99.6,27.4,-2.109677419354839,Canada,2016A000011124,Percent,239.0,units,0.0,v733833,1.0,6.31,2.0,,,,,,,,2024-01-01
Toronto,Bachelor units,2024,1,1217.0,0.3419354838709677,-4.54516129032258,99.6,27.4,-2.109677419354839,Canada,2016A000011124,Percent,239.0,units,0.0,v733833,1.0,6.31,2.0,,,,,,,,2024-01-01
Toronto,Bachelor units,2024,1,1448.0,0.3419354838709677,-4.54516129032258,99.6,27.4,-2.109677419354839,Canada,2016A000011124,Percent,239.0,units,0.0,v733833,1.0,6.31,2.0,,,,,,,,2024-01-01
Toronto,Bachelor units,2024,1,1448.0,0.3419354838709677,-4.54516129032258,99.6,27.4,-2.109677419354839,Canada,2016A000011124,Percent,239.0,units,0.0,v733833,1.0,6.31,2.0,,,,,,,,2024-01-01
Toronto,Bachelor units,2024,2,1448.0,4.827586206896552,-4.5103448275862075,33.6,8.200000000000001,0.15862068965517243,Canada,2016A000011124,Percent,239.0,units,0.0,v733833,1.0,6.15,2.0,,,,,,,,2024-02-01
Toronto,Bachelor units,2024,2,1217.0,4.827586206896552,-4.5103448275862075,33.6,8.200000000000001,0.15862068965517243,Canada,2016A000011124,Percent,239.0,units,0.0,v733833,1.0,6.15,2.0,,,,,,,,2024-02-01
Toronto,Bachelor units,2024,2,1448.0,4.827586206896552,-4.5103448275862075,33.6,8.200000000000001,0.15862068965517243,Canada,2016A000011124,Percent,239.0,units,0.0,v733833,1.0,6.15,2.0,,,,,,,,2024-02-01
Toronto,Bachelor units,2024,2,1448.0,4.827586206896552,-4.5103448275862075,33.6,8.200000000000001,0.15862068965517243,Canada,2016A000011124,Percent,239.0,units,0.0,v733833,1.0,6.15,2.0,,,,,,,,2024-02-01
Toronto,Bachelor units,2024,3,1448.0,8.058064516129031,-0.7064516129032259,56.7,18.2,3.6903225806451614,Canada,2016A000011124,Percent,239.0,units,0.0,v733833,1.0,6.13,2.0,,,,,,,,2024-03-01
Toronto,Bachelor units,2024,3,1217.0,8.058064516129031,-0.7064516129032259,56.7,18.2,3.6903225806451614,Canada,2016A000011124,Percent,239.0,units,0.0,v733833,1.0,6.13,2.0,,,,,,,,2024-03-01
Toronto,Bachelor units,2024,3,1448.0,8.058064516129031,-0.7064516129032259,56.7,18.2,3.6903225806451614,Canada,2016A000011124,Percent,239.0,units,0.0,v733833,1.0,6.13,2.0,,,,,,,,2024-03-01
Toronto,Bachelor units,2024,3,1448.0,8.058064516129031,-0.7064516129032259,56.7,18.2,3.6903225806451614,Canada,2016A000011124,Percent,239.0,units,0.0,v733833,1.0,6.13,2.0,,,,,,,,2024-03-01
Toronto,Bachelor units,2024,4,1448.0,12.863333333333333,4.113333333333333,135.5,0.2,8.51,Canada,2016A000011124,Percent,239.0,units,0.0,v733833,1.0,6.08,2.0,,,,,,,,2024-04-01
Toronto,Bachelor units,2024,4,1217.0,12.863333333333333,4.113333333333333,135.5,0.2,8.51,Canada,2016A000011124,Percent,239.0,units,0.0,v733833,1.0,6.08,2.0,,,,,,,,2024-04-01
Toronto,Bachelor units,2024,4,1448.0,12.863333333333333,4.113333333333333,135.5,0.2,8.51,Canada,2016A000011124,Percent,239.0,units,0.0,v733833,1.0,6.08,2.0,,,,,,,,2024-04-01
Toronto,Bachelor units,2024,4,1448.0,12.863333333333333,4.113333333333333,135.5,0.2,8.51,Canada,2016A000011124,Percent,239.0,units,0.0,v733833,1.0,6.08,2.0,,,,,,,,2024-04-01
Toronto,Bachelor units,2024,5,1448.0,21.403225806451612,11.351612903225806,76.8,0.0,16.403225806451612,Canada,2016A000011124,Percent,239.0,units,0.0,v733833,1.0,6.05,2.0,,,,,,,,2024-05-01
Toronto,Bachelor units,2024,5,1217.0,21.403225806451612,11.351612903225806,76.8,0.0,16.403225806451612,Canada,2016A000011124,Percent,239.0,units,0.0,v733833,1.0,6.05,2.0,,,,,,,,2024-05-01
Toronto,Bachelor units,2024,5,1448.0,21.403225806451612,11.351612903225806,76.8,0.0,16.403225806451612,Canada,2016A000011124,Percent,239.0,units,0.0,v733833,1.0,6.05,2.0,,,,,,,,2024-05-01
Toronto,Bachelor units,2024,5,1448.0,21.403225806451612,11.351612903225806,76.8,0.0,16.403225806451612,Canada,2016A000011124,Percent,239.0,units,0.0,v733833,1.0,6.05,2.0,,,,,,,,2024-05-01
Toronto,Bachelor units,2024,6,1448.0,24.876666666666665,15.19,114.1,0.0,20.05666666666667,Canada,2016A000011124,Percent,239.0,units,0.0,v733833,1.0,5.98,2.0,,,,,,,,2024-06-01
Toronto,Bachelor units,2024,6,1217.0,24.876666666666665,15.19,114.1,0.0,20.05666666666667,Canada,2016A000011124,Percent,239.0,units,0.0,v733833,1.0,5.98,2.0,,,,,,,,2024-06-01
Toronto,Bachelor units,2024,6,1448.0,24.876666666666665,15.19,114.1,0.0,20.05666666666667,Canada,2016A000011124,Percent,239.0,units,0.0,v733833,1.0,5.98,2.0,,,,,,,,2024-06-01
Toronto,Bachelor units,2024,6,1448.0,24.876666666666665,15.19,114.1,0.0,20.05666666666667,Canada,2016A000011124,Percent,239.0,units,0.0,v733833,1.0,5.98,2.0,,,,,,,,2024-06-01
Toronto,Bachelor units,2024,7,1448.0,27.458064516129035,17.529032258064515,215.4,0.0,22.519354838709678,Canada,2016A000011124,Percent,239.0,units,0.0,v733833,1.0,5.91,2.0,,,,,,,,2024-07-01
Toronto,Bachelor units,2024,7,1217.0,27.458064516129035,17.529032258064515,215.4,0.0,22.519354838709678,Canada,2016A000011124,Percent,239.0,units,0.0,v733833,1.0,5.91,2.0,,,,,,,,2024-07-01
Toronto,Bachelor units,2024,7,1448.0,27.458064516129035,17.529032258064515,215.4,0.0,22.519354838709678,Canada,2016A000011124,Percent,239.0,units,0.0,v733833,1.0,5.91,2.0,,,,,,,,2024-07-01
Toronto,Bachelor units,2024,7,1448.0,27.458064516129035,17.529032258064515,215.4,0.0,22.519354838709678,Canada,2016A000011124,Percent,239.0,units,0.0,v733833,1.0,5.91,2.0,,,,,,,,2024-07-01
Toronto,Bachelor units,2024,8,1448.0,25.60660667530949,15.651570927037755,181.8,0.0,20.652202074187183,Canada,2016A000011124,Percent,239.0,units,0.0,v733833,1.0,5.73,2.0,,,,,,,,2024-08-01
Toronto,Bachelor units,2024,8,1217.0,25.60660667530949,15.651570927037755,181.8,0.0,20.652202074187183,Canada,2016A000011124,Percent,239.0,units,0.0,v733833,1.0,5.73,2.0,,,,,,,,2024-08-01
Toronto,Bachelor units,2024,8,1448.0,25.60660667530949,15.651570927037755,181.8,0.0,20.652202074187183,Canada,2016A000011124,Percent,239.0,units,0.0,v733833,1.0,5.73,2.0,,,,,,,,2024-08-01
Toronto,Bachelor units,2024,8,1448.0,25.60660667530949,15.651570927037755,181.8,0.0,20.652202074187183,Canada,2016A000011124,Percent,239.0,units,0.0,v733833,1.0,5.73,2.0,,,,,,,,2024-08-01
Toronto,Bachelor units,2024,9,1448.0,23.716666666666665,13.863333333333333,98.5,0.0,18.816666666666666,Canada,2016A000011124,Percent,239.0,units,0.0,v733833,1.0,5.55,2.0,,,,,,,,2024-09-01
Toronto,Bachelor units,2024,9,1217.0,23.716666666666665,13.863333333333333,98.5,0.0,18.816666666666666,Canada,2016A000011124,Percent,239.0,units,0.0,v733833,1.0,5.55,2.0,,,,,,,,2024-09-01
Toronto,Bachelor units,2024,9,1448.0,23.716666666666665,13.863333333333333,98.5,0.0,18.816666666666666,Canada,2016A000011124,Percent,239.0,units,0.0,v733833,1.0,5.55,2.0,,,,,,,,2024-09-01
Toronto,Bachelor units,2024,9,1448.0,23.716666666666665,13.863333333333333,98.5,0.0,18.816666666666666,Canada,2016A000011124,Percent,239.0,units,0.0,v733833,1.0,5.55,2.0,,,,,,,,2024-09-01
Toronto,Bachelor units,2024,10,1448.0,17.322580645161292,6.261290322580645,29.5,0.0,11.819354838709677,Canada,2016A000011124,Percent,239.0,units,0.0,v733833,1.0,5.44,2.0,,,,,,,,2024-10-01
Toronto,Bachelor units,2024,10,1217.0,17.322580645161292,6.261290322580645,29.5,0.0,11.819354838709677,Canada,2016A000011124,Percent,239.0,units,0.0,v733833,1.0,5.44,2.0,,,,,,,,2024-10-01
Toronto,Bachelor units,2024,10,1448.0,17.322580645161292,6.261290322580645,29.5,0.0,11.819354838709677,Canada,2016A000011124,Percent,239.0,units,0.0,v733833,1.0,5.44,2.0,,,,,,,,2024-10-01
Toronto,Bachelor units,2024,10,1448.0,17.322580645161292,6.261290322580645,29.5,0.0,11.819354838709677,Canada,2016A000011124,Percent,239.0,units,0.0,v733833,1.0,5.44,2.0,,,,,,,,2024-10-01
Toronto,Bachelor units,2024,11,1448.0,10.053333333333335,2.4466666666666668,39.300000000000004,0.2,6.276666666666667,Canada,2016A000011124,Percent,239.0,units,0.0,v733833,1.0,5.38,2.0,,,,,,,,2024-11-01
Toronto,Bachelor units,2024,11,1217.0,10.053333333333335,2.4466666666666668,39.300000000000004,0.2,6.276666666666667,Canada,2016A000011124,Percent,239.0,units,0.0,v733833,1.0,5.38,2.0,,,,,,,,2024-11-01
Toronto,Bachelor units,2024,11,1448.0,10.053333333333335,2.4466666666666668,39.300000000000004,0.2,6.276666666666667,Canada,2016A000011124,Percent,239.0,units,0.0,v733833,1.0,5.38,2.0,,,,,,,,2024-11-01
Toronto,Bachelor units,2024,11,1448.0,10.053333333333335,2.4466666666666668,39.300000000000004,0.2,6.276666666666667,Canada,2016A000011124,Percent,239.0,units,0.0,v733833,1.0,5.38,2.0,,,,,,,,2024-11-01
Toronto,Bachelor units,2024,12,1448.0,2.5,-3.725806451612903,64.4,22.2,-0.6129032258064516,Canada,2016A000011124,Percent,239.0,units,0.0,v733833,1.0,5.35,2.0,,,,,,,,2024-12-01
Toronto,Bachelor units,2024,12,1217.0,2.5,-3.725806451612903,64.4,22.2,-0.6129032258064516,Canada,2016A000011124,Percent,239.0,units,0.0,v733833,1.0,5.35,2.0,,,,,,,,2024-12-01
Toronto,Bachelor units,2024,12,1448.0,2.5,-3.725806451612903,64.4,22.2,-0.6129032258064516,Canada,2016A000011124,Percent,239.0,units,0.0,v733833,1.0,5.35,2.0,,,,,,,,2024-12-01
Toronto,Bachelor units,2024,12,1448.0,2.5,-3.725806451612903,64.4,22.2,-0.6129032258064516,Canada,2016A000011124,Percent,239.0,units,0.0,v733833,1.0,5.35,2.0,,,,,,,,2024-12-01
Toronto,One bedroom units,2018,1,1261.0,-1.2741935483870968,-9.958064516129031,61.8,21.4,-5.622580645161291,,,,,,,,,,,8.3,25.0,,,,,,2018-01-01
Toronto,One bedroom units,2018,1,1499.0,-1.2741935483870968,-9.958064516129031,61.8,21.4,-5.622580645161291,,,,,,,,,,,8.3,25.0,,,,,,2018-01-01
Toronto,One bedroom units,2018,1,1261.0,-1.2741935483870968,-9.958064516129031,61.8,21.4,-5.622580645161291,,,,,,,,,,,8.3,25.0,,,,,,2018-01-01
Toronto,One bedroom units,2018,1,1263.0,-1.2741935483870968,-9.958064516129031,61.8,21.4,-5.622580645161291,,,,,,,,,,,8.3,25.0,,,,,,2018-01-01
Toronto,One bedroom units,2018,2,1261.0,2.5892857142857144,-6.221428571428571,65.4,28.8,-1.8214285714285714,,,,,,,,,,,8.3,25.0,,,,,,2018-02-01
Toronto,One bedroom units,2018,2,1499.0,2.5892857142857144,-6.221428571428571,65.4,28.8,-1.8214285714285714,,,,,,,,,,,8.3,25.0,,,,,,2018-02-01
Toronto,One bedroom units,2018,2,1261.0,2.5892857142857144,-6.221428571428571,65.4,28.8,-1.8214285714285714,,,,,,,,,,,8.3,25.0,,,,,,2018-02-01
Toronto,One bedroom units,2018,2,1263.0,2.5892857142857144,-6.221428571428571,65.4,28.8,-1.8214285714285714,,,,,,,,,,,8.3,25.0,,,,,,2018-02-01
Toronto,One bedroom units,2018,3,1261.0,4.058064516129032,-3.7903225806451615,32.599999999999994,8.799999999999999,0.1290322580645161,,,,,,,,,,,8.3,25.0,,,,,,2018-03-01
Toronto,One bedroom units,2018,3,1499.0,4.058064516129032,-3.7903225806451615,32.599999999999994,8.799999999999999,0.1290322580645161,,,,,,,,,,,8.3,25.0,,,,,,2018-03-01
Toronto,One bedroom units,2018,3,1261.0,4.058064516129032,-3.7903225806451615,32.599999999999994,8.799999999999999,0.1290322580645161,,,,,,,,,,,8.3,25.0,,,,,,2018-03-01
Toronto,One bedroom units,2018,3,1263.0,4.058064516129032,-3.7903225806451615,32.599999999999994,8.799999999999999,0.1290322580645161,,,,,,,,,,,8.3,25.0,,,,,,2018-03-01
Toronto,One bedroom units,2018,4,1261.0,7.973333333333333,-1.1433333333333335,150.6,10.4,3.757275476660092,,,,,,,,,,,8.3,25.0,,,,,,2018-04-01
Toronto,One bedroom units,2018,4,1499.0,7.973333333333333,-1.1433333333333335,150.6,10.4,3.757275476660092,,,,,,,,,,,8.3,25.0,,,,,,2018-04-01
Toronto,One bedroom units,2018,4,1261.0,7.973333333333333,-1.1433333333333335,150.6,10.4,3.757275476660092,,,,,,,,,,,8.3,25.0,,,,,,2018-04-01
Toronto,One bedroom units,2018,4,1263.0,7.973333333333333,-1.1433333333333335,150.6,10.4,3.757275476660092,,,,,,,,,,,8.3,25.0,,,,,,2018-04-01
Toronto,One bedroom units,2018,5,1261.0,22.77741935483871,11.109677419354838,65.4,0.0,16.970967741935485,,,,,,,,,,,8.3,25.0,,,,,,2018-05-01
Toronto,One bedroom units,2018,5,1499.0,22.77741935483871,11.109677419354838,65.4,0.0,16.970967741935485,,,,,,,,,,,8.3,25.0,,,,,,2018-05-01
Toronto,One bedroom units,2018,5,1261.0,22.77741935483871,11.109677419354838,65.4,0.0,16.970967741935485,,,,,,,,,,,8.3,25.0,,,,,,2018-05-01
Toronto,One bedroom units,2018,5,1263.0,22.77741935483871,11.109677419354838,65.4,0.0,16.970967741935485,,,,,,,,,,,8.3,25.0,,,,,,2018-05-01
Toronto,One bedroom units,2018,6,1261.0,24.55666666666667,14.443333333333333,50.0,0.0,19.523333333333333,,,,,,,,,,,8.3,25.0,,,,,,2018-06-01
Toronto,One bedroom units,2018,6,1499.0,24.55666666666667,14.443333333333333,50.0,0.0,19.523333333333333,,,,,,,,,,,8.3,25.0,,,,,,2018-06-01
Toronto,One bedroom units,2018,6,1261.0,24.55666666666667,14.443333333333333,50.0,0.0,19.523333333333333,,,,,,,,,,,8.3,25.0,,,,,,2018-06-01
Toronto,One bedroom units,2018,6,1263.0,24.55666666666667,14.443333333333333,50.0,0.0,19.523333333333333,,,,,,,,,,,8.3,25.0,,,,,,2018-06-01
Toronto,One bedroom units,2018,7,1261.0,28.70967741935484,18.051612903225806,64.0,0.0,23.41290322580645,,,,,,,,,,,8.3,25.0,,,,,,2018-07-01
Toronto,One bedroom units,2018,7,1499.0,28.70967741935484,18.051612903225806,64.0,0.0,23.41290322580645,,,,,,,,,,,8.3,25.0,,,,,,2018-07-01
Toronto,One bedroom units,2018,7,1261.0,28.70967741935484,18.051612903225806,64.0,0.0,23.41290322580645,,,,,,,,,,,8.3,25.0,,,,,,2018-07-01
Toronto,One bedroom units,2018,7,1263.0,28.70967741935484,18.051612903225806,64.0,0.0,23.41290322580645,,,,,,,,,,,8.3,25.0,,,,,,2018-07-01
Toronto,One bedroom units,2018,8,1261.0,27.758064516129032,18.59032258064516,118.2,0.0,23.200000000000003,,,,,,,,,,,8.3,25.0,,,,,,2018-08-01
Toronto,One bedroom units,2018,8,1499.0,27.758064516129032,18.59032258064516,118.2,0.0,23.200000000000003,,,,,,,,,,,8.3,25.0,,,,,,2018-08-01
Toronto,One bedroom units,2018,8,1261.0,27.758064516129032,18.59032258064516,118.2,0.0,23.200000000000003,,,,,,,,,,,8.3,25.0,,,,,,2018-08-01
Toronto,One bedroom units,2018,8,1263.0,27.758064516129032,18.59032258064516,118.2,0.0,23.200000000000003,,,,,,,,,,,8.3,25.0,,,,,,2018-08-01
Toronto,One bedroom units,2018,9,1261.0,23.513333333333332,14.27328995793901,50.0,0.0,18.88727547666009,,,,,,,,,,,8.3,25.0,,,,,,2018-09-01
Toronto,One bedroom units,2018,9,1499.0,23.513333333333332,14.27328995793901,50.0,0.0,18.88727547666009,,,,,,,,,,,8.3,25.0,,,,,,2018-09-01
Toronto,One bedroom units,2018,9,1261.0,23.513333333333332,14.27328995793901,50.0,0.0,18.88727547666009,,,,,,,,,,,8.3,25.0,,,,,,2018-09-01
Toronto,One bedroom units,2018,9,1263.0,23.513333333333332,14.27328995793901,50.0,0.0,18.88727547666009,,,,,,,,,,,8.3,25.0,,,,,,2018-09-01
Toronto,One bedroom units,2018,10,1261.0,13.025806451612903,4.77741935483871,69.8,2.4,8.929032258064517,,,,,,,,,,,8.3,25.0,,,,,,2018-10-01
Toronto,One bedroom units,2018,10,1499.0,13.025806451612903,4.77741935483871,69.8,2.4,8.929032258064517,,,,,,,,,,,8.3,25.0,,,,,,2018-10-01
Toronto,One bedroom units,2018,10,1261.0,13.025806451612903,4.77741935483871,69.8,2.4,8.929032258064517,,,,,,,,,,,8.3,25.0,,,,,,2018-10-01
Toronto,One bedroom units,2018,10,1263.0,13.025806451612903,4.77741935483871,69.8,2.4,8.929032258064517,,,,,,,,,,,8.3,25.0,,,,,,2018-10-01
Toronto,One bedroom units,2018,11,1261.0,4.29,-1.24,105.2,15.600000000000001,1.5300000000000002,Canada,2016A000011124,Percent,239.0,units,0.0,v733833,1.0,4.38,2.0,8.3,25.0,,,,,,2018-11-01
Toronto,One bedroom units,2018,11,1499.0,4.29,-1.24,105.2,15.600000000000001,1.5300000000000002,Canada,2016A000011124,Percent,239.0,units,0.0,v733833,1.0,4.38,2.0,8.3,25.0,,,,,,2018-11-01
Toronto,One bedroom units,2018,11,1261.0,4.29,-1.24,105.2,15.600000000000001,1.5300000000000002,Canada,2016A000011124,Percent,239.0,units,0.0,v733833,1.0,4.38,2.0,8.3,25.0,,,,,,2018-11-01
Toronto,One bedroom units,2018,11,1263.0,4.29,-1.24,105.2,15.600000000000001,1.5300000000000002,Canada,2016A000011124,Percent,239.0,units,0.0,v733833,1.0,4.38,2.0,8.3,25.0,,,,,,2018-11-01
Toronto,One bedroom units,2018,12,1261.0,2.8419354838709676,-3.206451612903226,52.0,5.4,-0.18064516129032257,Canada,2016A000011124,Percent,239.0,units,0.0,v733833,1.0,4.59,2.0,8.3,25.0,,,,,,2018-12-01
Toronto,One bedroom units,2018,12,1499.0,2.8419354838709676,-3.206451612903226,52.0,5.4,-0.18064516129032257,Canada,2016A000011124,Percent,239.0,units,0.0,v733833,1.0,4.59,2.0,8.3,25.0,,,,,,2018-12-01
Toronto,One bedroom units,2018,12,1261.0,2.8419354838709676,-3.206451612903226,52.0,5.4,-0.18064516129032257,Canada,2016A000011124,Percent,239.0,units,0.0,v733833,1.0,4.59,2.0,8.3,25.0,,,,,,2018-12-01
Toronto,One bedroom units,2018,12,1263.0,2.8419354838709676,-3.206451612903226,52.0,5.4,-0.18064516129032257,Canada,2016A000011124,Percent,239.0,units,0.0,v733833,1.0,4.59,2.0,8.3,25.0,,,,,,2018-12-01
Toronto,One bedroom units,2019,1,1361.0,-2.267741935483871,-11.02258064516129,67.6,63.4,-6.661290322580645,Canada,2016A000011124,Percent,239.0,units,0.0,v733833,1.0,4.59,2.0,,,,,,,,2019-01-01
Toronto,One bedroom units,2019,1,1503.0,-2.267741935483871,-11.02258064516129,67.6,63.4,-6.661290322580645,Canada,2016A000011124,Percent,239.0,units,0.0,v733833,1.0,4.59,2.0,,,,,,,,2019-01-01
Toronto,One bedroom units,2019,1,1361.0,-2.267741935483871,-11.02258064516129,67.6,63.4,-6.661290322580645,Canada,2016A000011124,Percent,239.0,units,0.0,v733833,1.0,4.59,2.0,,,,,,,,2019-01-01
Toronto,One bedroom units,2019,1,1363.0,-2.267741935483871,-11.02258064516129,67.6,63.4,-6.661290322580645,Canada,2016A000011124,Percent,239.0,units,0.0,v733833,1.0,4.59,2.0,,,,,,,,2019-01-01
Toronto,One bedroom units,2019,2,1361.0,-0.09999999999999996,-8.285714285714286,76.0,43.099999999999994,-4.203571428571428,Canada,2016A000011124,Percent,239.0,units,0.0,v733833,1.0,4.52,2.0,,,,,,,,2019-02-01
Toronto,One bedroom units,2019,2,1503.0,-0.09999999999999996,-8.285714285714286,76.0,43.099999999999994,-4.203571428571428,Canada,2016A000011124,Percent,239.0,units,0.0,v733833,1.0,4.52,2.0,,,,,,,,2019-02-01
Toronto,One bedroom units,2019,2,1361.0,-0.09999999999999996,-8.285714285714286,76.0,43.099999999999994,-4.203571428571428,Canada,2016A000011124,Percent,239.0,units,0.0,v733833,1.0,4.52,2.0,,,,,,,,2019-02-01
Toronto,One bedroom units,2019,2,1363.0,-0.09999999999999996,-8.285714285714286,76.0,43.099999999999994,-4.203571428571428,Canada,2016A000011124,Percent,239.0,units,0.0,v733833,1.0,4.52,2.0,,,,,,,,2019-02-01
Toronto,One bedroom units,2019,3,1361.0,3.1,-5.396774193548388,63.800000000000004,8.2,-1.1580645161290322,Canada,2016A000011124,Percent,239.0,units,0.0,v733833,1.0,4.44,2.0,,,,,,,,2019-03-01
Toronto,One bedroom units,2019,3,1503.0,3.1,-5.396774193548388,63.800000000000004,8.2,-1.1580645161290322,Canada,2016A000011124,Percent,239.0,units,0.0,v733833,1.0,4.44,2.0,,,,,,,,2019-03-01
Toronto,One bedroom units,2019,3,1361.0,3.1,-5.396774193548388,63.800000000000004,8.2,-1.1580645161290322,Canada,2016A000011124,Percent,239.0,units,0.0,v733833,1.0,4.44,2.0,,,,,,,,2019-03-01
Toronto,One bedroom units,2019,3,1363.0,3.1,-5.396774193548388,63.800000000000004,8.2,-1.1580645161290322,Canada,2016A000011124,Percent,239.0,units,0.0,v733833,1.0,4.44,2.0,,,,,,,,2019-03-01
Toronto,One bedroom units,2019,4,1361.0,10.683333333333334,2.1666666666666665,93.4,0.4,6.4399999999999995,Canada,2016A000011124,Percent,239.0,units,0.0,v733833,1.0,4.33,2.0,,,,,,,,2019-04-01
Toronto,One bedroom units,2019,4,1503.0,10.683333333333334,2.1666666666666665,93.4,0.4,6.4399999999999995,Canada,2016A000011124,Percent,239.0,units,0.0,v733833,1.0,4.33,2.0,,,,,,,,2019-04-01
Toronto,One bedroom units,2019,4,1361.0,10.683333333333334,2.1666666666666665,93.4,0.4,6.4399999999999995,Canada,2016A000011124,Percent,239.0,units,0.0,v733833,1.0,4.33,2.0,,,,,,,,2019-04-01
Toronto,One bedroom units,2019,4,1363.0,10.683333333333334,2.1666666666666665,93.4,0.4,6.4399999999999995,Canada,2016A000011124,Percent,239.0,units,0.0,v733833,1.0,4.33,2.0,,,,,,,,2019-04-01
Toronto,One bedroom units,2019,5,1361.0,16.777574417244974,6.964474152844205,97.6,0.0,11.890911751606541,Canada,2016A000011124,Percent,239.0,units,0.0,v733833,1.0,4.3,2.0,,,,,,,,2019-05-01
Toronto,One bedroom units,2019,5,1503.0,16.777574417244974,6.964474152844205,97.6,0.0,11.890911751606541,Canada,2016A000011124,Percent,239.0,units,0.0,v733833,1.0,4.3,2.0,,,,,,,,2019-05-01
Toronto,One bedroom units,2019,5,1361.0,16.777574417244974,6.964474152844205,97.6,0.0,11.890911751606541,Canada,2016A000011124,Percent,239.0,units,0.0,v733833,1.0,4.3,2.0,,,,,,,,2019-05-01
Toronto,One bedroom units,2019,5,1363.0,16.777574417244974,6.964474152844205,97.6,0.0,11.890911751606541,Canada,2016A000011124,Percent,239.0,units,0.0,v733833,1.0,4.3,2.0,,,,,,,,2019-05-01
Toronto,One bedroom units,2019,6,1361.0,23.13,13.203333333333335,108.6,0.0,18.19333333333333,Canada,2016A000011124,Percent,239.0,units,0.0,v733833,1.0,4.23,2.0,,,,,,,,2019-06-01
Toronto,One bedroom units,2019,6,1503.0,23.13,13.203333333333335,108.6,0.0,18.19333333333333,Canada,2016A000011124,Percent,239.0,units,0.0,v733833,1.0,4.23,2.0,,,,,,,,2019-06-01
Toronto,One bedroom units,2019,6,1361.0,23.13,13.203333333333335,108.6,0.0,18.19333333333333,Canada,2016A000011124,Percent,239.0,units,0.0,v733833,1.0,4.23,2.0,,,,,,,,2019-06-01
Toronto,One bedroom units,2019,6,1363.0,23.13,13.203333333333335,108.6,0.0,18.19333333333333,Canada,2016A000011124,Percent,239.0,units,0.0,v733833,1.0,4.23,2.0,,,,,,,,2019-06-01
Toronto,One bedroom units,2019,7,1361.0,28.538709677419355,18.177419354838708,104.2,0.0,23.383870967741935,Canada,2016A000011124,Percent,239.0,units,0.0,v733833,1.0,4.14,2.0,,,,,,,,2019-07-01
Toronto,One bedroom units,2019,7,1503.0,28.538709677419355,18.177419354838708,104.2,0.0,23.383870967741935,Canada,2016A000011124,Percent,239.0,units,0.0,v733833,1.0,4.14,2.0,,,,,,,,2019-07-01
Toronto,One bedroom units,2019,7,1361.0,28.538709677419355,18.177419354838708,104.2,0.0,23.383870967741935,Canada,2016A000011124,Percent,239.0,units,0.0,v733833,1.0,4.14,2.0,,,,,,,,2019-07-01
Toronto,One bedroom units,2019,7,1363.0,28.538709677419355,18.177419354838708,104.2,0.0,23.383870967741935,Canada,2016A000011124,Percent,239.0,units,0.0,v733833,1.0,4.14,2.0,,,,,,,,2019-07-01
Toronto,One bedroom units,2019,8,1361.0,26.26451612903226,16.3,44.6,0.0,21.30322580645161,Canada,2016A000011124,Percent,239.0,units,0.0,v733833,1.0,4.08,2.0,,,,,,,,2019-08-01
Toronto,One bedroom units,2019,8,1503.0,26.26451612903226,16.3,44.6,0.0,21.30322580645161,Canada,2016A000011124,Percent,239.0,units,0.0,v733833,1.0,4.08,2.0,,,,,,,,2019-08-01
Toronto,One bedroom units,2019,8,1361.0,26.26451612903226,16.3,44.6,0.0,21.30322580645161,Canada,2016A000011124,Percent,239.0,units,0.0,v733833,1.0,4.08,2.0,,,,,,,,2019-08-01
Toronto,One bedroom units,2019,8,1363.0,26.26451612903226,16.3,44.6,0.0,21.30322580645161,Canada,2016A000011124,Percent,239.0,units,0.0,v733833,1.0,4.08,2.0,,,,,,,,2019-08-01
Toronto,One bedroom units,2019,9,1361.0,22.323333333333334,12.763333333333332,46.4,0.0,17.566666666666666,Canada,2016A000011124,Percent,239.0,units,0.0,v733833,1.0,4.07,2.0,,,,,,,,2019-09-01
Toronto,One bedroom units,2019,9,1503.0,22.323333333333334,12.763333333333332,46.4,0.0,17.566666666666666,Canada,2016A000011124,Percent,239.0,units,0.0,v733833,1.0,4.07,2.0,,,,,,,,2019-09-01
Toronto,One bedroom units,2019,9,1361.0,22.323333333333334,12.763333333333332,46.4,0.0,17.566666666666666,Canada,2016A000011124,Percent,239.0,units,0.0,v733833,1.0,4.07,2.0,,,,,,,,2019-09-01
Toronto,One bedroom units,2019,9,1363.0,22.323333333333334,12.763333333333332,46.4,0.0,17.566666666666666,Canada,2016A000011124,Percent,239.0,units,0.0,v733833,1.0,4.07,2.0,,,,,,,,2019-09-01
Toronto,One bedroom units,2019,10,1361.0,15.141935483870967,5.887096774193548,136.2,0.0,10.535483870967743,Canada,2016A000011124,Percent,239.0,units,0.0,v733833,1.0,4.09,2.0,,,,,,,,2019-10-01
Toronto,One bedroom units,2019,10,1503.0,15.141935483870967,5.887096774193548,136.2,0.0,10.535483870967743,Canada,2016A000011124,Percent,239.0,units,0.0,v733833,1.0,4.09,2.0,,,,,,,,2019-10-01
Toronto,One bedroom units,2019,10,1361.0,15.141935483870967,5.887096774193548,136.2,0.0,10.535483870967743,Canada,2016A000011124,Percent,239.0,units,0.0,v733833,1.0,4.09,2.0,,,,,,,,2019-10-01
Toronto,One bedroom units,2019,10,1363.0,15.141935483870967,5.887096774193548,136.2,0.0,10.535483870967743,Canada,2016A000011124,Percent,239.0,units,0.0,v733833,1.0,4.09,2.0,,,,,,,,2019-10-01
Toronto,One bedroom units,2019,11,1361.0,4.5233333333333325,-2.756666666666667,40.8,19.2,0.89,Canada,2016A000011124,Percent,239.0,units,0.0,v733833,1.0,4.09,2.0,,,,,,,,2019-11-01
Toronto,One bedroom units,2019,11,1503.0,4.5233333333333325,-2.756666666666667,40.8,19.2,0.89,Canada,2016A000011124,Percent,239.0,units,0.0,v733833,1.0,4.09,2.0,,,,,,,,2019-11-01
Toronto,One bedroom units,2019,11,1361.0,4.5233333333333325,-2.756666666666667,40.8,19.2,0.89,Canada,2016A000011124,Percent,239.0,units,0.0,v733833,1.0,4.09,2.0,,,,,,,,2019-11-01
Toronto,One bedroom units,2019,11,1363.0,4.5233333333333325,-2.756666666666667,40.8,19.2,0.89,Canada,2016A000011124,Percent,239.0,units,0.0,v733833,1.0,4.09,2.0,,,,,,,,2019-11-01
Toronto,One bedroom units,2019,12,1361.0,2.6838709677419352,-4.254838709677419,71.2,29.200000000000003,-0.7870967741935485,Canada,2016A000011124,Percent,239.0,units,0.0,v733833,1.0,4.08,2.0,,,,,,,,2019-12-01
Toronto,One bedroom units,2019,12,1503.0,2.6838709677419352,-4.254838709677419,71.2,29.200000000000003,-0.7870967741935485,Canada,2016A000011124,Percent,239.0,units,0.0,v733833,1.0,4.08,2.0,,,,,,,,2019-12-01
Toronto,One bedroom units,2019,12,1361.0,2.6838709677419352,-4.254838709677419,71.2,29.200000000000003,-0.7870967741935485,Canada,2016A000011124,Percent,239.0,units,0.0,v733833,1.0,4.08,2.0,,,,,,,,2019-12-01
Toronto,One bedroom units,2019,12,1363.0,2.6838709677419352,-4.254838709677419,71.2,29.200000000000003,-0.7870967741935485,Canada,2016A000011124,Percent,239.0,units,0.0,v733833,1.0,4.08,2.0,,,,,,,,2019-12-01
Toronto,One bedroom units,2020,1,1421.0,1.7806451612903227,-4.796774193548386,131.4,30.4,-1.5161290322580645,Canada,2016A000011124,Percent,239.0,units,0.0,v733833,1.0,4.08,2.0,,,,,,,,2020-01-01
Toronto,One bedroom units,2020,1,1597.0,1.7806451612903227,-4.796774193548386,131.4,30.4,-1.5161290322580645,Canada,2016A000011124,Percent,239.0,units,0.0,v733833,1.0,4.08,2.0,,,,,,,,2020-01-01
Toronto,One bedroom units,2020,1,1421.0,1.7806451612903227,-4.796774193548386,131.4,30.4,-1.5161290322580645,Canada,2016A000011124,Percent,239.0,units,0.0,v733833,1.0,4.08,2.0,,,,,,,,2020-01-01
Toronto,One bedroom units,2020,1,1424.0,1.7806451612903227,-4.796774193548386,131.4,30.4,-1.5161290322580645,Canada,2016A000011124,Percent,239.0,units,0.0,v733833,1.0,4.08,2.0,,,,,,,,2020-01-01
Toronto,One bedroom units,2020,2,1421.0,0.5379310344827587,-6.710344827586207,52.0,53.4,-3.096551724137931,Canada,2016A000011124,Percent,239.0,units,0.0,v733833,1.0,4.08,2.0,,,,,,,,2020-02-01
Toronto,One bedroom units,2020,2,1597.0,0.5379310344827587,-6.710344827586207,52.0,53.4,-3.096551724137931,Canada,2016A000011124,Percent,239.0,units,0.0,v733833,1.0,4.08,2.0,,,,,,,,2020-02-01
Toronto,One bedroom units,2020,2,1421.0,0.5379310344827587,-6.710344827586207,52.0,53.4,-3.096551724137931,Canada,2016A000011124,Percent,239.0,units,0.0,v733833,1.0,4.08,2.0,,,,,,,,2020-02-01
Toronto,One bedroom units,2020,2,1424.0,0.5379310344827587,-6.710344827586207,52.0,53.4,-3.096551724137931,Canada,2016A000011124,Percent,239.0,units,0.0,v733833,1.0,4.08,2.0,,,,,,,,2020-02-01
Toronto,One bedroom units,2020,3,1421.0,7.293548387096774,-0.9193548387096774,53.8,6.6,3.203225806451613,Canada,2016A000011124,Percent,239.0,units,0.0,v733833,1.0,3.9,2.0,,,,,,,,2020-03-01
Toronto,One bedroom units,2020,3,1597.0,7.293548387096774,-0.9193548387096774,53.8,6.6,3.203225806451613,Canada,2016A000011124,Percent,239.0,units,0.0,v733833,1.0,3.9,2.0,,,,,,,,2020-03-01
Toronto,One bedroom units,2020,3,1421.0,7.293548387096774,-0.9193548387096774,53.8,6.6,3.203225806451613,Canada,2016A000011124,Percent,239.0,units,0.0,v733833,1.0,3.9,2.0,,,,,,,,2020-03-01
Toronto,One bedroom units,2020,3,1424.0,7.293548387096774,-0.9193548387096774,53.8,6.6,3.203225806451613,Canada,2016A000011124,Percent,239.0,units,0.0,v733833,1.0,3.9,2.0,,,,,,,,2020-03-01
Toronto,One bedroom units,2020,4,1421.0,10.716666666666667,1.0799999999999998,41.0,0.4,5.923333333333333,Canada,2016A000011124,Percent,239.0,units,0.0,v733833,1.0,3.95,2.0,,,,,,,,2020-04-01
Toronto,One bedroom units,2020,4,1597.0,10.716666666666667,1.0799999999999998,41.0,0.4,5.923333333333333,Canada,2016A000011124,Percent,239.0,units,0.0,v733833,1.0,3.95,2.0,,,,,,,,2020-04-01
Toronto,One bedroom units,2020,4,1421.0,10.716666666666667,1.0799999999999998,41.0,0.4,5.923333333333333,Canada,2016A000011124,Percent,239.0,units,0.0,v733833,1.0,3.95,2.0,,,,,,,,2020-04-01
Toronto,One bedroom units,2020,4,1424.0,10.716666666666667,1.0799999999999998,41.0,0.4,5.923333333333333,Canada,2016A000011124,Percent,239.0,units,0.0,v733833,1.0,3.95,2.0,,,,,,,,2020-04-01
Toronto,One bedroom units,2020,5,1421.0,17.293548387096774,6.793548387096774,43.2,3.1999999999999997,12.067741935483872,Canada,2016A000011124,Percent,239.0,units,0.0,v733833,1.0,3.86,2.0,,,,,,,,2020-05-01
Toronto,One bedroom units,2020,5,1597.0,17.293548387096774,6.793548387096774,43.2,3.1999999999999997,12.067741935483872,Canada,2016A000011124,Percent,239.0,units,0.0,v733833,1.0,3.86,2.0,,,,,,,,2020-05-01
Toronto,One bedroom units,2020,5,1421.0,17.293548387096774,6.793548387096774,43.2,3.1999999999999997,12.067741935483872,Canada,2016A000011124,Percent,239.0,units,0.0,v733833,1.0,3.86,2.0,,,,,,,,2020-05-01
Toronto,One bedroom units,2020,5,1424.0,17.293548387096774,6.793548387096774,43.2,3.1999999999999997,12.067741935483872,Canada,2016A000011124,Percent,239.0,units,0.0,v733833,1.0,3.86,2.0,,,,,,,,2020-05-01
Toronto,One bedroom units,2020,6,1421.0,26.55,14.32,49.8,0.0,20.46333333333333,Canada,2016A000011124,Percent,239.0,units,0.0,v733833,1.0,3.77,2.0,,,,,,,,2020-06-01
Toronto,One bedroom units,2020,6,1597.0,26.55,14.32,49.8,0.0,20.46333333333333,Canada,2016A000011124,Percent,239.0,units,0.0,v733833,1.0,3.77,2.0,,,,,,,,2020-06-01
Toronto,One bedroom units,2020,6,1421.0,26.55,14.32,49.8,0.0,20.46333333333333,Canada,2016A000011124,Percent,239.0,units,0.0,v733833,1.0,3.77,2.0,,,,,,,,2020-06-01
Toronto,One bedroom units,2020,6,1424.0,26.55,14.32,49.8,0.0,20.46333333333333,Canada,2016A000011124,Percent,239.0,units,0.0,v733833,1.0,3.77,2.0,,,,,,,,2020-06-01
Toronto,One bedroom units,2020,7,1421.0,30.351612903225806,19.51290322580645,67.6,0.0,24.958064516129035,Canada,2016A000011124,Percent,239.0,units,0.0,v733833,1.0,3.64,2.0,,,,,,,,2020-07-01
Toronto,One bedroom units,2020,7,1597.0,30.351612903225806,19.51290322580645,67.6,0.0,24.958064516129035,Canada,2016A000011124,Percent,239.0,units,0.0,v733833,1.0,3.64,2.0,,,,,,,,2020-07-01
Toronto,One bedroom units,2020,7,1421.0,30.351612903225806,19.51290322580645,67.6,0.0,24.958064516129035,Canada,2016A000011124,Percent,239.0,units,0.0,v733833,1.0,3.64,2.0,,,,,,,,2020-07-01
Toronto,One bedroom units,2020,7,1424.0,30.351612903225806,19.51290322580645,67.6,0.0,24.958064516129035,Canada,2016A000011124,Percent,239.0,units,0.0,v733833,1.0,3.64,2.0,,,,,,,,2020-07-01
Toronto,One bedroom units,2020,8,1421.0,27.42258064516129,16.64516129032258,91.0,0.0,22.061290322580643,Canada,2016A000011124,Percent,239.0,units,0.0,v733833,1.0,3.57,2.0,,,,,,,,2020-08-01
Toronto,One bedroom units,2020,8,1597.0,27.42258064516129,16.64516129032258,91.0,0.0,22.061290322580643,Canada,2016A000011124,Percent,239.0,units,0.0,v733833,1.0,3.57,2.0,,,,,,,,2020-08-01
Toronto,One bedroom units,2020,8,1421.0,27.42258064516129,16.64516129032258,91.0,0.0,22.061290322580643,Canada,2016A000011124,Percent,239.0,units,0.0,v733833,1.0,3.57,2.0,,,,,,,,2020-08-01
Toronto,One bedroom units,2020,8,1424.0,27.42258064516129,16.64516129032258,91.0,0.0,22.061290322580643,Canada,2016A000011124,Percent,239.0,units,0.0,v733833,1.0,3.57,2.0,,,,,,,,2020-08-01
Toronto,One bedroom units,2020,9,1421.0,22.03666666666667,11.53,40.800000000000004,0.0,16.806666666666665,Canada,2016A000011124,Percent,239.0,units,0.0,v733833,1.0,3.51,2.0,,,,,,,,2020-09-01
Toronto,One bedroom units,2020,9,1597.0,22.03666666666667,11.53,40.800000000000004,0.0,16.806666666666665,Canada,2016A000011124,Percent,239.0,units,0.0,v733833,1.0,3.51,2.0,,,,,,,,2020-09-01
Toronto,One bedroom units,2020,9,1421.0,22.03666666666667,11.53,40.800000000000004,0.0,16.806666666666665,Canada,2016A000011124,Percent,239.0,units,0.0,v733833,1.0,3.51,2.0,,,,,,,,2020-09-01
Toronto,One bedroom units,2020,9,1424.0,22.03666666666667,11.53,40.800000000000004,0.0,16.806666666666665,Canada,2016A000011124,Percent,239.0,units,0.0,v733833,1.0,3.51,2.0,,,,,,,,2020-09-01
Toronto,One bedroom units,2020,10,1421.0,13.67741935483871,4.82258064516129,60.4,0.0,9.280645161290321,Canada,2016A000011124,Percent,239.0,units,0.0,v733833,1.0,3.45,2.0,,,,,,,,2020-10-01
Toronto,One bedroom units,2020,10,1597.0,13.67741935483871,4.82258064516129,60.4,0.0,9.280645161290321,Canada,2016A000011124,Percent,239.0,units,0.0,v733833,1.0,3.45,2.0,,,,,,,,2020-10-01
Toronto,One bedroom units,2020,10,1421.0,13.67741935483871,4.82258064516129,60.4,0.0,9.280645161290321,Canada,2016A000011124,Percent,239.0,units,0.0,v733833,1.0,3.45,2.0,,,,,,,,2020-10-01
Toronto,One bedroom units,2020,10,1424.0,13.67741935483871,4.82258064516129,60.4,0.0,9.280645161290321,Canada,2016A000011124,Percent,239.0,units,0.0,v733833,1.0,3.45,2.0,,,,,,,,2020-10-01
Toronto,One bedroom units,2020,11,1421.0,11.133333333333333,2.496666666666667,65.8,23.4,6.84,Canada,2016A000011124,Percent,239.0,units,0.0,v733833,1.0,3.42,2.0,,,,,,,,2020-11-01
Toronto,One bedroom units,2020,11,1597.0,11.133333333333333,2.496666666666667,65.8,23.4,6.84,Canada,2016A000011124,Percent,239.0,units,0.0,v733833,1.0,3.42,2.0,,,,,,,,2020-11-01
Toronto,One bedroom units,2020,11,1421.0,11.133333333333333,2.496666666666667,65.8,23.4,6.84,Canada,2016A000011124,Percent,239.0,units,0.0,v733833,1.0,3.42,2.0,,,,,,,,2020-11-01
Toronto,One bedroom units,2020,11,1424.0,11.133333333333333,2.496666666666667,65.8,23.4,6.84,Canada,2016A000011124,Percent,239.0,units,0.0,v733833,1.0,3.42,2.0,,,,,,,,2020-11-01
Toronto,One bedroom units,2020,12,1421.0,2.5774193548387094,-3.1741935483870964,64.0,34.6,-0.3000000000000001,Canada,2016A000011124,Percent,239.0,units,0.0,v733833,1.0,3.34,2.0,,,,,,,,2020-12-01
Toronto,One bedroom units,2020,12,1597.0,2.5774193548387094,-3.1741935483870964,64.0,34.6,-0.3000000000000001,Canada,2016A000011124,Percent,239.0,units,0.0,v733833,1.0,3.34,2.0,,,,,,,,2020-12-01
Toronto,One bedroom units,2020,12,1421.0,2.5774193548387094,-3.1741935483870964,64.0,34.6,-0.3000000000000001,Canada,2016A000011124,Percent,239.0,units,0.0,v733833,1.0,3.34,2.0,,,,,,,,2020-12-01
Toronto,One bedroom units,2020,12,1424.0,2.5774193548387094,-3.1741935483870964,64.0,34.6,-0.3000000000000001,Canada,2016A000011124,Percent,239.0,units,0.0,v733833,1.0,3.34,2.0,,,,,,,,2020-12-01
Toronto,One bedroom units,2021,1,1439.0,0.5001550624062635,-5.103267782639667,31.2,20.0,-2.3090882483934596,Canada,2016A000011124,Percent,239.0,units,0.0,v733833,1.0,3.3,2.0,9.9,22.0,,,,,,2021-01-01
Toronto,One bedroom units,2021,1,1806.0,0.5001550624062635,-5.103267782639667,31.2,20.0,-2.3090882483934596,Canada,2016A000011124,Percent,239.0,units,0.0,v733833,1.0,3.3,2.0,9.9,22.0,,,,,,2021-01-01
Toronto,One bedroom units,2021,1,1439.0,0.5001550624062635,-5.103267782639667,31.2,20.0,-2.3090882483934596,Canada,2016A000011124,Percent,239.0,units,0.0,v733833,1.0,3.3,2.0,9.9,22.0,,,,,,2021-01-01
Toronto,One bedroom units,2021,1,1441.0,0.5001550624062635,-5.103267782639667,31.2,20.0,-2.3090882483934596,Canada,2016A000011124,Percent,239.0,units,0.0,v733833,1.0,3.3,2.0,9.9,22.0,,,,,,2021-01-01
Toronto,One bedroom units,2021,2,1439.0,-0.25322807610041653,-7.821521518702118,45.2,39.2,-4.059409692871231,Canada,2016A000011124,Percent,239.0,units,0.0,v733833,1.0,3.25,2.0,9.9,22.0,,,,,,2021-02-01
Toronto,One bedroom units,2021,2,1806.0,-0.25322807610041653,-7.821521518702118,45.2,39.2,-4.059409692871231,Canada,2016A000011124,Percent,239.0,units,0.0,v733833,1.0,3.25,2.0,9.9,22.0,,,,,,2021-02-01
Toronto,One bedroom units,2021,2,1439.0,-0.25322807610041653,-7.821521518702118,45.2,39.2,-4.059409692871231,Canada,2016A000011124,Percent,239.0,units,0.0,v733833,1.0,3.25,2.0,9.9,22.0,,,,,,2021-02-01
Toronto,One bedroom units,2021,2,1441.0,-0.25322807610041653,-7.821521518702118,45.2,39.2,-4.059409692871231,Canada,2016A000011124,Percent,239.0,units,0.0,v733833,1.0,3.25,2.0,9.9,22.0,,,,,,2021-02-01
Toronto,One bedroom units,2021,3,1439.0,9.135483870967741,-2.8774193548387097,45.4,0.2,3.138709677419355,Canada,2016A000011124,Percent,239.0,units,0.0,v733833,1.0,3.26,2.0,9.9,22.0,,,,,,2021-03-01
Toronto,One bedroom units,2021,3,1806.0,9.135483870967741,-2.8774193548387097,45.4,0.2,3.138709677419355,Canada,2016A000011124,Percent,239.0,units,0.0,v733833,1.0,3.26,2.0,9.9,22.0,,,,,,2021-03-01
Toronto,One bedroom units,2021,3,1439.0,9.135483870967741,-2.8774193548387097,45.4,0.2,3.138709677419355,Canada,2016A000011124,Percent,239.0,units,0.0,v733833,1.0,3.26,2.0,9.9,22.0,,,,,,2021-03-01
Toronto,One bedroom units,2021,3,1441.0,9.135483870967741,-2.8774193548387097,45.4,0.2,3.138709677419355,Canada,2016A000011124,Percent,239.0,units,0.0,v733833,1.0,3.26,2.0,9.9,22.0,,,,,,2021-03-01
Toronto,One bedroom units,2021,4,1439.0,12.71,3.07,55.8,4.3999999999999995,7.92,Canada,2016A000011124,Percent,239.0,units,0.0,v733833,1.0,3.25,2.0,9.9,22.0,,,,,,2021-04-01
Toronto,One bedroom units,2021,4,1806.0,12.71,3.07,55.8,4.3999999999999995,7.92,Canada,2016A000011124,Percent,239.0,units,0.0,v733833,1.0,3.25,2.0,9.9,22.0,,,,,,2021-04-01
Toronto,One bedroom units,2021,4,1439.0,12.71,3.07,55.8,4.3999999999999995,7.92,Canada,2016A000011124,Percent,239.0,units,0.0,v733833,1.0,3.25,2.0,9.9,22.0,,,,,,2021-04-01
Toronto,One bedroom units,2021,4,1441.0,12.71,3.07,55.8,4.3999999999999995,7.92,Canada,2016A000011124,Percent,239.0,units,0.0,v733833,1.0,3.25,2.0,9.9,22.0,,,,,,2021-04-01
Toronto,One bedroom units,2021,5,1439.0,19.661290322580644,7.487096774193549,21.799999999999997,0.2,13.603225806451613,Canada,2016A000011124,Percent,239.0,units,0.0,v733833,1.0,3.25,2.0,9.9,22.0,,,,,,2021-05-01
Toronto,One bedroom units,2021,5,1806.0,19.661290322580644,7.487096774193549,21.799999999999997,0.2,13.603225806451613,Canada,2016A000011124,Percent,239.0,units,0.0,v733833,1.0,3.25,2.0,9.9,22.0,,,,,,2021-05-01
Toronto,One bedroom units,2021,5,1439.0,19.661290322580644,7.487096774193549,21.799999999999997,0.2,13.603225806451613,Canada,2016A000011124,Percent,239.0,units,0.0,v733833,1.0,3.25,2.0,9.9,22.0,,,,,,2021-05-01
Toronto,One bedroom units,2021,5,1441.0,19.661290322580644,7.487096774193549,21.799999999999997,0.2,13.603225806451613,Canada,2016A000011124,Percent,239.0,units,0.0,v733833,1.0,3.25,2.0,9.9,22.0,,,,,,2021-05-01
Toronto,One bedroom units,2021,6,1439.0,27.259999999999998,16.356666666666666,80.0,0.0,21.833333333333332,Canada,2016A000011124,Percent,239.0,units,0.0,v733833,1.0,3.26,2.0,9.9,22.0,,,,,,2021-06-01
Toronto,One bedroom units,2021,6,1806.0,27.259999999999998,16.356666666666666,80.0,0.0,21.833333333333332,Canada,2016A000011124,Percent,239.0,units,0.0,v733833,1.0,3.26,2.0,9.9,22.0,,,,,,2021-06-01
Toronto,One bedroom units,2021,6,1439.0,27.259999999999998,16.356666666666666,80.0,0.0,21.833333333333332,Canada,2016A000011124,Percent,239.0,units,0.0,v733833,1.0,3.26,2.0,9.9,22.0,,,,,,2021-06-01
Toronto,One bedroom units,2021,6,1441.0,27.259999999999998,16.356666666666666,80.0,0.0,21.833333333333332,Canada,2016A000011124,Percent,239.0,units,0.0,v733833,1.0,3.26,2.0,9.9,22.0,,,,,,2021-06-01
Toronto,One bedroom units,2021,7,1439.0,25.271122804341747,16.425764475424852,120.4,0.0,20.86833110644525,Canada,2016A000011124,Percent,239.0,units,0.0,v733833,1.0,3.2,2.0,9.9,22.0,,,,,,2021-07-01
Toronto,One bedroom units,2021,7,1806.0,25.271122804341747,16.425764475424852,120.4,0.0,20.86833110644525,Canada,2016A000011124,Percent,239.0,units,0.0,v733833,1.0,3.2,2.0,9.9,22.0,,,,,,2021-07-01
Toronto,One bedroom units,2021,7,1439.0,25.271122804341747,16.425764475424852,120.4,0.0,20.86833110644525,Canada,2016A000011124,Percent,239.0,units,0.0,v733833,1.0,3.2,2.0,9.9,22.0,,,,,,2021-07-01
Toronto,One bedroom units,2021,7,1441.0,25.271122804341747,16.425764475424852,120.4,0.0,20.86833110644525,Canada,2016A000011124,Percent,239.0,units,0.0,v733833,1.0,3.2,2.0,9.9,22.0,,,,,,2021-07-01
Toronto,One bedroom units,2021,8,1439.0,28.45176796563207,18.461248346392594,57.4,0.0,23.487685945154926,Canada,2016A000011124,Percent,239.0,units,0.0,v733833,1.0,3.2,2.0,9.9,22.0,,,,,,2021-08-01
Toronto,One bedroom units,2021,8,1806.0,28.45176796563207,18.461248346392594,57.4,0.0,23.487685945154926,Canada,2016A000011124,Percent,239.0,units,0.0,v733833,1.0,3.2,2.0,9.9,22.0,,,,,,2021-08-01
Toronto,One bedroom units,2021,8,1439.0,28.45176796563207,18.461248346392594,57.4,0.0,23.487685945154926,Canada,2016A000011124,Percent,239.0,units,0.0,v733833,1.0,3.2,2.0,9.9,22.0,,,,,,2021-08-01
Toronto,One bedroom units,2021,8,1441.0,28.45176796563207,18.461248346392594,57.4,0.0,23.487685945154926,Canada,2016A000011124,Percent,239.0,units,0.0,v733833,1.0,3.2,2.0,9.9,22.0,,,,,,2021-08-01
Toronto,One bedroom units,2021,9,1439.0,22.64,12.59,158.0,0.0,17.64333333333333,Canada,2016A000011124,Percent,239.0,units,0.0,v733833,1.0,3.22,2.0,9.9,22.0,,,,,,2021-09-01
Toronto,One bedroom units,2021,9,1806.0,22.64,12.59,158.0,0.0,17.64333333333333,Canada,2016A000011124,Percent,239.0,units,0.0,v733833,1.0,3.22,2.0,9.9,22.0,,,,,,2021-09-01
Toronto,One bedroom units,2021,9,1439.0,22.64,12.59,158.0,0.0,17.64333333333333,Canada,2016A000011124,Percent,239.0,units,0.0,v733833,1.0,3.22,2.0,9.9,22.0,,,,,,2021-09-01
Toronto,One bedroom units,2021,9,1441.0,22.64,12.59,158.0,0.0,17.64333333333333,Canada,2016A000011124,Percent,239.0,units,0.0,v733833,1.0,3.22,2.0,9.9,22.0,,,,,,2021-09-01
Toronto,One bedroom units,2021,10,1439.0,16.88064516129032,10.067741935483872,101.8,0.0,13.496774193548386,Canada,2016A000011124,Percent,239.0,units,0.0,v733833,1.0,3.29,2.0,9.9,22.0,,,,,,2021-10-01
Toronto,One bedroom units,2021,10,1806.0,16.88064516129032,10.067741935483872,101.8,0.0,13.496774193548386,Canada,2016A000011124,Percent,239.0,units,0.0,v733833,1.0,3.29,2.0,9.9,22.0,,,,,,2021-10-01
Toronto,One bedroom units,2021,10,1439.0,16.88064516129032,10.067741935483872,101.8,0.0,13.496774193548386,Canada,2016A000011124,Percent,239.0,units,0.0,v733833,1.0,3.29,2.0,9.9,22.0,,,,,,2021-10-01
Toronto,One bedroom units,2021,10,1441.0,16.88064516129032,10.067741935483872,101.8,0.0,13.496774193548386,Canada,2016A000011124,Percent,239.0,units,0.0,v733833,1.0,3.29,2.0,9.9,22.0,,,,,,2021-10-01
Toronto,One bedroom units,2021,11,1439.0,8.426666666666666,-0.029999999999999954,38.199999999999996,15.0,4.21,Canada,2016A000011124,Percent,239.0,units,0.0,v733833,1.0,3.4,2.0,9.9,22.0,,,,,,2021-11-01
Toronto,One bedroom units,2021,11,1806.0,8.426666666666666,-0.029999999999999954,38.199999999999996,15.0,4.21,Canada,2016A000011124,Percent,239.0,units,0.0,v733833,1.0,3.4,2.0,9.9,22.0,,,,,,2021-11-01
Toronto,One bedroom units,2021,11,1439.0,8.426666666666666,-0.029999999999999954,38.199999999999996,15.0,4.21,Canada,2016A000011124,Percent,239.0,units,0.0,v733833,1.0,3.4,2.0,9.9,22.0,,,,,,2021-11-01
Toronto,One bedroom units,2021,11,1441.0,8.426666666666666,-0.029999999999999954,38.199999999999996,15.0,4.21,Canada,2016A000011124,Percent,239.0,units,0.0,v733833,1.0,3.4,2.0,9.9,22.0,,,,,,2021-11-01
Toronto,One bedroom units,2021,12,1439.0,6.1972393807671775,-0.6033517350157729,68.0,27.8,2.808219125787364,Canada,2016A000011124,Percent,239.0,units,0.0,v733833,1.0,3.45,2.0,9.9,22.0,,,,,,2021-12-01
Toronto,One bedroom units,2021,12,1806.0,6.1972393807671775,-0.6033517350157729,68.0,27.8,2.808219125787364,Canada,2016A000011124,Percent,239.0,units,0.0,v733833,1.0,3.45,2.0,9.9,22.0,,,,,,2021-12-01
Toronto,One bedroom units,2021,12,1439.0,6.1972393807671775,-0.6033517350157729,68.0,27.8,2.808219125787364,Canada,2016A000011124,Percent,239.0,units,0.0,v733833,1.0,3.45,2.0,9.9,22.0,,,,,,2021-12-01
Toronto,One bedroom units,2021,12,1441.0,6.1972393807671775,-0.6033517350157729,68.0,27.8,2.808219125787364,Canada,2016A000011124,Percent,239.0,units,0.0,v733833,1.0,3.45,2.0,9.9,22.0,,,,,,2021-12-01
Toronto,One bedroom units,2022,1,1526.0,-1.3866315869747579,-11.748513025338353,43.0,47.8,-6.588555067761024,Canada,2016A000011124,Percent,239.0,units,0.0,v733833,1.0,3.44,2.0,9.4,25.0,,,,,,2022-01-01
Toronto,One bedroom units,2022,1,1495.0,-1.3866315869747579,-11.748513025338353,43.0,47.8,-6.588555067761024,Canada,2016A000011124,Percent,239.0,units,0.0,v733833,1.0,3.44,2.0,9.4,25.0,,,,,,2022-01-01
Toronto,One bedroom units,2022,1,1526.0,-1.3866315869747579,-11.748513025338353,43.0,47.8,-6.588555067761024,Canada,2016A000011124,Percent,239.0,units,0.0,v733833,1.0,3.44,2.0,9.4,25.0,,,,,,2022-01-01
Toronto,One bedroom units,2022,1,1529.0,-1.3866315869747579,-11.748513025338353,43.0,47.8,-6.588555067761024,Canada,2016A000011124,Percent,239.0,units,0.0,v733833,1.0,3.44,2.0,9.4,25.0,,,,,,2022-01-01
Toronto,One bedroom units,2022,2,1526.0,0.9289147810424406,-7.903664375844976,82.60000000000001,48.0,-3.495123978585517,Canada,2016A000011124,Percent,239.0,units,0.0,v733833,1.0,3.58,2.0,9.4,25.0,,,,,,2022-02-01
Toronto,One bedroom units,2022,2,1495.0,0.9289147810424406,-7.903664375844976,82.60000000000001,48.0,-3.495123978585517,Canada,2016A000011124,Percent,239.0,units,0.0,v733833,1.0,3.58,2.0,9.4,25.0,,,,,,2022-02-01
Toronto,One bedroom units,2022,2,1526.0,0.9289147810424406,-7.903664375844976,82.60000000000001,48.0,-3.495123978585517,Canada,2016A000011124,Percent,239.0,units,0.0,v733833,1.0,3.58,2.0,9.4,25.0,,,,,,2022-02-01
Toronto,One bedroom units,2022,2,1529.0,0.9289147810424406,-7.903664375844976,82.60000000000001,48.0,-3.495123978585517,Canada,2016A000011124,Percent,239.0,units,0.0,v733833,1.0,3.58,2.0,9.4,25.0,,,,,,2022-02-01
Toronto,One bedroom units,2022,3,1526.0,5.232258064516128,-3.045161290322581,59.0,24.8,1.1,Canada,2016A000011124,Percent,239.0,units,0.0,v733833,1.0,3.77,2.0,9.4,25.0,,,,,,2022-03-01
Toronto,One bedroom units,2022,3,1495.0,5.232258064516128,-3.045161290322581,59.0,24.8,1.1,Canada,2016A000011124,Percent,239.0,units,0.0,v733833,1.0,3.77,2.0,9.4,25.0,,,,,,2022-03-01
Toronto,One bedroom units,2022,3,1526.0,5.232258064516128,-3.045161290322581,59.0,24.8,1.1,Canada,2016A000011124,Percent,239.0,units,0.0,v733833,1.0,3.77,2.0,9.4,25.0,,,,,,2022-03-01
Toronto,One bedroom units,2022,3,1529.0,5.232258064516128,-3.045161290322581,59.0,24.8,1.1,Canada,2016A000011124,Percent,239.0,units,0.0,v733833,1.0,3.77,2.0,9.4,25.0,,,,,,2022-03-01
Toronto,One bedroom units,2022,4,1526.0,11.263493564486472,2.263289957939011,50.0,8.6,6.790608809993426,Canada,2016A000011124,Percent,239.0,units,0.0,v733833,1.0,4.19,2.0,9.4,25.0,,,,,,2022-04-01
Toronto,One bedroom units,2022,4,1495.0,11.263493564486472,2.263289957939011,50.0,8.6,6.790608809993426,Canada,2016A000011124,Percent,239.0,units,0.0,v733833,1.0,4.19,2.0,9.4,25.0,,,,,,2022-04-01
Toronto,One bedroom units,2022,4,1526.0,11.263493564486472,2.263289957939011,50.0,8.6,6.790608809993426,Canada,2016A000011124,Percent,239.0,units,0.0,v733833,1.0,4.19,2.0,9.4,25.0,,,,,,2022-04-01
Toronto,One bedroom units,2022,4,1529.0,11.263493564486472,2.263289957939011,50.0,8.6,6.790608809993426,Canada,2016A000011124,Percent,239.0,units,0.0,v733833,1.0,4.19,2.0,9.4,25.0,,,,,,2022-04-01
Toronto,One bedroom units,2022,5,1526.0,20.929342382877042,9.845077337946474,46.8,0.0,15.407629954825985,Canada,2016A000011124,Percent,239.0,units,0.0,v733833,1.0,4.63,2.0,9.4,25.0,,,,,,2022-05-01
Toronto,One bedroom units,2022,5,1495.0,20.929342382877042,9.845077337946474,46.8,0.0,15.407629954825985,Canada,2016A000011124,Percent,239.0,units,0.0,v733833,1.0,4.63,2.0,9.4,25.0,,,,,,2022-05-01
Toronto,One bedroom units,2022,5,1526.0,20.929342382877042,9.845077337946474,46.8,0.0,15.407629954825985,Canada,2016A000011124,Percent,239.0,units,0.0,v733833,1.0,4.63,2.0,9.4,25.0,,,,,,2022-05-01
Toronto,One bedroom units,2022,5,1529.0,20.929342382877042,9.845077337946474,46.8,0.0,15.407629954825985,Canada,2016A000011124,Percent,239.0,units,0.0,v733833,1.0,4.63,2.0,9.4,25.0,,,,,,2022-05-01
Toronto,One bedroom units,2022,6,1526.0,25.740000000000002,13.313333333333333,40.4,0.0,19.55,Canada,2016A000011124,Percent,239.0,units,0.0,v733833,1.0,5.05,2.0,9.4,25.0,,,,,,2022-06-01
Toronto,One bedroom units,2022,6,1495.0,25.740000000000002,13.313333333333333,40.4,0.0,19.55,Canada,2016A000011124,Percent,239.0,units,0.0,v733833,1.0,5.05,2.0,9.4,25.0,,,,,,2022-06-01
Toronto,One bedroom units,2022,6,1526.0,25.740000000000002,13.313333333333333,40.4,0.0,19.55,Canada,2016A000011124,Percent,239.0,units,0.0,v733833,1.0,5.05,2.0,9.4,25.0,,,,,,2022-06-01
Toronto,One bedroom units,2022,6,1529.0,25.740000000000002,13.313333333333333,40.4,0.0,19.55,Canada,2016A000011124,Percent,239.0,units,0.0,v733833,1.0,5.05,2.0,9.4,25.0,,,,,,2022-06-01
Toronto,One bedroom units,2022,7,1526.0,28.26774193548387,17.016129032258064,43.599999999999994,0.0,22.66774193548387,Canada,2016A000011124,Percent,239.0,units,0.0,v733833,1.0,5.51,2.0,9.4,25.0,,,,,,2022-07-01
Toronto,One bedroom units,2022,7,1495.0,28.26774193548387,17.016129032258064,43.599999999999994,0.0,22.66774193548387,Canada,2016A000011124,Percent,239.0,units,0.0,v733833,1.0,5.51,2.0,9.4,25.0,,,,,,2022-07-01
Toronto,One bedroom units,2022,7,1526.0,28.26774193548387,17.016129032258064,43.599999999999994,0.0,22.66774193548387,Canada,2016A000011124,Percent,239.0,units,0.0,v733833,1.0,5.51,2.0,9.4,25.0,,,,,,2022-07-01
Toronto,One bedroom units,2022,7,1529.0,28.26774193548387,17.016129032258064,43.599999999999994,0.0,22.66774193548387,Canada,2016A000011124,Percent,239.0,units,0.0,v733833,1.0,5.51,2.0,9.4,25.0,,,,,,2022-07-01
Toronto,One bedroom units,2022,8,1526.0,27.822580645161292,17.183870967741935,80.8,0.0,22.532258064516128,Canada,2016A000011124,Percent,239.0,units,0.0,v733833,1.0,5.58,2.0,9.4,25.0,,,,,,2022-08-01
Toronto,One bedroom units,2022,8,1495.0,27.822580645161292,17.183870967741935,80.8,0.0,22.532258064516128,Canada,2016A000011124,Percent,239.0,units,0.0,v733833,1.0,5.58,2.0,9.4,25.0,,,,,,2022-08-01
Toronto,One bedroom units,2022,8,1526.0,27.822580645161292,17.183870967741935,80.8,0.0,22.532258064516128,Canada,2016A000011124,Percent,239.0,units,0.0,v733833,1.0,5.58,2.0,9.4,25.0,,,,,,2022-08-01
Toronto,One bedroom units,2022,8,1529.0,27.822580645161292,17.183870967741935,80.8,0.0,22.532258064516128,Canada,2016A000011124,Percent,239.0,units,0.0,v733833,1.0,5.58,2.0,9.4,25.0,,,,,,2022-08-01
Toronto,One bedroom units,2022,9,1526.0,22.273493564486476,12.709956624605677,39.4,0.0,17.51394214332676,Canada,2016A000011124,Percent,239.0,units,0.0,v733833,1.0,5.64,2.0,9.4,25.0,,,,,,2022-09-01
Toronto,One bedroom units,2022,9,1495.0,22.273493564486476,12.709956624605677,39.4,0.0,17.51394214332676,Canada,2016A000011124,Percent,239.0,units,0.0,v733833,1.0,5.64,2.0,9.4,25.0,,,,,,2022-09-01
Toronto,One bedroom units,2022,9,1526.0,22.273493564486476,12.709956624605677,39.4,0.0,17.51394214332676,Canada,2016A000011124,Percent,239.0,units,0.0,v733833,1.0,5.64,2.0,9.4,25.0,,,,,,2022-09-01
Toronto,One bedroom units,2022,9,1529.0,22.273493564486476,12.709956624605677,39.4,0.0,17.51394214332676,Canada,2016A000011124,Percent,239.0,units,0.0,v733833,1.0,5.64,2.0,9.4,25.0,,,,,,2022-09-01
Toronto,One bedroom units,2022,10,1526.0,15.516129032258064,5.183870967741936,36.6,0.0,10.370967741935484,Canada,2016A000011124,Percent,239.0,units,0.0,v733833,1.0,5.75,2.0,9.4,25.0,,,,,,2022-10-01
Toronto,One bedroom units,2022,10,1495.0,15.516129032258064,5.183870967741936,36.6,0.0,10.370967741935484,Canada,2016A000011124,Percent,239.0,units,0.0,v733833,1.0,5.75,2.0,9.4,25.0,,,,,,2022-10-01
Toronto,One bedroom units,2022,10,1526.0,15.516129032258064,5.183870967741936,36.6,0.0,10.370967741935484,Canada,2016A000011124,Percent,239.0,units,0.0,v733833,1.0,5.75,2.0,9.4,25.0,,,,,,2022-10-01
Toronto,One bedroom units,2022,10,1529.0,15.516129032258064,5.183870967741936,36.6,0.0,10.370967741935484,Canada,2016A000011124,Percent,239.0,units,0.0,v733833,1.0,5.75,2.0,9.4,25.0,,,,,,2022-10-01
Toronto,One bedroom units,2022,11,1526.0,9.353333333333333,1.3466666666666667,55.400000000000006,13.0,5.36,Canada,2016A000011124,Percent,239.0,units,0.0,v733833,1.0,5.88,2.0,9.4,25.0,,,,,,2022-11-01
Toronto,One bedroom units,2022,11,1495.0,9.353333333333333,1.3466666666666667,55.400000000000006,13.0,5.36,Canada,2016A000011124,Percent,239.0,units,0.0,v733833,1.0,5.88,2.0,9.4,25.0,,,,,,2022-11-01
Toronto,One bedroom units,2022,11,1526.0,9.353333333333333,1.3466666666666667,55.400000000000006,13.0,5.36,Canada,2016A000011124,Percent,239.0,units,0.0,v733833,1.0,5.88,2.0,9.4,25.0,,,,,,2022-11-01
Toronto,One bedroom units,2022,11,1529.0,9.353333333333333,1.3466666666666667,55.400000000000006,13.0,5.36,Canada,2016A000011124,Percent,239.0,units,0.0,v733833,1.0,5.88,2.0,9.4,25.0,,,,,,2022-11-01
Toronto,One bedroom units,2022,12,1526.0,2.42258064516129,-3.5290322580645164,95.2,14.0,-0.5580645161290323,Canada,2016A000011124,Percent,239.0,units,0.0,v733833,1.0,5.89,2.0,9.4,25.0,,,,,,2022-12-01
Toronto,One bedroom units,2022,12,1495.0,2.42258064516129,-3.5290322580645164,95.2,14.0,-0.5580645161290323,Canada,2016A000011124,Percent,239.0,units,0.0,v733833,1.0,5.89,2.0,9.4,25.0,,,,,,2022-12-01
Toronto,One bedroom units,2022,12,1526.0,2.42258064516129,-3.5290322580645164,95.2,14.0,-0.5580645161290323,Canada,2016A000011124,Percent,239.0,units,0.0,v733833,1.0,5.89,2.0,9.4,25.0,,,,,,2022-12-01
Toronto,One bedroom units,2022,12,1529.0,2.42258064516129,-3.5290322580645164,95.2,14.0,-0.5580645161290323,Canada,2016A000011124,Percent,239.0,units,0.0,v733833,1.0,5.89,2.0,9.4,25.0,,,,,,2022-12-01
Toronto,One bedroom units,2023,1,1691.0,1.5548387096774194,-3.293548387096774,77.4,36.2,-0.8741935483870968,Canada,2016A000011124,Percent,239.0,units,0.0,v733833,1.0,5.86,2.0,,,36.0,111.0,87.0,0.0,,2023-01-01
Toronto,One bedroom units,2023,1,1885.0,1.5548387096774194,-3.293548387096774,77.4,36.2,-0.8741935483870968,Canada,2016A000011124,Percent,239.0,units,0.0,v733833,1.0,5.86,2.0,,,36.0,111.0,87.0,0.0,,2023-01-01
Toronto,One bedroom units,2023,1,1691.0,1.5548387096774194,-3.293548387096774,77.4,36.2,-0.8741935483870968,Canada,2016A000011124,Percent,239.0,units,0.0,v733833,1.0,5.86,2.0,,,36.0,111.0,87.0,0.0,,2023-01-01
Toronto,One bedroom units,2023,1,1691.0,1.5548387096774194,-3.293548387096774,77.4,36.2,-0.8741935483870968,Canada,2016A000011124,Percent,239.0,units,0.0,v733833,1.0,5.86,2.0,,,36.0,111.0,87.0,0.0,,2023-01-01
Toronto,One bedroom units,2023,2,1691.0,2.996428571428571,-5.796428571428572,73.3,28.9,-1.4035714285714285,Canada,2016A000011124,Percent,239.0,units,0.0,v733833,1.0,5.81,2.0,,,36.0,111.0,87.0,0.0,,2023-02-01
Toronto,One bedroom units,2023,2,1885.0,2.996428571428571,-5.796428571428572,73.3,28.9,-1.4035714285714285,Canada,2016A000011124,Percent,239.0,units,0.0,v733833,1.0,5.81,2.0,,,36.0,111.0,87.0,0.0,,2023-02-01
Toronto,One bedroom units,2023,2,1691.0,2.996428571428571,-5.796428571428572,73.3,28.9,-1.4035714285714285,Canada,2016A000011124,Percent,239.0,units,0.0,v733833,1.0,5.81,2.0,,,36.0,111.0,87.0,0.0,,2023-02-01
Toronto,One bedroom units,2023,2,1691.0,2.996428571428571,-5.796428571428572,73.3,28.9,-1.4035714285714285,Canada,2016A000011124,Percent,239.0,units,0.0,v733833,1.0,5.81,2.0,,,36.0,111.0,87.0,0.0,,2023-02-01
Toronto,One bedroom units,2023,3,1691.0,4.393548387096774,-2.648387096774193,90.0,44.6,0.8741935483870968,Canada,2016A000011124,Percent,239.0,units,0.0,v733833,1.0,5.81,2.0,,,36.0,111.0,87.0,0.0,,2023-03-01
Toronto,One bedroom units,2023,3,1885.0,4.393548387096774,-2.648387096774193,90.0,44.6,0.8741935483870968,Canada,2016A000011124,Percent,239.0,units,0.0,v733833,1.0,5.81,2.0,,,36.0,111.0,87.0,0.0,,2023-03-01
Toronto,One bedroom units,2023,3,1691.0,4.393548387096774,-2.648387096774193,90.0,44.6,0.8741935483870968,Canada,2016A000011124,Percent,239.0,units,0.0,v733833,1.0,5.81,2.0,,,36.0,111.0,87.0,0.0,,2023-03-01
Toronto,One bedroom units,2023,3,1691.0,4.393548387096774,-2.648387096774193,90.0,44.6,0.8741935483870968,Canada,2016A000011124,Percent,239.0,units,0.0,v733833,1.0,5.81,2.0,,,36.0,111.0,87.0,0.0,,2023-03-01
Toronto,One bedroom units,2023,4,1691.0,14.120000000000001,3.9233333333333333,101.8,0.4,9.046666666666665,Canada,2016A000011124,Percent,239.0,units,0.0,v733833,1.0,5.75,2.0,,,36.0,111.0,87.0,0.0,,2023-04-01
Toronto,One bedroom units,2023,4,1885.0,14.120000000000001,3.9233333333333333,101.8,0.4,9.046666666666665,Canada,2016A000011124,Percent,239.0,units,0.0,v733833,1.0,5.75,2.0,,,36.0,111.0,87.0,0.0,,2023-04-01
Toronto,One bedroom units,2023,4,1691.0,14.120000000000001,3.9233333333333333,101.8,0.4,9.046666666666665,Canada,2016A000011124,Percent,239.0,units,0.0,v733833,1.0,5.75,2.0,,,36.0,111.0,87.0,0.0,,2023-04-01
Toronto,One bedroom units,2023,4,1691.0,14.120000000000001,3.9233333333333333,101.8,0.4,9.046666666666665,Canada,2016A000011124,Percent,239.0,units,0.0,v733833,1.0,5.75,2.0,,,36.0,111.0,87.0,0.0,,2023-04-01
Toronto,One bedroom units,2023,5,1691.0,19.396774193548385,7.590322580645162,58.8,0.0,13.519354838709678,Canada,2016A000011124,Percent,239.0,units,0.0,v733833,1.0,5.74,2.0,,,36.0,111.0,87.0,0.0,,2023-05-01
Toronto,One bedroom units,2023,5,1885.0,19.396774193548385,7.590322580645162,58.8,0.0,13.519354838709678,Canada,2016A000011124,Percent,239.0,units,0.0,v733833,1.0,5.74,2.0,,,36.0,111.0,87.0,0.0,,2023-05-01
Toronto,One bedroom units,2023,5,1691.0,19.396774193548385,7.590322580645162,58.8,0.0,13.519354838709678,Canada,2016A000011124,Percent,239.0,units,0.0,v733833,1.0,5.74,2.0,,,36.0,111.0,87.0,0.0,,2023-05-01
Toronto,One bedroom units,2023,5,1691.0,19.396774193548385,7.590322580645162,58.8,0.0,13.519354838709678,Canada,2016A000011124,Percent,239.0,units,0.0,v733833,1.0,5.74,2.0,,,36.0,111.0,87.0,0.0,,2023-05-01
Toronto,One bedroom units,2023,6,1691.0,24.206666666666667,14.613333333333333,108.0,0.0,19.433333333333334,Canada,2016A000011124,Percent,239.0,units,0.0,v733833,1.0,5.85,2.0,,,36.0,111.0,87.0,0.0,,2023-06-01
Toronto,One bedroom units,2023,6,1885.0,24.206666666666667,14.613333333333333,108.0,0.0,19.433333333333334,Canada,2016A000011124,Percent,239.0,units,0.0,v733833,1.0,5.85,2.0,,,36.0,111.0,87.0,0.0,,2023-06-01
Toronto,One bedroom units,2023,6,1691.0,24.206666666666667,14.613333333333333,108.0,0.0,19.433333333333334,Canada,2016A000011124,Percent,239.0,units,0.0,v733833,1.0,5.85,2.0,,,36.0,111.0,87.0,0.0,,2023-06-01
Toronto,One bedroom units,2023,6,1691.0,24.206666666666667,14.613333333333333,108.0,0.0,19.433333333333334,Canada,2016A000011124,Percent,239.0,units,0.0,v733833,1.0,5.85,2.0,,,36.0,111.0,87.0,0.0,,2023-06-01
Toronto,One bedroom units,2023,7,1691.0,27.148387096774194,17.074193548387097,103.80000000000001,0.0,22.138709677419353,Canada,2016A000011124,Percent,239.0,units,0.0,v733833,1.0,5.99,2.0,,,36.0,111.0,87.0,0.0,,2023-07-01
Toronto,One bedroom units,2023,7,1885.0,27.148387096774194,17.074193548387097,103.80000000000001,0.0,22.138709677419353,Canada,2016A000011124,Percent,239.0,units,0.0,v733833,1.0,5.99,2.0,,,36.0,111.0,87.0,0.0,,2023-07-01
Toronto,One bedroom units,2023,7,1691.0,27.148387096774194,17.074193548387097,103.80000000000001,0.0,22.138709677419353,Canada,2016A000011124,Percent,239.0,units,0.0,v733833,1.0,5.99,2.0,,,36.0,111.0,87.0,0.0,,2023-07-01
Toronto,One bedroom units,2023,7,1691.0,27.148387096774194,17.074193548387097,103.80000000000001,0.0,22.138709677419353,Canada,2016A000011124,Percent,239.0,units,0.0,v733833,1.0,5.99,2.0,,,36.0,111.0,87.0,0.0,,2023-07-01
Toronto,One bedroom units,2023,8,1691.0,24.780645161290323,15.303225806451612,59.199999999999996,0.0,20.05806451612903,Canada,2016A000011124,Percent,239.0,units,0.0,v733833,1.0,6.17,2.0,,,36.0,111.0,87.0,0.0,,2023-08-01
Toronto,One bedroom units,2023,8,1885.0,24.780645161290323,15.303225806451612,59.199999999999996,0.0,20.05806451612903,Canada,2016A000011124,Percent,239.0,units,0.0,v733833,1.0,6.17,2.0,,,36.0,111.0,87.0,0.0,,2023-08-01
Toronto,One bedroom units,2023,8,1691.0,24.780645161290323,15.303225806451612,59.199999999999996,0.0,20.05806451612903,Canada,2016A000011124,Percent,239.0,units,0.0,v733833,1.0,6.17,2.0,,,36.0,111.0,87.0,0.0,,2023-08-01
Toronto,One bedroom units,2023,8,1691.0,24.780645161290323,15.303225806451612,59.199999999999996,0.0,20.05806451612903,Canada,2016A000011124,Percent,239.0,units,0.0,v733833,1.0,6.17,2.0,,,36.0,111.0,87.0,0.0,,2023-08-01
Toronto,One bedroom units,2023,9,1691.0,23.68,13.419956624605678,11.200000000000001,0.0,18.420608809993425,Canada,2016A000011124,Percent,239.0,units,0.0,v733833,1.0,6.27,2.0,,,36.0,111.0,87.0,0.0,,2023-09-01
Toronto,One bedroom units,2023,9,1885.0,23.68,13.419956624605678,11.200000000000001,0.0,18.420608809993425,Canada,2016A000011124,Percent,239.0,units,0.0,v733833,1.0,6.27,2.0,,,36.0,111.0,87.0,0.0,,2023-09-01
Toronto,One bedroom units,2023,9,1691.0,23.68,13.419956624605678,11.200000000000001,0.0,18.420608809993425,Canada,2016A000011124,Percent,239.0,units,0.0,v733833,1.0,6.27,2.0,,,36.0,111.0,87.0,0.0,,2023-09-01
Toronto,One bedroom units,2023,9,1691.0,23.68,13.419956624605678,11.200000000000001,0.0,18.420608809993425,Canada,2016A000011124,Percent,239.0,units,0.0,v733833,1.0,6.27,2.0,,,36.0,111.0,87.0,0.0,,2023-09-01
Toronto,One bedroom units,2023,10,1691.0,16.787096774193547,8.387096774193548,40.1,0.0,12.612903225806452,Canada,2016A000011124,Percent,239.0,units,0.0,v733833,1.0,6.42,2.0,,,36.0,111.0,87.0,0.0,1235288.7735109718,2023-10-01
Toronto,One bedroom units,2023,10,1885.0,16.787096774193547,8.387096774193548,40.1,0.0,12.612903225806452,Canada,2016A000011124,Percent,239.0,units,0.0,v733833,1.0,6.42,2.0,,,36.0,111.0,87.0,0.0,1235288.7735109718,2023-10-01
Toronto,One bedroom units,2023,10,1691.0,16.787096774193547,8.387096774193548,40.1,0.0,12.612903225806452,Canada,2016A000011124,Percent,239.0,units,0.0,v733833,1.0,6.42,2.0,,,36.0,111.0,87.0,0.0,1235288.7735109718,2023-10-01
Toronto,One bedroom units,2023,10,1691.0,16.787096774193547,8.387096774193548,40.1,0.0,12.612903225806452,Canada,2016A000011124,Percent,239.0,units,0.0,v733833,1.0,6.42,2.0,,,36.0,111.0,87.0,0.0,1235288.7735109718,2023-10-01
Toronto,One bedroom units,2023,11,1691.0,8.106666666666666,-0.2733333333333333,54.199999999999996,3.2,3.93,Canada,2016A000011124,Percent,239.0,units,0.0,v733833,1.0,6.47,2.0,,,36.0,111.0,87.0,0.0,,2023-11-01
Toronto,One bedroom units,2023,11,1885.0,8.106666666666666,-0.2733333333333333,54.199999999999996,3.2,3.93,Canada,2016A000011124,Percent,239.0,units,0.0,v733833,1.0,6.47,2.0,,,36.0,111.0,87.0,0.0,,2023-11-01
Toronto,One bedroom units,2023,11,1691.0,8.106666666666666,-0.2733333333333333,54.199999999999996,3.2,3.93,Canada,2016A000011124,Percent,239.0,units,0.0,v733833,1.0,6.47,2.0,,,36.0,111.0,87.0,0.0,,2023-11-01
Toronto,One bedroom units,2023,11,1691.0,8.106666666666666,-0.2733333333333333,54.199999999999996,3.2,3.93,Canada,2016A000011124,Percent,239.0,units,0.0,v733833,1.0,6.47,2.0,,,36.0,111.0,87.0,0.0,,2023-11-01
Toronto,One bedroom units,2023,12,1691.0,5.17741935483871,0.21612903225806443,80.3,9.8,2.7193548387096773,Canada,2016A000011124,Percent,239.0,units,0.0,v733833,1.0,6.39,2.0,,,36.0,111.0,87.0,0.0,,2023-12-01
Toronto,One bedroom units,2023,12,1885.0,5.17741935483871,0.21612903225806443,80.3,9.8,2.7193548387096773,Canada,2016A000011124,Percent,239.0,units,0.0,v733833,1.0,6.39,2.0,,,36.0,111.0,87.0,0.0,,2023-12-01
Toronto,One bedroom units,2023,12,1691.0,5.17741935483871,0.21612903225806443,80.3,9.8,2.7193548387096773,Canada,2016A000011124,Percent,239.0,units,0.0,v733833,1.0,6.39,2.0,,,36.0,111.0,87.0,0.0,,2023-12-01
Toronto,One bedroom units,2023,12,1691.0,5.17741935483871,0.21612903225806443,80.3,9.8,2.7193548387096773,Canada,2016A000011124,Percent,239.0,units,0.0,v733833,1.0,6.39,2.0,,,36.0,111.0,87.0,0.0,,2023-12-01
Toronto,One bedroom units,2024,1,1715.0,0.3419354838709677,-4.54516129032258,99.6,27.4,-2.109677419354839,Canada,2016A000011124,Percent,239.0,units,0.0,v733833,1.0,6.31,2.0,,,,,,,,2024-01-01
Toronto,One bedroom units,2024,1,1499.0,0.3419354838709677,-4.54516129032258,99.6,27.4,-2.109677419354839,Canada,2016A000011124,Percent,239.0,units,0.0,v733833,1.0,6.31,2.0,,,,,,,,2024-01-01
Toronto,One bedroom units,2024,1,1715.0,0.3419354838709677,-4.54516129032258,99.6,27.4,-2.109677419354839,Canada,2016A000011124,Percent,239.0,units,0.0,v733833,1.0,6.31,2.0,,,,,,,,2024-01-01
Toronto,One bedroom units,2024,1,1714.0,0.3419354838709677,-4.54516129032258,99.6,27.4,-2.109677419354839,Canada,2016A000011124,Percent,239.0,units,0.0,v733833,1.0,6.31,2.0,,,,,,,,2024-01-01
Toronto,One bedroom units,2024,2,1715.0,4.827586206896552,-4.5103448275862075,33.6,8.200000000000001,0.15862068965517243,Canada,2016A000011124,Percent,239.0,units,0.0,v733833,1.0,6.15,2.0,,,,,,,,2024-02-01
Toronto,One bedroom units,2024,2,1499.0,4.827586206896552,-4.5103448275862075,33.6,8.200000000000001,0.15862068965517243,Canada,2016A000011124,Percent,239.0,units,0.0,v733833,1.0,6.15,2.0,,,,,,,,2024-02-01
Toronto,One bedroom units,2024,2,1715.0,4.827586206896552,-4.5103448275862075,33.6,8.200000000000001,0.15862068965517243,Canada,2016A000011124,Percent,239.0,units,0.0,v733833,1.0,6.15,2.0,,,,,,,,2024-02-01
Toronto,One bedroom units,2024,2,1714.0,4.827586206896552,-4.5103448275862075,33.6,8.200000000000001,0.15862068965517243,Canada,2016A000011124,Percent,239.0,units,0.0,v733833,1.0,6.15,2.0,,,,,,,,2024-02-01
Toronto,One bedroom units,2024,3,1715.0,8.058064516129031,-0.7064516129032259,56.7,18.2,3.6903225806451614,Canada,2016A000011124,Percent,239.0,units,0.0,v733833,1.0,6.13,2.0,,,,,,,,2024-03-01
Toronto,One bedroom units,2024,3,1499.0,8.058064516129031,-0.7064516129032259,56.7,18.2,3.6903225806451614,Canada,2016A000011124,Percent,239.0,units,0.0,v733833,1.0,6.13,2.0,,,,,,,,2024-03-01
Toronto,One bedroom units,2024,3,1715.0,8.058064516129031,-0.7064516129032259,56.7,18.2,3.6903225806451614,Canada,2016A000011124,Percent,239.0,units,0.0,v733833,1.0,6.13,2.0,,,,,,,,2024-03-01
Toronto,One bedroom units,2024,3,1714.0,8.058064516129031,-0.7064516129032259,56.7,18.2,3.6903225806451614,Canada,2016A000011124,Percent,239.0,units,0.0,v733833,1.0,6.13,2.0,,,,,,,,2024-03-01
Toronto,One bedroom units,2024,4,1715.0,12.863333333333333,4.113333333333333,135.5,0.2,8.51,Canada,2016A000011124,Percent,239.0,units,0.0,v733833,1.0,6.08,2.0,,,,,,,,2024-04-01
Toronto,One bedroom units,2024,4,1499.0,12.863333333333333,4.113333333333333,135.5,0.2,8.51,Canada,2016A000011124,Percent,239.0,units,0.0,v733833,1.0,6.08,2.0,,,,,,,,2024-04-01
Toronto,One bedroom units,2024,4,1715.0,12.863333333333333,4.113333333333333,135.5,0.2,8.51,Canada,2016A000011124,Percent,239.0,units,0.0,v733833,1.0,6.08,2.0,,,,,,,,2024-04-01
Toronto,One bedroom units,2024,4,1714.0,12.863333333333333,4.113333333333333,135.5,0.2,8.51,Canada,2016A000011124,Percent,239.0,units,0.0,v733833,1.0,6.08,2.0,,,,,,,,2024-04-01
Toronto,One bedroom units,2024,5,1715.0,21.403225806451612,11.351612903225806,76.8,0.0,16.403225806451612,Canada,2016A000011124,Percent,239.0,units,0.0,v733833,1.0,6.05,2.0,,,,,,,,2024-05-01
Toronto,One bedroom units,2024,5,1499.0,21.403225806451612,11.351612903225806,76.8,0.0,16.403225806451612,Canada,2016A000011124,Percent,239.0,units,0.0,v733833,1.0,6.05,2.0,,,,,,,,2024-05-01
Toronto,One bedroom units,2024,5,1715.0,21.403225806451612,11.351612903225806,76.8,0.0,16.403225806451612,Canada,2016A000011124,Percent,239.0,units,0.0,v733833,1.0,6.05,2.0,,,,,,,,2024-05-01
Toronto,One bedroom units,2024,5,1714.0,21.403225806451612,11.351612903225806,76.8,0.0,16.403225806451612,Canada,2016A000011124,Percent,239.0,units,0.0,v733833,1.0,6.05,2.0,,,,,,,,2024-05-01
Toronto,One bedroom units,2024,6,1715.0,24.876666666666665,15.19,114.1,0.0,20.05666666666667,Canada,2016A000011124,Percent,239.0,units,0.0,v733833,1.0,5.98,2.0,,,,,,,,2024-06-01
Toronto,One bedroom units,2024,6,1499.0,24.876666666666665,15.19,114.1,0.0,20.05666666666667,Canada,2016A000011124,Percent,239.0,units,0.0,v733833,1.0,5.98,2.0,,,,,,,,2024-06-01
Toronto,One bedroom units,2024,6,1715.0,24.876666666666665,15.19,114.1,0.0,20.05666666666667,Canada,2016A000011124,Percent,239.0,units,0.0,v733833,1.0,5.98,2.0,,,,,,,,2024-06-01
Toronto,One bedroom units,2024,6,1714.0,24.876666666666665,15.19,114.1,0.0,20.05666666666667,Canada,2016A000011124,Percent,239.0,units,0.0,v733833,1.0,5.98,2.0,,,,,,,,2024-06-01
Toronto,One bedroom units,2024,7,1715.0,27.458064516129035,17.529032258064515,215.4,0.0,22.519354838709678,Canada,2016A000011124,Percent,239.0,units,0.0,v733833,1.0,5.91,2.0,,,,,,,,2024-07-01
Toronto,One bedroom units,2024,7,1499.0,27.458064516129035,17.529032258064515,215.4,0.0,22.519354838709678,Canada,2016A000011124,Percent,239.0,units,0.0,v733833,1.0,5.91,2.0,,,,,,,,2024-07-01
Toronto,One bedroom units,2024,7,1715.0,27.458064516129035,17.529032258064515,215.4,0.0,22.519354838709678,Canada,2016A000011124,Percent,239.0,units,0.0,v733833,1.0,5.91,2.0,,,,,,,,2024-07-01
Toronto,One bedroom units,2024,7,1714.0,27.458064516129035,17.529032258064515,215.4,0.0,22.519354838709678,Canada,2016A000011124,Percent,239.0,units,0.0,v733833,1.0,5.91,2.0,,,,,,,,2024-07-01
Toronto,One bedroom units,2024,8,1715.0,25.60660667530949,15.651570927037755,181.8,0.0,20.652202074187183,Canada,2016A000011124,Percent,239.0,units,0.0,v733833,1.0,5.73,2.0,,,,,,,,2024-08-01
Toronto,One bedroom units,2024,8,1499.0,25.60660667530949,15.651570927037755,181.8,0.0,20.652202074187183,Canada,2016A000011124,Percent,239.0,units,0.0,v733833,1.0,5.73,2.0,,,,,,,,2024-08-01
Toronto,One bedroom units,2024,8,1715.0,25.60660667530949,15.651570927037755,181.8,0.0,20.652202074187183,Canada,2016A000011124,Percent,239.0,units,0.0,v733833,1.0,5.73,2.0,,,,,,,,2024-08-01
Toronto,One bedroom units,2024,8,1714.0,25.60660667530949,15.651570927037755,181.8,0.0,20.652202074187183,Canada,2016A000011124,Percent,239.0,units,0.0,v733833,1.0,5.73,2.0,,,,,,,,2024-08-01
Toronto,One bedroom units,2024,9,1715.0,23.716666666666665,13.863333333333333,98.5,0.0,18.816666666666666,Canada,2016A000011124,Percent,239.0,units,0.0,v733833,1.0,5.55,2.0,,,,,,,,2024-09-01
Toronto,One bedroom units,2024,9,1499.0,23.716666666666665,13.863333333333333,98.5,0.0,18.816666666666666,Canada,2016A000011124,Percent,239.0,units,0.0,v733833,1.0,5.55,2.0,,,,,,,,2024-09-01
Toronto,One bedroom units,2024,9,1715.0,23.716666666666665,13.863333333333333,98.5,0.0,18.816666666666666,Canada,2016A000011124,Percent,239.0,units,0.0,v733833,1.0,5.55,2.0,,,,,,,,2024-09-01
Toronto,One bedroom units,2024,9,1714.0,23.716666666666665,13.863333333333333,98.5,0.0,18.816666666666666,Canada,2016A000011124,Percent,239.0,units,0.0,v733833,1.0,5.55,2.0,,,,,,,,2024-09-01
Toronto,One bedroom units,2024,10,1715.0,17.322580645161292,6.261290322580645,29.5,0.0,11.819354838709677,Canada,2016A000011124,Percent,239.0,units,0.0,v733833,1.0,5.44,2.0,,,,,,,,2024-10-01
Toronto,One bedroom units,2024,10,1499.0,17.322580645161292,6.261290322580645,29.5,0.0,11.819354838709677,Canada,2016A000011124,Percent,239.0,units,0.0,v733833,1.0,5.44,2.0,,,,,,,,2024-10-01
Toronto,One bedroom units,2024,10,1715.0,17.322580645161292,6.261290322580645,29.5,0.0,11.819354838709677,Canada,2016A000011124,Percent,239.0,units,0.0,v733833,1.0,5.44,2.0,,,,,,,,2024-10-01
Toronto,One bedroom units,2024,10,1714.0,17.322580645161292,6.261290322580645,29.5,0.0,11.819354838709677,Canada,2016A000011124,Percent,239.0,units,0.0,v733833,1.0,5.44,2.0,,,,,,,,2024-10-01
Toronto,One bedroom units,2024,11,1715.0,10.053333333333335,2.4466666666666668,39.300000000000004,0.2,6.276666666666667,Canada,2016A000011124,Percent,239.0,units,0.0,v733833,1.0,5.38,2.0,,,,,,,,2024-11-01
Toronto,One bedroom units,2024,11,1499.0,10.053333333333335,2.4466666666666668,39.300000000000004,0.2,6.276666666666667,Canada,2016A000011124,Percent,239.0,units,0.0,v733833,1.0,5.38,2.0,,,,,,,,2024-11-01
Toronto,One bedroom units,2024,11,1715.0,10.053333333333335,2.4466666666666668,39.300000000000004,0.2,6.276666666666667,Canada,2016A000011124,Percent,239.0,units,0.0,v733833,1.0,5.38,2.0,,,,,,,,2024-11-01
Toronto,One bedroom units,2024,11,1714.0,10.053333333333335,2.4466666666666668,39.300000000000004,0.2,6.276666666666667,Canada,2016A000011124,Percent,239.0,units,0.0,v733833,1.0,5.38,2.0,,,,,,,,2024-11-01
Toronto,One bedroom units,2024,12,1715.0,2.5,-3.725806451612903,64.4,22.2,-0.6129032258064516,Canada,2016A000011124,Percent,239.0,units,0.0,v733833,1.0,5.35,2.0,,,,,,,,2024-12-01
Toronto,One bedroom units,2024,12,1499.0,2.5,-3.725806451612903,64.4,22.2,-0.6129032258064516,Canada,2016A000011124,Percent,239.0,units,0.0,v733833,1.0,5.35,2.0,,,,,,,,2024-12-01
Toronto,One bedroom units,2024,12,1715.0,2.5,-3.725806451612903,64.4,22.2,-0.6129032258064516,Canada,2016A000011124,Percent,239.0,units,0.0,v733833,1.0,5.35,2.0,,,,,,,,2024-12-01
Toronto,One bedroom units,2024,12,1714.0,2.5,-3.725806451612903,64.4,22.2,-0.6129032258064516,Canada,2016A000011124,Percent,239.0,units,0.0,v733833,1.0,5.35,2.0,,,,,,,,2024-12-01
Toronto,Two bedroom units,2018,1,1468.0,-1.2741935483870968,-9.958064516129031,61.8,21.4,-5.622580645161291,,,,,,,,,,,8.3,25.0,,,,,,2018-01-01
Toronto,Two bedroom units,2018,1,1513.0,-1.2741935483870968,-9.958064516129031,61.8,21.4,-5.622580645161291,,,,,,,,,,,8.3,25.0,,,,,,2018-01-01
Toronto,Two bedroom units,2018,1,1467.0,-1.2741935483870968,-9.958064516129031,61.8,21.4,-5.622580645161291,,,,,,,,,,,8.3,25.0,,,,,,2018-01-01
Toronto,Two bedroom units,2018,1,1468.0,-1.2741935483870968,-9.958064516129031,61.8,21.4,-5.622580645161291,,,,,,,,,,,8.3,25.0,,,,,,2018-01-01
Toronto,Two bedroom units,2018,2,1468.0,2.5892857142857144,-6.221428571428571,65.4,28.8,-1.8214285714285714,,,,,,,,,,,8.3,25.0,,,,,,2018-02-01
Toronto,Two bedroom units,2018,2,1513.0,2.5892857142857144,-6.221428571428571,65.4,28.8,-1.8214285714285714,,,,,,,,,,,8.3,25.0,,,,,,2018-02-01
Toronto,Two bedroom units,2018,2,1467.0,2.5892857142857144,-6.221428571428571,65.4,28.8,-1.8214285714285714,,,,,,,,,,,8.3,25.0,,,,,,2018-02-01
Toronto,Two bedroom units,2018,2,1468.0,2.5892857142857144,-6.221428571428571,65.4,28.8,-1.8214285714285714,,,,,,,,,,,8.3,25.0,,,,,,2018-02-01
Toronto,Two bedroom units,2018,3,1468.0,4.058064516129032,-3.7903225806451615,32.599999999999994,8.799999999999999,0.1290322580645161,,,,,,,,,,,8.3,25.0,,,,,,2018-03-01
Toronto,Two bedroom units,2018,3,1513.0,4.058064516129032,-3.7903225806451615,32.599999999999994,8.799999999999999,0.1290322580645161,,,,,,,,,,,8.3,25.0,,,,,,2018-03-01
Toronto,Two bedroom units,2018,3,1467.0,4.058064516129032,-3.7903225806451615,32.599999999999994,8.799999999999999,0.1290322580645161,,,,,,,,,,,8.3,25.0,,,,,,2018-03-01
Toronto,Two bedroom units,2018,3,1468.0,4.058064516129032,-3.7903225806451615,32.599999999999994,8.799999999999999,0.1290322580645161,,,,,,,,,,,8.3,25.0,,,,,,2018-03-01
Toronto,Two bedroom units,2018,4,1468.0,7.973333333333333,-1.1433333333333335,150.6,10.4,3.757275476660092,,,,,,,,,,,8.3,25.0,,,,,,2018-04-01
Toronto,Two bedroom units,2018,4,1513.0,7.973333333333333,-1.1433333333333335,150.6,10.4,3.757275476660092,,,,,,,,,,,8.3,25.0,,,,,,2018-04-01
Toronto,Two bedroom units,2018,4,1467.0,7.973333333333333,-1.1433333333333335,150.6,10.4,3.757275476660092,,,,,,,,,,,8.3,25.0,,,,,,2018-04-01
Toronto,Two bedroom units,2018,4,1468.0,7.973333333333333,-1.1433333333333335,150.6,10.4,3.757275476660092,,,,,,,,,,,8.3,25.0,,,,,,2018-04-01
Toronto,Two bedroom units,2018,5,1468.0,22.77741935483871,11.109677419354838,65.4,0.0,16.970967741935485,,,,,,,,,,,8.3,25.0,,,,,,2018-05-01
Toronto,Two bedroom units,2018,5,1513.0,22.77741935483871,11.109677419354838,65.4,0.0,16.970967741935485,,,,,,,,,,,8.3,25.0,,,,,,2018-05-01
Toronto,Two bedroom units,2018,5,1467.0,22.77741935483871,11.109677419354838,65.4,0.0,16.970967741935485,,,,,,,,,,,8.3,25.0,,,,,,2018-05-01
Toronto,Two bedroom units,2018,5,1468.0,22.77741935483871,11.109677419354838,65.4,0.0,16.970967741935485,,,,,,,,,,,8.3,25.0,,,,,,2018-05-01
Toronto,Two bedroom units,2018,6,1468.0,24.55666666666667,14.443333333333333,50.0,0.0,19.523333333333333,,,,,,,,,,,8.3,25.0,,,,,,2018-06-01
Toronto,Two bedroom units,2018,6,1513.0,24.55666666666667,14.443333333333333,50.0,0.0,19.523333333333333,,,,,,,,,,,8.3,25.0,,,,,,2018-06-01
Toronto,Two bedroom units,2018,6,1467.0,24.55666666666667,14.443333333333333,50.0,0.0,19.523333333333333,,,,,,,,,,,8.3,25.0,,,,,,2018-06-01
Toronto,Two bedroom units,2018,6,1468.0,24.55666666666667,14.443333333333333,50.0,0.0,19.523333333333333,,,,,,,,,,,8.3,25.0,,,,,,2018-06-01
Toronto,Two bedroom units,2018,7,1468.0,28.70967741935484,18.051612903225806,64.0,0.0,23.41290322580645,,,,,,,,,,,8.3,25.0,,,,,,2018-07-01
Toronto,Two bedroom units,2018,7,1513.0,28.70967741935484,18.051612903225806,64.0,0.0,23.41290322580645,,,,,,,,,,,8.3,25.0,,,,,,2018-07-01
Toronto,Two bedroom units,2018,7,1467.0,28.70967741935484,18.051612903225806,64.0,0.0,23.41290322580645,,,,,,,,,,,8.3,25.0,,,,,,2018-07-01
Toronto,Two bedroom units,2018,7,1468.0,28.70967741935484,18.051612903225806,64.0,0.0,23.41290322580645,,,,,,,,,,,8.3,25.0,,,,,,2018-07-01
Toronto,Two bedroom units,2018,8,1468.0,27.758064516129032,18.59032258064516,118.2,0.0,23.200000000000003,,,,,,,,,,,8.3,25.0,,,,,,2018-08-01
Toronto,Two bedroom units,2018,8,1513.0,27.758064516129032,18.59032258064516,118.2,0.0,23.200000000000003,,,,,,,,,,,8.3,25.0,,,,,,2018-08-01
Toronto,Two bedroom units,2018,8,1467.0,27.758064516129032,18.59032258064516,118.2,0.0,23.200000000000003,,,,,,,,,,,8.3,25.0,,,,,,2018-08-01
Toronto,Two bedroom units,2018,8,1468.0,27.758064516129032,18.59032258064516,118.2,0.0,23.200000000000003,,,,,,,,,,,8.3,25.0,,,,,,2018-08-01
Toronto,Two bedroom units,2018,9,1468.0,23.513333333333332,14.27328995793901,50.0,0.0,18.88727547666009,,,,,,,,,,,8.3,25.0,,,,,,2018-09-01
Toronto,Two bedroom units,2018,9,1513.0,23.513333333333332,14.27328995793901,50.0,0.0,18.88727547666009,,,,,,,,,,,8.3,25.0,,,,,,2018-09-01
Toronto,Two bedroom units,2018,9,1467.0,23.513333333333332,14.27328995793901,50.0,0.0,18.88727547666009,,,,,,,,,,,8.3,25.0,,,,,,2018-09-01
Toronto,Two bedroom units,2018,9,1468.0,23.513333333333332,14.27328995793901,50.0,0.0,18.88727547666009,,,,,,,,,,,8.3,25.0,,,,,,2018-09-01
Toronto,Two bedroom units,2018,10,1468.0,13.025806451612903,4.77741935483871,69.8,2.4,8.929032258064517,,,,,,,,,,,8.3,25.0,,,,,,2018-10-01
Toronto,Two bedroom units,2018,10,1513.0,13.025806451612903,4.77741935483871,69.8,2.4,8.929032258064517,,,,,,,,,,,8.3,25.0,,,,,,2018-10-01
Toronto,Two bedroom units,2018,10,1467.0,13.025806451612903,4.77741935483871,69.8,2.4,8.929032258064517,,,,,,,,,,,8.3,25.0,,,,,,2018-10-01
Toronto,Two bedroom units,2018,10,1468.0,13.025806451612903,4.77741935483871,69.8,2.4,8.929032258064517,,,,,,,,,,,8.3,25.0,,,,,,2018-10-01
Toronto,Two bedroom units,2018,11,1468.0,4.29,-1.24,105.2,15.600000000000001,1.5300000000000002,Canada,2016A000011124,Percent,239.0,units,0.0,v733833,1.0,4.38,2.0,8.3,25.0,,,,,,2018-11-01
Toronto,Two bedroom units,2018,11,1513.0,4.29,-1.24,105.2,15.600000000000001,1.5300000000000002,Canada,2016A000011124,Percent,239.0,units,0.0,v733833,1.0,4.38,2.0,8.3,25.0,,,,,,2018-11-01
Toronto,Two bedroom units,2018,11,1467.0,4.29,-1.24,105.2,15.600000000000001,1.5300000000000002,Canada,2016A000011124,Percent,239.0,units,0.0,v733833,1.0,4.38,2.0,8.3,25.0,,,,,,2018-11-01
Toronto,Two bedroom units,2018,11,1468.0,4.29,-1.24,105.2,15.600000000000001,1.5300000000000002,Canada,2016A000011124,Percent,239.0,units,0.0,v733833,1.0,4.38,2.0,8.3,25.0,,,,,,2018-11-01
Toronto,Two bedroom units,2018,12,1468.0,2.8419354838709676,-3.206451612903226,52.0,5.4,-0.18064516129032257,Canada,2016A000011124,Percent,239.0,units,0.0,v733833,1.0,4.59,2.0,8.3,25.0,,,,,,2018-12-01
Toronto,Two bedroom units,2018,12,1513.0,2.8419354838709676,-3.206451612903226,52.0,5.4,-0.18064516129032257,Canada,2016A000011124,Percent,239.0,units,0.0,v733833,1.0,4.59,2.0,8.3,25.0,,,,,,2018-12-01
Toronto,Two bedroom units,2018,12,1467.0,2.8419354838709676,-3.206451612903226,52.0,5.4,-0.18064516129032257,Canada,2016A000011124,Percent,239.0,units,0.0,v733833,1.0,4.59,2.0,8.3,25.0,,,,,,2018-12-01
Toronto,Two bedroom units,2018,12,1468.0,2.8419354838709676,-3.206451612903226,52.0,5.4,-0.18064516129032257,Canada,2016A000011124,Percent,239.0,units,0.0,v733833,1.0,4.59,2.0,8.3,25.0,,,,,,2018-12-01
Toronto,Two bedroom units,2019,1,1563.0,-2.267741935483871,-11.02258064516129,67.6,63.4,-6.661290322580645,Canada,2016A000011124,Percent,239.0,units,0.0,v733833,1.0,4.59,2.0,,,,,,,,2019-01-01
Toronto,Two bedroom units,2019,1,1613.0,-2.267741935483871,-11.02258064516129,67.6,63.4,-6.661290322580645,Canada,2016A000011124,Percent,239.0,units,0.0,v733833,1.0,4.59,2.0,,,,,,,,2019-01-01
Toronto,Two bedroom units,2019,1,1562.0,-2.267741935483871,-11.02258064516129,67.6,63.4,-6.661290322580645,Canada,2016A000011124,Percent,239.0,units,0.0,v733833,1.0,4.59,2.0,,,,,,,,2019-01-01
Toronto,Two bedroom units,2019,1,1562.0,-2.267741935483871,-11.02258064516129,67.6,63.4,-6.661290322580645,Canada,2016A000011124,Percent,239.0,units,0.0,v733833,1.0,4.59,2.0,,,,,,,,2019-01-01
Toronto,Two bedroom units,2019,2,1563.0,-0.09999999999999996,-8.285714285714286,76.0,43.099999999999994,-4.203571428571428,Canada,2016A000011124,Percent,239.0,units,0.0,v733833,1.0,4.52,2.0,,,,,,,,2019-02-01
Toronto,Two bedroom units,2019,2,1613.0,-0.09999999999999996,-8.285714285714286,76.0,43.099999999999994,-4.203571428571428,Canada,2016A000011124,Percent,239.0,units,0.0,v733833,1.0,4.52,2.0,,,,,,,,2019-02-01
Toronto,Two bedroom units,2019,2,1562.0,-0.09999999999999996,-8.285714285714286,76.0,43.099999999999994,-4.203571428571428,Canada,2016A000011124,Percent,239.0,units,0.0,v733833,1.0,4.52,2.0,,,,,,,,2019-02-01
Toronto,Two bedroom units,2019,2,1562.0,-0.09999999999999996,-8.285714285714286,76.0,43.099999999999994,-4.203571428571428,Canada,2016A000011124,Percent,239.0,units,0.0,v733833,1.0,4.52,2.0,,,,,,,,2019-02-01
Toronto,Two bedroom units,2019,3,1563.0,3.1,-5.396774193548388,63.800000000000004,8.2,-1.1580645161290322,Canada,2016A000011124,Percent,239.0,units,0.0,v733833,1.0,4.44,2.0,,,,,,,,2019-03-01
Toronto,Two bedroom units,2019,3,1613.0,3.1,-5.396774193548388,63.800000000000004,8.2,-1.1580645161290322,Canada,2016A000011124,Percent,239.0,units,0.0,v733833,1.0,4.44,2.0,,,,,,,,2019-03-01
Toronto,Two bedroom units,2019,3,1562.0,3.1,-5.396774193548388,63.800000000000004,8.2,-1.1580645161290322,Canada,2016A000011124,Percent,239.0,units,0.0,v733833,1.0,4.44,2.0,,,,,,,,2019-03-01
Toronto,Two bedroom units,2019,3,1562.0,3.1,-5.396774193548388,63.800000000000004,8.2,-1.1580645161290322,Canada,2016A000011124,Percent,239.0,units,0.0,v733833,1.0,4.44,2.0,,,,,,,,2019-03-01
Toronto,Two bedroom units,2019,4,1563.0,10.683333333333334,2.1666666666666665,93.4,0.4,6.4399999999999995,Canada,2016A000011124,Percent,239.0,units,0.0,v733833,1.0,4.33,2.0,,,,,,,,2019-04-01
Toronto,Two bedroom units,2019,4,1613.0,10.683333333333334,2.1666666666666665,93.4,0.4,6.4399999999999995,Canada,2016A000011124,Percent,239.0,units,0.0,v733833,1.0,4.33,2.0,,,,,,,,2019-04-01
Toronto,Two bedroom units,2019,4,1562.0,10.683333333333334,2.1666666666666665,93.4,0.4,6.4399999999999995,Canada,2016A000011124,Percent,239.0,units,0.0,v733833,1.0,4.33,2.0,,,,,,,,2019-04-01
Toronto,Two bedroom units,2019,4,1562.0,10.683333333333334,2.1666666666666665,93.4,0.4,6.4399999999999995,Canada,2016A000011124,Percent,239.0,units,0.0,v733833,1.0,4.33,2.0,,,,,,,,2019-04-01
Toronto,Two bedroom units,2019,5,1563.0,16.777574417244974,6.964474152844205,97.6,0.0,11.890911751606541,Canada,2016A000011124,Percent,239.0,units,0.0,v733833,1.0,4.3,2.0,,,,,,,,2019-05-01
Toronto,Two bedroom units,2019,5,1613.0,16.777574417244974,6.964474152844205,97.6,0.0,11.890911751606541,Canada,2016A000011124,Percent,239.0,units,0.0,v733833,1.0,4.3,2.0,,,,,,,,2019-05-01
Toronto,Two bedroom units,2019,5,1562.0,16.777574417244974,6.964474152844205,97.6,0.0,11.890911751606541,Canada,2016A000011124,Percent,239.0,units,0.0,v733833,1.0,4.3,2.0,,,,,,,,2019-05-01
Toronto,Two bedroom units,2019,5,1562.0,16.777574417244974,6.964474152844205,97.6,0.0,11.890911751606541,Canada,2016A000011124,Percent,239.0,units,0.0,v733833,1.0,4.3,2.0,,,,,,,,2019-05-01
Toronto,Two bedroom units,2019,6,1563.0,23.13,13.203333333333335,108.6,0.0,18.19333333333333,Canada,2016A000011124,Percent,239.0,units,0.0,v733833,1.0,4.23,2.0,,,,,,,,2019-06-01
Toronto,Two bedroom units,2019,6,1613.0,23.13,13.203333333333335,108.6,0.0,18.19333333333333,Canada,2016A000011124,Percent,239.0,units,0.0,v733833,1.0,4.23,2.0,,,,,,,,2019-06-01
Toronto,Two bedroom units,2019,6,1562.0,23.13,13.203333333333335,108.6,0.0,18.19333333333333,Canada,2016A000011124,Percent,239.0,units,0.0,v733833,1.0,4.23,2.0,,,,,,,,2019-06-01
Toronto,Two bedroom units,2019,6,1562.0,23.13,13.203333333333335,108.6,0.0,18.19333333333333,Canada,2016A000011124,Percent,239.0,units,0.0,v733833,1.0,4.23,2.0,,,,,,,,2019-06-01
Toronto,Two bedroom units,2019,7,1563.0,28.538709677419355,18.177419354838708,104.2,0.0,23.383870967741935,Canada,2016A000011124,Percent,239.0,units,0.0,v733833,1.0,4.14,2.0,,,,,,,,2019-07-01
Toronto,Two bedroom units,2019,7,1613.0,28.538709677419355,18.177419354838708,104.2,0.0,23.383870967741935,Canada,2016A000011124,Percent,239.0,units,0.0,v733833,1.0,4.14,2.0,,,,,,,,2019-07-01
Toronto,Two bedroom units,2019,7,1562.0,28.538709677419355,18.177419354838708,104.2,0.0,23.383870967741935,Canada,2016A000011124,Percent,239.0,units,0.0,v733833,1.0,4.14,2.0,,,,,,,,2019-07-01
Toronto,Two bedroom units,2019,7,1562.0,28.538709677419355,18.177419354838708,104.2,0.0,23.383870967741935,Canada,2016A000011124,Percent,239.0,units,0.0,v733833,1.0,4.14,2.0,,,,,,,,2019-07-01
Toronto,Two bedroom units,2019,8,1563.0,26.26451612903226,16.3,44.6,0.0,21.30322580645161,Canada,2016A000011124,Percent,239.0,units,0.0,v733833,1.0,4.08,2.0,,,,,,,,2019-08-01
Toronto,Two bedroom units,2019,8,1613.0,26.26451612903226,16.3,44.6,0.0,21.30322580645161,Canada,2016A000011124,Percent,239.0,units,0.0,v733833,1.0,4.08,2.0,,,,,,,,2019-08-01
Toronto,Two bedroom units,2019,8,1562.0,26.26451612903226,16.3,44.6,0.0,21.30322580645161,Canada,2016A000011124,Percent,239.0,units,0.0,v733833,1.0,4.08,2.0,,,,,,,,2019-08-01
Toronto,Two bedroom units,2019,8,1562.0,26.26451612903226,16.3,44.6,0.0,21.30322580645161,Canada,2016A000011124,Percent,239.0,units,0.0,v733833,1.0,4.08,2.0,,,,,,,,2019-08-01
Toronto,Two bedroom units,2019,9,1563.0,22.323333333333334,12.763333333333332,46.4,0.0,17.566666666666666,Canada,2016A000011124,Percent,239.0,units,0.0,v733833,1.0,4.07,2.0,,,,,,,,2019-09-01
Toronto,Two bedroom units,2019,9,1613.0,22.323333333333334,12.763333333333332,46.4,0.0,17.566666666666666,Canada,2016A000011124,Percent,239.0,units,0.0,v733833,1.0,4.07,2.0,,,,,,,,2019-09-01
Toronto,Two bedroom units,2019,9,1562.0,22.323333333333334,12.763333333333332,46.4,0.0,17.566666666666666,Canada,2016A000011124,Percent,239.0,units,0.0,v733833,1.0,4.07,2.0,,,,,,,,2019-09-01
Toronto,Two bedroom units,2019,9,1562.0,22.323333333333334,12.763333333333332,46.4,0.0,17.566666666666666,Canada,2016A000011124,Percent,239.0,units,0.0,v733833,1.0,4.07,2.0,,,,,,,,2019-09-01
Toronto,Two bedroom units,2019,10,1563.0,15.141935483870967,5.887096774193548,136.2,0.0,10.535483870967743,Canada,2016A000011124,Percent,239.0,units,0.0,v733833,1.0,4.09,2.0,,,,,,,,2019-10-01
Toronto,Two bedroom units,2019,10,1613.0,15.141935483870967,5.887096774193548,136.2,0.0,10.535483870967743,Canada,2016A000011124,Percent,239.0,units,0.0,v733833,1.0,4.09,2.0,,,,,,,,2019-10-01
Toronto,Two bedroom units,2019,10,1562.0,15.141935483870967,5.887096774193548,136.2,0.0,10.535483870967743,Canada,2016A000011124,Percent,239.0,units,0.0,v733833,1.0,4.09,2.0,,,,,,,,2019-10-01
Toronto,Two bedroom units,2019,10,1562.0,15.141935483870967,5.887096774193548,136.2,0.0,10.535483870967743,Canada,2016A000011124,Percent,239.0,units,0.0,v733833,1.0,4.09,2.0,,,,,,,,2019-10-01
Toronto,Two bedroom units,2019,11,1563.0,4.5233333333333325,-2.756666666666667,40.8,19.2,0.89,Canada,2016A000011124,Percent,239.0,units,0.0,v733833,1.0,4.09,2.0,,,,,,,,2019-11-01
Toronto,Two bedroom units,2019,11,1613.0,4.5233333333333325,-2.756666666666667,40.8,19.2,0.89,Canada,2016A000011124,Percent,239.0,units,0.0,v733833,1.0,4.09,2.0,,,,,,,,2019-11-01
Toronto,Two bedroom units,2019,11,1562.0,4.5233333333333325,-2.756666666666667,40.8,19.2,0.89,Canada,2016A000011124,Percent,239.0,units,0.0,v733833,1.0,4.09,2.0,,,,,,,,2019-11-01
Toronto,Two bedroom units,2019,11,1562.0,4.5233333333333325,-2.756666666666667,40.8,19.2,0.89,Canada,2016A000011124,Percent,239.0,units,0.0,v733833,1.0,4.09,2.0,,,,,,,,2019-11-01
Toronto,Two bedroom units,2019,12,1563.0,2.6838709677419352,-4.254838709677419,71.2,29.200000000000003,-0.7870967741935485,Canada,2016A000011124,Percent,239.0,units,0.0,v733833,1.0,4.08,2.0,,,,,,,,2019-12-01
Toronto,Two bedroom units,2019,12,1613.0,2.6838709677419352,-4.254838709677419,71.2,29.200000000000003,-0.7870967741935485,Canada,2016A000011124,Percent,239.0,units,0.0,v733833,1.0,4.08,2.0,,,,,,,,2019-12-01
Toronto,Two bedroom units,2019,12,1562.0,2.6838709677419352,-4.254838709677419,71.2,29.200000000000003,-0.7870967741935485,Canada,2016A000011124,Percent,239.0,units,0.0,v733833,1.0,4.08,2.0,,,,,,,,2019-12-01
Toronto,Two bedroom units,2019,12,1562.0,2.6838709677419352,-4.254838709677419,71.2,29.200000000000003,-0.7870967741935485,Canada,2016A000011124,Percent,239.0,units,0.0,v733833,1.0,4.08,2.0,,,,,,,,2019-12-01
Toronto,Two bedroom units,2020,1,1637.0,1.7806451612903227,-4.796774193548386,131.4,30.4,-1.5161290322580645,Canada,2016A000011124,Percent,239.0,units,0.0,v733833,1.0,4.08,2.0,,,,,,,,2020-01-01
Toronto,Two bedroom units,2020,1,1835.0,1.7806451612903227,-4.796774193548386,131.4,30.4,-1.5161290322580645,Canada,2016A000011124,Percent,239.0,units,0.0,v733833,1.0,4.08,2.0,,,,,,,,2020-01-01
Toronto,Two bedroom units,2020,1,1635.0,1.7806451612903227,-4.796774193548386,131.4,30.4,-1.5161290322580645,Canada,2016A000011124,Percent,239.0,units,0.0,v733833,1.0,4.08,2.0,,,,,,,,2020-01-01
Toronto,Two bedroom units,2020,1,1636.0,1.7806451612903227,-4.796774193548386,131.4,30.4,-1.5161290322580645,Canada,2016A000011124,Percent,239.0,units,0.0,v733833,1.0,4.08,2.0,,,,,,,,2020-01-01
Toronto,Two bedroom units,2020,2,1637.0,0.5379310344827587,-6.710344827586207,52.0,53.4,-3.096551724137931,Canada,2016A000011124,Percent,239.0,units,0.0,v733833,1.0,4.08,2.0,,,,,,,,2020-02-01
Toronto,Two bedroom units,2020,2,1835.0,0.5379310344827587,-6.710344827586207,52.0,53.4,-3.096551724137931,Canada,2016A000011124,Percent,239.0,units,0.0,v733833,1.0,4.08,2.0,,,,,,,,2020-02-01
Toronto,Two bedroom units,2020,2,1635.0,0.5379310344827587,-6.710344827586207,52.0,53.4,-3.096551724137931,Canada,2016A000011124,Percent,239.0,units,0.0,v733833,1.0,4.08,2.0,,,,,,,,2020-02-01
Toronto,Two bedroom units,2020,2,1636.0,0.5379310344827587,-6.710344827586207,52.0,53.4,-3.096551724137931,Canada,2016A000011124,Percent,239.0,units,0.0,v733833,1.0,4.08,2.0,,,,,,,,2020-02-01
Toronto,Two bedroom units,2020,3,1637.0,7.293548387096774,-0.9193548387096774,53.8,6.6,3.203225806451613,Canada,2016A000011124,Percent,239.0,units,0.0,v733833,1.0,3.9,2.0,,,,,,,,2020-03-01
Toronto,Two bedroom units,2020,3,1835.0,7.293548387096774,-0.9193548387096774,53.8,6.6,3.203225806451613,Canada,2016A000011124,Percent,239.0,units,0.0,v733833,1.0,3.9,2.0,,,,,,,,2020-03-01
Toronto,Two bedroom units,2020,3,1635.0,7.293548387096774,-0.9193548387096774,53.8,6.6,3.203225806451613,Canada,2016A000011124,Percent,239.0,units,0.0,v733833,1.0,3.9,2.0,,,,,,,,2020-03-01
Toronto,Two bedroom units,2020,3,1636.0,7.293548387096774,-0.9193548387096774,53.8,6.6,3.203225806451613,Canada,2016A000011124,Percent,239.0,units,0.0,v733833,1.0,3.9,2.0,,,,,,,,2020-03-01
Toronto,Two bedroom units,2020,4,1637.0,10.716666666666667,1.0799999999999998,41.0,0.4,5.923333333333333,Canada,2016A000011124,Percent,239.0,units,0.0,v733833,1.0,3.95,2.0,,,,,,,,2020-04-01
Toronto,Two bedroom units,2020,4,1835.0,10.716666666666667,1.0799999999999998,41.0,0.4,5.923333333333333,Canada,2016A000011124,Percent,239.0,units,0.0,v733833,1.0,3.95,2.0,,,,,,,,2020-04-01
Toronto,Two bedroom units,2020,4,1635.0,10.716666666666667,1.0799999999999998,41.0,0.4,5.923333333333333,Canada,2016A000011124,Percent,239.0,units,0.0,v733833,1.0,3.95,2.0,,,,,,,,2020-04-01
Toronto,Two bedroom units,2020,4,1636.0,10.716666666666667,1.0799999999999998,41.0,0.4,5.923333333333333,Canada,2016A000011124,Percent,239.0,units,0.0,v733833,1.0,3.95,2.0,,,,,,,,2020-04-01
Toronto,Two bedroom units,2020,5,1637.0,17.293548387096774,6.793548387096774,43.2,3.1999999999999997,12.067741935483872,Canada,2016A000011124,Percent,239.0,units,0.0,v733833,1.0,3.86,2.0,,,,,,,,2020-05-01
Toronto,Two bedroom units,2020,5,1835.0,17.293548387096774,6.793548387096774,43.2,3.1999999999999997,12.067741935483872,Canada,2016A000011124,Percent,239.0,units,0.0,v733833,1.0,3.86,2.0,,,,,,,,2020-05-01
Toronto,Two bedroom units,2020,5,1635.0,17.293548387096774,6.793548387096774,43.2,3.1999999999999997,12.067741935483872,Canada,2016A000011124,Percent,239.0,units,0.0,v733833,1.0,3.86,2.0,,,,,,,,2020-05-01
Toronto,Two bedroom units,2020,5,1636.0,17.293548387096774,6.793548387096774,43.2,3.1999999999999997,12.067741935483872,Canada,2016A000011124,Percent,239.0,units,0.0,v733833,1.0,3.86,2.0,,,,,,,,2020-05-01
Toronto,Two bedroom units,2020,6,1637.0,26.55,14.32,49.8,0.0,20.46333333333333,Canada,2016A000011124,Percent,239.0,units,0.0,v733833,1.0,3.77,2.0,,,,,,,,2020-06-01
Toronto,Two bedroom units,2020,6,1835.0,26.55,14.32,49.8,0.0,20.46333333333333,Canada,2016A000011124,Percent,239.0,units,0.0,v733833,1.0,3.77,2.0,,,,,,,,2020-06-01
Toronto,Two bedroom units,2020,6,1635.0,26.55,14.32,49.8,0.0,20.46333333333333,Canada,2016A000011124,Percent,239.0,units,0.0,v733833,1.0,3.77,2.0,,,,,,,,2020-06-01
Toronto,Two bedroom units,2020,6,1636.0,26.55,14.32,49.8,0.0,20.46333333333333,Canada,2016A000011124,Percent,239.0,units,0.0,v733833,1.0,3.77,2.0,,,,,,,,2020-06-01
Toronto,Two bedroom units,2020,7,1637.0,30.351612903225806,19.51290322580645,67.6,0.0,24.958064516129035,Canada,2016A000011124,Percent,239.0,units,0.0,v733833,1.0,3.64,2.0,,,,,,,,2020-07-01
Toronto,Two bedroom units,2020,7,1835.0,30.351612903225806,19.51290322580645,67.6,0.0,24.958064516129035,Canada,2016A000011124,Percent,239.0,units,0.0,v733833,1.0,3.64,2.0,,,,,,,,2020-07-01
Toronto,Two bedroom units,2020,7,1635.0,30.351612903225806,19.51290322580645,67.6,0.0,24.958064516129035,Canada,2016A000011124,Percent,239.0,units,0.0,v733833,1.0,3.64,2.0,,,,,,,,2020-07-01
Toronto,Two bedroom units,2020,7,1636.0,30.351612903225806,19.51290322580645,67.6,0.0,24.958064516129035,Canada,2016A000011124,Percent,239.0,units,0.0,v733833,1.0,3.64,2.0,,,,,,,,2020-07-01
Toronto,Two bedroom units,2020,8,1637.0,27.42258064516129,16.64516129032258,91.0,0.0,22.061290322580643,Canada,2016A000011124,Percent,239.0,units,0.0,v733833,1.0,3.57,2.0,,,,,,,,2020-08-01
Toronto,Two bedroom units,2020,8,1835.0,27.42258064516129,16.64516129032258,91.0,0.0,22.061290322580643,Canada,2016A000011124,Percent,239.0,units,0.0,v733833,1.0,3.57,2.0,,,,,,,,2020-08-01
Toronto,Two bedroom units,2020,8,1635.0,27.42258064516129,16.64516129032258,91.0,0.0,22.061290322580643,Canada,2016A000011124,Percent,239.0,units,0.0,v733833,1.0,3.57,2.0,,,,,,,,2020-08-01
Toronto,Two bedroom units,2020,8,1636.0,27.42258064516129,16.64516129032258,91.0,0.0,22.061290322580643,Canada,2016A000011124,Percent,239.0,units,0.0,v733833,1.0,3.57,2.0,,,,,,,,2020-08-01
Toronto,Two bedroom units,2020,9,1637.0,22.03666666666667,11.53,40.800000000000004,0.0,16.806666666666665,Canada,2016A000011124,Percent,239.0,units,0.0,v733833,1.0,3.51,2.0,,,,,,,,2020-09-01
Toronto,Two bedroom units,2020,9,1835.0,22.03666666666667,11.53,40.800000000000004,0.0,16.806666666666665,Canada,2016A000011124,Percent,239.0,units,0.0,v733833,1.0,3.51,2.0,,,,,,,,2020-09-01
Toronto,Two bedroom units,2020,9,1635.0,22.03666666666667,11.53,40.800000000000004,0.0,16.806666666666665,Canada,2016A000011124,Percent,239.0,units,0.0,v733833,1.0,3.51,2.0,,,,,,,,2020-09-01
Toronto,Two bedroom units,2020,9,1636.0,22.03666666666667,11.53,40.800000000000004,0.0,16.806666666666665,Canada,2016A000011124,Percent,239.0,units,0.0,v733833,1.0,3.51,2.0,,,,,,,,2020-09-01
Toronto,Two bedroom units,2020,10,1637.0,13.67741935483871,4.82258064516129,60.4,0.0,9.280645161290321,Canada,2016A000011124,Percent,239.0,units,0.0,v733833,1.0,3.45,2.0,,,,,,,,2020-10-01
Toronto,Two bedroom units,2020,10,1835.0,13.67741935483871,4.82258064516129,60.4,0.0,9.280645161290321,Canada,2016A000011124,Percent,239.0,units,0.0,v733833,1.0,3.45,2.0,,,,,,,,2020-10-01
Toronto,Two bedroom units,2020,10,1635.0,13.67741935483871,4.82258064516129,60.4,0.0,9.280645161290321,Canada,2016A000011124,Percent,239.0,units,0.0,v733833,1.0,3.45,2.0,,,,,,,,2020-10-01
Toronto,Two bedroom units,2020,10,1636.0,13.67741935483871,4.82258064516129,60.4,0.0,9.280645161290321,Canada,2016A000011124,Percent,239.0,units,0.0,v733833,1.0,3.45,2.0,,,,,,,,2020-10-01
Toronto,Two bedroom units,2020,11,1637.0,11.133333333333333,2.496666666666667,65.8,23.4,6.84,Canada,2016A000011124,Percent,239.0,units,0.0,v733833,1.0,3.42,2.0,,,,,,,,2020-11-01
Toronto,Two bedroom units,2020,11,1835.0,11.133333333333333,2.496666666666667,65.8,23.4,6.84,Canada,2016A000011124,Percent,239.0,units,0.0,v733833,1.0,3.42,2.0,,,,,,,,2020-11-01
Toronto,Two bedroom units,2020,11,1635.0,11.133333333333333,2.496666666666667,65.8,23.4,6.84,Canada,2016A000011124,Percent,239.0,units,0.0,v733833,1.0,3.42,2.0,,,,,,,,2020-11-01
Toronto,Two bedroom units,2020,11,1636.0,11.133333333333333,2.496666666666667,65.8,23.4,6.84,Canada,2016A000011124,Percent,239.0,units,0.0,v733833,1.0,3.42,2.0,,,,,,,,2020-11-01
Toronto,Two bedroom units,2020,12,1637.0,2.5774193548387094,-3.1741935483870964,64.0,34.6,-0.3000000000000001,Canada,2016A000011124,Percent,239.0,units,0.0,v733833,1.0,3.34,2.0,,,,,,,,2020-12-01
Toronto,Two bedroom units,2020,12,1835.0,2.5774193548387094,-3.1741935483870964,64.0,34.6,-0.3000000000000001,Canada,2016A000011124,Percent,239.0,units,0.0,v733833,1.0,3.34,2.0,,,,,,,,2020-12-01
Toronto,Two bedroom units,2020,12,1635.0,2.5774193548387094,-3.1741935483870964,64.0,34.6,-0.3000000000000001,Canada,2016A000011124,Percent,239.0,units,0.0,v733833,1.0,3.34,2.0,,,,,,,,2020-12-01
Toronto,Two bedroom units,2020,12,1636.0,2.5774193548387094,-3.1741935483870964,64.0,34.6,-0.3000000000000001,Canada,2016A000011124,Percent,239.0,units,0.0,v733833,1.0,3.34,2.0,,,,,,,,2020-12-01
Toronto,Two bedroom units,2021,1,1680.0,0.5001550624062635,-5.103267782639667,31.2,20.0,-2.3090882483934596,Canada,2016A000011124,Percent,239.0,units,0.0,v733833,1.0,3.3,2.0,9.9,22.0,,,,,,2021-01-01
Toronto,Two bedroom units,2021,1,1835.0,0.5001550624062635,-5.103267782639667,31.2,20.0,-2.3090882483934596,Canada,2016A000011124,Percent,239.0,units,0.0,v733833,1.0,3.3,2.0,9.9,22.0,,,,,,2021-01-01
Toronto,Two bedroom units,2021,1,1679.0,0.5001550624062635,-5.103267782639667,31.2,20.0,-2.3090882483934596,Canada,2016A000011124,Percent,239.0,units,0.0,v733833,1.0,3.3,2.0,9.9,22.0,,,,,,2021-01-01
Toronto,Two bedroom units,2021,1,1681.0,0.5001550624062635,-5.103267782639667,31.2,20.0,-2.3090882483934596,Canada,2016A000011124,Percent,239.0,units,0.0,v733833,1.0,3.3,2.0,9.9,22.0,,,,,,2021-01-01
Toronto,Two bedroom units,2021,2,1680.0,-0.25322807610041653,-7.821521518702118,45.2,39.2,-4.059409692871231,Canada,2016A000011124,Percent,239.0,units,0.0,v733833,1.0,3.25,2.0,9.9,22.0,,,,,,2021-02-01
Toronto,Two bedroom units,2021,2,1835.0,-0.25322807610041653,-7.821521518702118,45.2,39.2,-4.059409692871231,Canada,2016A000011124,Percent,239.0,units,0.0,v733833,1.0,3.25,2.0,9.9,22.0,,,,,,2021-02-01
Toronto,Two bedroom units,2021,2,1679.0,-0.25322807610041653,-7.821521518702118,45.2,39.2,-4.059409692871231,Canada,2016A000011124,Percent,239.0,units,0.0,v733833,1.0,3.25,2.0,9.9,22.0,,,,,,2021-02-01
Toronto,Two bedroom units,2021,2,1681.0,-0.25322807610041653,-7.821521518702118,45.2,39.2,-4.059409692871231,Canada,2016A000011124,Percent,239.0,units,0.0,v733833,1.0,3.25,2.0,9.9,22.0,,,,,,2021-02-01
Toronto,Two bedroom units,2021,3,1680.0,9.135483870967741,-2.8774193548387097,45.4,0.2,3.138709677419355,Canada,2016A000011124,Percent,239.0,units,0.0,v733833,1.0,3.26,2.0,9.9,22.0,,,,,,2021-03-01
Toronto,Two bedroom units,2021,3,1835.0,9.135483870967741,-2.8774193548387097,45.4,0.2,3.138709677419355,Canada,2016A000011124,Percent,239.0,units,0.0,v733833,1.0,3.26,2.0,9.9,22.0,,,,,,2021-03-01
Toronto,Two bedroom units,2021,3,1679.0,9.135483870967741,-2.8774193548387097,45.4,0.2,3.138709677419355,Canada,2016A000011124,Percent,239.0,units,0.0,v733833,1.0,3.26,2.0,9.9,22.0,,,,,,2021-03-01
Toronto,Two bedroom units,2021,3,1681.0,9.135483870967741,-2.8774193548387097,45.4,0.2,3.138709677419355,Canada,2016A000011124,Percent,239.0,units,0.0,v733833,1.0,3.26,2.0,9.9,22.0,,,,,,2021-03-01
Toronto,Two bedroom units,2021,4,1680.0,12.71,3.07,55.8,4.3999999999999995,7.92,Canada,2016A000011124,Percent,239.0,units,0.0,v733833,1.0,3.25,2.0,9.9,22.0,,,,,,2021-04-01
Toronto,Two bedroom units,2021,4,1835.0,12.71,3.07,55.8,4.3999999999999995,7.92,Canada,2016A000011124,Percent,239.0,units,0.0,v733833,1.0,3.25,2.0,9.9,22.0,,,,,,2021-04-01
Toronto,Two bedroom units,2021,4,1679.0,12.71,3.07,55.8,4.3999999999999995,7.92,Canada,2016A000011124,Percent,239.0,units,0.0,v733833,1.0,3.25,2.0,9.9,22.0,,,,,,2021-04-01
Toronto,Two bedroom units,2021,4,1681.0,12.71,3.07,55.8,4.3999999999999995,7.92,Canada,2016A000011124,Percent,239.0,units,0.0,v733833,1.0,3.25,2.0,9.9,22.0,,,,,,2021-04-01
Toronto,Two bedroom units,2021,5,1680.0,19.661290322580644,7.487096774193549,21.799999999999997,0.2,13.603225806451613,Canada,2016A000011124,Percent,239.0,units,0.0,v733833,1.0,3.25,2.0,9.9,22.0,,,,,,2021-05-01
Toronto,Two bedroom units,2021,5,1835.0,19.661290322580644,7.487096774193549,21.799999999999997,0.2,13.603225806451613,Canada,2016A000011124,Percent,239.0,units,0.0,v733833,1.0,3.25,2.0,9.9,22.0,,,,,,2021-05-01
Toronto,Two bedroom units,2021,5,1679.0,19.661290322580644,7.487096774193549,21.799999999999997,0.2,13.603225806451613,Canada,2016A000011124,Percent,239.0,units,0.0,v733833,1.0,3.25,2.0,9.9,22.0,,,,,,2021-05-01
Toronto,Two bedroom units,2021,5,1681.0,19.661290322580644,7.487096774193549,21.799999999999997,0.2,13.603225806451613,Canada,2016A000011124,Percent,239.0,units,0.0,v733833,1.0,3.25,2.0,9.9,22.0,,,,,,2021-05-01
Toronto,Two bedroom units,2021,6,1680.0,27.259999999999998,16.356666666666666,80.0,0.0,21.833333333333332,Canada,2016A000011124,Percent,239.0,units,0.0,v733833,1.0,3.26,2.0,9.9,22.0,,,,,,2021-06-01
Toronto,Two bedroom units,2021,6,1835.0,27.259999999999998,16.356666666666666,80.0,0.0,21.833333333333332,Canada,2016A000011124,Percent,239.0,units,0.0,v733833,1.0,3.26,2.0,9.9,22.0,,,,,,2021-06-01
Toronto,Two bedroom units,2021,6,1679.0,27.259999999999998,16.356666666666666,80.0,0.0,21.833333333333332,Canada,2016A000011124,Percent,239.0,units,0.0,v733833,1.0,3.26,2.0,9.9,22.0,,,,,,2021-06-01
Toronto,Two bedroom units,2021,6,1681.0,27.259999999999998,16.356666666666666,80.0,0.0,21.833333333333332,Canada,2016A000011124,Percent,239.0,units,0.0,v733833,1.0,3.26,2.0,9.9,22.0,,,,,,2021-06-01
Toronto,Two bedroom units,2021,7,1680.0,25.271122804341747,16.425764475424852,120.4,0.0,20.86833110644525,Canada,2016A000011124,Percent,239.0,units,0.0,v733833,1.0,3.2,2.0,9.9,22.0,,,,,,2021-07-01
Toronto,Two bedroom units,2021,7,1835.0,25.271122804341747,16.425764475424852,120.4,0.0,20.86833110644525,Canada,2016A000011124,Percent,239.0,units,0.0,v733833,1.0,3.2,2.0,9.9,22.0,,,,,,2021-07-01
Toronto,Two bedroom units,2021,7,1679.0,25.271122804341747,16.425764475424852,120.4,0.0,20.86833110644525,Canada,2016A000011124,Percent,239.0,units,0.0,v733833,1.0,3.2,2.0,9.9,22.0,,,,,,2021-07-01
Toronto,Two bedroom units,2021,7,1681.0,25.271122804341747,16.425764475424852,120.4,0.0,20.86833110644525,Canada,2016A000011124,Percent,239.0,units,0.0,v733833,1.0,3.2,2.0,9.9,22.0,,,,,,2021-07-01
Toronto,Two bedroom units,2021,8,1680.0,28.45176796563207,18.461248346392594,57.4,0.0,23.487685945154926,Canada,2016A000011124,Percent,239.0,units,0.0,v733833,1.0,3.2,2.0,9.9,22.0,,,,,,2021-08-01
Toronto,Two bedroom units,2021,8,1835.0,28.45176796563207,18.461248346392594,57.4,0.0,23.487685945154926,Canada,2016A000011124,Percent,239.0,units,0.0,v733833,1.0,3.2,2.0,9.9,22.0,,,,,,2021-08-01
Toronto,Two bedroom units,2021,8,1679.0,28.45176796563207,18.461248346392594,57.4,0.0,23.487685945154926,Canada,2016A000011124,Percent,239.0,units,0.0,v733833,1.0,3.2,2.0,9.9,22.0,,,,,,2021-08-01
Toronto,Two bedroom units,2021,8,1681.0,28.45176796563207,18.461248346392594,57.4,0.0,23.487685945154926,Canada,2016A000011124,Percent,239.0,units,0.0,v733833,1.0,3.2,2.0,9.9,22.0,,,,,,2021-08-01
Toronto,Two bedroom units,2021,9,1680.0,22.64,12.59,158.0,0.0,17.64333333333333,Canada,2016A000011124,Percent,239.0,units,0.0,v733833,1.0,3.22,2.0,9.9,22.0,,,,,,2021-09-01
Toronto,Two bedroom units,2021,9,1835.0,22.64,12.59,158.0,0.0,17.64333333333333,Canada,2016A000011124,Percent,239.0,units,0.0,v733833,1.0,3.22,2.0,9.9,22.0,,,,,,2021-09-01
Toronto,Two bedroom units,2021,9,1679.0,22.64,12.59,158.0,0.0,17.64333333333333,Canada,2016A000011124,Percent,239.0,units,0.0,v733833,1.0,3.22,2.0,9.9,22.0,,,,,,2021-09-01
Toronto,Two bedroom units,2021,9,1681.0,22.64,12.59,158.0,0.0,17.64333333333333,Canada,2016A000011124,Percent,239.0,units,0.0,v733833,1.0,3.22,2.0,9.9,22.0,,,,,,2021-09-01
Toronto,Two bedroom units,2021,10,1680.0,16.88064516129032,10.067741935483872,101.8,0.0,13.496774193548386,Canada,2016A000011124,Percent,239.0,units,0.0,v733833,1.0,3.29,2.0,9.9,22.0,,,,,,2021-10-01
Toronto,Two bedroom units,2021,10,1835.0,16.88064516129032,10.067741935483872,101.8,0.0,13.496774193548386,Canada,2016A000011124,Percent,239.0,units,0.0,v733833,1.0,3.29,2.0,9.9,22.0,,,,,,2021-10-01
Toronto,Two bedroom units,2021,10,1679.0,16.88064516129032,10.067741935483872,101.8,0.0,13.496774193548386,Canada,2016A000011124,Percent,239.0,units,0.0,v733833,1.0,3.29,2.0,9.9,22.0,,,,,,2021-10-01
Toronto,Two bedroom units,2021,10,1681.0,16.88064516129032,10.067741935483872,101.8,0.0,13.496774193548386,Canada,2016A000011124,Percent,239.0,units,0.0,v733833,1.0,3.29,2.0,9.9,22.0,,,,,,2021-10-01
Toronto,Two bedroom units,2021,11,1680.0,8.426666666666666,-0.029999999999999954,38.199999999999996,15.0,4.21,Canada,2016A000011124,Percent,239.0,units,0.0,v733833,1.0,3.4,2.0,9.9,22.0,,,,,,2021-11-01
Toronto,Two bedroom units,2021,11,1835.0,8.426666666666666,-0.029999999999999954,38.199999999999996,15.0,4.21,Canada,2016A000011124,Percent,239.0,units,0.0,v733833,1.0,3.4,2.0,9.9,22.0,,,,,,2021-11-01
Toronto,Two bedroom units,2021,11,1679.0,8.426666666666666,-0.029999999999999954,38.199999999999996,15.0,4.21,Canada,2016A000011124,Percent,239.0,units,0.0,v733833,1.0,3.4,2.0,9.9,22.0,,,,,,2021-11-01
Toronto,Two bedroom units,2021,11,1681.0,8.426666666666666,-0.029999999999999954,38.199999999999996,15.0,4.21,Canada,2016A000011124,Percent,239.0,units,0.0,v733833,1.0,3.4,2.0,9.9,22.0,,,,,,2021-11-01
Toronto,Two bedroom units,2021,12,1680.0,6.1972393807671775,-0.6033517350157729,68.0,27.8,2.808219125787364,Canada,2016A000011124,Percent,239.0,units,0.0,v733833,1.0,3.45,2.0,9.9,22.0,,,,,,2021-12-01
Toronto,Two bedroom units,2021,12,1835.0,6.1972393807671775,-0.6033517350157729,68.0,27.8,2.808219125787364,Canada,2016A000011124,Percent,239.0,units,0.0,v733833,1.0,3.45,2.0,9.9,22.0,,,,,,2021-12-01
Toronto,Two bedroom units,2021,12,1679.0,6.1972393807671775,-0.6033517350157729,68.0,27.8,2.808219125787364,Canada,2016A000011124,Percent,239.0,units,0.0,v733833,1.0,3.45,2.0,9.9,22.0,,,,,,2021-12-01
Toronto,Two bedroom units,2021,12,1681.0,6.1972393807671775,-0.6033517350157729,68.0,27.8,2.808219125787364,Canada,2016A000011124,Percent,239.0,units,0.0,v733833,1.0,3.45,2.0,9.9,22.0,,,,,,2021-12-01
Toronto,Two bedroom units,2022,1,1779.0,-1.3866315869747579,-11.748513025338353,43.0,47.8,-6.588555067761024,Canada,2016A000011124,Percent,239.0,units,0.0,v733833,1.0,3.44,2.0,9.4,25.0,,,,,,2022-01-01
Toronto,Two bedroom units,2022,1,1748.0,-1.3866315869747579,-11.748513025338353,43.0,47.8,-6.588555067761024,Canada,2016A000011124,Percent,239.0,units,0.0,v733833,1.0,3.44,2.0,9.4,25.0,,,,,,2022-01-01
Toronto,Two bedroom units,2022,1,1779.0,-1.3866315869747579,-11.748513025338353,43.0,47.8,-6.588555067761024,Canada,2016A000011124,Percent,239.0,units,0.0,v733833,1.0,3.44,2.0,9.4,25.0,,,,,,2022-01-01
Toronto,Two bedroom units,2022,1,1780.0,-1.3866315869747579,-11.748513025338353,43.0,47.8,-6.588555067761024,Canada,2016A000011124,Percent,239.0,units,0.0,v733833,1.0,3.44,2.0,9.4,25.0,,,,,,2022-01-01
Toronto,Two bedroom units,2022,2,1779.0,0.9289147810424406,-7.903664375844976,82.60000000000001,48.0,-3.495123978585517,Canada,2016A000011124,Percent,239.0,units,0.0,v733833,1.0,3.58,2.0,9.4,25.0,,,,,,2022-02-01
Toronto,Two bedroom units,2022,2,1748.0,0.9289147810424406,-7.903664375844976,82.60000000000001,48.0,-3.495123978585517,Canada,2016A000011124,Percent,239.0,units,0.0,v733833,1.0,3.58,2.0,9.4,25.0,,,,,,2022-02-01
Toronto,Two bedroom units,2022,2,1779.0,0.9289147810424406,-7.903664375844976,82.60000000000001,48.0,-3.495123978585517,Canada,2016A000011124,Percent,239.0,units,0.0,v733833,1.0,3.58,2.0,9.4,25.0,,,,,,2022-02-01
Toronto,Two bedroom units,2022,2,1780.0,0.9289147810424406,-7.903664375844976,82.60000000000001,48.0,-3.495123978585517,Canada,2016A000011124,Percent,239.0,units,0.0,v733833,1.0,3.58,2.0,9.4,25.0,,,,,,2022-02-01
Toronto,Two bedroom units,2022,3,1779.0,5.232258064516128,-3.045161290322581,59.0,24.8,1.1,Canada,2016A000011124,Percent,239.0,units,0.0,v733833,1.0,3.77,2.0,9.4,25.0,,,,,,2022-03-01
Toronto,Two bedroom units,2022,3,1748.0,5.232258064516128,-3.045161290322581,59.0,24.8,1.1,Canada,2016A000011124,Percent,239.0,units,0.0,v733833,1.0,3.77,2.0,9.4,25.0,,,,,,2022-03-01
Toronto,Two bedroom units,2022,3,1779.0,5.232258064516128,-3.045161290322581,59.0,24.8,1.1,Canada,2016A000011124,Percent,239.0,units,0.0,v733833,1.0,3.77,2.0,9.4,25.0,,,,,,2022-03-01
Toronto,Two bedroom units,2022,3,1780.0,5.232258064516128,-3.045161290322581,59.0,24.8,1.1,Canada,2016A000011124,Percent,239.0,units,0.0,v733833,1.0,3.77,2.0,9.4,25.0,,,,,,2022-03-01
Toronto,Two bedroom units,2022,4,1779.0,11.263493564486472,2.263289957939011,50.0,8.6,6.790608809993426,Canada,2016A000011124,Percent,239.0,units,0.0,v733833,1.0,4.19,2.0,9.4,25.0,,,,,,2022-04-01
Toronto,Two bedroom units,2022,4,1748.0,11.263493564486472,2.263289957939011,50.0,8.6,6.790608809993426,Canada,2016A000011124,Percent,239.0,units,0.0,v733833,1.0,4.19,2.0,9.4,25.0,,,,,,2022-04-01
Toronto,Two bedroom units,2022,4,1779.0,11.263493564486472,2.263289957939011,50.0,8.6,6.790608809993426,Canada,2016A000011124,Percent,239.0,units,0.0,v733833,1.0,4.19,2.0,9.4,25.0,,,,,,2022-04-01
Toronto,Two bedroom units,2022,4,1780.0,11.263493564486472,2.263289957939011,50.0,8.6,6.790608809993426,Canada,2016A000011124,Percent,239.0,units,0.0,v733833,1.0,4.19,2.0,9.4,25.0,,,,,,2022-04-01
Toronto,Two bedroom units,2022,5,1779.0,20.929342382877042,9.845077337946474,46.8,0.0,15.407629954825985,Canada,2016A000011124,Percent,239.0,units,0.0,v733833,1.0,4.63,2.0,9.4,25.0,,,,,,2022-05-01
Toronto,Two bedroom units,2022,5,1748.0,20.929342382877042,9.845077337946474,46.8,0.0,15.407629954825985,Canada,2016A000011124,Percent,239.0,units,0.0,v733833,1.0,4.63,2.0,9.4,25.0,,,,,,2022-05-01
Toronto,Two bedroom units,2022,5,1779.0,20.929342382877042,9.845077337946474,46.8,0.0,15.407629954825985,Canada,2016A000011124,Percent,239.0,units,0.0,v733833,1.0,4.63,2.0,9.4,25.0,,,,,,2022-05-01
Toronto,Two bedroom units,2022,5,1780.0,20.929342382877042,9.845077337946474,46.8,0.0,15.407629954825985,Canada,2016A000011124,Percent,239.0,units,0.0,v733833,1.0,4.63,2.0,9.4,25.0,,,,,,2022-05-01
Toronto,Two bedroom units,2022,6,1779.0,25.740000000000002,13.313333333333333,40.4,0.0,19.55,Canada,2016A000011124,Percent,239.0,units,0.0,v733833,1.0,5.05,2.0,9.4,25.0,,,,,,2022-06-01
Toronto,Two bedroom units,2022,6,1748.0,25.740000000000002,13.313333333333333,40.4,0.0,19.55,Canada,2016A000011124,Percent,239.0,units,0.0,v733833,1.0,5.05,2.0,9.4,25.0,,,,,,2022-06-01
Toronto,Two bedroom units,2022,6,1779.0,25.740000000000002,13.313333333333333,40.4,0.0,19.55,Canada,2016A000011124,Percent,239.0,units,0.0,v733833,1.0,5.05,2.0,9.4,25.0,,,,,,2022-06-01
Toronto,Two bedroom units,2022,6,1780.0,25.740000000000002,13.313333333333333,40.4,0.0,19.55,Canada,2016A000011124,Percent,239.0,units,0.0,v733833,1.0,5.05,2.0,9.4,25.0,,,,,,2022-06-01
Toronto,Two bedroom units,2022,7,1779.0,28.26774193548387,17.016129032258064,43.599999999999994,0.0,22.66774193548387,Canada,2016A000011124,Percent,239.0,units,0.0,v733833,1.0,5.51,2.0,9.4,25.0,,,,,,2022-07-01
Toronto,Two bedroom units,2022,7,1748.0,28.26774193548387,17.016129032258064,43.599999999999994,0.0,22.66774193548387,Canada,2016A000011124,Percent,239.0,units,0.0,v733833,1.0,5.51,2.0,9.4,25.0,,,,,,2022-07-01
Toronto,Two bedroom units,2022,7,1779.0,28.26774193548387,17.016129032258064,43.599999999999994,0.0,22.66774193548387,Canada,2016A000011124,Percent,239.0,units,0.0,v733833,1.0,5.51,2.0,9.4,25.0,,,,,,2022-07-01
Toronto,Two bedroom units,2022,7,1780.0,28.26774193548387,17.016129032258064,43.599999999999994,0.0,22.66774193548387,Canada,2016A000011124,Percent,239.0,units,0.0,v733833,1.0,5.51,2.0,9.4,25.0,,,,,,2022-07-01
Toronto,Two bedroom units,2022,8,1779.0,27.822580645161292,17.183870967741935,80.8,0.0,22.532258064516128,Canada,2016A000011124,Percent,239.0,units,0.0,v733833,1.0,5.58,2.0,9.4,25.0,,,,,,2022-08-01
Toronto,Two bedroom units,2022,8,1748.0,27.822580645161292,17.183870967741935,80.8,0.0,22.532258064516128,Canada,2016A000011124,Percent,239.0,units,0.0,v733833,1.0,5.58,2.0,9.4,25.0,,,,,,2022-08-01
Toronto,Two bedroom units,2022,8,1779.0,27.822580645161292,17.183870967741935,80.8,0.0,22.532258064516128,Canada,2016A000011124,Percent,239.0,units,0.0,v733833,1.0,5.58,2.0,9.4,25.0,,,,,,2022-08-01
Toronto,Two bedroom units,2022,8,1780.0,27.822580645161292,17.183870967741935,80.8,0.0,22.532258064516128,Canada,2016A000011124,Percent,239.0,units,0.0,v733833,1.0,5.58,2.0,9.4,25.0,,,,,,2022-08-01
Toronto,Two bedroom units,2022,9,1779.0,22.273493564486476,12.709956624605677,39.4,0.0,17.51394214332676,Canada,2016A000011124,Percent,239.0,units,0.0,v733833,1.0,5.64,2.0,9.4,25.0,,,,,,2022-09-01
Toronto,Two bedroom units,2022,9,1748.0,22.273493564486476,12.709956624605677,39.4,0.0,17.51394214332676,Canada,2016A000011124,Percent,239.0,units,0.0,v733833,1.0,5.64,2.0,9.4,25.0,,,,,,2022-09-01
Toronto,Two bedroom units,2022,9,1779.0,22.273493564486476,12.709956624605677,39.4,0.0,17.51394214332676,Canada,2016A000011124,Percent,239.0,units,0.0,v733833,1.0,5.64,2.0,9.4,25.0,,,,,,2022-09-01
Toronto,Two bedroom units,2022,9,1780.0,22.273493564486476,12.709956624605677,39.4,0.0,17.51394214332676,Canada,2016A000011124,Percent,239.0,units,0.0,v733833,1.0,5.64,2.0,9.4,25.0,,,,,,2022-09-01
Toronto,Two bedroom units,2022,10,1779.0,15.516129032258064,5.183870967741936,36.6,0.0,10.370967741935484,Canada,2016A000011124,Percent,239.0,units,0.0,v733833,1.0,5.75,2.0,9.4,25.0,,,,,,2022-10-01
Toronto,Two bedroom units,2022,10,1748.0,15.516129032258064,5.183870967741936,36.6,0.0,10.370967741935484,Canada,2016A000011124,Percent,239.0,units,0.0,v733833,1.0,5.75,2.0,9.4,25.0,,,,,,2022-10-01
Toronto,Two bedroom units,2022,10,1779.0,15.516129032258064,5.183870967741936,36.6,0.0,10.370967741935484,Canada,2016A000011124,Percent,239.0,units,0.0,v733833,1.0,5.75,2.0,9.4,25.0,,,,,,2022-10-01
Toronto,Two bedroom units,2022,10,1780.0,15.516129032258064,5.183870967741936,36.6,0.0,10.370967741935484,Canada,2016A000011124,Percent,239.0,units,0.0,v733833,1.0,5.75,2.0,9.4,25.0,,,,,,2022-10-01
Toronto,Two bedroom units,2022,11,1779.0,9.353333333333333,1.3466666666666667,55.400000000000006,13.0,5.36,Canada,2016A000011124,Percent,239.0,units,0.0,v733833,1.0,5.88,2.0,9.4,25.0,,,,,,2022-11-01
Toronto,Two bedroom units,2022,11,1748.0,9.353333333333333,1.3466666666666667,55.400000000000006,13.0,5.36,Canada,2016A000011124,Percent,239.0,units,0.0,v733833,1.0,5.88,2.0,9.4,25.0,,,,,,2022-11-01
Toronto,Two bedroom units,2022,11,1779.0,9.353333333333333,1.3466666666666667,55.400000000000006,13.0,5.36,Canada,2016A000011124,Percent,239.0,units,0.0,v733833,1.0,5.88,2.0,9.4,25.0,,,,,,2022-11-01
Toronto,Two bedroom units,2022,11,1780.0,9.353333333333333,1.3466666666666667,55.400000000000006,13.0,5.36,Canada,2016A000011124,Percent,239.0,units,0.0,v733833,1.0,5.88,2.0,9.4,25.0,,,,,,2022-11-01
Toronto,Two bedroom units,2022,12,1779.0,2.42258064516129,-3.5290322580645164,95.2,14.0,-0.5580645161290323,Canada,2016A000011124,Percent,239.0,units,0.0,v733833,1.0,5.89,2.0,9.4,25.0,,,,,,2022-12-01
Toronto,Two bedroom units,2022,12,1748.0,2.42258064516129,-3.5290322580645164,95.2,14.0,-0.5580645161290323,Canada,2016A000011124,Percent,239.0,units,0.0,v733833,1.0,5.89,2.0,9.4,25.0,,,,,,2022-12-01
Toronto,Two bedroom units,2022,12,1779.0,2.42258064516129,-3.5290322580645164,95.2,14.0,-0.5580645161290323,Canada,2016A000011124,Percent,239.0,units,0.0,v733833,1.0,5.89,2.0,9.4,25.0,,,,,,2022-12-01
Toronto,Two bedroom units,2022,12,1780.0,2.42258064516129,-3.5290322580645164,95.2,14.0,-0.5580645161290323,Canada,2016A000011124,Percent,239.0,units,0.0,v733833,1.0,5.89,2.0,9.4,25.0,,,,,,2022-12-01
Toronto,Two bedroom units,2023,1,1958.0,1.5548387096774194,-3.293548387096774,77.4,36.2,-0.8741935483870968,Canada,2016A000011124,Percent,239.0,units,0.0,v733833,1.0,5.86,2.0,,,36.0,111.0,87.0,0.0,,2023-01-01
Toronto,Two bedroom units,2023,1,1722.0,1.5548387096774194,-3.293548387096774,77.4,36.2,-0.8741935483870968,Canada,2016A000011124,Percent,239.0,units,0.0,v733833,1.0,5.86,2.0,,,36.0,111.0,87.0,0.0,,2023-01-01
Toronto,Two bedroom units,2023,1,1961.0,1.5548387096774194,-3.293548387096774,77.4,36.2,-0.8741935483870968,Canada,2016A000011124,Percent,239.0,units,0.0,v733833,1.0,5.86,2.0,,,36.0,111.0,87.0,0.0,,2023-01-01
Toronto,Two bedroom units,2023,1,1971.0,1.5548387096774194,-3.293548387096774,77.4,36.2,-0.8741935483870968,Canada,2016A000011124,Percent,239.0,units,0.0,v733833,1.0,5.86,2.0,,,36.0,111.0,87.0,0.0,,2023-01-01
Toronto,Two bedroom units,2023,2,1958.0,2.996428571428571,-5.796428571428572,73.3,28.9,-1.4035714285714285,Canada,2016A000011124,Percent,239.0,units,0.0,v733833,1.0,5.81,2.0,,,36.0,111.0,87.0,0.0,,2023-02-01
Toronto,Two bedroom units,2023,2,1722.0,2.996428571428571,-5.796428571428572,73.3,28.9,-1.4035714285714285,Canada,2016A000011124,Percent,239.0,units,0.0,v733833,1.0,5.81,2.0,,,36.0,111.0,87.0,0.0,,2023-02-01
Toronto,Two bedroom units,2023,2,1961.0,2.996428571428571,-5.796428571428572,73.3,28.9,-1.4035714285714285,Canada,2016A000011124,Percent,239.0,units,0.0,v733833,1.0,5.81,2.0,,,36.0,111.0,87.0,0.0,,2023-02-01
Toronto,Two bedroom units,2023,2,1971.0,2.996428571428571,-5.796428571428572,73.3,28.9,-1.4035714285714285,Canada,2016A000011124,Percent,239.0,units,0.0,v733833,1.0,5.81,2.0,,,36.0,111.0,87.0,0.0,,2023-02-01
Toronto,Two bedroom units,2023,3,1958.0,4.393548387096774,-2.648387096774193,90.0,44.6,0.8741935483870968,Canada,2016A000011124,Percent,239.0,units,0.0,v733833,1.0,5.81,2.0,,,36.0,111.0,87.0,0.0,,2023-03-01
Toronto,Two bedroom units,2023,3,1722.0,4.393548387096774,-2.648387096774193,90.0,44.6,0.8741935483870968,Canada,2016A000011124,Percent,239.0,units,0.0,v733833,1.0,5.81,2.0,,,36.0,111.0,87.0,0.0,,2023-03-01
Toronto,Two bedroom units,2023,3,1961.0,4.393548387096774,-2.648387096774193,90.0,44.6,0.8741935483870968,Canada,2016A000011124,Percent,239.0,units,0.0,v733833,1.0,5.81,2.0,,,36.0,111.0,87.0,0.0,,2023-03-01
Toronto,Two bedroom units,2023,3,1971.0,4.393548387096774,-2.648387096774193,90.0,44.6,0.8741935483870968,Canada,2016A000011124,Percent,239.0,units,0.0,v733833,1.0,5.81,2.0,,,36.0,111.0,87.0,0.0,,2023-03-01
Toronto,Two bedroom units,2023,4,1958.0,14.120000000000001,3.9233333333333333,101.8,0.4,9.046666666666665,Canada,2016A000011124,Percent,239.0,units,0.0,v733833,1.0,5.75,2.0,,,36.0,111.0,87.0,0.0,,2023-04-01
Toronto,Two bedroom units,2023,4,1722.0,14.120000000000001,3.9233333333333333,101.8,0.4,9.046666666666665,Canada,2016A000011124,Percent,239.0,units,0.0,v733833,1.0,5.75,2.0,,,36.0,111.0,87.0,0.0,,2023-04-01
Toronto,Two bedroom units,2023,4,1961.0,14.120000000000001,3.9233333333333333,101.8,0.4,9.046666666666665,Canada,2016A000011124,Percent,239.0,units,0.0,v733833,1.0,5.75,2.0,,,36.0,111.0,87.0,0.0,,2023-04-01
Toronto,Two bedroom units,2023,4,1971.0,14.120000000000001,3.9233333333333333,101.8,0.4,9.046666666666665,Canada,2016A000011124,Percent,239.0,units,0.0,v733833,1.0,5.75,2.0,,,36.0,111.0,87.0,0.0,,2023-04-01
Toronto,Two bedroom units,2023,5,1958.0,19.396774193548385,7.590322580645162,58.8,0.0,13.519354838709678,Canada,2016A000011124,Percent,239.0,units,0.0,v733833,1.0,5.74,2.0,,,36.0,111.0,87.0,0.0,,2023-05-01
Toronto,Two bedroom units,2023,5,1722.0,19.396774193548385,7.590322580645162,58.8,0.0,13.519354838709678,Canada,2016A000011124,Percent,239.0,units,0.0,v733833,1.0,5.74,2.0,,,36.0,111.0,87.0,0.0,,2023-05-01
Toronto,Two bedroom units,2023,5,1961.0,19.396774193548385,7.590322580645162,58.8,0.0,13.519354838709678,Canada,2016A000011124,Percent,239.0,units,0.0,v733833,1.0,5.74,2.0,,,36.0,111.0,87.0,0.0,,2023-05-01
Toronto,Two bedroom units,2023,5,1971.0,19.396774193548385,7.590322580645162,58.8,0.0,13.519354838709678,Canada,2016A000011124,Percent,239.0,units,0.0,v733833,1.0,5.74,2.0,,,36.0,111.0,87.0,0.0,,2023-05-01
Toronto,Two bedroom units,2023,6,1958.0,24.206666666666667,14.613333333333333,108.0,0.0,19.433333333333334,Canada,2016A000011124,Percent,239.0,units,0.0,v733833,1.0,5.85,2.0,,,36.0,111.0,87.0,0.0,,2023-06-01
Toronto,Two bedroom units,2023,6,1722.0,24.206666666666667,14.613333333333333,108.0,0.0,19.433333333333334,Canada,2016A000011124,Percent,239.0,units,0.0,v733833,1.0,5.85,2.0,,,36.0,111.0,87.0,0.0,,2023-06-01
Toronto,Two bedroom units,2023,6,1961.0,24.206666666666667,14.613333333333333,108.0,0.0,19.433333333333334,Canada,2016A000011124,Percent,239.0,units,0.0,v733833,1.0,5.85,2.0,,,36.0,111.0,87.0,0.0,,2023-06-01
Toronto,Two bedroom units,2023,6,1971.0,24.206666666666667,14.613333333333333,108.0,0.0,19.433333333333334,Canada,2016A000011124,Percent,239.0,units,0.0,v733833,1.0,5.85,2.0,,,36.0,111.0,87.0,0.0,,2023-06-01
Toronto,Two bedroom units,2023,7,1958.0,27.148387096774194,17.074193548387097,103.80000000000001,0.0,22.138709677419353,Canada,2016A000011124,Percent,239.0,units,0.0,v733833,1.0,5.99,2.0,,,36.0,111.0,87.0,0.0,,2023-07-01
Toronto,Two bedroom units,2023,7,1722.0,27.148387096774194,17.074193548387097,103.80000000000001,0.0,22.138709677419353,Canada,2016A000011124,Percent,239.0,units,0.0,v733833,1.0,5.99,2.0,,,36.0,111.0,87.0,0.0,,2023-07-01
Toronto,Two bedroom units,2023,7,1961.0,27.148387096774194,17.074193548387097,103.80000000000001,0.0,22.138709677419353,Canada,2016A000011124,Percent,239.0,units,0.0,v733833,1.0,5.99,2.0,,,36.0,111.0,87.0,0.0,,2023-07-01
Toronto,Two bedroom units,2023,7,1971.0,27.148387096774194,17.074193548387097,103.80000000000001,0.0,22.138709677419353,Canada,2016A000011124,Percent,239.0,units,0.0,v733833,1.0,5.99,2.0,,,36.0,111.0,87.0,0.0,,2023-07-01
Toronto,Two bedroom units,2023,8,1958.0,24.780645161290323,15.303225806451612,59.199999999999996,0.0,20.05806451612903,Canada,2016A000011124,Percent,239.0,units,0.0,v733833,1.0,6.17,2.0,,,36.0,111.0,87.0,0.0,,2023-08-01
Toronto,Two bedroom units,2023,8,1722.0,24.780645161290323,15.303225806451612,59.199999999999996,0.0,20.05806451612903,Canada,2016A000011124,Percent,239.0,units,0.0,v733833,1.0,6.17,2.0,,,36.0,111.0,87.0,0.0,,2023-08-01
Toronto,Two bedroom units,2023,8,1961.0,24.780645161290323,15.303225806451612,59.199999999999996,0.0,20.05806451612903,Canada,2016A000011124,Percent,239.0,units,0.0,v733833,1.0,6.17,2.0,,,36.0,111.0,87.0,0.0,,2023-08-01
Toronto,Two bedroom units,2023,8,1971.0,24.780645161290323,15.303225806451612,59.199999999999996,0.0,20.05806451612903,Canada,2016A000011124,Percent,239.0,units,0.0,v733833,1.0,6.17,2.0,,,36.0,111.0,87.0,0.0,,2023-08-01
Toronto,Two bedroom units,2023,9,1958.0,23.68,13.419956624605678,11.200000000000001,0.0,18.420608809993425,Canada,2016A000011124,Percent,239.0,units,0.0,v733833,1.0,6.27,2.0,,,36.0,111.0,87.0,0.0,,2023-09-01
Toronto,Two bedroom units,2023,9,1722.0,23.68,13.419956624605678,11.200000000000001,0.0,18.420608809993425,Canada,2016A000011124,Percent,239.0,units,0.0,v733833,1.0,6.27,2.0,,,36.0,111.0,87.0,0.0,,2023-09-01
Toronto,Two bedroom units,2023,9,1961.0,23.68,13.419956624605678,11.200000000000001,0.0,18.420608809993425,Canada,2016A000011124,Percent,239.0,units,0.0,v733833,1.0,6.27,2.0,,,36.0,111.0,87.0,0.0,,2023-09-01
Toronto,Two bedroom units,2023,9,1971.0,23.68,13.419956624605678,11.200000000000001,0.0,18.420608809993425,Canada,2016A000011124,Percent,239.0,units,0.0,v733833,1.0,6.27,2.0,,,36.0,111.0,87.0,0.0,,2023-09-01
Toronto,Two bedroom units,2023,10,1958.0,16.787096774193547,8.387096774193548,40.1,0.0,12.612903225806452,Canada,2016A000011124,Percent,239.0,units,0.0,v733833,1.0,6.42,2.0,,,36.0,111.0,87.0,0.0,1235288.7735109718,2023-10-01
Toronto,Two bedroom units,2023,10,1722.0,16.787096774193547,8.387096774193548,40.1,0.0,12.612903225806452,Canada,2016A000011124,Percent,239.0,units,0.0,v733833,1.0,6.42,2.0,,,36.0,111.0,87.0,0.0,1235288.7735109718,2023-10-01
Toronto,Two bedroom units,2023,10,1961.0,16.787096774193547,8.387096774193548,40.1,0.0,12.612903225806452,Canada,2016A000011124,Percent,239.0,units,0.0,v733833,1.0,6.42,2.0,,,36.0,111.0,87.0,0.0,1235288.7735109718,2023-10-01
Toronto,Two bedroom units,2023,10,1971.0,16.787096774193547,8.387096774193548,40.1,0.0,12.612903225806452,Canada,2016A000011124,Percent,239.0,units,0.0,v733833,1.0,6.42,2.0,,,36.0,111.0,87.0,0.0,1235288.7735109718,2023-10-01
Toronto,Two bedroom units,2023,11,1958.0,8.106666666666666,-0.2733333333333333,54.199999999999996,3.2,3.93,Canada,2016A000011124,Percent,239.0,units,0.0,v733833,1.0,6.47,2.0,,,36.0,111.0,87.0,0.0,,2023-11-01
Toronto,Two bedroom units,2023,11,1722.0,8.106666666666666,-0.2733333333333333,54.199999999999996,3.2,3.93,Canada,2016A000011124,Percent,239.0,units,0.0,v733833,1.0,6.47,2.0,,,36.0,111.0,87.0,0.0,,2023-11-01
Toronto,Two bedroom units,2023,11,1961.0,8.106666666666666,-0.2733333333333333,54.199999999999996,3.2,3.93,Canada,2016A000011124,Percent,239.0,units,0.0,v733833,1.0,6.47,2.0,,,36.0,111.0,87.0,0.0,,2023-11-01
Toronto,Two bedroom units,2023,11,1971.0,8.106666666666666,-0.2733333333333333,54.199999999999996,3.2,3.93,Canada,2016A000011124,Percent,239.0,units,0.0,v733833,1.0,6.47,2.0,,,36.0,111.0,87.0,0.0,,2023-11-01
Toronto,Two bedroom units,2023,12,1958.0,5.17741935483871,0.21612903225806443,80.3,9.8,2.7193548387096773,Canada,2016A000011124,Percent,239.0,units,0.0,v733833,1.0,6.39,2.0,,,36.0,111.0,87.0,0.0,,2023-12-01
Toronto,Two bedroom units,2023,12,1722.0,5.17741935483871,0.21612903225806443,80.3,9.8,2.7193548387096773,Canada,2016A000011124,Percent,239.0,units,0.0,v733833,1.0,6.39,2.0,,,36.0,111.0,87.0,0.0,,2023-12-01
Toronto,Two bedroom units,2023,12,1961.0,5.17741935483871,0.21612903225806443,80.3,9.8,2.7193548387096773,Canada,2016A000011124,Percent,239.0,units,0.0,v733833,1.0,6.39,2.0,,,36.0,111.0,87.0,0.0,,2023-12-01
Toronto,Two bedroom units,2023,12,1971.0,5.17741935483871,0.21612903225806443,80.3,9.8,2.7193548387096773,Canada,2016A000011124,Percent,239.0,units,0.0,v733833,1.0,6.39,2.0,,,36.0,111.0,87.0,0.0,,2023-12-01
Toronto,Two bedroom units,2024,1,1972.0,0.3419354838709677,-4.54516129032258,99.6,27.4,-2.109677419354839,Canada,2016A000011124,Percent,239.0,units,0.0,v733833,1.0,6.31,2.0,,,,,,,,2024-01-01
Toronto,Two bedroom units,2024,1,1755.0,0.3419354838709677,-4.54516129032258,99.6,27.4,-2.109677419354839,Canada,2016A000011124,Percent,239.0,units,0.0,v733833,1.0,6.31,2.0,,,,,,,,2024-01-01
Toronto,Two bedroom units,2024,1,1974.0,0.3419354838709677,-4.54516129032258,99.6,27.4,-2.109677419354839,Canada,2016A000011124,Percent,239.0,units,0.0,v733833,1.0,6.31,2.0,,,,,,,,2024-01-01
Toronto,Two bedroom units,2024,1,1979.0,0.3419354838709677,-4.54516129032258,99.6,27.4,-2.109677419354839,Canada,2016A000011124,Percent,239.0,units,0.0,v733833,1.0,6.31,2.0,,,,,,,,2024-01-01
Toronto,Two bedroom units,2024,2,1972.0,4.827586206896552,-4.5103448275862075,33.6,8.200000000000001,0.15862068965517243,Canada,2016A000011124,Percent,239.0,units,0.0,v733833,1.0,6.15,2.0,,,,,,,,2024-02-01
Toronto,Two bedroom units,2024,2,1755.0,4.827586206896552,-4.5103448275862075,33.6,8.200000000000001,0.15862068965517243,Canada,2016A000011124,Percent,239.0,units,0.0,v733833,1.0,6.15,2.0,,,,,,,,2024-02-01
Toronto,Two bedroom units,2024,2,1974.0,4.827586206896552,-4.5103448275862075,33.6,8.200000000000001,0.15862068965517243,Canada,2016A000011124,Percent,239.0,units,0.0,v733833,1.0,6.15,2.0,,,,,,,,2024-02-01
Toronto,Two bedroom units,2024,2,1979.0,4.827586206896552,-4.5103448275862075,33.6,8.200000000000001,0.15862068965517243,Canada,2016A000011124,Percent,239.0,units,0.0,v733833,1.0,6.15,2.0,,,,,,,,2024-02-01
Toronto,Two bedroom units,2024,3,1972.0,8.058064516129031,-0.7064516129032259,56.7,18.2,3.6903225806451614,Canada,2016A000011124,Percent,239.0,units,0.0,v733833,1.0,6.13,2.0,,,,,,,,2024-03-01
Toronto,Two bedroom units,2024,3,1755.0,8.058064516129031,-0.7064516129032259,56.7,18.2,3.6903225806451614,Canada,2016A000011124,Percent,239.0,units,0.0,v733833,1.0,6.13,2.0,,,,,,,,2024-03-01
Toronto,Two bedroom units,2024,3,1974.0,8.058064516129031,-0.7064516129032259,56.7,18.2,3.6903225806451614,Canada,2016A000011124,Percent,239.0,units,0.0,v733833,1.0,6.13,2.0,,,,,,,,2024-03-01
Toronto,Two bedroom units,2024,3,1979.0,8.058064516129031,-0.7064516129032259,56.7,18.2,3.6903225806451614,Canada,2016A000011124,Percent,239.0,units,0.0,v733833,1.0,6.13,2.0,,,,,,,,2024-03-01
Toronto,Two bedroom units,2024,4,1972.0,12.863333333333333,4.113333333333333,135.5,0.2,8.51,Canada,2016A000011124,Percent,239.0,units,0.0,v733833,1.0,6.08,2.0,,,,,,,,2024-04-01
Toronto,Two bedroom units,2024,4,1755.0,12.863333333333333,4.113333333333333,135.5,0.2,8.51,Canada,2016A000011124,Percent,239.0,units,0.0,v733833,1.0,6.08,2.0,,,,,,,,2024-04-01
Toronto,Two bedroom units,2024,4,1974.0,12.863333333333333,4.113333333333333,135.5,0.2,8.51,Canada,2016A000011124,Percent,239.0,units,0.0,v733833,1.0,6.08,2.0,,,,,,,,2024-04-01
Toronto,Two bedroom units,2024,4,1979.0,12.863333333333333,4.113333333333333,135.5,0.2,8.51,Canada,2016A000011124,Percent,239.0,units,0.0,v733833,1.0,6.08,2.0,,,,,,,,2024-04-01
Toronto,Two bedroom units,2024,5,1972.0,21.403225806451612,11.351612903225806,76.8,0.0,16.403225806451612,Canada,2016A000011124,Percent,239.0,units,0.0,v733833,1.0,6.05,2.0,,,,,,,,2024-05-01
Toronto,Two bedroom units,2024,5,1755.0,21.403225806451612,11.351612903225806,76.8,0.0,16.403225806451612,Canada,2016A000011124,Percent,239.0,units,0.0,v733833,1.0,6.05,2.0,,,,,,,,2024-05-01
Toronto,Two bedroom units,2024,5,1974.0,21.403225806451612,11.351612903225806,76.8,0.0,16.403225806451612,Canada,2016A000011124,Percent,239.0,units,0.0,v733833,1.0,6.05,2.0,,,,,,,,2024-05-01
Toronto,Two bedroom units,2024,5,1979.0,21.403225806451612,11.351612903225806,76.8,0.0,16.403225806451612,Canada,2016A000011124,Percent,239.0,units,0.0,v733833,1.0,6.05,2.0,,,,,,,,2024-05-01
Toronto,Two bedroom units,2024,6,1972.0,24.876666666666665,15.19,114.1,0.0,20.05666666666667,Canada,2016A000011124,Percent,239.0,units,0.0,v733833,1.0,5.98,2.0,,,,,,,,2024-06-01
Toronto,Two bedroom units,2024,6,1755.0,24.876666666666665,15.19,114.1,0.0,20.05666666666667,Canada,2016A000011124,Percent,239.0,units,0.0,v733833,1.0,5.98,2.0,,,,,,,,2024-06-01
Toronto,Two bedroom units,2024,6,1974.0,24.876666666666665,15.19,114.1,0.0,20.05666666666667,Canada,2016A000011124,Percent,239.0,units,0.0,v733833,1.0,5.98,2.0,,,,,,,,2024-06-01
Toronto,Two bedroom units,2024,6,1979.0,24.876666666666665,15.19,114.1,0.0,20.05666666666667,Canada,2016A000011124,Percent,239.0,units,0.0,v733833,1.0,5.98,2.0,,,,,,,,2024-06-01
Toronto,Two bedroom units,2024,7,1972.0,27.458064516129035,17.529032258064515,215.4,0.0,22.519354838709678,Canada,2016A000011124,Percent,239.0,units,0.0,v733833,1.0,5.91,2.0,,,,,,,,2024-07-01
Toronto,Two bedroom units,2024,7,1755.0,27.458064516129035,17.529032258064515,215.4,0.0,22.519354838709678,Canada,2016A000011124,Percent,239.0,units,0.0,v733833,1.0,5.91,2.0,,,,,,,,2024-07-01
Toronto,Two bedroom units,2024,7,1974.0,27.458064516129035,17.529032258064515,215.4,0.0,22.519354838709678,Canada,2016A000011124,Percent,239.0,units,0.0,v733833,1.0,5.91,2.0,,,,,,,,2024-07-01
Toronto,Two bedroom units,2024,7,1979.0,27.458064516129035,17.529032258064515,215.4,0.0,22.519354838709678,Canada,2016A000011124,Percent,239.0,units,0.0,v733833,1.0,5.91,2.0,,,,,,,,2024-07-01
Toronto,Two bedroom units,2024,8,1972.0,25.60660667530949,15.651570927037755,181.8,0.0,20.652202074187183,Canada,2016A000011124,Percent,239.0,units,0.0,v733833,1.0,5.73,2.0,,,,,,,,2024-08-01
Toronto,Two bedroom units,2024,8,1755.0,25.60660667530949,15.651570927037755,181.8,0.0,20.652202074187183,Canada,2016A000011124,Percent,239.0,units,0.0,v733833,1.0,5.73,2.0,,,,,,,,2024-08-01
Toronto,Two bedroom units,2024,8,1974.0,25.60660667530949,15.651570927037755,181.8,0.0,20.652202074187183,Canada,2016A000011124,Percent,239.0,units,0.0,v733833,1.0,5.73,2.0,,,,,,,,2024-08-01
Toronto,Two bedroom units,2024,8,1979.0,25.60660667530949,15.651570927037755,181.8,0.0,20.652202074187183,Canada,2016A000011124,Percent,239.0,units,0.0,v733833,1.0,5.73,2.0,,,,,,,,2024-08-01
Toronto,Two bedroom units,2024,9,1972.0,23.716666666666665,13.863333333333333,98.5,0.0,18.816666666666666,Canada,2016A000011124,Percent,239.0,units,0.0,v733833,1.0,5.55,2.0,,,,,,,,2024-09-01
Toronto,Two bedroom units,2024,9,1755.0,23.716666666666665,13.863333333333333,98.5,0.0,18.816666666666666,Canada,2016A000011124,Percent,239.0,units,0.0,v733833,1.0,5.55,2.0,,,,,,,,2024-09-01
Toronto,Two bedroom units,2024,9,1974.0,23.716666666666665,13.863333333333333,98.5,0.0,18.816666666666666,Canada,2016A000011124,Percent,239.0,units,0.0,v733833,1.0,5.55,2.0,,,,,,,,2024-09-01
Toronto,Two bedroom units,2024,9,1979.0,23.716666666666665,13.863333333333333,98.5,0.0,18.816666666666666,Canada,2016A000011124,Percent,239.0,units,0.0,v733833,1.0,5.55,2.0,,,,,,,,2024-09-01
Toronto,Two bedroom units,2024,10,1972.0,17.322580645161292,6.261290322580645,29.5,0.0,11.819354838709677,Canada,2016A000011124,Percent,239.0,units,0.0,v733833,1.0,5.44,2.0,,,,,,,,2024-10-01
Toronto,Two bedroom units,2024,10,1755.0,17.322580645161292,6.261290322580645,29.5,0.0,11.819354838709677,Canada,2016A000011124,Percent,239.0,units,0.0,v733833,1.0,5.44,2.0,,,,,,,,2024-10-01
Toronto,Two bedroom units,2024,10,1974.0,17.322580645161292,6.261290322580645,29.5,0.0,11.819354838709677,Canada,2016A000011124,Percent,239.0,units,0.0,v733833,1.0,5.44,2.0,,,,,,,,2024-10-01
Toronto,Two bedroom units,2024,10,1979.0,17.322580645161292,6.261290322580645,29.5,0.0,11.819354838709677,Canada,2016A000011124,Percent,239.0,units,0.0,v733833,1.0,5.44,2.0,,,,,,,,2024-10-01
Toronto,Two bedroom units,2024,11,1972.0,10.053333333333335,2.4466666666666668,39.300000000000004,0.2,6.276666666666667,Canada,2016A000011124,Percent,239.0,units,0.0,v733833,1.0,5.38,2.0,,,,,,,,2024-11-01
Toronto,Two bedroom units,2024,11,1755.0,10.053333333333335,2.4466666666666668,39.300000000000004,0.2,6.276666666666667,Canada,2016A000011124,Percent,239.0,units,0.0,v733833,1.0,5.38,2.0,,,,,,,,2024-11-01
Toronto,Two bedroom units,2024,11,1974.0,10.053333333333335,2.4466666666666668,39.300000000000004,0.2,6.276666666666667,Canada,2016A000011124,Percent,239.0,units,0.0,v733833,1.0,5.38,2.0,,,,,,,,2024-11-01
Toronto,Two bedroom units,2024,11,1979.0,10.053333333333335,2.4466666666666668,39.300000000000004,0.2,6.276666666666667,Canada,2016A000011124,Percent,239.0,units,0.0,v733833,1.0,5.38,2.0,,,,,,,,2024-11-01
Toronto,Two bedroom units,2024,12,1972.0,2.5,-3.725806451612903,64.4,22.2,-0.6129032258064516,Canada,2016A000011124,Percent,239.0,units,0.0,v733833,1.0,5.35,2.0,,,,,,,,2024-12-01
Toronto,Two bedroom units,2024,12,1755.0,2.5,-3.725806451612903,64.4,22.2,-0.6129032258064516,Canada,2016A000011124,Percent,239.0,units,0.0,v733833,1.0,5.35,2.0,,,,,,,,2024-12-01
Toronto,Two bedroom units,2024,12,1974.0,2.5,-3.725806451612903,64.4,22.2,-0.6129032258064516,Canada,2016A000011124,Percent,239.0,units,0.0,v733833,1.0,5.35,2.0,,,,,,,,2024-12-01
Toronto,Two bedroom units,2024,12,1979.0,2.5,-3.725806451612903,64.4,22.2,-0.6129032258064516,Canada,2016A000011124,Percent,239.0,units,0.0,v733833,1.0,5.35,2.0,,,,,,,,2024-12-01
Toronto,Three bedroom units,2018,1,1647.0,-1.2741935483870968,-9.958064516129031,61.8,21.4,-5.622580645161291,,,,,,,,,,,8.3,25.0,,,,,,2018-01-01
Toronto,Three bedroom units,2018,1,1703.0,-1.2741935483870968,-9.958064516129031,61.8,21.4,-5.622580645161291,,,,,,,,,,,8.3,25.0,,,,,,2018-01-01
Toronto,Three bedroom units,2018,1,1633.0,-1.2741935483870968,-9.958064516129031,61.8,21.4,-5.622580645161291,,,,,,,,,,,8.3,25.0,,,,,,2018-01-01
Toronto,Three bedroom units,2018,1,1628.0,-1.2741935483870968,-9.958064516129031,61.8,21.4,-5.622580645161291,,,,,,,,,,,8.3,25.0,,,,,,2018-01-01
Toronto,Three bedroom units,2018,2,1647.0,2.5892857142857144,-6.221428571428571,65.4,28.8,-1.8214285714285714,,,,,,,,,,,8.3,25.0,,,,,,2018-02-01
Toronto,Three bedroom units,2018,2,1703.0,2.5892857142857144,-6.221428571428571,65.4,28.8,-1.8214285714285714,,,,,,,,,,,8.3,25.0,,,,,,2018-02-01
Toronto,Three bedroom units,2018,2,1633.0,2.5892857142857144,-6.221428571428571,65.4,28.8,-1.8214285714285714,,,,,,,,,,,8.3,25.0,,,,,,2018-02-01
Toronto,Three bedroom units,2018,2,1628.0,2.5892857142857144,-6.221428571428571,65.4,28.8,-1.8214285714285714,,,,,,,,,,,8.3,25.0,,,,,,2018-02-01
Toronto,Three bedroom units,2018,3,1647.0,4.058064516129032,-3.7903225806451615,32.599999999999994,8.799999999999999,0.1290322580645161,,,,,,,,,,,8.3,25.0,,,,,,2018-03-01
Toronto,Three bedroom units,2018,3,1703.0,4.058064516129032,-3.7903225806451615,32.599999999999994,8.799999999999999,0.1290322580645161,,,,,,,,,,,8.3,25.0,,,,,,2018-03-01
Toronto,Three bedroom units,2018,3,1633.0,4.058064516129032,-3.7903225806451615,32.599999999999994,8.799999999999999,0.1290322580645161,,,,,,,,,,,8.3,25.0,,,,,,2018-03-01
Toronto,Three bedroom units,2018,3,1628.0,4.058064516129032,-3.7903225806451615,32.599999999999994,8.799999999999999,0.1290322580645161,,,,,,,,,,,8.3,25.0,,,,,,2018-03-01
Toronto,Three bedroom units,2018,4,1647.0,7.973333333333333,-1.1433333333333335,150.6,10.4,3.757275476660092,,,,,,,,,,,8.3,25.0,,,,,,2018-04-01
Toronto,Three bedroom units,2018,4,1703.0,7.973333333333333,-1.1433333333333335,150.6,10.4,3.757275476660092,,,,,,,,,,,8.3,25.0,,,,,,2018-04-01
Toronto,Three bedroom units,2018,4,1633.0,7.973333333333333,-1.1433333333333335,150.6,10.4,3.757275476660092,,,,,,,,,,,8.3,25.0,,,,,,2018-04-01
Toronto,Three bedroom units,2018,4,1628.0,7.973333333333333,-1.1433333333333335,150.6,10.4,3.757275476660092,,,,,,,,,,,8.3,25.0,,,,,,2018-04-01
Toronto,Three bedroom units,2018,5,1647.0,22.77741935483871,11.109677419354838,65.4,0.0,16.970967741935485,,,,,,,,,,,8.3,25.0,,,,,,2018-05-01
Toronto,Three bedroom units,2018,5,1703.0,22.77741935483871,11.109677419354838,65.4,0.0,16.970967741935485,,,,,,,,,,,8.3,25.0,,,,,,2018-05-01
Toronto,Three bedroom units,2018,5,1633.0,22.77741935483871,11.109677419354838,65.4,0.0,16.970967741935485,,,,,,,,,,,8.3,25.0,,,,,,2018-05-01
Toronto,Three bedroom units,2018,5,1628.0,22.77741935483871,11.109677419354838,65.4,0.0,16.970967741935485,,,,,,,,,,,8.3,25.0,,,,,,2018-05-01
Toronto,Three bedroom units,2018,6,1647.0,24.55666666666667,14.443333333333333,50.0,0.0,19.523333333333333,,,,,,,,,,,8.3,25.0,,,,,,2018-06-01
Toronto,Three bedroom units,2018,6,1703.0,24.55666666666667,14.443333333333333,50.0,0.0,19.523333333333333,,,,,,,,,,,8.3,25.0,,,,,,2018-06-01
Toronto,Three bedroom units,2018,6,1633.0,24.55666666666667,14.443333333333333,50.0,0.0,19.523333333333333,,,,,,,,,,,8.3,25.0,,,,,,2018-06-01
Toronto,Three bedroom units,2018,6,1628.0,24.55666666666667,14.443333333333333,50.0,0.0,19.523333333333333,,,,,,,,,,,8.3,25.0,,,,,,2018-06-01
Toronto,Three bedroom units,2018,7,1647.0,28.70967741935484,18.051612903225806,64.0,0.0,23.41290322580645,,,,,,,,,,,8.3,25.0,,,,,,2018-07-01
Toronto,Three bedroom units,2018,7,1703.0,28.70967741935484,18.051612903225806,64.0,0.0,23.41290322580645,,,,,,,,,,,8.3,25.0,,,,,,2018-07-01
Toronto,Three bedroom units,2018,7,1633.0,28.70967741935484,18.051612903225806,64.0,0.0,23.41290322580645,,,,,,,,,,,8.3,25.0,,,,,,2018-07-01
Toronto,Three bedroom units,2018,7,1628.0,28.70967741935484,18.051612903225806,64.0,0.0,23.41290322580645,,,,,,,,,,,8.3,25.0,,,,,,2018-07-01
Toronto,Three bedroom units,2018,8,1647.0,27.758064516129032,18.59032258064516,118.2,0.0,23.200000000000003,,,,,,,,,,,8.3,25.0,,,,,,2018-08-01
Toronto,Three bedroom units,2018,8,1703.0,27.758064516129032,18.59032258064516,118.2,0.0,23.200000000000003,,,,,,,,,,,8.3,25.0,,,,,,2018-08-01
Toronto,Three bedroom units,2018,8,1633.0,27.758064516129032,18.59032258064516,118.2,0.0,23.200000000000003,,,,,,,,,,,8.3,25.0,,,,,,2018-08-01
Toronto,Three bedroom units,2018,8,1628.0,27.758064516129032,18.59032258064516,118.2,0.0,23.200000000000003,,,,,,,,,,,8.3,25.0,,,,,,2018-08-01
Toronto,Three bedroom units,2018,9,1647.0,23.513333333333332,14.27328995793901,50.0,0.0,18.88727547666009,,,,,,,,,,,8.3,25.0,,,,,,2018-09-01
Toronto,Three bedroom units,2018,9,1703.0,23.513333333333332,14.27328995793901,50.0,0.0,18.88727547666009,,,,,,,,,,,8.3,25.0,,,,,,2018-09-01
Toronto,Three bedroom units,2018,9,1633.0,23.513333333333332,14.27328995793901,50.0,0.0,18.88727547666009,,,,,,,,,,,8.3,25.0,,,,,,2018-09-01
Toronto,Three bedroom units,2018,9,1628.0,23.513333333333332,14.27328995793901,50.0,0.0,18.88727547666009,,,,,,,,,,,8.3,25.0,,,,,,2018-09-01
Toronto,Three bedroom units,2018,10,1647.0,13.025806451612903,4.77741935483871,69.8,2.4,8.929032258064517,,,,,,,,,,,8.3,25.0,,,,,,2018-10-01
Toronto,Three bedroom units,2018,10,1703.0,13.025806451612903,4.77741935483871,69.8,2.4,8.929032258064517,,,,,,,,,,,8.3,25.0,,,,,,2018-10-01
Toronto,Three bedroom units,2018,10,1633.0,13.025806451612903,4.77741935483871,69.8,2.4,8.929032258064517,,,,,,,,,,,8.3,25.0,,,,,,2018-10-01
Toronto,Three bedroom units,2018,10,1628.0,13.025806451612903,4.77741935483871,69.8,2.4,8.929032258064517,,,,,,,,,,,8.3,25.0,,,,,,2018-10-01
Toronto,Three bedroom units,2018,11,1647.0,4.29,-1.24,105.2,15.600000000000001,1.5300000000000002,Canada,2016A000011124,Percent,239.0,units,0.0,v733833,1.0,4.38,2.0,8.3,25.0,,,,,,2018-11-01
Toronto,Three bedroom units,2018,11,1703.0,4.29,-1.24,105.2,15.600000000000001,1.5300000000000002,Canada,2016A000011124,Percent,239.0,units,0.0,v733833,1.0,4.38,2.0,8.3,25.0,,,,,,2018-11-01
Toronto,Three bedroom units,2018,11,1633.0,4.29,-1.24,105.2,15.600000000000001,1.5300000000000002,Canada,2016A000011124,Percent,239.0,units,0.0,v733833,1.0,4.38,2.0,8.3,25.0,,,,,,2018-11-01
Toronto,Three bedroom units,2018,11,1628.0,4.29,-1.24,105.2,15.600000000000001,1.5300000000000002,Canada,2016A000011124,Percent,239.0,units,0.0,v733833,1.0,4.38,2.0,8.3,25.0,,,,,,2018-11-01
Toronto,Three bedroom units,2018,12,1647.0,2.8419354838709676,-3.206451612903226,52.0,5.4,-0.18064516129032257,Canada,2016A000011124,Percent,239.0,units,0.0,v733833,1.0,4.59,2.0,8.3,25.0,,,,,,2018-12-01
Toronto,Three bedroom units,2018,12,1703.0,2.8419354838709676,-3.206451612903226,52.0,5.4,-0.18064516129032257,Canada,2016A000011124,Percent,239.0,units,0.0,v733833,1.0,4.59,2.0,8.3,25.0,,,,,,2018-12-01
Toronto,Three bedroom units,2018,12,1633.0,2.8419354838709676,-3.206451612903226,52.0,5.4,-0.18064516129032257,Canada,2016A000011124,Percent,239.0,units,0.0,v733833,1.0,4.59,2.0,8.3,25.0,,,,,,2018-12-01
Toronto,Three bedroom units,2018,12,1628.0,2.8419354838709676,-3.206451612903226,52.0,5.4,-0.18064516129032257,Canada,2016A000011124,Percent,239.0,units,0.0,v733833,1.0,4.59,2.0,8.3,25.0,,,,,,2018-12-01
Toronto,Three bedroom units,2019,1,1730.0,-2.267741935483871,-11.02258064516129,67.6,63.4,-6.661290322580645,Canada,2016A000011124,Percent,239.0,units,0.0,v733833,1.0,4.59,2.0,,,,,,,,2019-01-01
Toronto,Three bedroom units,2019,1,1719.0,-2.267741935483871,-11.02258064516129,67.6,63.4,-6.661290322580645,Canada,2016A000011124,Percent,239.0,units,0.0,v733833,1.0,4.59,2.0,,,,,,,,2019-01-01
Toronto,Three bedroom units,2019,1,1732.0,-2.267741935483871,-11.02258064516129,67.6,63.4,-6.661290322580645,Canada,2016A000011124,Percent,239.0,units,0.0,v733833,1.0,4.59,2.0,,,,,,,,2019-01-01
Toronto,Three bedroom units,2019,1,1734.0,-2.267741935483871,-11.02258064516129,67.6,63.4,-6.661290322580645,Canada,2016A000011124,Percent,239.0,units,0.0,v733833,1.0,4.59,2.0,,,,,,,,2019-01-01
Toronto,Three bedroom units,2019,2,1730.0,-0.09999999999999996,-8.285714285714286,76.0,43.099999999999994,-4.203571428571428,Canada,2016A000011124,Percent,239.0,units,0.0,v733833,1.0,4.52,2.0,,,,,,,,2019-02-01
Toronto,Three bedroom units,2019,2,1719.0,-0.09999999999999996,-8.285714285714286,76.0,43.099999999999994,-4.203571428571428,Canada,2016A000011124,Percent,239.0,units,0.0,v733833,1.0,4.52,2.0,,,,,,,,2019-02-01
Toronto,Three bedroom units,2019,2,1732.0,-0.09999999999999996,-8.285714285714286,76.0,43.099999999999994,-4.203571428571428,Canada,2016A000011124,Percent,239.0,units,0.0,v733833,1.0,4.52,2.0,,,,,,,,2019-02-01
Toronto,Three bedroom units,2019,2,1734.0,-0.09999999999999996,-8.285714285714286,76.0,43.099999999999994,-4.203571428571428,Canada,2016A000011124,Percent,239.0,units,0.0,v733833,1.0,4.52,2.0,,,,,,,,2019-02-01
Toronto,Three bedroom units,2019,3,1730.0,3.1,-5.396774193548388,63.800000000000004,8.2,-1.1580645161290322,Canada,2016A000011124,Percent,239.0,units,0.0,v733833,1.0,4.44,2.0,,,,,,,,2019-03-01
Toronto,Three bedroom units,2019,3,1719.0,3.1,-5.396774193548388,63.800000000000004,8.2,-1.1580645161290322,Canada,2016A000011124,Percent,239.0,units,0.0,v733833,1.0,4.44,2.0,,,,,,,,2019-03-01
Toronto,Three bedroom units,2019,3,1732.0,3.1,-5.396774193548388,63.800000000000004,8.2,-1.1580645161290322,Canada,2016A000011124,Percent,239.0,units,0.0,v733833,1.0,4.44,2.0,,,,,,,,2019-03-01
Toronto,Three bedroom units,2019,3,1734.0,3.1,-5.396774193548388,63.800000000000004,8.2,-1.1580645161290322,Canada,2016A000011124,Percent,239.0,units,0.0,v733833,1.0,4.44,2.0,,,,,,,,2019-03-01
Toronto,Three bedroom units,2019,4,1730.0,10.683333333333334,2.1666666666666665,93.4,0.4,6.4399999999999995,Canada,2016A000011124,Percent,239.0,units,0.0,v733833,1.0,4.33,2.0,,,,,,,,2019-04-01
Toronto,Three bedroom units,2019,4,1719.0,10.683333333333334,2.1666666666666665,93.4,0.4,6.4399999999999995,Canada,2016A000011124,Percent,239.0,units,0.0,v733833,1.0,4.33,2.0,,,,,,,,2019-04-01
Toronto,Three bedroom units,2019,4,1732.0,10.683333333333334,2.1666666666666665,93.4,0.4,6.4399999999999995,Canada,2016A000011124,Percent,239.0,units,0.0,v733833,1.0,4.33,2.0,,,,,,,,2019-04-01
Toronto,Three bedroom units,2019,4,1734.0,10.683333333333334,2.1666666666666665,93.4,0.4,6.4399999999999995,Canada,2016A000011124,Percent,239.0,units,0.0,v733833,1.0,4.33,2.0,,,,,,,,2019-04-01
Toronto,Three bedroom units,2019,5,1730.0,16.777574417244974,6.964474152844205,97.6,0.0,11.890911751606541,Canada,2016A000011124,Percent,239.0,units,0.0,v733833,1.0,4.3,2.0,,,,,,,,2019-05-01
Toronto,Three bedroom units,2019,5,1719.0,16.777574417244974,6.964474152844205,97.6,0.0,11.890911751606541,Canada,2016A000011124,Percent,239.0,units,0.0,v733833,1.0,4.3,2.0,,,,,,,,2019-05-01
Toronto,Three bedroom units,2019,5,1732.0,16.777574417244974,6.964474152844205,97.6,0.0,11.890911751606541,Canada,2016A000011124,Percent,239.0,units,0.0,v733833,1.0,4.3,2.0,,,,,,,,2019-05-01
Toronto,Three bedroom units,2019,5,1734.0,16.777574417244974,6.964474152844205,97.6,0.0,11.890911751606541,Canada,2016A000011124,Percent,239.0,units,0.0,v733833,1.0,4.3,2.0,,,,,,,,2019-05-01
Toronto,Three bedroom units,2019,6,1730.0,23.13,13.203333333333335,108.6,0.0,18.19333333333333,Canada,2016A000011124,Percent,239.0,units,0.0,v733833,1.0,4.23,2.0,,,,,,,,2019-06-01
Toronto,Three bedroom units,2019,6,1719.0,23.13,13.203333333333335,108.6,0.0,18.19333333333333,Canada,2016A000011124,Percent,239.0,units,0.0,v733833,1.0,4.23,2.0,,,,,,,,2019-06-01
Toronto,Three bedroom units,2019,6,1732.0,23.13,13.203333333333335,108.6,0.0,18.19333333333333,Canada,2016A000011124,Percent,239.0,units,0.0,v733833,1.0,4.23,2.0,,,,,,,,2019-06-01
Toronto,Three bedroom units,2019,6,1734.0,23.13,13.203333333333335,108.6,0.0,18.19333333333333,Canada,2016A000011124,Percent,239.0,units,0.0,v733833,1.0,4.23,2.0,,,,,,,,2019-06-01
Toronto,Three bedroom units,2019,7,1730.0,28.538709677419355,18.177419354838708,104.2,0.0,23.383870967741935,Canada,2016A000011124,Percent,239.0,units,0.0,v733833,1.0,4.14,2.0,,,,,,,,2019-07-01
Toronto,Three bedroom units,2019,7,1719.0,28.538709677419355,18.177419354838708,104.2,0.0,23.383870967741935,Canada,2016A000011124,Percent,239.0,units,0.0,v733833,1.0,4.14,2.0,,,,,,,,2019-07-01
Toronto,Three bedroom units,2019,7,1732.0,28.538709677419355,18.177419354838708,104.2,0.0,23.383870967741935,Canada,2016A000011124,Percent,239.0,units,0.0,v733833,1.0,4.14,2.0,,,,,,,,2019-07-01
Toronto,Three bedroom units,2019,7,1734.0,28.538709677419355,18.177419354838708,104.2,0.0,23.383870967741935,Canada,2016A000011124,Percent,239.0,units,0.0,v733833,1.0,4.14,2.0,,,,,,,,2019-07-01
Toronto,Three bedroom units,2019,8,1730.0,26.26451612903226,16.3,44.6,0.0,21.30322580645161,Canada,2016A000011124,Percent,239.0,units,0.0,v733833,1.0,4.08,2.0,,,,,,,,2019-08-01
Toronto,Three bedroom units,2019,8,1719.0,26.26451612903226,16.3,44.6,0.0,21.30322580645161,Canada,2016A000011124,Percent,239.0,units,0.0,v733833,1.0,4.08,2.0,,,,,,,,2019-08-01
Toronto,Three bedroom units,2019,8,1732.0,26.26451612903226,16.3,44.6,0.0,21.30322580645161,Canada,2016A000011124,Percent,239.0,units,0.0,v733833,1.0,4.08,2.0,,,,,,,,2019-08-01
Toronto,Three bedroom units,2019,8,1734.0,26.26451612903226,16.3,44.6,0.0,21.30322580645161,Canada,2016A000011124,Percent,239.0,units,0.0,v733833,1.0,4.08,2.0,,,,,,,,2019-08-01
Toronto,Three bedroom units,2019,9,1730.0,22.323333333333334,12.763333333333332,46.4,0.0,17.566666666666666,Canada,2016A000011124,Percent,239.0,units,0.0,v733833,1.0,4.07,2.0,,,,,,,,2019-09-01
Toronto,Three bedroom units,2019,9,1719.0,22.323333333333334,12.763333333333332,46.4,0.0,17.566666666666666,Canada,2016A000011124,Percent,239.0,units,0.0,v733833,1.0,4.07,2.0,,,,,,,,2019-09-01
Toronto,Three bedroom units,2019,9,1732.0,22.323333333333334,12.763333333333332,46.4,0.0,17.566666666666666,Canada,2016A000011124,Percent,239.0,units,0.0,v733833,1.0,4.07,2.0,,,,,,,,2019-09-01
Toronto,Three bedroom units,2019,9,1734.0,22.323333333333334,12.763333333333332,46.4,0.0,17.566666666666666,Canada,2016A000011124,Percent,239.0,units,0.0,v733833,1.0,4.07,2.0,,,,,,,,2019-09-01
Toronto,Three bedroom units,2019,10,1730.0,15.141935483870967,5.887096774193548,136.2,0.0,10.535483870967743,Canada,2016A000011124,Percent,239.0,units,0.0,v733833,1.0,4.09,2.0,,,,,,,,2019-10-01
Toronto,Three bedroom units,2019,10,1719.0,15.141935483870967,5.887096774193548,136.2,0.0,10.535483870967743,Canada,2016A000011124,Percent,239.0,units,0.0,v733833,1.0,4.09,2.0,,,,,,,,2019-10-01
Toronto,Three bedroom units,2019,10,1732.0,15.141935483870967,5.887096774193548,136.2,0.0,10.535483870967743,Canada,2016A000011124,Percent,239.0,units,0.0,v733833,1.0,4.09,2.0,,,,,,,,2019-10-01
Toronto,Three bedroom units,2019,10,1734.0,15.141935483870967,5.887096774193548,136.2,0.0,10.535483870967743,Canada,2016A000011124,Percent,239.0,units,0.0,v733833,1.0,4.09,2.0,,,,,,,,2019-10-01
Toronto,Three bedroom units,2019,11,1730.0,4.5233333333333325,-2.756666666666667,40.8,19.2,0.89,Canada,2016A000011124,Percent,239.0,units,0.0,v733833,1.0,4.09,2.0,,,,,,,,2019-11-01
Toronto,Three bedroom units,2019,11,1719.0,4.5233333333333325,-2.756666666666667,40.8,19.2,0.89,Canada,2016A000011124,Percent,239.0,units,0.0,v733833,1.0,4.09,2.0,,,,,,,,2019-11-01
Toronto,Three bedroom units,2019,11,1732.0,4.5233333333333325,-2.756666666666667,40.8,19.2,0.89,Canada,2016A000011124,Percent,239.0,units,0.0,v733833,1.0,4.09,2.0,,,,,,,,2019-11-01
Toronto,Three bedroom units,2019,11,1734.0,4.5233333333333325,-2.756666666666667,40.8,19.2,0.89,Canada,2016A000011124,Percent,239.0,units,0.0,v733833,1.0,4.09,2.0,,,,,,,,2019-11-01
Toronto,Three bedroom units,2019,12,1730.0,2.6838709677419352,-4.254838709677419,71.2,29.200000000000003,-0.7870967741935485,Canada,2016A000011124,Percent,239.0,units,0.0,v733833,1.0,4.08,2.0,,,,,,,,2019-12-01
Toronto,Three bedroom units,2019,12,1719.0,2.6838709677419352,-4.254838709677419,71.2,29.200000000000003,-0.7870967741935485,Canada,2016A000011124,Percent,239.0,units,0.0,v733833,1.0,4.08,2.0,,,,,,,,2019-12-01
Toronto,Three bedroom units,2019,12,1732.0,2.6838709677419352,-4.254838709677419,71.2,29.200000000000003,-0.7870967741935485,Canada,2016A000011124,Percent,239.0,units,0.0,v733833,1.0,4.08,2.0,,,,,,,,2019-12-01
Toronto,Three bedroom units,2019,12,1734.0,2.6838709677419352,-4.254838709677419,71.2,29.200000000000003,-0.7870967741935485,Canada,2016A000011124,Percent,239.0,units,0.0,v733833,1.0,4.08,2.0,,,,,,,,2019-12-01
Toronto,Three bedroom units,2020,1,1854.0,1.7806451612903227,-4.796774193548386,131.4,30.4,-1.5161290322580645,Canada,2016A000011124,Percent,239.0,units,0.0,v733833,1.0,4.08,2.0,,,,,,,,2020-01-01
Toronto,Three bedroom units,2020,1,1883.0,1.7806451612903227,-4.796774193548386,131.4,30.4,-1.5161290322580645,Canada,2016A000011124,Percent,239.0,units,0.0,v733833,1.0,4.08,2.0,,,,,,,,2020-01-01
Toronto,Three bedroom units,2020,1,1848.0,1.7806451612903227,-4.796774193548386,131.4,30.4,-1.5161290322580645,Canada,2016A000011124,Percent,239.0,units,0.0,v733833,1.0,4.08,2.0,,,,,,,,2020-01-01
Toronto,Three bedroom units,2020,1,1834.0,1.7806451612903227,-4.796774193548386,131.4,30.4,-1.5161290322580645,Canada,2016A000011124,Percent,239.0,units,0.0,v733833,1.0,4.08,2.0,,,,,,,,2020-01-01
Toronto,Three bedroom units,2020,2,1854.0,0.5379310344827587,-6.710344827586207,52.0,53.4,-3.096551724137931,Canada,2016A000011124,Percent,239.0,units,0.0,v733833,1.0,4.08,2.0,,,,,,,,2020-02-01
Toronto,Three bedroom units,2020,2,1883.0,0.5379310344827587,-6.710344827586207,52.0,53.4,-3.096551724137931,Canada,2016A000011124,Percent,239.0,units,0.0,v733833,1.0,4.08,2.0,,,,,,,,2020-02-01
Toronto,Three bedroom units,2020,2,1848.0,0.5379310344827587,-6.710344827586207,52.0,53.4,-3.096551724137931,Canada,2016A000011124,Percent,239.0,units,0.0,v733833,1.0,4.08,2.0,,,,,,,,2020-02-01
Toronto,Three bedroom units,2020,2,1834.0,0.5379310344827587,-6.710344827586207,52.0,53.4,-3.096551724137931,Canada,2016A000011124,Percent,239.0,units,0.0,v733833,1.0,4.08,2.0,,,,,,,,2020-02-01
Toronto,Three bedroom units,2020,3,1854.0,7.293548387096774,-0.9193548387096774,53.8,6.6,3.203225806451613,Canada,2016A000011124,Percent,239.0,units,0.0,v733833,1.0,3.9,2.0,,,,,,,,2020-03-01
Toronto,Three bedroom units,2020,3,1883.0,7.293548387096774,-0.9193548387096774,53.8,6.6,3.203225806451613,Canada,2016A000011124,Percent,239.0,units,0.0,v733833,1.0,3.9,2.0,,,,,,,,2020-03-01
Toronto,Three bedroom units,2020,3,1848.0,7.293548387096774,-0.9193548387096774,53.8,6.6,3.203225806451613,Canada,2016A000011124,Percent,239.0,units,0.0,v733833,1.0,3.9,2.0,,,,,,,,2020-03-01
Toronto,Three bedroom units,2020,3,1834.0,7.293548387096774,-0.9193548387096774,53.8,6.6,3.203225806451613,Canada,2016A000011124,Percent,239.0,units,0.0,v733833,1.0,3.9,2.0,,,,,,,,2020-03-01
Toronto,Three bedroom units,2020,4,1854.0,10.716666666666667,1.0799999999999998,41.0,0.4,5.923333333333333,Canada,2016A000011124,Percent,239.0,units,0.0,v733833,1.0,3.95,2.0,,,,,,,,2020-04-01
Toronto,Three bedroom units,2020,4,1883.0,10.716666666666667,1.0799999999999998,41.0,0.4,5.923333333333333,Canada,2016A000011124,Percent,239.0,units,0.0,v733833,1.0,3.95,2.0,,,,,,,,2020-04-01
Toronto,Three bedroom units,2020,4,1848.0,10.716666666666667,1.0799999999999998,41.0,0.4,5.923333333333333,Canada,2016A000011124,Percent,239.0,units,0.0,v733833,1.0,3.95,2.0,,,,,,,,2020-04-01
Toronto,Three bedroom units,2020,4,1834.0,10.716666666666667,1.0799999999999998,41.0,0.4,5.923333333333333,Canada,2016A000011124,Percent,239.0,units,0.0,v733833,1.0,3.95,2.0,,,,,,,,2020-04-01
Toronto,Three bedroom units,2020,5,1854.0,17.293548387096774,6.793548387096774,43.2,3.1999999999999997,12.067741935483872,Canada,2016A000011124,Percent,239.0,units,0.0,v733833,1.0,3.86,2.0,,,,,,,,2020-05-01
Toronto,Three bedroom units,2020,5,1883.0,17.293548387096774,6.793548387096774,43.2,3.1999999999999997,12.067741935483872,Canada,2016A000011124,Percent,239.0,units,0.0,v733833,1.0,3.86,2.0,,,,,,,,2020-05-01
Toronto,Three bedroom units,2020,5,1848.0,17.293548387096774,6.793548387096774,43.2,3.1999999999999997,12.067741935483872,Canada,2016A000011124,Percent,239.0,units,0.0,v733833,1.0,3.86,2.0,,,,,,,,2020-05-01
Toronto,Three bedroom units,2020,5,1834.0,17.293548387096774,6.793548387096774,43.2,3.1999999999999997,12.067741935483872,Canada,2016A000011124,Percent,239.0,units,0.0,v733833,1.0,3.86,2.0,,,,,,,,2020-05-01
Toronto,Three bedroom units,2020,6,1854.0,26.55,14.32,49.8,0.0,20.46333333333333,Canada,2016A000011124,Percent,239.0,units,0.0,v733833,1.0,3.77,2.0,,,,,,,,2020-06-01
Toronto,Three bedroom units,2020,6,1883.0,26.55,14.32,49.8,0.0,20.46333333333333,Canada,2016A000011124,Percent,239.0,units,0.0,v733833,1.0,3.77,2.0,,,,,,,,2020-06-01
Toronto,Three bedroom units,2020,6,1848.0,26.55,14.32,49.8,0.0,20.46333333333333,Canada,2016A000011124,Percent,239.0,units,0.0,v733833,1.0,3.77,2.0,,,,,,,,2020-06-01
Toronto,Three bedroom units,2020,6,1834.0,26.55,14.32,49.8,0.0,20.46333333333333,Canada,2016A000011124,Percent,239.0,units,0.0,v733833,1.0,3.77,2.0,,,,,,,,2020-06-01
Toronto,Three bedroom units,2020,7,1854.0,30.351612903225806,19.51290322580645,67.6,0.0,24.958064516129035,Canada,2016A000011124,Percent,239.0,units,0.0,v733833,1.0,3.64,2.0,,,,,,,,2020-07-01
Toronto,Three bedroom units,2020,7,1883.0,30.351612903225806,19.51290322580645,67.6,0.0,24.958064516129035,Canada,2016A000011124,Percent,239.0,units,0.0,v733833,1.0,3.64,2.0,,,,,,,,2020-07-01
Toronto,Three bedroom units,2020,7,1848.0,30.351612903225806,19.51290322580645,67.6,0.0,24.958064516129035,Canada,2016A000011124,Percent,239.0,units,0.0,v733833,1.0,3.64,2.0,,,,,,,,2020-07-01
Toronto,Three bedroom units,2020,7,1834.0,30.351612903225806,19.51290322580645,67.6,0.0,24.958064516129035,Canada,2016A000011124,Percent,239.0,units,0.0,v733833,1.0,3.64,2.0,,,,,,,,2020-07-01
Toronto,Three bedroom units,2020,8,1854.0,27.42258064516129,16.64516129032258,91.0,0.0,22.061290322580643,Canada,2016A000011124,Percent,239.0,units,0.0,v733833,1.0,3.57,2.0,,,,,,,,2020-08-01
Toronto,Three bedroom units,2020,8,1883.0,27.42258064516129,16.64516129032258,91.0,0.0,22.061290322580643,Canada,2016A000011124,Percent,239.0,units,0.0,v733833,1.0,3.57,2.0,,,,,,,,2020-08-01
Toronto,Three bedroom units,2020,8,1848.0,27.42258064516129,16.64516129032258,91.0,0.0,22.061290322580643,Canada,2016A000011124,Percent,239.0,units,0.0,v733833,1.0,3.57,2.0,,,,,,,,2020-08-01
Toronto,Three bedroom units,2020,8,1834.0,27.42258064516129,16.64516129032258,91.0,0.0,22.061290322580643,Canada,2016A000011124,Percent,239.0,units,0.0,v733833,1.0,3.57,2.0,,,,,,,,2020-08-01
Toronto,Three bedroom units,2020,9,1854.0,22.03666666666667,11.53,40.800000000000004,0.0,16.806666666666665,Canada,2016A000011124,Percent,239.0,units,0.0,v733833,1.0,3.51,2.0,,,,,,,,2020-09-01
Toronto,Three bedroom units,2020,9,1883.0,22.03666666666667,11.53,40.800000000000004,0.0,16.806666666666665,Canada,2016A000011124,Percent,239.0,units,0.0,v733833,1.0,3.51,2.0,,,,,,,,2020-09-01
Toronto,Three bedroom units,2020,9,1848.0,22.03666666666667,11.53,40.800000000000004,0.0,16.806666666666665,Canada,2016A000011124,Percent,239.0,units,0.0,v733833,1.0,3.51,2.0,,,,,,,,2020-09-01
Toronto,Three bedroom units,2020,9,1834.0,22.03666666666667,11.53,40.800000000000004,0.0,16.806666666666665,Canada,2016A000011124,Percent,239.0,units,0.0,v733833,1.0,3.51,2.0,,,,,,,,2020-09-01
Toronto,Three bedroom units,2020,10,1854.0,13.67741935483871,4.82258064516129,60.4,0.0,9.280645161290321,Canada,2016A000011124,Percent,239.0,units,0.0,v733833,1.0,3.45,2.0,,,,,,,,2020-10-01
Toronto,Three bedroom units,2020,10,1883.0,13.67741935483871,4.82258064516129,60.4,0.0,9.280645161290321,Canada,2016A000011124,Percent,239.0,units,0.0,v733833,1.0,3.45,2.0,,,,,,,,2020-10-01
Toronto,Three bedroom units,2020,10,1848.0,13.67741935483871,4.82258064516129,60.4,0.0,9.280645161290321,Canada,2016A000011124,Percent,239.0,units,0.0,v733833,1.0,3.45,2.0,,,,,,,,2020-10-01
Toronto,Three bedroom units,2020,10,1834.0,13.67741935483871,4.82258064516129,60.4,0.0,9.280645161290321,Canada,2016A000011124,Percent,239.0,units,0.0,v733833,1.0,3.45,2.0,,,,,,,,2020-10-01
Toronto,Three bedroom units,2020,11,1854.0,11.133333333333333,2.496666666666667,65.8,23.4,6.84,Canada,2016A000011124,Percent,239.0,units,0.0,v733833,1.0,3.42,2.0,,,,,,,,2020-11-01
Toronto,Three bedroom units,2020,11,1883.0,11.133333333333333,2.496666666666667,65.8,23.4,6.84,Canada,2016A000011124,Percent,239.0,units,0.0,v733833,1.0,3.42,2.0,,,,,,,,2020-11-01
Toronto,Three bedroom units,2020,11,1848.0,11.133333333333333,2.496666666666667,65.8,23.4,6.84,Canada,2016A000011124,Percent,239.0,units,0.0,v733833,1.0,3.42,2.0,,,,,,,,2020-11-01
Toronto,Three bedroom units,2020,11,1834.0,11.133333333333333,2.496666666666667,65.8,23.4,6.84,Canada,2016A000011124,Percent,239.0,units,0.0,v733833,1.0,3.42,2.0,,,,,,,,2020-11-01
Toronto,Three bedroom units,2020,12,1854.0,2.5774193548387094,-3.1741935483870964,64.0,34.6,-0.3000000000000001,Canada,2016A000011124,Percent,239.0,units,0.0,v733833,1.0,3.34,2.0,,,,,,,,2020-12-01
Toronto,Three bedroom units,2020,12,1883.0,2.5774193548387094,-3.1741935483870964,64.0,34.6,-0.3000000000000001,Canada,2016A000011124,Percent,239.0,units,0.0,v733833,1.0,3.34,2.0,,,,,,,,2020-12-01
Toronto,Three bedroom units,2020,12,1848.0,2.5774193548387094,-3.1741935483870964,64.0,34.6,-0.3000000000000001,Canada,2016A000011124,Percent,239.0,units,0.0,v733833,1.0,3.34,2.0,,,,,,,,2020-12-01
Toronto,Three bedroom units,2020,12,1834.0,2.5774193548387094,-3.1741935483870964,64.0,34.6,-0.3000000000000001,Canada,2016A000011124,Percent,239.0,units,0.0,v733833,1.0,3.34,2.0,,,,,,,,2020-12-01
Toronto,Three bedroom units,2021,1,1918.0,0.5001550624062635,-5.103267782639667,31.2,20.0,-2.3090882483934596,Canada,2016A000011124,Percent,239.0,units,0.0,v733833,1.0,3.3,2.0,9.9,22.0,,,,,,2021-01-01
Toronto,Three bedroom units,2021,1,1966.0,0.5001550624062635,-5.103267782639667,31.2,20.0,-2.3090882483934596,Canada,2016A000011124,Percent,239.0,units,0.0,v733833,1.0,3.3,2.0,9.9,22.0,,,,,,2021-01-01
Toronto,Three bedroom units,2021,1,1907.0,0.5001550624062635,-5.103267782639667,31.2,20.0,-2.3090882483934596,Canada,2016A000011124,Percent,239.0,units,0.0,v733833,1.0,3.3,2.0,9.9,22.0,,,,,,2021-01-01
Toronto,Three bedroom units,2021,1,1891.0,0.5001550624062635,-5.103267782639667,31.2,20.0,-2.3090882483934596,Canada,2016A000011124,Percent,239.0,units,0.0,v733833,1.0,3.3,2.0,9.9,22.0,,,,,,2021-01-01
Toronto,Three bedroom units,2021,2,1918.0,-0.25322807610041653,-7.821521518702118,45.2,39.2,-4.059409692871231,Canada,2016A000011124,Percent,239.0,units,0.0,v733833,1.0,3.25,2.0,9.9,22.0,,,,,,2021-02-01
Toronto,Three bedroom units,2021,2,1966.0,-0.25322807610041653,-7.821521518702118,45.2,39.2,-4.059409692871231,Canada,2016A000011124,Percent,239.0,units,0.0,v733833,1.0,3.25,2.0,9.9,22.0,,,,,,2021-02-01
Toronto,Three bedroom units,2021,2,1907.0,-0.25322807610041653,-7.821521518702118,45.2,39.2,-4.059409692871231,Canada,2016A000011124,Percent,239.0,units,0.0,v733833,1.0,3.25,2.0,9.9,22.0,,,,,,2021-02-01
Toronto,Three bedroom units,2021,2,1891.0,-0.25322807610041653,-7.821521518702118,45.2,39.2,-4.059409692871231,Canada,2016A000011124,Percent,239.0,units,0.0,v733833,1.0,3.25,2.0,9.9,22.0,,,,,,2021-02-01
Toronto,Three bedroom units,2021,3,1918.0,9.135483870967741,-2.8774193548387097,45.4,0.2,3.138709677419355,Canada,2016A000011124,Percent,239.0,units,0.0,v733833,1.0,3.26,2.0,9.9,22.0,,,,,,2021-03-01
Toronto,Three bedroom units,2021,3,1966.0,9.135483870967741,-2.8774193548387097,45.4,0.2,3.138709677419355,Canada,2016A000011124,Percent,239.0,units,0.0,v733833,1.0,3.26,2.0,9.9,22.0,,,,,,2021-03-01
Toronto,Three bedroom units,2021,3,1907.0,9.135483870967741,-2.8774193548387097,45.4,0.2,3.138709677419355,Canada,2016A000011124,Percent,239.0,units,0.0,v733833,1.0,3.26,2.0,9.9,22.0,,,,,,2021-03-01
Toronto,Three bedroom units,2021,3,1891.0,9.135483870967741,-2.8774193548387097,45.4,0.2,3.138709677419355,Canada,2016A000011124,Percent,239.0,units,0.0,v733833,1.0,3.26,2.0,9.9,22.0,,,,,,2021-03-01
Toronto,Three bedroom units,2021,4,1918.0,12.71,3.07,55.8,4.3999999999999995,7.92,Canada,2016A000011124,Percent,239.0,units,0.0,v733833,1.0,3.25,2.0,9.9,22.0,,,,,,2021-04-01
Toronto,Three bedroom units,2021,4,1966.0,12.71,3.07,55.8,4.3999999999999995,7.92,Canada,2016A000011124,Percent,239.0,units,0.0,v733833,1.0,3.25,2.0,9.9,22.0,,,,,,2021-04-01
Toronto,Three bedroom units,2021,4,1907.0,12.71,3.07,55.8,4.3999999999999995,7.92,Canada,2016A000011124,Percent,239.0,units,0.0,v733833,1.0,3.25,2.0,9.9,22.0,,,,,,2021-04-01
Toronto,Three bedroom units,2021,4,1891.0,12.71,3.07,55.8,4.3999999999999995,7.92,Canada,2016A000011124,Percent,239.0,units,0.0,v733833,1.0,3.25,2.0,9.9,22.0,,,,,,2021-04-01
Toronto,Three bedroom units,2021,5,1918.0,19.661290322580644,7.487096774193549,21.799999999999997,0.2,13.603225806451613,Canada,2016A000011124,Percent,239.0,units,0.0,v733833,1.0,3.25,2.0,9.9,22.0,,,,,,2021-05-01
Toronto,Three bedroom units,2021,5,1966.0,19.661290322580644,7.487096774193549,21.799999999999997,0.2,13.603225806451613,Canada,2016A000011124,Percent,239.0,units,0.0,v733833,1.0,3.25,2.0,9.9,22.0,,,,,,2021-05-01
Toronto,Three bedroom units,2021,5,1907.0,19.661290322580644,7.487096774193549,21.799999999999997,0.2,13.603225806451613,Canada,2016A000011124,Percent,239.0,units,0.0,v733833,1.0,3.25,2.0,9.9,22.0,,,,,,2021-05-01
Toronto,Three bedroom units,2021,5,1891.0,19.661290322580644,7.487096774193549,21.799999999999997,0.2,13.603225806451613,Canada,2016A000011124,Percent,239.0,units,0.0,v733833,1.0,3.25,2.0,9.9,22.0,,,,,,2021-05-01
Toronto,Three bedroom units,2021,6,1918.0,27.259999999999998,16.356666666666666,80.0,0.0,21.833333333333332,Canada,2016A000011124,Percent,239.0,units,0.0,v733833,1.0,3.26,2.0,9.9,22.0,,,,,,2021-06-01
Toronto,Three bedroom units,2021,6,1966.0,27.259999999999998,16.356666666666666,80.0,0.0,21.833333333333332,Canada,2016A000011124,Percent,239.0,units,0.0,v733833,1.0,3.26,2.0,9.9,22.0,,,,,,2021-06-01
Toronto,Three bedroom units,2021,6,1907.0,27.259999999999998,16.356666666666666,80.0,0.0,21.833333333333332,Canada,2016A000011124,Percent,239.0,units,0.0,v733833,1.0,3.26,2.0,9.9,22.0,,,,,,2021-06-01
Toronto,Three bedroom units,2021,6,1891.0,27.259999999999998,16.356666666666666,80.0,0.0,21.833333333333332,Canada,2016A000011124,Percent,239.0,units,0.0,v733833,1.0,3.26,2.0,9.9,22.0,,,,,,2021-06-01
Toronto,Three bedroom units,2021,7,1918.0,25.271122804341747,16.425764475424852,120.4,0.0,20.86833110644525,Canada,2016A000011124,Percent,239.0,units,0.0,v733833,1.0,3.2,2.0,9.9,22.0,,,,,,2021-07-01
Toronto,Three bedroom units,2021,7,1966.0,25.271122804341747,16.425764475424852,120.4,0.0,20.86833110644525,Canada,2016A000011124,Percent,239.0,units,0.0,v733833,1.0,3.2,2.0,9.9,22.0,,,,,,2021-07-01
Toronto,Three bedroom units,2021,7,1907.0,25.271122804341747,16.425764475424852,120.4,0.0,20.86833110644525,Canada,2016A000011124,Percent,239.0,units,0.0,v733833,1.0,3.2,2.0,9.9,22.0,,,,,,2021-07-01
Toronto,Three bedroom units,2021,7,1891.0,25.271122804341747,16.425764475424852,120.4,0.0,20.86833110644525,Canada,2016A000011124,Percent,239.0,units,0.0,v733833,1.0,3.2,2.0,9.9,22.0,,,,,,2021-07-01
Toronto,Three bedroom units,2021,8,1918.0,28.45176796563207,18.461248346392594,57.4,0.0,23.487685945154926,Canada,2016A000011124,Percent,239.0,units,0.0,v733833,1.0,3.2,2.0,9.9,22.0,,,,,,2021-08-01
Toronto,Three bedroom units,2021,8,1966.0,28.45176796563207,18.461248346392594,57.4,0.0,23.487685945154926,Canada,2016A000011124,Percent,239.0,units,0.0,v733833,1.0,3.2,2.0,9.9,22.0,,,,,,2021-08-01
Toronto,Three bedroom units,2021,8,1907.0,28.45176796563207,18.461248346392594,57.4,0.0,23.487685945154926,Canada,2016A000011124,Percent,239.0,units,0.0,v733833,1.0,3.2,2.0,9.9,22.0,,,,,,2021-08-01
Toronto,Three bedroom units,2021,8,1891.0,28.45176796563207,18.461248346392594,57.4,0.0,23.487685945154926,Canada,2016A000011124,Percent,239.0,units,0.0,v733833,1.0,3.2,2.0,9.9,22.0,,,,,,2021-08-01
Toronto,Three bedroom units,2021,9,1918.0,22.64,12.59,158.0,0.0,17.64333333333333,Canada,2016A000011124,Percent,239.0,units,0.0,v733833,1.0,3.22,2.0,9.9,22.0,,,,,,2021-09-01
Toronto,Three bedroom units,2021,9,1966.0,22.64,12.59,158.0,0.0,17.64333333333333,Canada,2016A000011124,Percent,239.0,units,0.0,v733833,1.0,3.22,2.0,9.9,22.0,,,,,,2021-09-01
Toronto,Three bedroom units,2021,9,1907.0,22.64,12.59,158.0,0.0,17.64333333333333,Canada,2016A000011124,Percent,239.0,units,0.0,v733833,1.0,3.22,2.0,9.9,22.0,,,,,,2021-09-01
Toronto,Three bedroom units,2021,9,1891.0,22.64,12.59,158.0,0.0,17.64333333333333,Canada,2016A000011124,Percent,239.0,units,0.0,v733833,1.0,3.22,2.0,9.9,22.0,,,,,,2021-09-01
Toronto,Three bedroom units,2021,10,1918.0,16.88064516129032,10.067741935483872,101.8,0.0,13.496774193548386,Canada,2016A000011124,Percent,239.0,units,0.0,v733833,1.0,3.29,2.0,9.9,22.0,,,,,,2021-10-01
Toronto,Three bedroom units,2021,10,1966.0,16.88064516129032,10.067741935483872,101.8,0.0,13.496774193548386,Canada,2016A000011124,Percent,239.0,units,0.0,v733833,1.0,3.29,2.0,9.9,22.0,,,,,,2021-10-01
Toronto,Three bedroom units,2021,10,1907.0,16.88064516129032,10.067741935483872,101.8,0.0,13.496774193548386,Canada,2016A000011124,Percent,239.0,units,0.0,v733833,1.0,3.29,2.0,9.9,22.0,,,,,,2021-10-01
Toronto,Three bedroom units,2021,10,1891.0,16.88064516129032,10.067741935483872,101.8,0.0,13.496774193548386,Canada,2016A000011124,Percent,239.0,units,0.0,v733833,1.0,3.29,2.0,9.9,22.0,,,,,,2021-10-01
Toronto,Three bedroom units,2021,11,1918.0,8.426666666666666,-0.029999999999999954,38.199999999999996,15.0,4.21,Canada,2016A000011124,Percent,239.0,units,0.0,v733833,1.0,3.4,2.0,9.9,22.0,,,,,,2021-11-01
Toronto,Three bedroom units,2021,11,1966.0,8.426666666666666,-0.029999999999999954,38.199999999999996,15.0,4.21,Canada,2016A000011124,Percent,239.0,units,0.0,v733833,1.0,3.4,2.0,9.9,22.0,,,,,,2021-11-01
Toronto,Three bedroom units,2021,11,1907.0,8.426666666666666,-0.029999999999999954,38.199999999999996,15.0,4.21,Canada,2016A000011124,Percent,239.0,units,0.0,v733833,1.0,3.4,2.0,9.9,22.0,,,,,,2021-11-01
Toronto,Three bedroom units,2021,11,1891.0,8.426666666666666,-0.029999999999999954,38.199999999999996,15.0,4.21,Canada,2016A000011124,Percent,239.0,units,0.0,v733833,1.0,3.4,2.0,9.9,22.0,,,,,,2021-11-01
Toronto,Three bedroom units,2021,12,1918.0,6.1972393807671775,-0.6033517350157729,68.0,27.8,2.808219125787364,Canada,2016A000011124,Percent,239.0,units,0.0,v733833,1.0,3.45,2.0,9.9,22.0,,,,,,2021-12-01
Toronto,Three bedroom units,2021,12,1966.0,6.1972393807671775,-0.6033517350157729,68.0,27.8,2.808219125787364,Canada,2016A000011124,Percent,239.0,units,0.0,v733833,1.0,3.45,2.0,9.9,22.0,,,,,,2021-12-01
Toronto,Three bedroom units,2021,12,1907.0,6.1972393807671775,-0.6033517350157729,68.0,27.8,2.808219125787364,Canada,2016A000011124,Percent,239.0,units,0.0,v733833,1.0,3.45,2.0,9.9,22.0,,,,,,2021-12-01
Toronto,Three bedroom units,2021,12,1891.0,6.1972393807671775,-0.6033517350157729,68.0,27.8,2.808219125787364,Canada,2016A000011124,Percent,239.0,units,0.0,v733833,1.0,3.45,2.0,9.9,22.0,,,,,,2021-12-01
Toronto,Three bedroom units,2022,1,2015.0,-1.3866315869747579,-11.748513025338353,43.0,47.8,-6.588555067761024,Canada,2016A000011124,Percent,239.0,units,0.0,v733833,1.0,3.44,2.0,9.4,25.0,,,,,,2022-01-01
Toronto,Three bedroom units,2022,1,1908.0,-1.3866315869747579,-11.748513025338353,43.0,47.8,-6.588555067761024,Canada,2016A000011124,Percent,239.0,units,0.0,v733833,1.0,3.44,2.0,9.4,25.0,,,,,,2022-01-01
Toronto,Three bedroom units,2022,1,2038.0,-1.3866315869747579,-11.748513025338353,43.0,47.8,-6.588555067761024,Canada,2016A000011124,Percent,239.0,units,0.0,v733833,1.0,3.44,2.0,9.4,25.0,,,,,,2022-01-01
Toronto,Three bedroom units,2022,1,2034.0,-1.3866315869747579,-11.748513025338353,43.0,47.8,-6.588555067761024,Canada,2016A000011124,Percent,239.0,units,0.0,v733833,1.0,3.44,2.0,9.4,25.0,,,,,,2022-01-01
Toronto,Three bedroom units,2022,2,2015.0,0.9289147810424406,-7.903664375844976,82.60000000000001,48.0,-3.495123978585517,Canada,2016A000011124,Percent,239.0,units,0.0,v733833,1.0,3.58,2.0,9.4,25.0,,,,,,2022-02-01
Toronto,Three bedroom units,2022,2,1908.0,0.9289147810424406,-7.903664375844976,82.60000000000001,48.0,-3.495123978585517,Canada,2016A000011124,Percent,239.0,units,0.0,v733833,1.0,3.58,2.0,9.4,25.0,,,,,,2022-02-01
Toronto,Three bedroom units,2022,2,2038.0,0.9289147810424406,-7.903664375844976,82.60000000000001,48.0,-3.495123978585517,Canada,2016A000011124,Percent,239.0,units,0.0,v733833,1.0,3.58,2.0,9.4,25.0,,,,,,2022-02-01
Toronto,Three bedroom units,2022,2,2034.0,0.9289147810424406,-7.903664375844976,82.60000000000001,48.0,-3.495123978585517,Canada,2016A000011124,Percent,239.0,units,0.0,v733833,1.0,3.58,2.0,9.4,25.0,,,,,,2022-02-01
Toronto,Three bedroom units,2022,3,2015.0,5.232258064516128,-3.045161290322581,59.0,24.8,1.1,Canada,2016A000011124,Percent,239.0,units,0.0,v733833,1.0,3.77,2.0,9.4,25.0,,,,,,2022-03-01
Toronto,Three bedroom units,2022,3,1908.0,5.232258064516128,-3.045161290322581,59.0,24.8,1.1,Canada,2016A000011124,Percent,239.0,units,0.0,v733833,1.0,3.77,2.0,9.4,25.0,,,,,,2022-03-01
Toronto,Three bedroom units,2022,3,2038.0,5.232258064516128,-3.045161290322581,59.0,24.8,1.1,Canada,2016A000011124,Percent,239.0,units,0.0,v733833,1.0,3.77,2.0,9.4,25.0,,,,,,2022-03-01
Toronto,Three bedroom units,2022,3,2034.0,5.232258064516128,-3.045161290322581,59.0,24.8,1.1,Canada,2016A000011124,Percent,239.0,units,0.0,v733833,1.0,3.77,2.0,9.4,25.0,,,,,,2022-03-01
Toronto,Three bedroom units,2022,4,2015.0,11.263493564486472,2.263289957939011,50.0,8.6,6.790608809993426,Canada,2016A000011124,Percent,239.0,units,0.0,v733833,1.0,4.19,2.0,9.4,25.0,,,,,,2022-04-01
Toronto,Three bedroom units,2022,4,1908.0,11.263493564486472,2.263289957939011,50.0,8.6,6.790608809993426,Canada,2016A000011124,Percent,239.0,units,0.0,v733833,1.0,4.19,2.0,9.4,25.0,,,,,,2022-04-01
Toronto,Three bedroom units,2022,4,2038.0,11.263493564486472,2.263289957939011,50.0,8.6,6.790608809993426,Canada,2016A000011124,Percent,239.0,units,0.0,v733833,1.0,4.19,2.0,9.4,25.0,,,,,,2022-04-01
Toronto,Three bedroom units,2022,4,2034.0,11.263493564486472,2.263289957939011,50.0,8.6,6.790608809993426,Canada,2016A000011124,Percent,239.0,units,0.0,v733833,1.0,4.19,2.0,9.4,25.0,,,,,,2022-04-01
Toronto,Three bedroom units,2022,5,2015.0,20.929342382877042,9.845077337946474,46.8,0.0,15.407629954825985,Canada,2016A000011124,Percent,239.0,units,0.0,v733833,1.0,4.63,2.0,9.4,25.0,,,,,,2022-05-01
Toronto,Three bedroom units,2022,5,1908.0,20.929342382877042,9.845077337946474,46.8,0.0,15.407629954825985,Canada,2016A000011124,Percent,239.0,units,0.0,v733833,1.0,4.63,2.0,9.4,25.0,,,,,,2022-05-01
Toronto,Three bedroom units,2022,5,2038.0,20.929342382877042,9.845077337946474,46.8,0.0,15.407629954825985,Canada,2016A000011124,Percent,239.0,units,0.0,v733833,1.0,4.63,2.0,9.4,25.0,,,,,,2022-05-01
Toronto,Three bedroom units,2022,5,2034.0,20.929342382877042,9.845077337946474,46.8,0.0,15.407629954825985,Canada,2016A000011124,Percent,239.0,units,0.0,v733833,1.0,4.63,2.0,9.4,25.0,,,,,,2022-05-01
Toronto,Three bedroom units,2022,6,2015.0,25.740000000000002,13.313333333333333,40.4,0.0,19.55,Canada,2016A000011124,Percent,239.0,units,0.0,v733833,1.0,5.05,2.0,9.4,25.0,,,,,,2022-06-01
Toronto,Three bedroom units,2022,6,1908.0,25.740000000000002,13.313333333333333,40.4,0.0,19.55,Canada,2016A000011124,Percent,239.0,units,0.0,v733833,1.0,5.05,2.0,9.4,25.0,,,,,,2022-06-01
Toronto,Three bedroom units,2022,6,2038.0,25.740000000000002,13.313333333333333,40.4,0.0,19.55,Canada,2016A000011124,Percent,239.0,units,0.0,v733833,1.0,5.05,2.0,9.4,25.0,,,,,,2022-06-01
Toronto,Three bedroom units,2022,6,2034.0,25.740000000000002,13.313333333333333,40.4,0.0,19.55,Canada,2016A000011124,Percent,239.0,units,0.0,v733833,1.0,5.05,2.0,9.4,25.0,,,,,,2022-06-01
Toronto,Three bedroom units,2022,7,2015.0,28.26774193548387,17.016129032258064,43.599999999999994,0.0,22.66774193548387,Canada,2016A000011124,Percent,239.0,units,0.0,v733833,1.0,5.51,2.0,9.4,25.0,,,,,,2022-07-01
Toronto,Three bedroom units,2022,7,1908.0,28.26774193548387,17.016129032258064,43.599999999999994,0.0,22.66774193548387,Canada,2016A000011124,Percent,239.0,units,0.0,v733833,1.0,5.51,2.0,9.4,25.0,,,,,,2022-07-01
Toronto,Three bedroom units,2022,7,2038.0,28.26774193548387,17.016129032258064,43.599999999999994,0.0,22.66774193548387,Canada,2016A000011124,Percent,239.0,units,0.0,v733833,1.0,5.51,2.0,9.4,25.0,,,,,,2022-07-01
Toronto,Three bedroom units,2022,7,2034.0,28.26774193548387,17.016129032258064,43.599999999999994,0.0,22.66774193548387,Canada,2016A000011124,Percent,239.0,units,0.0,v733833,1.0,5.51,2.0,9.4,25.0,,,,,,2022-07-01
Toronto,Three bedroom units,2022,8,2015.0,27.822580645161292,17.183870967741935,80.8,0.0,22.532258064516128,Canada,2016A000011124,Percent,239.0,units,0.0,v733833,1.0,5.58,2.0,9.4,25.0,,,,,,2022-08-01
Toronto,Three bedroom units,2022,8,1908.0,27.822580645161292,17.183870967741935,80.8,0.0,22.532258064516128,Canada,2016A000011124,Percent,239.0,units,0.0,v733833,1.0,5.58,2.0,9.4,25.0,,,,,,2022-08-01
Toronto,Three bedroom units,2022,8,2038.0,27.822580645161292,17.183870967741935,80.8,0.0,22.532258064516128,Canada,2016A000011124,Percent,239.0,units,0.0,v733833,1.0,5.58,2.0,9.4,25.0,,,,,,2022-08-01
Toronto,Three bedroom units,2022,8,2034.0,27.822580645161292,17.183870967741935,80.8,0.0,22.532258064516128,Canada,2016A000011124,Percent,239.0,units,0.0,v733833,1.0,5.58,2.0,9.4,25.0,,,,,,2022-08-01
Toronto,Three bedroom units,2022,9,2015.0,22.273493564486476,12.709956624605677,39.4,0.0,17.51394214332676,Canada,2016A000011124,Percent,239.0,units,0.0,v733833,1.0,5.64,2.0,9.4,25.0,,,,,,2022-09-01
Toronto,Three bedroom units,2022,9,1908.0,22.273493564486476,12.709956624605677,39.4,0.0,17.51394214332676,Canada,2016A000011124,Percent,239.0,units,0.0,v733833,1.0,5.64,2.0,9.4,25.0,,,,,,2022-09-01
Toronto,Three bedroom units,2022,9,2038.0,22.273493564486476,12.709956624605677,39.4,0.0,17.51394214332676,Canada,2016A000011124,Percent,239.0,units,0.0,v733833,1.0,5.64,2.0,9.4,25.0,,,,,,2022-09-01
Toronto,Three bedroom units,2022,9,2034.0,22.273493564486476,12.709956624605677,39.4,0.0,17.51394214332676,Canada,2016A000011124,Percent,239.0,units,0.0,v733833,1.0,5.64,2.0,9.4,25.0,,,,,,2022-09-01
Toronto,Three bedroom units,2022,10,2015.0,15.516129032258064,5.183870967741936,36.6,0.0,10.370967741935484,Canada,2016A000011124,Percent,239.0,units,0.0,v733833,1.0,5.75,2.0,9.4,25.0,,,,,,2022-10-01
Toronto,Three bedroom units,2022,10,1908.0,15.516129032258064,5.183870967741936,36.6,0.0,10.370967741935484,Canada,2016A000011124,Percent,239.0,units,0.0,v733833,1.0,5.75,2.0,9.4,25.0,,,,,,2022-10-01
Toronto,Three bedroom units,2022,10,2038.0,15.516129032258064,5.183870967741936,36.6,0.0,10.370967741935484,Canada,2016A000011124,Percent,239.0,units,0.0,v733833,1.0,5.75,2.0,9.4,25.0,,,,,,2022-10-01
Toronto,Three bedroom units,2022,10,2034.0,15.516129032258064,5.183870967741936,36.6,0.0,10.370967741935484,Canada,2016A000011124,Percent,239.0,units,0.0,v733833,1.0,5.75,2.0,9.4,25.0,,,,,,2022-10-01
Toronto,Three bedroom units,2022,11,2015.0,9.353333333333333,1.3466666666666667,55.400000000000006,13.0,5.36,Canada,2016A000011124,Percent,239.0,units,0.0,v733833,1.0,5.88,2.0,9.4,25.0,,,,,,2022-11-01
Toronto,Three bedroom units,2022,11,1908.0,9.353333333333333,1.3466666666666667,55.400000000000006,13.0,5.36,Canada,2016A000011124,Percent,239.0,units,0.0,v733833,1.0,5.88,2.0,9.4,25.0,,,,,,2022-11-01
Toronto,Three bedroom units,2022,11,2038.0,9.353333333333333,1.3466666666666667,55.400000000000006,13.0,5.36,Canada,2016A000011124,Percent,239.0,units,0.0,v733833,1.0,5.88,2.0,9.4,25.0,,,,,,2022-11-01
Toronto,Three bedroom units,2022,11,2034.0,9.353333333333333,1.3466666666666667,55.400000000000006,13.0,5.36,Canada,2016A000011124,Percent,239.0,units,0.0,v733833,1.0,5.88,2.0,9.4,25.0,,,,,,2022-11-01
Toronto,Three bedroom units,2022,12,2015.0,2.42258064516129,-3.5290322580645164,95.2,14.0,-0.5580645161290323,Canada,2016A000011124,Percent,239.0,units,0.0,v733833,1.0,5.89,2.0,9.4,25.0,,,,,,2022-12-01
Toronto,Three bedroom units,2022,12,1908.0,2.42258064516129,-3.5290322580645164,95.2,14.0,-0.5580645161290323,Canada,2016A000011124,Percent,239.0,units,0.0,v733833,1.0,5.89,2.0,9.4,25.0,,,,,,2022-12-01
Toronto,Three bedroom units,2022,12,2038.0,2.42258064516129,-3.5290322580645164,95.2,14.0,-0.5580645161290323,Canada,2016A000011124,Percent,239.0,units,0.0,v733833,1.0,5.89,2.0,9.4,25.0,,,,,,2022-12-01
Toronto,Three bedroom units,2022,12,2034.0,2.42258064516129,-3.5290322580645164,95.2,14.0,-0.5580645161290323,Canada,2016A000011124,Percent,239.0,units,0.0,v733833,1.0,5.89,2.0,9.4,25.0,,,,,,2022-12-01
Toronto,Three bedroom units,2023,1,2168.0,1.5548387096774194,-3.293548387096774,77.4,36.2,-0.8741935483870968,Canada,2016A000011124,Percent,239.0,units,0.0,v733833,1.0,5.86,2.0,,,36.0,111.0,87.0,0.0,,2023-01-01
Toronto,Three bedroom units,2023,1,2061.0,1.5548387096774194,-3.293548387096774,77.4,36.2,-0.8741935483870968,Canada,2016A000011124,Percent,239.0,units,0.0,v733833,1.0,5.86,2.0,,,36.0,111.0,87.0,0.0,,2023-01-01
Toronto,Three bedroom units,2023,1,2191.0,1.5548387096774194,-3.293548387096774,77.4,36.2,-0.8741935483870968,Canada,2016A000011124,Percent,239.0,units,0.0,v733833,1.0,5.86,2.0,,,36.0,111.0,87.0,0.0,,2023-01-01
Toronto,Three bedroom units,2023,1,2203.0,1.5548387096774194,-3.293548387096774,77.4,36.2,-0.8741935483870968,Canada,2016A000011124,Percent,239.0,units,0.0,v733833,1.0,5.86,2.0,,,36.0,111.0,87.0,0.0,,2023-01-01
Toronto,Three bedroom units,2023,2,2168.0,2.996428571428571,-5.796428571428572,73.3,28.9,-1.4035714285714285,Canada,2016A000011124,Percent,239.0,units,0.0,v733833,1.0,5.81,2.0,,,36.0,111.0,87.0,0.0,,2023-02-01
Toronto,Three bedroom units,2023,2,2061.0,2.996428571428571,-5.796428571428572,73.3,28.9,-1.4035714285714285,Canada,2016A000011124,Percent,239.0,units,0.0,v733833,1.0,5.81,2.0,,,36.0,111.0,87.0,0.0,,2023-02-01
Toronto,Three bedroom units,2023,2,2191.0,2.996428571428571,-5.796428571428572,73.3,28.9,-1.4035714285714285,Canada,2016A000011124,Percent,239.0,units,0.0,v733833,1.0,5.81,2.0,,,36.0,111.0,87.0,0.0,,2023-02-01
Toronto,Three bedroom units,2023,2,2203.0,2.996428571428571,-5.796428571428572,73.3,28.9,-1.4035714285714285,Canada,2016A000011124,Percent,239.0,units,0.0,v733833,1.0,5.81,2.0,,,36.0,111.0,87.0,0.0,,2023-02-01
Toronto,Three bedroom units,2023,3,2168.0,4.393548387096774,-2.648387096774193,90.0,44.6,0.8741935483870968,Canada,2016A000011124,Percent,239.0,units,0.0,v733833,1.0,5.81,2.0,,,36.0,111.0,87.0,0.0,,2023-03-01
Toronto,Three bedroom units,2023,3,2061.0,4.393548387096774,-2.648387096774193,90.0,44.6,0.8741935483870968,Canada,2016A000011124,Percent,239.0,units,0.0,v733833,1.0,5.81,2.0,,,36.0,111.0,87.0,0.0,,2023-03-01
Toronto,Three bedroom units,2023,3,2191.0,4.393548387096774,-2.648387096774193,90.0,44.6,0.8741935483870968,Canada,2016A000011124,Percent,239.0,units,0.0,v733833,1.0,5.81,2.0,,,36.0,111.0,87.0,0.0,,2023-03-01
Toronto,Three bedroom units,2023,3,2203.0,4.393548387096774,-2.648387096774193,90.0,44.6,0.8741935483870968,Canada,2016A000011124,Percent,239.0,units,0.0,v733833,1.0,5.81,2.0,,,36.0,111.0,87.0,0.0,,2023-03-01
Toronto,Three bedroom units,2023,4,2168.0,14.120000000000001,3.9233333333333333,101.8,0.4,9.046666666666665,Canada,2016A000011124,Percent,239.0,units,0.0,v733833,1.0,5.75,2.0,,,36.0,111.0,87.0,0.0,,2023-04-01
Toronto,Three bedroom units,2023,4,2061.0,14.120000000000001,3.9233333333333333,101.8,0.4,9.046666666666665,Canada,2016A000011124,Percent,239.0,units,0.0,v733833,1.0,5.75,2.0,,,36.0,111.0,87.0,0.0,,2023-04-01
Toronto,Three bedroom units,2023,4,2191.0,14.120000000000001,3.9233333333333333,101.8,0.4,9.046666666666665,Canada,2016A000011124,Percent,239.0,units,0.0,v733833,1.0,5.75,2.0,,,36.0,111.0,87.0,0.0,,2023-04-01
Toronto,Three bedroom units,2023,4,2203.0,14.120000000000001,3.9233333333333333,101.8,0.4,9.046666666666665,Canada,2016A000011124,Percent,239.0,units,0.0,v733833,1.0,5.75,2.0,,,36.0,111.0,87.0,0.0,,2023-04-01
Toronto,Three bedroom units,2023,5,2168.0,19.396774193548385,7.590322580645162,58.8,0.0,13.519354838709678,Canada,2016A000011124,Percent,239.0,units,0.0,v733833,1.0,5.74,2.0,,,36.0,111.0,87.0,0.0,,2023-05-01
Toronto,Three bedroom units,2023,5,2061.0,19.396774193548385,7.590322580645162,58.8,0.0,13.519354838709678,Canada,2016A000011124,Percent,239.0,units,0.0,v733833,1.0,5.74,2.0,,,36.0,111.0,87.0,0.0,,2023-05-01
Toronto,Three bedroom units,2023,5,2191.0,19.396774193548385,7.590322580645162,58.8,0.0,13.519354838709678,Canada,2016A000011124,Percent,239.0,units,0.0,v733833,1.0,5.74,2.0,,,36.0,111.0,87.0,0.0,,2023-05-01
Toronto,Three bedroom units,2023,5,2203.0,19.396774193548385,7.590322580645162,58.8,0.0,13.519354838709678,Canada,2016A000011124,Percent,239.0,units,0.0,v733833,1.0,5.74,2.0,,,36.0,111.0,87.0,0.0,,2023-05-01
Toronto,Three bedroom units,2023,6,2168.0,24.206666666666667,14.613333333333333,108.0,0.0,19.433333333333334,Canada,2016A000011124,Percent,239.0,units,0.0,v733833,1.0,5.85,2.0,,,36.0,111.0,87.0,0.0,,2023-06-01
Toronto,Three bedroom units,2023,6,2061.0,24.206666666666667,14.613333333333333,108.0,0.0,19.433333333333334,Canada,2016A000011124,Percent,239.0,units,0.0,v733833,1.0,5.85,2.0,,,36.0,111.0,87.0,0.0,,2023-06-01
Toronto,Three bedroom units,2023,6,2191.0,24.206666666666667,14.613333333333333,108.0,0.0,19.433333333333334,Canada,2016A000011124,Percent,239.0,units,0.0,v733833,1.0,5.85,2.0,,,36.0,111.0,87.0,0.0,,2023-06-01
Toronto,Three bedroom units,2023,6,2203.0,24.206666666666667,14.613333333333333,108.0,0.0,19.433333333333334,Canada,2016A000011124,Percent,239.0,units,0.0,v733833,1.0,5.85,2.0,,,36.0,111.0,87.0,0.0,,2023-06-01
Toronto,Three bedroom units,2023,7,2168.0,27.148387096774194,17.074193548387097,103.80000000000001,0.0,22.138709677419353,Canada,2016A000011124,Percent,239.0,units,0.0,v733833,1.0,5.99,2.0,,,36.0,111.0,87.0,0.0,,2023-07-01
Toronto,Three bedroom units,2023,7,2061.0,27.148387096774194,17.074193548387097,103.80000000000001,0.0,22.138709677419353,Canada,2016A000011124,Percent,239.0,units,0.0,v733833,1.0,5.99,2.0,,,36.0,111.0,87.0,0.0,,2023-07-01
Toronto,Three bedroom units,2023,7,2191.0,27.148387096774194,17.074193548387097,103.80000000000001,0.0,22.138709677419353,Canada,2016A000011124,Percent,239.0,units,0.0,v733833,1.0,5.99,2.0,,,36.0,111.0,87.0,0.0,,2023-07-01
Toronto,Three bedroom units,2023,7,2203.0,27.148387096774194,17.074193548387097,103.80000000000001,0.0,22.138709677419353,Canada,2016A000011124,Percent,239.0,units,0.0,v733833,1.0,5.99,2.0,,,36.0,111.0,87.0,0.0,,2023-07-01
Toronto,Three bedroom units,2023,8,2168.0,24.780645161290323,15.303225806451612,59.199999999999996,0.0,20.05806451612903,Canada,2016A000011124,Percent,239.0,units,0.0,v733833,1.0,6.17,2.0,,,36.0,111.0,87.0,0.0,,2023-08-01
Toronto,Three bedroom units,2023,8,2061.0,24.780645161290323,15.303225806451612,59.199999999999996,0.0,20.05806451612903,Canada,2016A000011124,Percent,239.0,units,0.0,v733833,1.0,6.17,2.0,,,36.0,111.0,87.0,0.0,,2023-08-01
Toronto,Three bedroom units,2023,8,2191.0,24.780645161290323,15.303225806451612,59.199999999999996,0.0,20.05806451612903,Canada,2016A000011124,Percent,239.0,units,0.0,v733833,1.0,6.17,2.0,,,36.0,111.0,87.0,0.0,,2023-08-01
Toronto,Three bedroom units,2023,8,2203.0,24.780645161290323,15.303225806451612,59.199999999999996,0.0,20.05806451612903,Canada,2016A000011124,Percent,239.0,units,0.0,v733833,1.0,6.17,2.0,,,36.0,111.0,87.0,0.0,,2023-08-01
Toronto,Three bedroom units,2023,9,2168.0,23.68,13.419956624605678,11.200000000000001,0.0,18.420608809993425,Canada,2016A000011124,Percent,239.0,units,0.0,v733833,1.0,6.27,2.0,,,36.0,111.0,87.0,0.0,,2023-09-01
Toronto,Three bedroom units,2023,9,2061.0,23.68,13.419956624605678,11.200000000000001,0.0,18.420608809993425,Canada,2016A000011124,Percent,239.0,units,0.0,v733833,1.0,6.27,2.0,,,36.0,111.0,87.0,0.0,,2023-09-01
Toronto,Three bedroom units,2023,9,2191.0,23.68,13.419956624605678,11.200000000000001,0.0,18.420608809993425,Canada,2016A000011124,Percent,239.0,units,0.0,v733833,1.0,6.27,2.0,,,36.0,111.0,87.0,0.0,,2023-09-01
Toronto,Three bedroom units,2023,9,2203.0,23.68,13.419956624605678,11.200000000000001,0.0,18.420608809993425,Canada,2016A000011124,Percent,239.0,units,0.0,v733833,1.0,6.27,2.0,,,36.0,111.0,87.0,0.0,,2023-09-01
Toronto,Three bedroom units,2023,10,2168.0,16.787096774193547,8.387096774193548,40.1,0.0,12.612903225806452,Canada,2016A000011124,Percent,239.0,units,0.0,v733833,1.0,6.42,2.0,,,36.0,111.0,87.0,0.0,1235288.7735109718,2023-10-01
Toronto,Three bedroom units,2023,10,2061.0,16.787096774193547,8.387096774193548,40.1,0.0,12.612903225806452,Canada,2016A000011124,Percent,239.0,units,0.0,v733833,1.0,6.42,2.0,,,36.0,111.0,87.0,0.0,1235288.7735109718,2023-10-01
Toronto,Three bedroom units,2023,10,2191.0,16.787096774193547,8.387096774193548,40.1,0.0,12.612903225806452,Canada,2016A000011124,Percent,239.0,units,0.0,v733833,1.0,6.42,2.0,,,36.0,111.0,87.0,0.0,1235288.7735109718,2023-10-01
Toronto,Three bedroom units,2023,10,2203.0,16.787096774193547,8.387096774193548,40.1,0.0,12.612903225806452,Canada,2016A000011124,Percent,239.0,units,0.0,v733833,1.0,6.42,2.0,,,36.0,111.0,87.0,0.0,1235288.7735109718,2023-10-01
Toronto,Three bedroom units,2023,11,2168.0,8.106666666666666,-0.2733333333333333,54.199999999999996,3.2,3.93,Canada,2016A000011124,Percent,239.0,units,0.0,v733833,1.0,6.47,2.0,,,36.0,111.0,87.0,0.0,,2023-11-01
Toronto,Three bedroom units,2023,11,2061.0,8.106666666666666,-0.2733333333333333,54.199999999999996,3.2,3.93,Canada,2016A000011124,Percent,239.0,units,0.0,v733833,1.0,6.47,2.0,,,36.0,111.0,87.0,0.0,,2023-11-01
Toronto,Three bedroom units,2023,11,2191.0,8.106666666666666,-0.2733333333333333,54.199999999999996,3.2,3.93,Canada,2016A000011124,Percent,239.0,units,0.0,v733833,1.0,6.47,2.0,,,36.0,111.0,87.0,0.0,,2023-11-01
Toronto,Three bedroom units,2023,11,2203.0,8.106666666666666,-0.2733333333333333,54.199999999999996,3.2,3.93,Canada,2016A000011124,Percent,239.0,units,0.0,v733833,1.0,6.47,2.0,,,36.0,111.0,87.0,0.0,,2023-11-01
Toronto,Three bedroom units,2023,12,2168.0,5.17741935483871,0.21612903225806443,80.3,9.8,2.7193548387096773,Canada,2016A000011124,Percent,239.0,units,0.0,v733833,1.0,6.39,2.0,,,36.0,111.0,87.0,0.0,,2023-12-01
Toronto,Three bedroom units,2023,12,2061.0,5.17741935483871,0.21612903225806443,80.3,9.8,2.7193548387096773,Canada,2016A000011124,Percent,239.0,units,0.0,v733833,1.0,6.39,2.0,,,36.0,111.0,87.0,0.0,,2023-12-01
Toronto,Three bedroom units,2023,12,2191.0,5.17741935483871,0.21612903225806443,80.3,9.8,2.7193548387096773,Canada,2016A000011124,Percent,239.0,units,0.0,v733833,1.0,6.39,2.0,,,36.0,111.0,87.0,0.0,,2023-12-01
Toronto,Three bedroom units,2023,12,2203.0,5.17741935483871,0.21612903225806443,80.3,9.8,2.7193548387096773,Canada,2016A000011124,Percent,239.0,units,0.0,v733833,1.0,6.39,2.0,,,36.0,111.0,87.0,0.0,,2023-12-01
Toronto,Three bedroom units,2024,1,2185.0,0.3419354838709677,-4.54516129032258,99.6,27.4,-2.109677419354839,Canada,2016A000011124,Percent,239.0,units,0.0,v733833,1.0,6.31,2.0,,,,,,,,2024-01-01
Toronto,Three bedroom units,2024,1,1990.0,0.3419354838709677,-4.54516129032258,99.6,27.4,-2.109677419354839,Canada,2016A000011124,Percent,239.0,units,0.0,v733833,1.0,6.31,2.0,,,,,,,,2024-01-01
Toronto,Three bedroom units,2024,1,2225.0,0.3419354838709677,-4.54516129032258,99.6,27.4,-2.109677419354839,Canada,2016A000011124,Percent,239.0,units,0.0,v733833,1.0,6.31,2.0,,,,,,,,2024-01-01
Toronto,Three bedroom units,2024,1,2221.0,0.3419354838709677,-4.54516129032258,99.6,27.4,-2.109677419354839,Canada,2016A000011124,Percent,239.0,units,0.0,v733833,1.0,6.31,2.0,,,,,,,,2024-01-01
Toronto,Three bedroom units,2024,2,2185.0,4.827586206896552,-4.5103448275862075,33.6,8.200000000000001,0.15862068965517243,Canada,2016A000011124,Percent,239.0,units,0.0,v733833,1.0,6.15,2.0,,,,,,,,2024-02-01
Toronto,Three bedroom units,2024,2,1990.0,4.827586206896552,-4.5103448275862075,33.6,8.200000000000001,0.15862068965517243,Canada,2016A000011124,Percent,239.0,units,0.0,v733833,1.0,6.15,2.0,,,,,,,,2024-02-01
Toronto,Three bedroom units,2024,2,2225.0,4.827586206896552,-4.5103448275862075,33.6,8.200000000000001,0.15862068965517243,Canada,2016A000011124,Percent,239.0,units,0.0,v733833,1.0,6.15,2.0,,,,,,,,2024-02-01
Toronto,Three bedroom units,2024,2,2221.0,4.827586206896552,-4.5103448275862075,33.6,8.200000000000001,0.15862068965517243,Canada,2016A000011124,Percent,239.0,units,0.0,v733833,1.0,6.15,2.0,,,,,,,,2024-02-01
Toronto,Three bedroom units,2024,3,2185.0,8.058064516129031,-0.7064516129032259,56.7,18.2,3.6903225806451614,Canada,2016A000011124,Percent,239.0,units,0.0,v733833,1.0,6.13,2.0,,,,,,,,2024-03-01
Toronto,Three bedroom units,2024,3,1990.0,8.058064516129031,-0.7064516129032259,56.7,18.2,3.6903225806451614,Canada,2016A000011124,Percent,239.0,units,0.0,v733833,1.0,6.13,2.0,,,,,,,,2024-03-01
Toronto,Three bedroom units,2024,3,2225.0,8.058064516129031,-0.7064516129032259,56.7,18.2,3.6903225806451614,Canada,2016A000011124,Percent,239.0,units,0.0,v733833,1.0,6.13,2.0,,,,,,,,2024-03-01
Toronto,Three bedroom units,2024,3,2221.0,8.058064516129031,-0.7064516129032259,56.7,18.2,3.6903225806451614,Canada,2016A000011124,Percent,239.0,units,0.0,v733833,1.0,6.13,2.0,,,,,,,,2024-03-01
Toronto,Three bedroom units,2024,4,2185.0,12.863333333333333,4.113333333333333,135.5,0.2,8.51,Canada,2016A000011124,Percent,239.0,units,0.0,v733833,1.0,6.08,2.0,,,,,,,,2024-04-01
Toronto,Three bedroom units,2024,4,1990.0,12.863333333333333,4.113333333333333,135.5,0.2,8.51,Canada,2016A000011124,Percent,239.0,units,0.0,v733833,1.0,6.08,2.0,,,,,,,,2024-04-01
Toronto,Three bedroom units,2024,4,2225.0,12.863333333333333,4.113333333333333,135.5,0.2,8.51,Canada,2016A000011124,Percent,239.0,units,0.0,v733833,1.0,6.08,2.0,,,,,,,,2024-04-01
Toronto,Three bedroom units,2024,4,2221.0,12.863333333333333,4.113333333333333,135.5,0.2,8.51,Canada,2016A000011124,Percent,239.0,units,0.0,v733833,1.0,6.08,2.0,,,,,,,,2024-04-01
Toronto,Three bedroom units,2024,5,2185.0,21.403225806451612,11.351612903225806,76.8,0.0,16.403225806451612,Canada,2016A000011124,Percent,239.0,units,0.0,v733833,1.0,6.05,2.0,,,,,,,,2024-05-01
Toronto,Three bedroom units,2024,5,1990.0,21.403225806451612,11.351612903225806,76.8,0.0,16.403225806451612,Canada,2016A000011124,Percent,239.0,units,0.0,v733833,1.0,6.05,2.0,,,,,,,,2024-05-01
Toronto,Three bedroom units,2024,5,2225.0,21.403225806451612,11.351612903225806,76.8,0.0,16.403225806451612,Canada,2016A000011124,Percent,239.0,units,0.0,v733833,1.0,6.05,2.0,,,,,,,,2024-05-01
Toronto,Three bedroom units,2024,5,2221.0,21.403225806451612,11.351612903225806,76.8,0.0,16.403225806451612,Canada,2016A000011124,Percent,239.0,units,0.0,v733833,1.0,6.05,2.0,,,,,,,,2024-05-01
Toronto,Three bedroom units,2024,6,2185.0,24.876666666666665,15.19,114.1,0.0,20.05666666666667,Canada,2016A000011124,Percent,239.0,units,0.0,v733833,1.0,5.98,2.0,,,,,,,,2024-06-01
Toronto,Three bedroom units,2024,6,1990.0,24.876666666666665,15.19,114.1,0.0,20.05666666666667,Canada,2016A000011124,Percent,239.0,units,0.0,v733833,1.0,5.98,2.0,,,,,,,,2024-06-01
Toronto,Three bedroom units,2024,6,2225.0,24.876666666666665,15.19,114.1,0.0,20.05666666666667,Canada,2016A000011124,Percent,239.0,units,0.0,v733833,1.0,5.98,2.0,,,,,,,,2024-06-01
Toronto,Three bedroom units,2024,6,2221.0,24.876666666666665,15.19,114.1,0.0,20.05666666666667,Canada,2016A000011124,Percent,239.0,units,0.0,v733833,1.0,5.98,2.0,,,,,,,,2024-06-01
Toronto,Three bedroom units,2024,7,2185.0,27.458064516129035,17.529032258064515,215.4,0.0,22.519354838709678,Canada,2016A000011124,Percent,239.0,units,0.0,v733833,1.0,5.91,2.0,,,,,,,,2024-07-01
Toronto,Three bedroom units,2024,7,1990.0,27.458064516129035,17.529032258064515,215.4,0.0,22.519354838709678,Canada,2016A000011124,Percent,239.0,units,0.0,v733833,1.0,5.91,2.0,,,,,,,,2024-07-01
Toronto,Three bedroom units,2024,7,2225.0,27.458064516129035,17.529032258064515,215.4,0.0,22.519354838709678,Canada,2016A000011124,Percent,239.0,units,0.0,v733833,1.0,5.91,2.0,,,,,,,,2024-07-01
Toronto,Three bedroom units,2024,7,2221.0,27.458064516129035,17.529032258064515,215.4,0.0,22.519354838709678,Canada,2016A000011124,Percent,239.0,units,0.0,v733833,1.0,5.91,2.0,,,,,,,,2024-07-01
Toronto,Three bedroom units,2024,8,2185.0,25.60660667530949,15.651570927037755,181.8,0.0,20.652202074187183,Canada,2016A000011124,Percent,239.0,units,0.0,v733833,1.0,5.73,2.0,,,,,,,,2024-08-01
Toronto,Three bedroom units,2024,8,1990.0,25.60660667530949,15.651570927037755,181.8,0.0,20.652202074187183,Canada,2016A000011124,Percent,239.0,units,0.0,v733833,1.0,5.73,2.0,,,,,,,,2024-08-01
Toronto,Three bedroom units,2024,8,2225.0,25.60660667530949,15.651570927037755,181.8,0.0,20.652202074187183,Canada,2016A000011124,Percent,239.0,units,0.0,v733833,1.0,5.73,2.0,,,,,,,,2024-08-01
Toronto,Three bedroom units,2024,8,2221.0,25.60660667530949,15.651570927037755,181.8,0.0,20.652202074187183,Canada,2016A000011124,Percent,239.0,units,0.0,v733833,1.0,5.73,2.0,,,,,,,,2024-08-01
Toronto,Three bedroom units,2024,9,2185.0,23.716666666666665,13.863333333333333,98.5,0.0,18.816666666666666,Canada,2016A000011124,Percent,239.0,units,0.0,v733833,1.0,5.55,2.0,,,,,,,,2024-09-01
Toronto,Three bedroom units,2024,9,1990.0,23.716666666666665,13.863333333333333,98.5,0.0,18.816666666666666,Canada,2016A000011124,Percent,239.0,units,0.0,v733833,1.0,5.55,2.0,,,,,,,,2024-09-01
Toronto,Three bedroom units,2024,9,2225.0,23.716666666666665,13.863333333333333,98.5,0.0,18.816666666666666,Canada,2016A000011124,Percent,239.0,units,0.0,v733833,1.0,5.55,2.0,,,,,,,,2024-09-01
Toronto,Three bedroom units,2024,9,2221.0,23.716666666666665,13.863333333333333,98.5,0.0,18.816666666666666,Canada,2016A000011124,Percent,239.0,units,0.0,v733833,1.0,5.55,2.0,,,,,,,,2024-09-01
Toronto,Three bedroom units,2024,10,2185.0,17.322580645161292,6.261290322580645,29.5,0.0,11.819354838709677,Canada,2016A000011124,Percent,239.0,units,0.0,v733833,1.0,5.44,2.0,,,,,,,,2024-10-01
Toronto,Three bedroom units,2024,10,1990.0,17.322580645161292,6.261290322580645,29.5,0.0,11.819354838709677,Canada,2016A000011124,Percent,239.0,units,0.0,v733833,1.0,5.44,2.0,,,,,,,,2024-10-01
Toronto,Three bedroom units,2024,10,2225.0,17.322580645161292,6.261290322580645,29.5,0.0,11.819354838709677,Canada,2016A000011124,Percent,239.0,units,0.0,v733833,1.0,5.44,2.0,,,,,,,,2024-10-01
Toronto,Three bedroom units,2024,10,2221.0,17.322580645161292,6.261290322580645,29.5,0.0,11.819354838709677,Canada,2016A000011124,Percent,239.0,units,0.0,v733833,1.0,5.44,2.0,,,,,,,,2024-10-01
Toronto,Three bedroom units,2024,11,2185.0,10.053333333333335,2.4466666666666668,39.300000000000004,0.2,6.276666666666667,Canada,2016A000011124,Percent,239.0,units,0.0,v733833,1.0,5.38,2.0,,,,,,,,2024-11-01
Toronto,Three bedroom units,2024,11,1990.0,10.053333333333335,2.4466666666666668,39.300000000000004,0.2,6.276666666666667,Canada,2016A000011124,Percent,239.0,units,0.0,v733833,1.0,5.38,2.0,,,,,,,,2024-11-01
Toronto,Three bedroom units,2024,11,2225.0,10.053333333333335,2.4466666666666668,39.300000000000004,0.2,6.276666666666667,Canada,2016A000011124,Percent,239.0,units,0.0,v733833,1.0,5.38,2.0,,,,,,,,2024-11-01
Toronto,Three bedroom units,2024,11,2221.0,10.053333333333335,2.4466666666666668,39.300000000000004,0.2,6.276666666666667,Canada,2016A000011124,Percent,239.0,units,0.0,v733833,1.0,5.38,2.0,,,,,,,,2024-11-01
Toronto,Three bedroom units,2024,12,2185.0,2.5,-3.725806451612903,64.4,22.2,-0.6129032258064516,Canada,2016A000011124,Percent,239.0,units,0.0,v733833,1.0,5.35,2.0,,,,,,,,2024-12-01
Toronto,Three bedroom units,2024,12,1990.0,2.5,-3.725806451612903,64.4,22.2,-0.6129032258064516,Canada,2016A000011124,Percent,239.0,units,0.0,v733833,1.0,5.35,2.0,,,,,,,,2024-12-01
Toronto,Three bedroom units,2024,12,2225.0,2.5,-3.725806451612903,64.4,22.2,-0.6129032258064516,Canada,2016A000011124,Percent,239.0,units,0.0,v733833,1.0,5.35,2.0,,,,,,,,2024-12-01
Toronto,Three bedroom units,2024,12,2221.0,2.5,-3.725806451612903,64.4,22.2,-0.6129032258064516,Canada,2016A000011124,Percent,239.0,units,0.0,v733833,1.0,5.35,2.0,,,,,,,,2024-12-01
Calgary,Bachelor units,2018,1,877.0,-0.070967741935484,-12.219799196787148,8.5,11.0,-5.871112838450577,,,,,,,,,,,6.4,22.0,,,,,,2018-01-01
Calgary,Bachelor units,2018,1,920.0,-0.070967741935484,-12.219799196787148,8.5,11.0,-5.871112838450577,,,,,,,,,,,6.4,22.0,,,,,,2018-01-01
Calgary,Bachelor units,2018,1,879.0,-0.070967741935484,-12.219799196787148,8.5,11.0,-5.871112838450577,,,,,,,,,,,6.4,22.0,,,,,,2018-01-01
Calgary,Bachelor units,2018,1,881.0,-0.070967741935484,-12.219799196787148,8.5,11.0,-5.871112838450577,,,,,,,,,,,6.4,22.0,,,,,,2018-01-01
Calgary,Bachelor units,2018,2,877.0,-5.875,-17.243349110728627,37.8,43.3,-11.046589213998853,,,,,,,,,,,6.4,22.0,,,,,,2018-02-01
Calgary,Bachelor units,2018,2,920.0,-5.875,-17.243349110728627,37.8,43.3,-11.046589213998853,,,,,,,,,,,6.4,22.0,,,,,,2018-02-01
Calgary,Bachelor units,2018,2,879.0,-5.875,-17.243349110728627,37.8,43.3,-11.046589213998853,,,,,,,,,,,6.4,22.0,,,,,,2018-02-01
Calgary,Bachelor units,2018,2,881.0,-5.875,-17.243349110728627,37.8,43.3,-11.046589213998853,,,,,,,,,,,6.4,22.0,,,,,,2018-02-01
Calgary,Bachelor units,2018,3,877.0,0.1387096774193548,-10.383870967741935,35.3,41.9,-5.141935483870968,,,,,,,,,,,6.4,22.0,,,,,,2018-03-01
Calgary,Bachelor units,2018,3,920.0,0.1387096774193548,-10.383870967741935,35.3,41.9,-5.141935483870968,,,,,,,,,,,6.4,22.0,,,,,,2018-03-01
Calgary,Bachelor units,2018,3,879.0,0.1387096774193548,-10.383870967741935,35.3,41.9,-5.141935483870968,,,,,,,,,,,6.4,22.0,,,,,,2018-03-01
Calgary,Bachelor units,2018,3,881.0,0.1387096774193548,-10.383870967741935,35.3,41.9,-5.141935483870968,,,,,,,,,,,6.4,22.0,,,,,,2018-03-01
Calgary,Bachelor units,2018,4,877.0,7.38,-4.223333333333334,29.7,24.799999999999997,1.5866666666666667,,,,,,,,,,,6.4,22.0,,,,,,2018-04-01
Calgary,Bachelor units,2018,4,920.0,7.38,-4.223333333333334,29.7,24.799999999999997,1.5866666666666667,,,,,,,,,,,6.4,22.0,,,,,,2018-04-01
Calgary,Bachelor units,2018,4,879.0,7.38,-4.223333333333334,29.7,24.799999999999997,1.5866666666666667,,,,,,,,,,,6.4,22.0,,,,,,2018-04-01
Calgary,Bachelor units,2018,4,881.0,7.38,-4.223333333333334,29.7,24.799999999999997,1.5866666666666667,,,,,,,,,,,6.4,22.0,,,,,,2018-04-01
Calgary,Bachelor units,2018,5,877.0,21.125806451612902,6.873304832232154,32.5,0.0,13.73841948438917,,,,,,,,,,,6.4,22.0,,,,,,2018-05-01
Calgary,Bachelor units,2018,5,920.0,21.125806451612902,6.873304832232154,32.5,0.0,13.73841948438917,,,,,,,,,,,6.4,22.0,,,,,,2018-05-01
Calgary,Bachelor units,2018,5,879.0,21.125806451612902,6.873304832232154,32.5,0.0,13.73841948438917,,,,,,,,,,,6.4,22.0,,,,,,2018-05-01
Calgary,Bachelor units,2018,5,881.0,21.125806451612902,6.873304832232154,32.5,0.0,13.73841948438917,,,,,,,,,,,6.4,22.0,,,,,,2018-05-01
Calgary,Bachelor units,2018,6,877.0,21.613333333333333,8.059081659973225,67.7,0.0,14.546366800535475,,,,,,,,,,,6.4,22.0,,,,,,2018-06-01
Calgary,Bachelor units,2018,6,920.0,21.613333333333333,8.059081659973225,67.7,0.0,14.546366800535475,,,,,,,,,,,6.4,22.0,,,,,,2018-06-01
Calgary,Bachelor units,2018,6,879.0,21.613333333333333,8.059081659973225,67.7,0.0,14.546366800535475,,,,,,,,,,,6.4,22.0,,,,,,2018-06-01
Calgary,Bachelor units,2018,6,881.0,21.613333333333333,8.059081659973225,67.7,0.0,14.546366800535475,,,,,,,,,,,6.4,22.0,,,,,,2018-06-01
Calgary,Bachelor units,2018,7,877.0,24.932258064516127,10.625806451612902,34.800000000000004,0.0,17.799999999999997,,,,,,,,,,,6.4,22.0,,,,,,2018-07-01
Calgary,Bachelor units,2018,7,920.0,24.932258064516127,10.625806451612902,34.800000000000004,0.0,17.799999999999997,,,,,,,,,,,6.4,22.0,,,,,,2018-07-01
Calgary,Bachelor units,2018,7,879.0,24.932258064516127,10.625806451612902,34.800000000000004,0.0,17.799999999999997,,,,,,,,,,,6.4,22.0,,,,,,2018-07-01
Calgary,Bachelor units,2018,7,881.0,24.932258064516127,10.625806451612902,34.800000000000004,0.0,17.799999999999997,,,,,,,,,,,6.4,22.0,,,,,,2018-07-01
Calgary,Bachelor units,2018,8,877.0,24.11935483870968,9.990322580645161,49.7,0.0,17.080645161290324,,,,,,,,,,,6.4,22.0,,,,,,2018-08-01
Calgary,Bachelor units,2018,8,920.0,24.11935483870968,9.990322580645161,49.7,0.0,17.080645161290324,,,,,,,,,,,6.4,22.0,,,,,,2018-08-01
Calgary,Bachelor units,2018,8,879.0,24.11935483870968,9.990322580645161,49.7,0.0,17.080645161290324,,,,,,,,,,,6.4,22.0,,,,,,2018-08-01
Calgary,Bachelor units,2018,8,881.0,24.11935483870968,9.990322580645161,49.7,0.0,17.080645161290324,,,,,,,,,,,6.4,22.0,,,,,,2018-08-01
Calgary,Bachelor units,2018,9,877.0,11.853333333333333,2.683333333333333,37.2,1.7999999999999998,7.286666666666666,,,,,,,,,,,6.4,22.0,,,,,,2018-09-01
Calgary,Bachelor units,2018,9,920.0,11.853333333333333,2.683333333333333,37.2,1.7999999999999998,7.286666666666666,,,,,,,,,,,6.4,22.0,,,,,,2018-09-01
Calgary,Bachelor units,2018,9,879.0,11.853333333333333,2.683333333333333,37.2,1.7999999999999998,7.286666666666666,,,,,,,,,,,6.4,22.0,,,,,,2018-09-01
Calgary,Bachelor units,2018,9,881.0,11.853333333333333,2.683333333333333,37.2,1.7999999999999998,7.286666666666666,,,,,,,,,,,6.4,22.0,,,,,,2018-09-01
Calgary,Bachelor units,2018,10,877.0,10.345161290322581,-2.045605648400052,48.2,48.39999999999999,4.125661355097811,,,,,,,,,,,6.4,22.0,,,,,,2018-10-01
Calgary,Bachelor units,2018,10,920.0,10.345161290322581,-2.045605648400052,48.2,48.39999999999999,4.125661355097811,,,,,,,,,,,6.4,22.0,,,,,,2018-10-01
Calgary,Bachelor units,2018,10,879.0,10.345161290322581,-2.045605648400052,48.2,48.39999999999999,4.125661355097811,,,,,,,,,,,6.4,22.0,,,,,,2018-10-01
Calgary,Bachelor units,2018,10,881.0,10.345161290322581,-2.045605648400052,48.2,48.39999999999999,4.125661355097811,,,,,,,,,,,6.4,22.0,,,,,,2018-10-01
Calgary,Bachelor units,2018,11,877.0,5.446052596449072,-5.543792503346721,30.2,27.9,-0.050149933065595835,Canada,2016A000011124,Percent,239.0,units,0.0,v733833,1.0,4.38,2.0,6.4,22.0,,,,,,2018-11-01
Calgary,Bachelor units,2018,11,920.0,5.446052596449072,-5.543792503346721,30.2,27.9,-0.050149933065595835,Canada,2016A000011124,Percent,239.0,units,0.0,v733833,1.0,4.38,2.0,6.4,22.0,,,,,,2018-11-01
Calgary,Bachelor units,2018,11,879.0,5.446052596449072,-5.543792503346721,30.2,27.9,-0.050149933065595835,Canada,2016A000011124,Percent,239.0,units,0.0,v733833,1.0,4.38,2.0,6.4,22.0,,,,,,2018-11-01
Calgary,Bachelor units,2018,11,881.0,5.446052596449072,-5.543792503346721,30.2,27.9,-0.050149933065595835,Canada,2016A000011124,Percent,239.0,units,0.0,v733833,1.0,4.38,2.0,6.4,22.0,,,,,,2018-11-01
Calgary,Bachelor units,2018,12,877.0,2.647792835273296,-7.839154035496826,13.2,15.0,-2.6033709029667054,Canada,2016A000011124,Percent,239.0,units,0.0,v733833,1.0,4.59,2.0,6.4,22.0,,,,,,2018-12-01
Calgary,Bachelor units,2018,12,920.0,2.647792835273296,-7.839154035496826,13.2,15.0,-2.6033709029667054,Canada,2016A000011124,Percent,239.0,units,0.0,v733833,1.0,4.59,2.0,6.4,22.0,,,,,,2018-12-01
Calgary,Bachelor units,2018,12,879.0,2.647792835273296,-7.839154035496826,13.2,15.0,-2.6033709029667054,Canada,2016A000011124,Percent,239.0,units,0.0,v733833,1.0,4.59,2.0,6.4,22.0,,,,,,2018-12-01
Calgary,Bachelor units,2018,12,881.0,2.647792835273296,-7.839154035496826,13.2,15.0,-2.6033709029667054,Canada,2016A000011124,Percent,239.0,units,0.0,v733833,1.0,4.59,2.0,6.4,22.0,,,,,,2018-12-01
Calgary,Bachelor units,2019,1,898.0,3.045161290322581,-9.419354838709678,8.9,10.2,-3.1967741935483875,Canada,2016A000011124,Percent,239.0,units,0.0,v733833,1.0,4.59,2.0,,,,,,,,2019-01-01
Calgary,Bachelor units,2019,1,920.0,3.045161290322581,-9.419354838709678,8.9,10.2,-3.1967741935483875,Canada,2016A000011124,Percent,239.0,units,0.0,v733833,1.0,4.59,2.0,,,,,,,,2019-01-01
Calgary,Bachelor units,2019,1,899.0,3.045161290322581,-9.419354838709678,8.9,10.2,-3.1967741935483875,Canada,2016A000011124,Percent,239.0,units,0.0,v733833,1.0,4.59,2.0,,,,,,,,2019-01-01
Calgary,Bachelor units,2019,1,902.0,3.045161290322581,-9.419354838709678,8.9,10.2,-3.1967741935483875,Canada,2016A000011124,Percent,239.0,units,0.0,v733833,1.0,4.59,2.0,,,,,,,,2019-01-01
Calgary,Bachelor units,2019,2,898.0,-13.382142857142856,-22.99642857142857,28.7,33.8,-18.210714285714285,Canada,2016A000011124,Percent,239.0,units,0.0,v733833,1.0,4.52,2.0,,,,,,,,2019-02-01
Calgary,Bachelor units,2019,2,920.0,-13.382142857142856,-22.99642857142857,28.7,33.8,-18.210714285714285,Canada,2016A000011124,Percent,239.0,units,0.0,v733833,1.0,4.52,2.0,,,,,,,,2019-02-01
Calgary,Bachelor units,2019,2,899.0,-13.382142857142856,-22.99642857142857,28.7,33.8,-18.210714285714285,Canada,2016A000011124,Percent,239.0,units,0.0,v733833,1.0,4.52,2.0,,,,,,,,2019-02-01
Calgary,Bachelor units,2019,2,902.0,-13.382142857142856,-22.99642857142857,28.7,33.8,-18.210714285714285,Canada,2016A000011124,Percent,239.0,units,0.0,v733833,1.0,4.52,2.0,,,,,,,,2019-02-01
Calgary,Bachelor units,2019,3,898.0,3.7032258064516133,-8.73225806451613,7.2,8.2,-2.5161290322580645,Canada,2016A000011124,Percent,239.0,units,0.0,v733833,1.0,4.44,2.0,,,,,,,,2019-03-01
Calgary,Bachelor units,2019,3,920.0,3.7032258064516133,-8.73225806451613,7.2,8.2,-2.5161290322580645,Canada,2016A000011124,Percent,239.0,units,0.0,v733833,1.0,4.44,2.0,,,,,,,,2019-03-01
Calgary,Bachelor units,2019,3,899.0,3.7032258064516133,-8.73225806451613,7.2,8.2,-2.5161290322580645,Canada,2016A000011124,Percent,239.0,units,0.0,v733833,1.0,4.44,2.0,,,,,,,,2019-03-01
Calgary,Bachelor units,2019,3,902.0,3.7032258064516133,-8.73225806451613,7.2,8.2,-2.5161290322580645,Canada,2016A000011124,Percent,239.0,units,0.0,v733833,1.0,4.44,2.0,,,,,,,,2019-03-01
Calgary,Bachelor units,2019,4,898.0,11.482719263115738,-0.9804591700133869,18.2,16.9,5.279850066934404,Canada,2016A000011124,Percent,239.0,units,0.0,v733833,1.0,4.33,2.0,,,,,,,,2019-04-01
Calgary,Bachelor units,2019,4,920.0,11.482719263115738,-0.9804591700133869,18.2,16.9,5.279850066934404,Canada,2016A000011124,Percent,239.0,units,0.0,v733833,1.0,4.33,2.0,,,,,,,,2019-04-01
Calgary,Bachelor units,2019,4,899.0,11.482719263115738,-0.9804591700133869,18.2,16.9,5.279850066934404,Canada,2016A000011124,Percent,239.0,units,0.0,v733833,1.0,4.33,2.0,,,,,,,,2019-04-01
Calgary,Bachelor units,2019,4,902.0,11.482719263115738,-0.9804591700133869,18.2,16.9,5.279850066934404,Canada,2016A000011124,Percent,239.0,units,0.0,v733833,1.0,4.33,2.0,,,,,,,,2019-04-01
Calgary,Bachelor units,2019,5,898.0,14.661290322580646,3.4129032258064513,45.5,7.7,9.058064516129033,Canada,2016A000011124,Percent,239.0,units,0.0,v733833,1.0,4.3,2.0,,,,,,,,2019-05-01
Calgary,Bachelor units,2019,5,920.0,14.661290322580646,3.4129032258064513,45.5,7.7,9.058064516129033,Canada,2016A000011124,Percent,239.0,units,0.0,v733833,1.0,4.3,2.0,,,,,,,,2019-05-01
Calgary,Bachelor units,2019,5,899.0,14.661290322580646,3.4129032258064513,45.5,7.7,9.058064516129033,Canada,2016A000011124,Percent,239.0,units,0.0,v733833,1.0,4.3,2.0,,,,,,,,2019-05-01
Calgary,Bachelor units,2019,5,902.0,14.661290322580646,3.4129032258064513,45.5,7.7,9.058064516129033,Canada,2016A000011124,Percent,239.0,units,0.0,v733833,1.0,4.3,2.0,,,,,,,,2019-05-01
Calgary,Bachelor units,2019,6,898.0,18.884210385796287,6.7414966532797855,134.2,0.0,12.836066934404283,Canada,2016A000011124,Percent,239.0,units,0.0,v733833,1.0,4.23,2.0,,,,,,,,2019-06-01
Calgary,Bachelor units,2019,6,920.0,18.884210385796287,6.7414966532797855,134.2,0.0,12.836066934404283,Canada,2016A000011124,Percent,239.0,units,0.0,v733833,1.0,4.23,2.0,,,,,,,,2019-06-01
Calgary,Bachelor units,2019,6,899.0,18.884210385796287,6.7414966532797855,134.2,0.0,12.836066934404283,Canada,2016A000011124,Percent,239.0,units,0.0,v733833,1.0,4.23,2.0,,,,,,,,2019-06-01
Calgary,Bachelor units,2019,6,902.0,18.884210385796287,6.7414966532797855,134.2,0.0,12.836066934404283,Canada,2016A000011124,Percent,239.0,units,0.0,v733833,1.0,4.23,2.0,,,,,,,,2019-06-01
Calgary,Bachelor units,2019,7,898.0,21.957470254628134,10.160845964503173,83.5,0.0,16.086951677678456,Canada,2016A000011124,Percent,239.0,units,0.0,v733833,1.0,4.14,2.0,,,,,,,,2019-07-01
Calgary,Bachelor units,2019,7,920.0,21.957470254628134,10.160845964503173,83.5,0.0,16.086951677678456,Canada,2016A000011124,Percent,239.0,units,0.0,v733833,1.0,4.14,2.0,,,,,,,,2019-07-01
Calgary,Bachelor units,2019,7,899.0,21.957470254628134,10.160845964503173,83.5,0.0,16.086951677678456,Canada,2016A000011124,Percent,239.0,units,0.0,v733833,1.0,4.14,2.0,,,,,,,,2019-07-01
Calgary,Bachelor units,2019,7,902.0,21.957470254628134,10.160845964503173,83.5,0.0,16.086951677678456,Canada,2016A000011124,Percent,239.0,units,0.0,v733833,1.0,4.14,2.0,,,,,,,,2019-07-01
Calgary,Bachelor units,2019,8,898.0,22.161290322580644,10.248387096774193,59.5,0.0,16.225806451612904,Canada,2016A000011124,Percent,239.0,units,0.0,v733833,1.0,4.08,2.0,,,,,,,,2019-08-01
Calgary,Bachelor units,2019,8,920.0,22.161290322580644,10.248387096774193,59.5,0.0,16.225806451612904,Canada,2016A000011124,Percent,239.0,units,0.0,v733833,1.0,4.08,2.0,,,,,,,,2019-08-01
Calgary,Bachelor units,2019,8,899.0,22.161290322580644,10.248387096774193,59.5,0.0,16.225806451612904,Canada,2016A000011124,Percent,239.0,units,0.0,v733833,1.0,4.08,2.0,,,,,,,,2019-08-01
Calgary,Bachelor units,2019,8,902.0,22.161290322580644,10.248387096774193,59.5,0.0,16.225806451612904,Canada,2016A000011124,Percent,239.0,units,0.0,v733833,1.0,4.08,2.0,,,,,,,,2019-08-01
Calgary,Bachelor units,2019,9,898.0,16.11,6.333333333333333,67.7,34.4,11.246666666666666,Canada,2016A000011124,Percent,239.0,units,0.0,v733833,1.0,4.07,2.0,,,,,,,,2019-09-01
Calgary,Bachelor units,2019,9,920.0,16.11,6.333333333333333,67.7,34.4,11.246666666666666,Canada,2016A000011124,Percent,239.0,units,0.0,v733833,1.0,4.07,2.0,,,,,,,,2019-09-01
Calgary,Bachelor units,2019,9,899.0,16.11,6.333333333333333,67.7,34.4,11.246666666666666,Canada,2016A000011124,Percent,239.0,units,0.0,v733833,1.0,4.07,2.0,,,,,,,,2019-09-01
Calgary,Bachelor units,2019,9,902.0,16.11,6.333333333333333,67.7,34.4,11.246666666666666,Canada,2016A000011124,Percent,239.0,units,0.0,v733833,1.0,4.07,2.0,,,,,,,,2019-09-01
Calgary,Bachelor units,2019,10,898.0,8.634889609466844,-3.2294766161419877,14.1,15.8,2.7159839357429716,Canada,2016A000011124,Percent,239.0,units,0.0,v733833,1.0,4.09,2.0,,,,,,,,2019-10-01
Calgary,Bachelor units,2019,10,920.0,8.634889609466844,-3.2294766161419877,14.1,15.8,2.7159839357429716,Canada,2016A000011124,Percent,239.0,units,0.0,v733833,1.0,4.09,2.0,,,,,,,,2019-10-01
Calgary,Bachelor units,2019,10,899.0,8.634889609466844,-3.2294766161419877,14.1,15.8,2.7159839357429716,Canada,2016A000011124,Percent,239.0,units,0.0,v733833,1.0,4.09,2.0,,,,,,,,2019-10-01
Calgary,Bachelor units,2019,10,902.0,8.634889609466844,-3.2294766161419877,14.1,15.8,2.7159839357429716,Canada,2016A000011124,Percent,239.0,units,0.0,v733833,1.0,4.09,2.0,,,,,,,,2019-10-01
Calgary,Bachelor units,2019,11,898.0,3.2766666666666664,-7.016666666666667,42.699999999999996,43.400000000000006,-1.8666666666666667,Canada,2016A000011124,Percent,239.0,units,0.0,v733833,1.0,4.09,2.0,,,,,,,,2019-11-01
Calgary,Bachelor units,2019,11,920.0,3.2766666666666664,-7.016666666666667,42.699999999999996,43.400000000000006,-1.8666666666666667,Canada,2016A000011124,Percent,239.0,units,0.0,v733833,1.0,4.09,2.0,,,,,,,,2019-11-01
Calgary,Bachelor units,2019,11,899.0,3.2766666666666664,-7.016666666666667,42.699999999999996,43.400000000000006,-1.8666666666666667,Canada,2016A000011124,Percent,239.0,units,0.0,v733833,1.0,4.09,2.0,,,,,,,,2019-11-01
Calgary,Bachelor units,2019,11,902.0,3.2766666666666664,-7.016666666666667,42.699999999999996,43.400000000000006,-1.8666666666666667,Canada,2016A000011124,Percent,239.0,units,0.0,v733833,1.0,4.09,2.0,,,,,,,,2019-11-01
Calgary,Bachelor units,2019,12,898.0,0.20322580645161278,-9.712903225806452,15.6,20.5,-4.761290322580645,Canada,2016A000011124,Percent,239.0,units,0.0,v733833,1.0,4.08,2.0,,,,,,,,2019-12-01
Calgary,Bachelor units,2019,12,920.0,0.20322580645161278,-9.712903225806452,15.6,20.5,-4.761290322580645,Canada,2016A000011124,Percent,239.0,units,0.0,v733833,1.0,4.08,2.0,,,,,,,,2019-12-01
Calgary,Bachelor units,2019,12,899.0,0.20322580645161278,-9.712903225806452,15.6,20.5,-4.761290322580645,Canada,2016A000011124,Percent,239.0,units,0.0,v733833,1.0,4.08,2.0,,,,,,,,2019-12-01
Calgary,Bachelor units,2019,12,902.0,0.20322580645161278,-9.712903225806452,15.6,20.5,-4.761290322580645,Canada,2016A000011124,Percent,239.0,units,0.0,v733833,1.0,4.08,2.0,,,,,,,,2019-12-01
Calgary,Bachelor units,2020,1,881.0,-2.974787809887995,-13.242379841948438,3.0,3.9,-8.11949993522477,Canada,2016A000011124,Percent,239.0,units,0.0,v733833,1.0,4.08,2.0,,,,,,,,2020-01-01
Calgary,Bachelor units,2020,1,920.0,-2.974787809887995,-13.242379841948438,3.0,3.9,-8.11949993522477,Canada,2016A000011124,Percent,239.0,units,0.0,v733833,1.0,4.08,2.0,,,,,,,,2020-01-01
Calgary,Bachelor units,2020,1,883.0,-2.974787809887995,-13.242379841948438,3.0,3.9,-8.11949993522477,Canada,2016A000011124,Percent,239.0,units,0.0,v733833,1.0,4.08,2.0,,,,,,,,2020-01-01
Calgary,Bachelor units,2020,1,886.0,-2.974787809887995,-13.242379841948438,3.0,3.9,-8.11949993522477,Canada,2016A000011124,Percent,239.0,units,0.0,v733833,1.0,4.08,2.0,,,,,,,,2020-01-01
Calgary,Bachelor units,2020,2,881.0,2.386206896551724,-8.96896551724138,19.9,21.5,-3.3034482758620687,Canada,2016A000011124,Percent,239.0,units,0.0,v733833,1.0,4.08,2.0,,,,,,,,2020-02-01
Calgary,Bachelor units,2020,2,920.0,2.386206896551724,-8.96896551724138,19.9,21.5,-3.3034482758620687,Canada,2016A000011124,Percent,239.0,units,0.0,v733833,1.0,4.08,2.0,,,,,,,,2020-02-01
Calgary,Bachelor units,2020,2,883.0,2.386206896551724,-8.96896551724138,19.9,21.5,-3.3034482758620687,Canada,2016A000011124,Percent,239.0,units,0.0,v733833,1.0,4.08,2.0,,,,,,,,2020-02-01
Calgary,Bachelor units,2020,2,886.0,2.386206896551724,-8.96896551724138,19.9,21.5,-3.3034482758620687,Canada,2016A000011124,Percent,239.0,units,0.0,v733833,1.0,4.08,2.0,,,,,,,,2020-02-01
Calgary,Bachelor units,2020,3,881.0,1.6735992868861989,-9.442379841948439,26.400000000000002,28.8,-3.890467677160254,Canada,2016A000011124,Percent,239.0,units,0.0,v733833,1.0,3.9,2.0,,,,,,,,2020-03-01
Calgary,Bachelor units,2020,3,920.0,1.6735992868861989,-9.442379841948439,26.400000000000002,28.8,-3.890467677160254,Canada,2016A000011124,Percent,239.0,units,0.0,v733833,1.0,3.9,2.0,,,,,,,,2020-03-01
Calgary,Bachelor units,2020,3,883.0,1.6735992868861989,-9.442379841948439,26.400000000000002,28.8,-3.890467677160254,Canada,2016A000011124,Percent,239.0,units,0.0,v733833,1.0,3.9,2.0,,,,,,,,2020-03-01
Calgary,Bachelor units,2020,3,886.0,1.6735992868861989,-9.442379841948439,26.400000000000002,28.8,-3.890467677160254,Canada,2016A000011124,Percent,239.0,units,0.0,v733833,1.0,3.9,2.0,,,,,,,,2020-03-01
Calgary,Bachelor units,2020,4,881.0,8.143333333333334,-2.8766666666666665,25.900000000000002,22.4,2.646666666666667,Canada,2016A000011124,Percent,239.0,units,0.0,v733833,1.0,3.95,2.0,,,,,,,,2020-04-01
Calgary,Bachelor units,2020,4,920.0,8.143333333333334,-2.8766666666666665,25.900000000000002,22.4,2.646666666666667,Canada,2016A000011124,Percent,239.0,units,0.0,v733833,1.0,3.95,2.0,,,,,,,,2020-04-01
Calgary,Bachelor units,2020,4,883.0,8.143333333333334,-2.8766666666666665,25.900000000000002,22.4,2.646666666666667,Canada,2016A000011124,Percent,239.0,units,0.0,v733833,1.0,3.95,2.0,,,,,,,,2020-04-01
Calgary,Bachelor units,2020,4,886.0,8.143333333333334,-2.8766666666666665,25.900000000000002,22.4,2.646666666666667,Canada,2016A000011124,Percent,239.0,units,0.0,v733833,1.0,3.95,2.0,,,,,,,,2020-04-01
Calgary,Bachelor units,2020,5,881.0,15.76774193548387,3.670967741935484,110.6,0.0,9.751612903225807,Canada,2016A000011124,Percent,239.0,units,0.0,v733833,1.0,3.86,2.0,,,,,,,,2020-05-01
Calgary,Bachelor units,2020,5,920.0,15.76774193548387,3.670967741935484,110.6,0.0,9.751612903225807,Canada,2016A000011124,Percent,239.0,units,0.0,v733833,1.0,3.86,2.0,,,,,,,,2020-05-01
Calgary,Bachelor units,2020,5,883.0,15.76774193548387,3.670967741935484,110.6,0.0,9.751612903225807,Canada,2016A000011124,Percent,239.0,units,0.0,v733833,1.0,3.86,2.0,,,,,,,,2020-05-01
Calgary,Bachelor units,2020,5,886.0,15.76774193548387,3.670967741935484,110.6,0.0,9.751612903225807,Canada,2016A000011124,Percent,239.0,units,0.0,v733833,1.0,3.86,2.0,,,,,,,,2020-05-01
Calgary,Bachelor units,2020,6,881.0,19.172105192898144,8.099081659973226,171.8,0.0,13.663033467202142,Canada,2016A000011124,Percent,239.0,units,0.0,v733833,1.0,3.77,2.0,,,,,,,,2020-06-01
Calgary,Bachelor units,2020,6,920.0,19.172105192898144,8.099081659973226,171.8,0.0,13.663033467202142,Canada,2016A000011124,Percent,239.0,units,0.0,v733833,1.0,3.77,2.0,,,,,,,,2020-06-01
Calgary,Bachelor units,2020,6,883.0,19.172105192898144,8.099081659973226,171.8,0.0,13.663033467202142,Canada,2016A000011124,Percent,239.0,units,0.0,v733833,1.0,3.77,2.0,,,,,,,,2020-06-01
Calgary,Bachelor units,2020,6,886.0,19.172105192898144,8.099081659973226,171.8,0.0,13.663033467202142,Canada,2016A000011124,Percent,239.0,units,0.0,v733833,1.0,3.77,2.0,,,,,,,,2020-06-01
Calgary,Bachelor units,2020,7,881.0,22.014940509256267,10.557175799974091,81.5,0.0,16.312613032776266,Canada,2016A000011124,Percent,239.0,units,0.0,v733833,1.0,3.64,2.0,,,,,,,,2020-07-01
Calgary,Bachelor units,2020,7,920.0,22.014940509256267,10.557175799974091,81.5,0.0,16.312613032776266,Canada,2016A000011124,Percent,239.0,units,0.0,v733833,1.0,3.64,2.0,,,,,,,,2020-07-01
Calgary,Bachelor units,2020,7,883.0,22.014940509256267,10.557175799974091,81.5,0.0,16.312613032776266,Canada,2016A000011124,Percent,239.0,units,0.0,v733833,1.0,3.64,2.0,,,,,,,,2020-07-01
Calgary,Bachelor units,2020,7,886.0,22.014940509256267,10.557175799974091,81.5,0.0,16.312613032776266,Canada,2016A000011124,Percent,239.0,units,0.0,v733833,1.0,3.64,2.0,,,,,,,,2020-07-01
Calgary,Bachelor units,2020,8,881.0,24.440746960869173,10.215240316103122,15.0,0.0,17.354548516647235,Canada,2016A000011124,Percent,239.0,units,0.0,v733833,1.0,3.57,2.0,,,,,,,,2020-08-01
Calgary,Bachelor units,2020,8,920.0,24.440746960869173,10.215240316103122,15.0,0.0,17.354548516647235,Canada,2016A000011124,Percent,239.0,units,0.0,v733833,1.0,3.57,2.0,,,,,,,,2020-08-01
Calgary,Bachelor units,2020,8,883.0,24.440746960869173,10.215240316103122,15.0,0.0,17.354548516647235,Canada,2016A000011124,Percent,239.0,units,0.0,v733833,1.0,3.57,2.0,,,,,,,,2020-08-01
Calgary,Bachelor units,2020,8,886.0,24.440746960869173,10.215240316103122,15.0,0.0,17.354548516647235,Canada,2016A000011124,Percent,239.0,units,0.0,v733833,1.0,3.57,2.0,,,,,,,,2020-08-01
Calgary,Bachelor units,2020,9,881.0,19.62,6.736666666666666,20.5,0.0,13.2,Canada,2016A000011124,Percent,239.0,units,0.0,v733833,1.0,3.51,2.0,,,,,,,,2020-09-01
Calgary,Bachelor units,2020,9,920.0,19.62,6.736666666666666,20.5,0.0,13.2,Canada,2016A000011124,Percent,239.0,units,0.0,v733833,1.0,3.51,2.0,,,,,,,,2020-09-01
Calgary,Bachelor units,2020,9,883.0,19.62,6.736666666666666,20.5,0.0,13.2,Canada,2016A000011124,Percent,239.0,units,0.0,v733833,1.0,3.51,2.0,,,,,,,,2020-09-01
Calgary,Bachelor units,2020,9,886.0,19.62,6.736666666666666,20.5,0.0,13.2,Canada,2016A000011124,Percent,239.0,units,0.0,v733833,1.0,3.51,2.0,,,,,,,,2020-09-01
Calgary,Bachelor units,2020,10,881.0,8.016129032258064,-1.8064516129032258,23.7,27.9,3.109677419354839,Canada,2016A000011124,Percent,239.0,units,0.0,v733833,1.0,3.45,2.0,,,,,,,,2020-10-01
Calgary,Bachelor units,2020,10,920.0,8.016129032258064,-1.8064516129032258,23.7,27.9,3.109677419354839,Canada,2016A000011124,Percent,239.0,units,0.0,v733833,1.0,3.45,2.0,,,,,,,,2020-10-01
Calgary,Bachelor units,2020,10,883.0,8.016129032258064,-1.8064516129032258,23.7,27.9,3.109677419354839,Canada,2016A000011124,Percent,239.0,units,0.0,v733833,1.0,3.45,2.0,,,,,,,,2020-10-01
Calgary,Bachelor units,2020,10,886.0,8.016129032258064,-1.8064516129032258,23.7,27.9,3.109677419354839,Canada,2016A000011124,Percent,239.0,units,0.0,v733833,1.0,3.45,2.0,,,,,,,,2020-10-01
Calgary,Bachelor units,2020,11,881.0,5.906666666666666,-6.286666666666666,17.9,18.2,-0.1966666666666666,Canada,2016A000011124,Percent,239.0,units,0.0,v733833,1.0,3.42,2.0,,,,,,,,2020-11-01
Calgary,Bachelor units,2020,11,920.0,5.906666666666666,-6.286666666666666,17.9,18.2,-0.1966666666666666,Canada,2016A000011124,Percent,239.0,units,0.0,v733833,1.0,3.42,2.0,,,,,,,,2020-11-01
Calgary,Bachelor units,2020,11,883.0,5.906666666666666,-6.286666666666666,17.9,18.2,-0.1966666666666666,Canada,2016A000011124,Percent,239.0,units,0.0,v733833,1.0,3.42,2.0,,,,,,,,2020-11-01
Calgary,Bachelor units,2020,11,886.0,5.906666666666666,-6.286666666666666,17.9,18.2,-0.1966666666666666,Canada,2016A000011124,Percent,239.0,units,0.0,v733833,1.0,3.42,2.0,,,,,,,,2020-11-01
Calgary,Bachelor units,2020,12,881.0,3.425806451612903,-8.23225806451613,37.5,39.6,-2.4096774193548387,Canada,2016A000011124,Percent,239.0,units,0.0,v733833,1.0,3.34,2.0,,,,,,,,2020-12-01
Calgary,Bachelor units,2020,12,920.0,3.425806451612903,-8.23225806451613,37.5,39.6,-2.4096774193548387,Canada,2016A000011124,Percent,239.0,units,0.0,v733833,1.0,3.34,2.0,,,,,,,,2020-12-01
Calgary,Bachelor units,2020,12,883.0,3.425806451612903,-8.23225806451613,37.5,39.6,-2.4096774193548387,Canada,2016A000011124,Percent,239.0,units,0.0,v733833,1.0,3.34,2.0,,,,,,,,2020-12-01
Calgary,Bachelor units,2020,12,886.0,3.425806451612903,-8.23225806451613,37.5,39.6,-2.4096774193548387,Canada,2016A000011124,Percent,239.0,units,0.0,v733833,1.0,3.34,2.0,,,,,,,,2020-12-01
Calgary,Bachelor units,2021,1,919.0,0.9903225806451613,-9.541935483870969,4.4,7.699999999999999,-4.287096774193548,Canada,2016A000011124,Percent,239.0,units,0.0,v733833,1.0,3.3,2.0,6.6,22.0,,,,,,2021-01-01
Calgary,Bachelor units,2021,1,920.0,0.9903225806451613,-9.541935483870969,4.4,7.699999999999999,-4.287096774193548,Canada,2016A000011124,Percent,239.0,units,0.0,v733833,1.0,3.3,2.0,6.6,22.0,,,,,,2021-01-01
Calgary,Bachelor units,2021,1,920.0,0.9903225806451613,-9.541935483870969,4.4,7.699999999999999,-4.287096774193548,Canada,2016A000011124,Percent,239.0,units,0.0,v733833,1.0,3.3,2.0,6.6,22.0,,,,,,2021-01-01
Calgary,Bachelor units,2021,1,923.0,0.9903225806451613,-9.541935483870969,4.4,7.699999999999999,-4.287096774193548,Canada,2016A000011124,Percent,239.0,units,0.0,v733833,1.0,3.3,2.0,6.6,22.0,,,,,,2021-01-01
Calgary,Bachelor units,2021,2,919.0,-4.4198309399851246,-14.426475903614458,27.9,33.8,-9.439767641996557,Canada,2016A000011124,Percent,239.0,units,0.0,v733833,1.0,3.25,2.0,6.6,22.0,,,,,,2021-02-01
Calgary,Bachelor units,2021,2,920.0,-4.4198309399851246,-14.426475903614458,27.9,33.8,-9.439767641996557,Canada,2016A000011124,Percent,239.0,units,0.0,v733833,1.0,3.25,2.0,6.6,22.0,,,,,,2021-02-01
Calgary,Bachelor units,2021,2,920.0,-4.4198309399851246,-14.426475903614458,27.9,33.8,-9.439767641996557,Canada,2016A000011124,Percent,239.0,units,0.0,v733833,1.0,3.25,2.0,6.6,22.0,,,,,,2021-02-01
Calgary,Bachelor units,2021,2,923.0,-4.4198309399851246,-14.426475903614458,27.9,33.8,-9.439767641996557,Canada,2016A000011124,Percent,239.0,units,0.0,v733833,1.0,3.25,2.0,6.6,22.0,,,,,,2021-02-01
Calgary,Bachelor units,2021,3,919.0,9.23692689291666,-3.5497201710066073,7.4,10.9,2.8608550330353673,Canada,2016A000011124,Percent,239.0,units,0.0,v733833,1.0,3.26,2.0,6.6,22.0,,,,,,2021-03-01
Calgary,Bachelor units,2021,3,920.0,9.23692689291666,-3.5497201710066073,7.4,10.9,2.8608550330353673,Canada,2016A000011124,Percent,239.0,units,0.0,v733833,1.0,3.26,2.0,6.6,22.0,,,,,,2021-03-01
Calgary,Bachelor units,2021,3,920.0,9.23692689291666,-3.5497201710066073,7.4,10.9,2.8608550330353673,Canada,2016A000011124,Percent,239.0,units,0.0,v733833,1.0,3.26,2.0,6.6,22.0,,,,,,2021-03-01
Calgary,Bachelor units,2021,3,923.0,9.23692689291666,-3.5497201710066073,7.4,10.9,2.8608550330353673,Canada,2016A000011124,Percent,239.0,units,0.0,v733833,1.0,3.26,2.0,6.6,22.0,,,,,,2021-03-01
Calgary,Bachelor units,2021,4,919.0,12.109385929782405,-2.4071258366800534,10.7,9.9,4.863183400267738,Canada,2016A000011124,Percent,239.0,units,0.0,v733833,1.0,3.25,2.0,6.6,22.0,,,,,,2021-04-01
Calgary,Bachelor units,2021,4,920.0,12.109385929782405,-2.4071258366800534,10.7,9.9,4.863183400267738,Canada,2016A000011124,Percent,239.0,units,0.0,v733833,1.0,3.25,2.0,6.6,22.0,,,,,,2021-04-01
Calgary,Bachelor units,2021,4,920.0,12.109385929782405,-2.4071258366800534,10.7,9.9,4.863183400267738,Canada,2016A000011124,Percent,239.0,units,0.0,v733833,1.0,3.25,2.0,6.6,22.0,,,,,,2021-04-01
Calgary,Bachelor units,2021,4,923.0,12.109385929782405,-2.4071258366800534,10.7,9.9,4.863183400267738,Canada,2016A000011124,Percent,239.0,units,0.0,v733833,1.0,3.25,2.0,6.6,22.0,,,,,,2021-04-01
Calgary,Bachelor units,2021,5,919.0,15.257470254628133,3.0672975774063995,35.0,7.8,9.186951677678456,Canada,2016A000011124,Percent,239.0,units,0.0,v733833,1.0,3.25,2.0,6.6,22.0,,,,,,2021-05-01
Calgary,Bachelor units,2021,5,920.0,15.257470254628133,3.0672975774063995,35.0,7.8,9.186951677678456,Canada,2016A000011124,Percent,239.0,units,0.0,v733833,1.0,3.25,2.0,6.6,22.0,,,,,,2021-05-01
Calgary,Bachelor units,2021,5,920.0,15.257470254628133,3.0672975774063995,35.0,7.8,9.186951677678456,Canada,2016A000011124,Percent,239.0,units,0.0,v733833,1.0,3.25,2.0,6.6,22.0,,,,,,2021-05-01
Calgary,Bachelor units,2021,5,923.0,15.257470254628133,3.0672975774063995,35.0,7.8,9.186951677678456,Canada,2016A000011124,Percent,239.0,units,0.0,v733833,1.0,3.25,2.0,6.6,22.0,,,,,,2021-05-01
Calgary,Bachelor units,2021,6,919.0,22.804824456013883,8.971955823293172,30.3,0.0,15.919550200803211,Canada,2016A000011124,Percent,239.0,units,0.0,v733833,1.0,3.26,2.0,6.6,22.0,,,,,,2021-06-01
Calgary,Bachelor units,2021,6,920.0,22.804824456013883,8.971955823293172,30.3,0.0,15.919550200803211,Canada,2016A000011124,Percent,239.0,units,0.0,v733833,1.0,3.26,2.0,6.6,22.0,,,,,,2021-06-01
Calgary,Bachelor units,2021,6,920.0,22.804824456013883,8.971955823293172,30.3,0.0,15.919550200803211,Canada,2016A000011124,Percent,239.0,units,0.0,v733833,1.0,3.26,2.0,6.6,22.0,,,,,,2021-06-01
Calgary,Bachelor units,2021,6,923.0,22.804824456013883,8.971955823293172,30.3,0.0,15.919550200803211,Canada,2016A000011124,Percent,239.0,units,0.0,v733833,1.0,3.26,2.0,6.6,22.0,,,,,,2021-06-01
Calgary,Bachelor units,2021,7,919.0,26.448387096774194,13.193548387096774,61.9,0.0,19.838709677419356,Canada,2016A000011124,Percent,239.0,units,0.0,v733833,1.0,3.2,2.0,6.6,22.0,,,,,,2021-07-01
Calgary,Bachelor units,2021,7,920.0,26.448387096774194,13.193548387096774,61.9,0.0,19.838709677419356,Canada,2016A000011124,Percent,239.0,units,0.0,v733833,1.0,3.2,2.0,6.6,22.0,,,,,,2021-07-01
Calgary,Bachelor units,2021,7,920.0,26.448387096774194,13.193548387096774,61.9,0.0,19.838709677419356,Canada,2016A000011124,Percent,239.0,units,0.0,v733833,1.0,3.2,2.0,6.6,22.0,,,,,,2021-07-01
Calgary,Bachelor units,2021,7,923.0,26.448387096774194,13.193548387096774,61.9,0.0,19.838709677419356,Canada,2016A000011124,Percent,239.0,units,0.0,v733833,1.0,3.2,2.0,6.6,22.0,,,,,,2021-07-01
Calgary,Bachelor units,2021,8,919.0,22.976230831836915,10.205562896748283,76.60000000000001,0.0,16.61906464567949,Canada,2016A000011124,Percent,239.0,units,0.0,v733833,1.0,3.2,2.0,6.6,22.0,,,,,,2021-08-01
Calgary,Bachelor units,2021,8,920.0,22.976230831836915,10.205562896748283,76.60000000000001,0.0,16.61906464567949,Canada,2016A000011124,Percent,239.0,units,0.0,v733833,1.0,3.2,2.0,6.6,22.0,,,,,,2021-08-01
Calgary,Bachelor units,2021,8,920.0,22.976230831836915,10.205562896748283,76.60000000000001,0.0,16.61906464567949,Canada,2016A000011124,Percent,239.0,units,0.0,v733833,1.0,3.2,2.0,6.6,22.0,,,,,,2021-08-01
Calgary,Bachelor units,2021,8,923.0,22.976230831836915,10.205562896748283,76.60000000000001,0.0,16.61906464567949,Canada,2016A000011124,Percent,239.0,units,0.0,v733833,1.0,3.2,2.0,6.6,22.0,,,,,,2021-08-01
Calgary,Bachelor units,2021,9,919.0,19.979385929782403,6.242874163319946,16.2,0.0,13.139850066934404,Canada,2016A000011124,Percent,239.0,units,0.0,v733833,1.0,3.22,2.0,6.6,22.0,,,,,,2021-09-01
Calgary,Bachelor units,2021,9,920.0,19.979385929782403,6.242874163319946,16.2,0.0,13.139850066934404,Canada,2016A000011124,Percent,239.0,units,0.0,v733833,1.0,3.22,2.0,6.6,22.0,,,,,,2021-09-01
Calgary,Bachelor units,2021,9,920.0,19.979385929782403,6.242874163319946,16.2,0.0,13.139850066934404,Canada,2016A000011124,Percent,239.0,units,0.0,v733833,1.0,3.22,2.0,6.6,22.0,,,,,,2021-09-01
Calgary,Bachelor units,2021,9,923.0,19.979385929782403,6.242874163319946,16.2,0.0,13.139850066934404,Canada,2016A000011124,Percent,239.0,units,0.0,v733833,1.0,3.22,2.0,6.6,22.0,,,,,,2021-09-01
Calgary,Bachelor units,2021,10,919.0,12.37741935483871,-0.732258064516129,25.9,4.2,5.851612903225806,Canada,2016A000011124,Percent,239.0,units,0.0,v733833,1.0,3.29,2.0,6.6,22.0,,,,,,2021-10-01
Calgary,Bachelor units,2021,10,920.0,12.37741935483871,-0.732258064516129,25.9,4.2,5.851612903225806,Canada,2016A000011124,Percent,239.0,units,0.0,v733833,1.0,3.29,2.0,6.6,22.0,,,,,,2021-10-01
Calgary,Bachelor units,2021,10,920.0,12.37741935483871,-0.732258064516129,25.9,4.2,5.851612903225806,Canada,2016A000011124,Percent,239.0,units,0.0,v733833,1.0,3.29,2.0,6.6,22.0,,,,,,2021-10-01
Calgary,Bachelor units,2021,10,923.0,12.37741935483871,-0.732258064516129,25.9,4.2,5.851612903225806,Canada,2016A000011124,Percent,239.0,units,0.0,v733833,1.0,3.29,2.0,6.6,22.0,,,,,,2021-10-01
Calgary,Bachelor units,2021,11,919.0,8.406666666666666,-4.6,3.9,3.8,1.91,Canada,2016A000011124,Percent,239.0,units,0.0,v733833,1.0,3.4,2.0,6.6,22.0,,,,,,2021-11-01
Calgary,Bachelor units,2021,11,920.0,8.406666666666666,-4.6,3.9,3.8,1.91,Canada,2016A000011124,Percent,239.0,units,0.0,v733833,1.0,3.4,2.0,6.6,22.0,,,,,,2021-11-01
Calgary,Bachelor units,2021,11,920.0,8.406666666666666,-4.6,3.9,3.8,1.91,Canada,2016A000011124,Percent,239.0,units,0.0,v733833,1.0,3.4,2.0,6.6,22.0,,,,,,2021-11-01
Calgary,Bachelor units,2021,11,923.0,8.406666666666666,-4.6,3.9,3.8,1.91,Canada,2016A000011124,Percent,239.0,units,0.0,v733833,1.0,3.4,2.0,6.6,22.0,,,,,,2021-11-01
Calgary,Bachelor units,2021,12,919.0,-6.797368455049285,-16.690766938722632,22.599999999999998,25.5,-11.761435419095738,Canada,2016A000011124,Percent,239.0,units,0.0,v733833,1.0,3.45,2.0,6.6,22.0,,,,,,2021-12-01
Calgary,Bachelor units,2021,12,920.0,-6.797368455049285,-16.690766938722632,22.599999999999998,25.5,-11.761435419095738,Canada,2016A000011124,Percent,239.0,units,0.0,v733833,1.0,3.45,2.0,6.6,22.0,,,,,,2021-12-01
Calgary,Bachelor units,2021,12,920.0,-6.797368455049285,-16.690766938722632,22.599999999999998,25.5,-11.761435419095738,Canada,2016A000011124,Percent,239.0,units,0.0,v733833,1.0,3.45,2.0,6.6,22.0,,,,,,2021-12-01
Calgary,Bachelor units,2021,12,923.0,-6.797368455049285,-16.690766938722632,22.599999999999998,25.5,-11.761435419095738,Canada,2016A000011124,Percent,239.0,units,0.0,v733833,1.0,3.45,2.0,6.6,22.0,,,,,,2021-12-01
Calgary,Bachelor units,2022,1,972.0,1.1612903225806455,-11.59032258064516,3.4000000000000004,3.6999999999999997,-5.219354838709678,Canada,2016A000011124,Percent,239.0,units,0.0,v733833,1.0,3.44,2.0,8.0,22.0,,,,,,2022-01-01
Calgary,Bachelor units,2022,1,920.0,1.1612903225806455,-11.59032258064516,3.4000000000000004,3.6999999999999997,-5.219354838709678,Canada,2016A000011124,Percent,239.0,units,0.0,v733833,1.0,3.44,2.0,8.0,22.0,,,,,,2022-01-01
Calgary,Bachelor units,2022,1,974.0,1.1612903225806455,-11.59032258064516,3.4000000000000004,3.6999999999999997,-5.219354838709678,Canada,2016A000011124,Percent,239.0,units,0.0,v733833,1.0,3.44,2.0,8.0,22.0,,,,,,2022-01-01
Calgary,Bachelor units,2022,1,977.0,1.1612903225806455,-11.59032258064516,3.4000000000000004,3.6999999999999997,-5.219354838709678,Canada,2016A000011124,Percent,239.0,units,0.0,v733833,1.0,3.44,2.0,8.0,22.0,,,,,,2022-01-01
Calgary,Bachelor units,2022,2,972.0,1.6187968419245953,-9.616253585771657,24.2,32.5,-4.01135685599541,Canada,2016A000011124,Percent,239.0,units,0.0,v733833,1.0,3.58,2.0,8.0,22.0,,,,,,2022-02-01
Calgary,Bachelor units,2022,2,920.0,1.6187968419245953,-9.616253585771657,24.2,32.5,-4.01135685599541,Canada,2016A000011124,Percent,239.0,units,0.0,v733833,1.0,3.58,2.0,8.0,22.0,,,,,,2022-02-01
Calgary,Bachelor units,2022,2,974.0,1.6187968419245953,-9.616253585771657,24.2,32.5,-4.01135685599541,Canada,2016A000011124,Percent,239.0,units,0.0,v733833,1.0,3.58,2.0,8.0,22.0,,,,,,2022-02-01
Calgary,Bachelor units,2022,2,977.0,1.6187968419245953,-9.616253585771657,24.2,32.5,-4.01135685599541,Canada,2016A000011124,Percent,239.0,units,0.0,v733833,1.0,3.58,2.0,8.0,22.0,,,,,,2022-02-01
Calgary,Bachelor units,2022,3,972.0,8.664770627979383,-3.7538346936131624,9.3,11.0,2.4734680658116335,Canada,2016A000011124,Percent,239.0,units,0.0,v733833,1.0,3.77,2.0,8.0,22.0,,,,,,2022-03-01
Calgary,Bachelor units,2022,3,920.0,8.664770627979383,-3.7538346936131624,9.3,11.0,2.4734680658116335,Canada,2016A000011124,Percent,239.0,units,0.0,v733833,1.0,3.77,2.0,8.0,22.0,,,,,,2022-03-01
Calgary,Bachelor units,2022,3,974.0,8.664770627979383,-3.7538346936131624,9.3,11.0,2.4734680658116335,Canada,2016A000011124,Percent,239.0,units,0.0,v733833,1.0,3.77,2.0,8.0,22.0,,,,,,2022-03-01
Calgary,Bachelor units,2022,3,977.0,8.664770627979383,-3.7538346936131624,9.3,11.0,2.4734680658116335,Canada,2016A000011124,Percent,239.0,units,0.0,v733833,1.0,3.77,2.0,8.0,22.0,,,,,,2022-03-01
Calgary,Bachelor units,2022,4,972.0,7.713333333333334,-3.52,40.6,43.1,2.1133333333333333,Canada,2016A000011124,Percent,239.0,units,0.0,v733833,1.0,4.19,2.0,8.0,22.0,,,,,,2022-04-01
Calgary,Bachelor units,2022,4,920.0,7.713333333333334,-3.52,40.6,43.1,2.1133333333333333,Canada,2016A000011124,Percent,239.0,units,0.0,v733833,1.0,4.19,2.0,8.0,22.0,,,,,,2022-04-01
Calgary,Bachelor units,2022,4,974.0,7.713333333333334,-3.52,40.6,43.1,2.1133333333333333,Canada,2016A000011124,Percent,239.0,units,0.0,v733833,1.0,4.19,2.0,8.0,22.0,,,,,,2022-04-01
Calgary,Bachelor units,2022,4,977.0,7.713333333333334,-3.52,40.6,43.1,2.1133333333333333,Canada,2016A000011124,Percent,239.0,units,0.0,v733833,1.0,4.19,2.0,8.0,22.0,,,,,,2022-04-01
Calgary,Bachelor units,2022,5,972.0,15.966553412482076,3.4636274128773157,12.1,1.0,9.735193677937557,Canada,2016A000011124,Percent,239.0,units,0.0,v733833,1.0,4.63,2.0,8.0,22.0,,,,,,2022-05-01
Calgary,Bachelor units,2022,5,920.0,15.966553412482076,3.4636274128773157,12.1,1.0,9.735193677937557,Canada,2016A000011124,Percent,239.0,units,0.0,v733833,1.0,4.63,2.0,8.0,22.0,,,,,,2022-05-01
Calgary,Bachelor units,2022,5,974.0,15.966553412482076,3.4636274128773157,12.1,1.0,9.735193677937557,Canada,2016A000011124,Percent,239.0,units,0.0,v733833,1.0,4.63,2.0,8.0,22.0,,,,,,2022-05-01
Calgary,Bachelor units,2022,5,977.0,15.966553412482076,3.4636274128773157,12.1,1.0,9.735193677937557,Canada,2016A000011124,Percent,239.0,units,0.0,v733833,1.0,4.63,2.0,8.0,22.0,,,,,,2022-05-01
Calgary,Bachelor units,2022,6,972.0,19.17877185956481,8.059081659973225,137.9,0.0,13.643033467202143,Canada,2016A000011124,Percent,239.0,units,0.0,v733833,1.0,5.05,2.0,8.0,22.0,,,,,,2022-06-01
Calgary,Bachelor units,2022,6,920.0,19.17877185956481,8.059081659973225,137.9,0.0,13.643033467202143,Canada,2016A000011124,Percent,239.0,units,0.0,v733833,1.0,5.05,2.0,8.0,22.0,,,,,,2022-06-01
Calgary,Bachelor units,2022,6,974.0,19.17877185956481,8.059081659973225,137.9,0.0,13.643033467202143,Canada,2016A000011124,Percent,239.0,units,0.0,v733833,1.0,5.05,2.0,8.0,22.0,,,,,,2022-06-01
Calgary,Bachelor units,2022,6,977.0,19.17877185956481,8.059081659973225,137.9,0.0,13.643033467202143,Canada,2016A000011124,Percent,239.0,units,0.0,v733833,1.0,5.05,2.0,8.0,22.0,,,,,,2022-06-01
Calgary,Bachelor units,2022,7,972.0,22.913751986254475,10.594996761238503,64.1,0.0,16.77683896877834,Canada,2016A000011124,Percent,239.0,units,0.0,v733833,1.0,5.51,2.0,8.0,22.0,,,,,,2022-07-01
Calgary,Bachelor units,2022,7,920.0,22.913751986254475,10.594996761238503,64.1,0.0,16.77683896877834,Canada,2016A000011124,Percent,239.0,units,0.0,v733833,1.0,5.51,2.0,8.0,22.0,,,,,,2022-07-01
Calgary,Bachelor units,2022,7,974.0,22.913751986254475,10.594996761238503,64.1,0.0,16.77683896877834,Canada,2016A000011124,Percent,239.0,units,0.0,v733833,1.0,5.51,2.0,8.0,22.0,,,,,,2022-07-01
Calgary,Bachelor units,2022,7,977.0,22.913751986254475,10.594996761238503,64.1,0.0,16.77683896877834,Canada,2016A000011124,Percent,239.0,units,0.0,v733833,1.0,5.51,2.0,8.0,22.0,,,,,,2022-07-01
Calgary,Bachelor units,2022,8,972.0,27.19677419354839,12.76774193548387,30.1,0.0,20.006451612903227,Canada,2016A000011124,Percent,239.0,units,0.0,v733833,1.0,5.58,2.0,8.0,22.0,,,,,,2022-08-01
Calgary,Bachelor units,2022,8,920.0,27.19677419354839,12.76774193548387,30.1,0.0,20.006451612903227,Canada,2016A000011124,Percent,239.0,units,0.0,v733833,1.0,5.58,2.0,8.0,22.0,,,,,,2022-08-01
Calgary,Bachelor units,2022,8,974.0,27.19677419354839,12.76774193548387,30.1,0.0,20.006451612903227,Canada,2016A000011124,Percent,239.0,units,0.0,v733833,1.0,5.58,2.0,8.0,22.0,,,,,,2022-08-01
Calgary,Bachelor units,2022,8,977.0,27.19677419354839,12.76774193548387,30.1,0.0,20.006451612903227,Canada,2016A000011124,Percent,239.0,units,0.0,v733833,1.0,5.58,2.0,8.0,22.0,,,,,,2022-08-01
Calgary,Bachelor units,2022,9,972.0,22.40666666666667,7.823333333333333,10.8,0.0,15.143333333333334,Canada,2016A000011124,Percent,239.0,units,0.0,v733833,1.0,5.64,2.0,8.0,22.0,,,,,,2022-09-01
Calgary,Bachelor units,2022,9,920.0,22.40666666666667,7.823333333333333,10.8,0.0,15.143333333333334,Canada,2016A000011124,Percent,239.0,units,0.0,v733833,1.0,5.64,2.0,8.0,22.0,,,,,,2022-09-01
Calgary,Bachelor units,2022,9,974.0,22.40666666666667,7.823333333333333,10.8,0.0,15.143333333333334,Canada,2016A000011124,Percent,239.0,units,0.0,v733833,1.0,5.64,2.0,8.0,22.0,,,,,,2022-09-01
Calgary,Bachelor units,2022,9,977.0,22.40666666666667,7.823333333333333,10.8,0.0,15.143333333333334,Canada,2016A000011124,Percent,239.0,units,0.0,v733833,1.0,5.64,2.0,8.0,22.0,,,,,,2022-09-01
Calgary,Bachelor units,2022,10,972.0,16.138709677419357,2.0935483870967744,29.300000000000004,24.2,9.135483870967741,Canada,2016A000011124,Percent,239.0,units,0.0,v733833,1.0,5.75,2.0,8.0,22.0,,,,,,2022-10-01
Calgary,Bachelor units,2022,10,920.0,16.138709677419357,2.0935483870967744,29.300000000000004,24.2,9.135483870967741,Canada,2016A000011124,Percent,239.0,units,0.0,v733833,1.0,5.75,2.0,8.0,22.0,,,,,,2022-10-01
Calgary,Bachelor units,2022,10,974.0,16.138709677419357,2.0935483870967744,29.300000000000004,24.2,9.135483870967741,Canada,2016A000011124,Percent,239.0,units,0.0,v733833,1.0,5.75,2.0,8.0,22.0,,,,,,2022-10-01
Calgary,Bachelor units,2022,10,977.0,16.138709677419357,2.0935483870967744,29.300000000000004,24.2,9.135483870967741,Canada,2016A000011124,Percent,239.0,units,0.0,v733833,1.0,5.75,2.0,8.0,22.0,,,,,,2022-10-01
Calgary,Bachelor units,2022,11,972.0,-0.6599999999999999,-10.613333333333333,32.5,29.4,-5.653333333333333,Canada,2016A000011124,Percent,239.0,units,0.0,v733833,1.0,5.88,2.0,8.0,22.0,,,,,,2022-11-01
Calgary,Bachelor units,2022,11,920.0,-0.6599999999999999,-10.613333333333333,32.5,29.4,-5.653333333333333,Canada,2016A000011124,Percent,239.0,units,0.0,v733833,1.0,5.88,2.0,8.0,22.0,,,,,,2022-11-01
Calgary,Bachelor units,2022,11,974.0,-0.6599999999999999,-10.613333333333333,32.5,29.4,-5.653333333333333,Canada,2016A000011124,Percent,239.0,units,0.0,v733833,1.0,5.88,2.0,8.0,22.0,,,,,,2022-11-01
Calgary,Bachelor units,2022,11,977.0,-0.6599999999999999,-10.613333333333333,32.5,29.4,-5.653333333333333,Canada,2016A000011124,Percent,239.0,units,0.0,v733833,1.0,5.88,2.0,8.0,22.0,,,,,,2022-11-01
Calgary,Bachelor units,2022,12,972.0,-6.132258064516129,-17.325806451612905,19.1,26.1,-11.745161290322581,Canada,2016A000011124,Percent,239.0,units,0.0,v733833,1.0,5.89,2.0,8.0,22.0,,,,,,2022-12-01
Calgary,Bachelor units,2022,12,920.0,-6.132258064516129,-17.325806451612905,19.1,26.1,-11.745161290322581,Canada,2016A000011124,Percent,239.0,units,0.0,v733833,1.0,5.89,2.0,8.0,22.0,,,,,,2022-12-01
Calgary,Bachelor units,2022,12,974.0,-6.132258064516129,-17.325806451612905,19.1,26.1,-11.745161290322581,Canada,2016A000011124,Percent,239.0,units,0.0,v733833,1.0,5.89,2.0,8.0,22.0,,,,,,2022-12-01
Calgary,Bachelor units,2022,12,977.0,-6.132258064516129,-17.325806451612905,19.1,26.1,-11.745161290322581,Canada,2016A000011124,Percent,239.0,units,0.0,v733833,1.0,5.89,2.0,8.0,22.0,,,,,,2022-12-01
Calgary,Bachelor units,2023,1,1202.0,2.376825093337812,-9.41979919678715,18.3,22.4,-3.532403161031222,Canada,2016A000011124,Percent,239.0,units,0.0,v733833,1.0,5.86,2.0,,,18.0,166.0,55.0,0.0,,2023-01-01
Calgary,Bachelor units,2023,1,920.0,2.376825093337812,-9.41979919678715,18.3,22.4,-3.532403161031222,Canada,2016A000011124,Percent,239.0,units,0.0,v733833,1.0,5.86,2.0,,,18.0,166.0,55.0,0.0,,2023-01-01
Calgary,Bachelor units,2023,1,1204.0,2.376825093337812,-9.41979919678715,18.3,22.4,-3.532403161031222,Canada,2016A000011124,Percent,239.0,units,0.0,v733833,1.0,5.86,2.0,,,18.0,166.0,55.0,0.0,,2023-01-01
Calgary,Bachelor units,2023,1,1209.0,2.376825093337812,-9.41979919678715,18.3,22.4,-3.532403161031222,Canada,2016A000011124,Percent,239.0,units,0.0,v733833,1.0,5.86,2.0,,,18.0,166.0,55.0,0.0,,2023-01-01
Calgary,Bachelor units,2023,2,1202.0,0.6428571428571429,-10.714285714285714,29.8,32.1,-5.042857142857143,Canada,2016A000011124,Percent,239.0,units,0.0,v733833,1.0,5.81,2.0,,,18.0,166.0,55.0,0.0,,2023-02-01
Calgary,Bachelor units,2023,2,920.0,0.6428571428571429,-10.714285714285714,29.8,32.1,-5.042857142857143,Canada,2016A000011124,Percent,239.0,units,0.0,v733833,1.0,5.81,2.0,,,18.0,166.0,55.0,0.0,,2023-02-01
Calgary,Bachelor units,2023,2,1204.0,0.6428571428571429,-10.714285714285714,29.8,32.1,-5.042857142857143,Canada,2016A000011124,Percent,239.0,units,0.0,v733833,1.0,5.81,2.0,,,18.0,166.0,55.0,0.0,,2023-02-01
Calgary,Bachelor units,2023,2,1209.0,0.6428571428571429,-10.714285714285714,29.8,32.1,-5.042857142857143,Canada,2016A000011124,Percent,239.0,units,0.0,v733833,1.0,5.81,2.0,,,18.0,166.0,55.0,0.0,,2023-02-01
Calgary,Bachelor units,2023,3,1202.0,-1.3419354838709676,-11.619354838709677,19.6,18.1,-6.503225806451613,Canada,2016A000011124,Percent,239.0,units,0.0,v733833,1.0,5.81,2.0,,,18.0,166.0,55.0,0.0,,2023-03-01
Calgary,Bachelor units,2023,3,920.0,-1.3419354838709676,-11.619354838709677,19.6,18.1,-6.503225806451613,Canada,2016A000011124,Percent,239.0,units,0.0,v733833,1.0,5.81,2.0,,,18.0,166.0,55.0,0.0,,2023-03-01
Calgary,Bachelor units,2023,3,1204.0,-1.3419354838709676,-11.619354838709677,19.6,18.1,-6.503225806451613,Canada,2016A000011124,Percent,239.0,units,0.0,v733833,1.0,5.81,2.0,,,18.0,166.0,55.0,0.0,,2023-03-01
Calgary,Bachelor units,2023,3,1209.0,-1.3419354838709676,-11.619354838709677,19.6,18.1,-6.503225806451613,Canada,2016A000011124,Percent,239.0,units,0.0,v733833,1.0,5.81,2.0,,,18.0,166.0,55.0,0.0,,2023-03-01
Calgary,Bachelor units,2023,4,1202.0,11.389999999999999,-1.9733333333333334,6.1,3.7,4.716666666666667,Canada,2016A000011124,Percent,239.0,units,0.0,v733833,1.0,5.75,2.0,,,18.0,166.0,55.0,0.0,,2023-04-01
Calgary,Bachelor units,2023,4,920.0,11.389999999999999,-1.9733333333333334,6.1,3.7,4.716666666666667,Canada,2016A000011124,Percent,239.0,units,0.0,v733833,1.0,5.75,2.0,,,18.0,166.0,55.0,0.0,,2023-04-01
Calgary,Bachelor units,2023,4,1204.0,11.389999999999999,-1.9733333333333334,6.1,3.7,4.716666666666667,Canada,2016A000011124,Percent,239.0,units,0.0,v733833,1.0,5.75,2.0,,,18.0,166.0,55.0,0.0,,2023-04-01
Calgary,Bachelor units,2023,4,1209.0,11.389999999999999,-1.9733333333333334,6.1,3.7,4.716666666666667,Canada,2016A000011124,Percent,239.0,units,0.0,v733833,1.0,5.75,2.0,,,18.0,166.0,55.0,0.0,,2023-04-01
Calgary,Bachelor units,2023,5,1202.0,22.225806451612904,7.445161290322581,30.4,0.0,14.864516129032259,Canada,2016A000011124,Percent,239.0,units,0.0,v733833,1.0,5.74,2.0,,,18.0,166.0,55.0,0.0,,2023-05-01
Calgary,Bachelor units,2023,5,920.0,22.225806451612904,7.445161290322581,30.4,0.0,14.864516129032259,Canada,2016A000011124,Percent,239.0,units,0.0,v733833,1.0,5.74,2.0,,,18.0,166.0,55.0,0.0,,2023-05-01
Calgary,Bachelor units,2023,5,1204.0,22.225806451612904,7.445161290322581,30.4,0.0,14.864516129032259,Canada,2016A000011124,Percent,239.0,units,0.0,v733833,1.0,5.74,2.0,,,18.0,166.0,55.0,0.0,,2023-05-01
Calgary,Bachelor units,2023,5,1209.0,22.225806451612904,7.445161290322581,30.4,0.0,14.864516129032259,Canada,2016A000011124,Percent,239.0,units,0.0,v733833,1.0,5.74,2.0,,,18.0,166.0,55.0,0.0,,2023-05-01
Calgary,Bachelor units,2023,6,1202.0,22.986666666666668,9.51,70.1,0.0,16.27,Canada,2016A000011124,Percent,239.0,units,0.0,v733833,1.0,5.85,2.0,,,18.0,166.0,55.0,0.0,,2023-06-01
Calgary,Bachelor units,2023,6,920.0,22.986666666666668,9.51,70.1,0.0,16.27,Canada,2016A000011124,Percent,239.0,units,0.0,v733833,1.0,5.85,2.0,,,18.0,166.0,55.0,0.0,,2023-06-01
Calgary,Bachelor units,2023,6,1204.0,22.986666666666668,9.51,70.1,0.0,16.27,Canada,2016A000011124,Percent,239.0,units,0.0,v733833,1.0,5.85,2.0,,,18.0,166.0,55.0,0.0,,2023-06-01
Calgary,Bachelor units,2023,6,1209.0,22.986666666666668,9.51,70.1,0.0,16.27,Canada,2016A000011124,Percent,239.0,units,0.0,v733833,1.0,5.85,2.0,,,18.0,166.0,55.0,0.0,,2023-06-01
Calgary,Bachelor units,2023,7,1202.0,24.980645161290322,11.47741935483871,42.9,0.0,18.248387096774195,Canada,2016A000011124,Percent,239.0,units,0.0,v733833,1.0,5.99,2.0,,,18.0,166.0,55.0,0.0,,2023-07-01
Calgary,Bachelor units,2023,7,920.0,24.980645161290322,11.47741935483871,42.9,0.0,18.248387096774195,Canada,2016A000011124,Percent,239.0,units,0.0,v733833,1.0,5.99,2.0,,,18.0,166.0,55.0,0.0,,2023-07-01
Calgary,Bachelor units,2023,7,1204.0,24.980645161290322,11.47741935483871,42.9,0.0,18.248387096774195,Canada,2016A000011124,Percent,239.0,units,0.0,v733833,1.0,5.99,2.0,,,18.0,166.0,55.0,0.0,,2023-07-01
Calgary,Bachelor units,2023,7,1209.0,24.980645161290322,11.47741935483871,42.9,0.0,18.248387096774195,Canada,2016A000011124,Percent,239.0,units,0.0,v733833,1.0,5.99,2.0,,,18.0,166.0,55.0,0.0,,2023-07-01
Calgary,Bachelor units,2023,8,1202.0,25.432258064516127,11.293548387096775,50.7,0.0,18.39032258064516,Canada,2016A000011124,Percent,239.0,units,0.0,v733833,1.0,6.17,2.0,,,18.0,166.0,55.0,0.0,,2023-08-01
Calgary,Bachelor units,2023,8,920.0,25.432258064516127,11.293548387096775,50.7,0.0,18.39032258064516,Canada,2016A000011124,Percent,239.0,units,0.0,v733833,1.0,6.17,2.0,,,18.0,166.0,55.0,0.0,,2023-08-01
Calgary,Bachelor units,2023,8,1204.0,25.432258064516127,11.293548387096775,50.7,0.0,18.39032258064516,Canada,2016A000011124,Percent,239.0,units,0.0,v733833,1.0,6.17,2.0,,,18.0,166.0,55.0,0.0,,2023-08-01
Calgary,Bachelor units,2023,8,1209.0,25.432258064516127,11.293548387096775,50.7,0.0,18.39032258064516,Canada,2016A000011124,Percent,239.0,units,0.0,v733833,1.0,6.17,2.0,,,18.0,166.0,55.0,0.0,,2023-08-01
Calgary,Bachelor units,2023,9,1202.0,19.616666666666667,7.206666666666667,18.8,0.0,13.436666666666667,Canada,2016A000011124,Percent,239.0,units,0.0,v733833,1.0,6.27,2.0,,,18.0,166.0,55.0,0.0,,2023-09-01
Calgary,Bachelor units,2023,9,920.0,19.616666666666667,7.206666666666667,18.8,0.0,13.436666666666667,Canada,2016A000011124,Percent,239.0,units,0.0,v733833,1.0,6.27,2.0,,,18.0,166.0,55.0,0.0,,2023-09-01
Calgary,Bachelor units,2023,9,1204.0,19.616666666666667,7.206666666666667,18.8,0.0,13.436666666666667,Canada,2016A000011124,Percent,239.0,units,0.0,v733833,1.0,6.27,2.0,,,18.0,166.0,55.0,0.0,,2023-09-01
Calgary,Bachelor units,2023,9,1209.0,19.616666666666667,7.206666666666667,18.8,0.0,13.436666666666667,Canada,2016A000011124,Percent,239.0,units,0.0,v733833,1.0,6.27,2.0,,,18.0,166.0,55.0,0.0,,2023-09-01
Calgary,Bachelor units,2023,10,1202.0,10.770967741935483,-0.4548387096774195,36.8,16.0,5.17741935483871,Canada,2016A000011124,Percent,239.0,units,0.0,v733833,1.0,6.42,2.0,,,18.0,166.0,55.0,0.0,660046.3562783661,2023-10-01
Calgary,Bachelor units,2023,10,920.0,10.770967741935483,-0.4548387096774195,36.8,16.0,5.17741935483871,Canada,2016A000011124,Percent,239.0,units,0.0,v733833,1.0,6.42,2.0,,,18.0,166.0,55.0,0.0,660046.3562783661,2023-10-01
Calgary,Bachelor units,2023,10,1204.0,10.770967741935483,-0.4548387096774195,36.8,16.0,5.17741935483871,Canada,2016A000011124,Percent,239.0,units,0.0,v733833,1.0,6.42,2.0,,,18.0,166.0,55.0,0.0,660046.3562783661,2023-10-01
Calgary,Bachelor units,2023,10,1209.0,10.770967741935483,-0.4548387096774195,36.8,16.0,5.17741935483871,Canada,2016A000011124,Percent,239.0,units,0.0,v733833,1.0,6.42,2.0,,,18.0,166.0,55.0,0.0,660046.3562783661,2023-10-01
Calgary,Bachelor units,2023,11,1202.0,8.086052596449072,-4.11379250334672,3.4000000000000004,5.2,1.996516733601071,Canada,2016A000011124,Percent,239.0,units,0.0,v733833,1.0,6.47,2.0,,,18.0,166.0,55.0,0.0,,2023-11-01
Calgary,Bachelor units,2023,11,920.0,8.086052596449072,-4.11379250334672,3.4000000000000004,5.2,1.996516733601071,Canada,2016A000011124,Percent,239.0,units,0.0,v733833,1.0,6.47,2.0,,,18.0,166.0,55.0,0.0,,2023-11-01
Calgary,Bachelor units,2023,11,1204.0,8.086052596449072,-4.11379250334672,3.4000000000000004,5.2,1.996516733601071,Canada,2016A000011124,Percent,239.0,units,0.0,v733833,1.0,6.47,2.0,,,18.0,166.0,55.0,0.0,,2023-11-01
Calgary,Bachelor units,2023,11,1209.0,8.086052596449072,-4.11379250334672,3.4000000000000004,5.2,1.996516733601071,Canada,2016A000011124,Percent,239.0,units,0.0,v733833,1.0,6.47,2.0,,,18.0,166.0,55.0,0.0,,2023-11-01
Calgary,Bachelor units,2023,12,1202.0,5.961290322580646,-4.919354838709677,21.1,21.0,0.5096774193548387,Canada,2016A000011124,Percent,239.0,units,0.0,v733833,1.0,6.39,2.0,,,18.0,166.0,55.0,0.0,,2023-12-01
Calgary,Bachelor units,2023,12,920.0,5.961290322580646,-4.919354838709677,21.1,21.0,0.5096774193548387,Canada,2016A000011124,Percent,239.0,units,0.0,v733833,1.0,6.39,2.0,,,18.0,166.0,55.0,0.0,,2023-12-01
Calgary,Bachelor units,2023,12,1204.0,5.961290322580646,-4.919354838709677,21.1,21.0,0.5096774193548387,Canada,2016A000011124,Percent,239.0,units,0.0,v733833,1.0,6.39,2.0,,,18.0,166.0,55.0,0.0,,2023-12-01
Calgary,Bachelor units,2023,12,1209.0,5.961290322580646,-4.919354838709677,21.1,21.0,0.5096774193548387,Canada,2016A000011124,Percent,239.0,units,0.0,v733833,1.0,6.39,2.0,,,18.0,166.0,55.0,0.0,,2023-12-01
Calgary,Bachelor units,2024,1,1360.0,-4.064516129032258,-14.36774193548387,27.900000000000002,28.1,-9.225806451612904,Canada,2016A000011124,Percent,239.0,units,0.0,v733833,1.0,6.31,2.0,,,,,,,,2024-01-01
Calgary,Bachelor units,2024,1,920.0,-4.064516129032258,-14.36774193548387,27.900000000000002,28.1,-9.225806451612904,Canada,2016A000011124,Percent,239.0,units,0.0,v733833,1.0,6.31,2.0,,,,,,,,2024-01-01
Calgary,Bachelor units,2024,1,1362.0,-4.064516129032258,-14.36774193548387,27.900000000000002,28.1,-9.225806451612904,Canada,2016A000011124,Percent,239.0,units,0.0,v733833,1.0,6.31,2.0,,,,,,,,2024-01-01
Calgary,Bachelor units,2024,1,1367.0,-4.064516129032258,-14.36774193548387,27.900000000000002,28.1,-9.225806451612904,Canada,2016A000011124,Percent,239.0,units,0.0,v733833,1.0,6.31,2.0,,,,,,,,2024-01-01
Calgary,Bachelor units,2024,2,1360.0,2.299364754947316,-9.334957762082814,18.3,21.200000000000003,-3.538086137654065,Canada,2016A000011124,Percent,239.0,units,0.0,v733833,1.0,6.15,2.0,,,,,,,,2024-02-01
Calgary,Bachelor units,2024,2,920.0,2.299364754947316,-9.334957762082814,18.3,21.200000000000003,-3.538086137654065,Canada,2016A000011124,Percent,239.0,units,0.0,v733833,1.0,6.15,2.0,,,,,,,,2024-02-01
Calgary,Bachelor units,2024,2,1362.0,2.299364754947316,-9.334957762082814,18.3,21.200000000000003,-3.538086137654065,Canada,2016A000011124,Percent,239.0,units,0.0,v733833,1.0,6.15,2.0,,,,,,,,2024-02-01
Calgary,Bachelor units,2024,2,1367.0,2.299364754947316,-9.334957762082814,18.3,21.200000000000003,-3.538086137654065,Canada,2016A000011124,Percent,239.0,units,0.0,v733833,1.0,6.15,2.0,,,,,,,,2024-02-01
Calgary,Bachelor units,2024,3,1360.0,0.8483870967741933,-9.135483870967741,57.1,68.4,-4.151612903225806,Canada,2016A000011124,Percent,239.0,units,0.0,v733833,1.0,6.13,2.0,,,,,,,,2024-03-01
Calgary,Bachelor units,2024,3,920.0,0.8483870967741933,-9.135483870967741,57.1,68.4,-4.151612903225806,Canada,2016A000011124,Percent,239.0,units,0.0,v733833,1.0,6.13,2.0,,,,,,,,2024-03-01
Calgary,Bachelor units,2024,3,1362.0,0.8483870967741933,-9.135483870967741,57.1,68.4,-4.151612903225806,Canada,2016A000011124,Percent,239.0,units,0.0,v733833,1.0,6.13,2.0,,,,,,,,2024-03-01
Calgary,Bachelor units,2024,3,1367.0,0.8483870967741933,-9.135483870967741,57.1,68.4,-4.151612903225806,Canada,2016A000011124,Percent,239.0,units,0.0,v733833,1.0,6.13,2.0,,,,,,,,2024-03-01
Calgary,Bachelor units,2024,4,1360.0,10.886052596449073,-0.6837925033467201,48.4,32.300000000000004,5.113183400267738,Canada,2016A000011124,Percent,239.0,units,0.0,v733833,1.0,6.08,2.0,,,,,,,,2024-04-01
Calgary,Bachelor units,2024,4,920.0,10.886052596449073,-0.6837925033467201,48.4,32.300000000000004,5.113183400267738,Canada,2016A000011124,Percent,239.0,units,0.0,v733833,1.0,6.08,2.0,,,,,,,,2024-04-01
Calgary,Bachelor units,2024,4,1362.0,10.886052596449073,-0.6837925033467201,48.4,32.300000000000004,5.113183400267738,Canada,2016A000011124,Percent,239.0,units,0.0,v733833,1.0,6.08,2.0,,,,,,,,2024-04-01
Calgary,Bachelor units,2024,4,1367.0,10.886052596449073,-0.6837925033467201,48.4,32.300000000000004,5.113183400267738,Canada,2016A000011124,Percent,239.0,units,0.0,v733833,1.0,6.08,2.0,,,,,,,,2024-04-01
Calgary,Bachelor units,2024,5,1360.0,15.235483870967743,3.9935483870967743,61.7,8.8,9.638709677419355,Canada,2016A000011124,Percent,239.0,units,0.0,v733833,1.0,6.05,2.0,,,,,,,,2024-05-01
Calgary,Bachelor units,2024,5,920.0,15.235483870967743,3.9935483870967743,61.7,8.8,9.638709677419355,Canada,2016A000011124,Percent,239.0,units,0.0,v733833,1.0,6.05,2.0,,,,,,,,2024-05-01
Calgary,Bachelor units,2024,5,1362.0,15.235483870967743,3.9935483870967743,61.7,8.8,9.638709677419355,Canada,2016A000011124,Percent,239.0,units,0.0,v733833,1.0,6.05,2.0,,,,,,,,2024-05-01
Calgary,Bachelor units,2024,5,1367.0,15.235483870967743,3.9935483870967743,61.7,8.8,9.638709677419355,Canada,2016A000011124,Percent,239.0,units,0.0,v733833,1.0,6.05,2.0,,,,,,,,2024-05-01
Calgary,Bachelor units,2024,6,1360.0,19.970000000000002,7.086666666666667,83.3,0.0,13.556666666666667,Canada,2016A000011124,Percent,239.0,units,0.0,v733833,1.0,5.98,2.0,,,,,,,,2024-06-01
Calgary,Bachelor units,2024,6,920.0,19.970000000000002,7.086666666666667,83.3,0.0,13.556666666666667,Canada,2016A000011124,Percent,239.0,units,0.0,v733833,1.0,5.98,2.0,,,,,,,,2024-06-01
Calgary,Bachelor units,2024,6,1362.0,19.970000000000002,7.086666666666667,83.3,0.0,13.556666666666667,Canada,2016A000011124,Percent,239.0,units,0.0,v733833,1.0,5.98,2.0,,,,,,,,2024-06-01
Calgary,Bachelor units,2024,6,1367.0,19.970000000000002,7.086666666666667,83.3,0.0,13.556666666666667,Canada,2016A000011124,Percent,239.0,units,0.0,v733833,1.0,5.98,2.0,,,,,,,,2024-06-01
Calgary,Bachelor units,2024,7,1360.0,26.098811476998204,12.8345951548128,46.0,0.0,19.493258194066588,Canada,2016A000011124,Percent,239.0,units,0.0,v733833,1.0,5.91,2.0,,,,,,,,2024-07-01
Calgary,Bachelor units,2024,7,920.0,26.098811476998204,12.8345951548128,46.0,0.0,19.493258194066588,Canada,2016A000011124,Percent,239.0,units,0.0,v733833,1.0,5.91,2.0,,,,,,,,2024-07-01
Calgary,Bachelor units,2024,7,1362.0,26.098811476998204,12.8345951548128,46.0,0.0,19.493258194066588,Canada,2016A000011124,Percent,239.0,units,0.0,v733833,1.0,5.91,2.0,,,,,,,,2024-07-01
Calgary,Bachelor units,2024,7,1367.0,26.098811476998204,12.8345951548128,46.0,0.0,19.493258194066588,Canada,2016A000011124,Percent,239.0,units,0.0,v733833,1.0,5.91,2.0,,,,,,,,2024-07-01
Calgary,Bachelor units,2024,8,1360.0,23.412308964305556,10.338265319341883,86.4,0.0,16.899854903484908,Canada,2016A000011124,Percent,239.0,units,0.0,v733833,1.0,5.73,2.0,,,,,,,,2024-08-01
Calgary,Bachelor units,2024,8,920.0,23.412308964305556,10.338265319341883,86.4,0.0,16.899854903484908,Canada,2016A000011124,Percent,239.0,units,0.0,v733833,1.0,5.73,2.0,,,,,,,,2024-08-01
Calgary,Bachelor units,2024,8,1362.0,23.412308964305556,10.338265319341883,86.4,0.0,16.899854903484908,Canada,2016A000011124,Percent,239.0,units,0.0,v733833,1.0,5.73,2.0,,,,,,,,2024-08-01
Calgary,Bachelor units,2024,8,1367.0,23.412308964305556,10.338265319341883,86.4,0.0,16.899854903484908,Canada,2016A000011124,Percent,239.0,units,0.0,v733833,1.0,5.73,2.0,,,,,,,,2024-08-01
Calgary,Bachelor units,2024,9,1360.0,20.56543852623148,7.2590816599732255,74.0,0.0,13.933033467202142,Canada,2016A000011124,Percent,239.0,units,0.0,v733833,1.0,5.55,2.0,,,,,,,,2024-09-01
Calgary,Bachelor units,2024,9,920.0,20.56543852623148,7.2590816599732255,74.0,0.0,13.933033467202142,Canada,2016A000011124,Percent,239.0,units,0.0,v733833,1.0,5.55,2.0,,,,,,,,2024-09-01
Calgary,Bachelor units,2024,9,1362.0,20.56543852623148,7.2590816599732255,74.0,0.0,13.933033467202142,Canada,2016A000011124,Percent,239.0,units,0.0,v733833,1.0,5.55,2.0,,,,,,,,2024-09-01
Calgary,Bachelor units,2024,9,1367.0,20.56543852623148,7.2590816599732255,74.0,0.0,13.933033467202142,Canada,2016A000011124,Percent,239.0,units,0.0,v733833,1.0,5.55,2.0,,,,,,,,2024-09-01
Calgary,Bachelor units,2024,10,1360.0,14.016129032258064,0.7258064516129032,0.9,0.6,7.4,Canada,2016A000011124,Percent,239.0,units,0.0,v733833,1.0,5.44,2.0,,,,,,,,2024-10-01
Calgary,Bachelor units,2024,10,920.0,14.016129032258064,0.7258064516129032,0.9,0.6,7.4,Canada,2016A000011124,Percent,239.0,units,0.0,v733833,1.0,5.44,2.0,,,,,,,,2024-10-01
Calgary,Bachelor units,2024,10,1362.0,14.016129032258064,0.7258064516129032,0.9,0.6,7.4,Canada,2016A000011124,Percent,239.0,units,0.0,v733833,1.0,5.44,2.0,,,,,,,,2024-10-01
Calgary,Bachelor units,2024,10,1367.0,14.016129032258064,0.7258064516129032,0.9,0.6,7.4,Canada,2016A000011124,Percent,239.0,units,0.0,v733833,1.0,5.44,2.0,,,,,,,,2024-10-01
Calgary,Bachelor units,2024,11,1360.0,1.5360525964490723,-8.05379250334672,38.2,40.0,-3.253483266398929,Canada,2016A000011124,Percent,239.0,units,0.0,v733833,1.0,5.38,2.0,,,,,,,,2024-11-01
Calgary,Bachelor units,2024,11,920.0,1.5360525964490723,-8.05379250334672,38.2,40.0,-3.253483266398929,Canada,2016A000011124,Percent,239.0,units,0.0,v733833,1.0,5.38,2.0,,,,,,,,2024-11-01
Calgary,Bachelor units,2024,11,1362.0,1.5360525964490723,-8.05379250334672,38.2,40.0,-3.253483266398929,Canada,2016A000011124,Percent,239.0,units,0.0,v733833,1.0,5.38,2.0,,,,,,,,2024-11-01
Calgary,Bachelor units,2024,11,1367.0,1.5360525964490723,-8.05379250334672,38.2,40.0,-3.253483266398929,Canada,2016A000011124,Percent,239.0,units,0.0,v733833,1.0,5.38,2.0,,,,,,,,2024-11-01
Calgary,Bachelor units,2024,12,1360.0,2.9510186417249087,-7.048831454851665,5.6,6.0,-2.0517579997408992,Canada,2016A000011124,Percent,239.0,units,0.0,v733833,1.0,5.35,2.0,,,,,,,,2024-12-01
Calgary,Bachelor units,2024,12,920.0,2.9510186417249087,-7.048831454851665,5.6,6.0,-2.0517579997408992,Canada,2016A000011124,Percent,239.0,units,0.0,v733833,1.0,5.35,2.0,,,,,,,,2024-12-01
Calgary,Bachelor units,2024,12,1362.0,2.9510186417249087,-7.048831454851665,5.6,6.0,-2.0517579997408992,Canada,2016A000011124,Percent,239.0,units,0.0,v733833,1.0,5.35,2.0,,,,,,,,2024-12-01
Calgary,Bachelor units,2024,12,1367.0,2.9510186417249087,-7.048831454851665,5.6,6.0,-2.0517579997408992,Canada,2016A000011124,Percent,239.0,units,0.0,v733833,1.0,5.35,2.0,,,,,,,,2024-12-01
Calgary,One bedroom units,2018,1,1049.0,-0.070967741935484,-12.219799196787148,8.5,11.0,-5.871112838450577,,,,,,,,,,,6.4,22.0,,,,,,2018-01-01
Calgary,One bedroom units,2018,1,900.0,-0.070967741935484,-12.219799196787148,8.5,11.0,-5.871112838450577,,,,,,,,,,,6.4,22.0,,,,,,2018-01-01
Calgary,One bedroom units,2018,1,1050.0,-0.070967741935484,-12.219799196787148,8.5,11.0,-5.871112838450577,,,,,,,,,,,6.4,22.0,,,,,,2018-01-01
Calgary,One bedroom units,2018,1,1052.0,-0.070967741935484,-12.219799196787148,8.5,11.0,-5.871112838450577,,,,,,,,,,,6.4,22.0,,,,,,2018-01-01
Calgary,One bedroom units,2018,2,1049.0,-5.875,-17.243349110728627,37.8,43.3,-11.046589213998853,,,,,,,,,,,6.4,22.0,,,,,,2018-02-01
Calgary,One bedroom units,2018,2,900.0,-5.875,-17.243349110728627,37.8,43.3,-11.046589213998853,,,,,,,,,,,6.4,22.0,,,,,,2018-02-01
Calgary,One bedroom units,2018,2,1050.0,-5.875,-17.243349110728627,37.8,43.3,-11.046589213998853,,,,,,,,,,,6.4,22.0,,,,,,2018-02-01
Calgary,One bedroom units,2018,2,1052.0,-5.875,-17.243349110728627,37.8,43.3,-11.046589213998853,,,,,,,,,,,6.4,22.0,,,,,,2018-02-01
Calgary,One bedroom units,2018,3,1049.0,0.1387096774193548,-10.383870967741935,35.3,41.9,-5.141935483870968,,,,,,,,,,,6.4,22.0,,,,,,2018-03-01
Calgary,One bedroom units,2018,3,900.0,0.1387096774193548,-10.383870967741935,35.3,41.9,-5.141935483870968,,,,,,,,,,,6.4,22.0,,,,,,2018-03-01
Calgary,One bedroom units,2018,3,1050.0,0.1387096774193548,-10.383870967741935,35.3,41.9,-5.141935483870968,,,,,,,,,,,6.4,22.0,,,,,,2018-03-01
Calgary,One bedroom units,2018,3,1052.0,0.1387096774193548,-10.383870967741935,35.3,41.9,-5.141935483870968,,,,,,,,,,,6.4,22.0,,,,,,2018-03-01
Calgary,One bedroom units,2018,4,1049.0,7.38,-4.223333333333334,29.7,24.799999999999997,1.5866666666666667,,,,,,,,,,,6.4,22.0,,,,,,2018-04-01
Calgary,One bedroom units,2018,4,900.0,7.38,-4.223333333333334,29.7,24.799999999999997,1.5866666666666667,,,,,,,,,,,6.4,22.0,,,,,,2018-04-01
Calgary,One bedroom units,2018,4,1050.0,7.38,-4.223333333333334,29.7,24.799999999999997,1.5866666666666667,,,,,,,,,,,6.4,22.0,,,,,,2018-04-01
Calgary,One bedroom units,2018,4,1052.0,7.38,-4.223333333333334,29.7,24.799999999999997,1.5866666666666667,,,,,,,,,,,6.4,22.0,,,,,,2018-04-01
Calgary,One bedroom units,2018,5,1049.0,21.125806451612902,6.873304832232154,32.5,0.0,13.73841948438917,,,,,,,,,,,6.4,22.0,,,,,,2018-05-01
Calgary,One bedroom units,2018,5,900.0,21.125806451612902,6.873304832232154,32.5,0.0,13.73841948438917,,,,,,,,,,,6.4,22.0,,,,,,2018-05-01
Calgary,One bedroom units,2018,5,1050.0,21.125806451612902,6.873304832232154,32.5,0.0,13.73841948438917,,,,,,,,,,,6.4,22.0,,,,,,2018-05-01
Calgary,One bedroom units,2018,5,1052.0,21.125806451612902,6.873304832232154,32.5,0.0,13.73841948438917,,,,,,,,,,,6.4,22.0,,,,,,2018-05-01
Calgary,One bedroom units,2018,6,1049.0,21.613333333333333,8.059081659973225,67.7,0.0,14.546366800535475,,,,,,,,,,,6.4,22.0,,,,,,2018-06-01
Calgary,One bedroom units,2018,6,900.0,21.613333333333333,8.059081659973225,67.7,0.0,14.546366800535475,,,,,,,,,,,6.4,22.0,,,,,,2018-06-01
Calgary,One bedroom units,2018,6,1050.0,21.613333333333333,8.059081659973225,67.7,0.0,14.546366800535475,,,,,,,,,,,6.4,22.0,,,,,,2018-06-01
Calgary,One bedroom units,2018,6,1052.0,21.613333333333333,8.059081659973225,67.7,0.0,14.546366800535475,,,,,,,,,,,6.4,22.0,,,,,,2018-06-01
Calgary,One bedroom units,2018,7,1049.0,24.932258064516127,10.625806451612902,34.800000000000004,0.0,17.799999999999997,,,,,,,,,,,6.4,22.0,,,,,,2018-07-01
Calgary,One bedroom units,2018,7,900.0,24.932258064516127,10.625806451612902,34.800000000000004,0.0,17.799999999999997,,,,,,,,,,,6.4,22.0,,,,,,2018-07-01
Calgary,One bedroom units,2018,7,1050.0,24.932258064516127,10.625806451612902,34.800000000000004,0.0,17.799999999999997,,,,,,,,,,,6.4,22.0,,,,,,2018-07-01
Calgary,One bedroom units,2018,7,1052.0,24.932258064516127,10.625806451612902,34.800000000000004,0.0,17.799999999999997,,,,,,,,,,,6.4,22.0,,,,,,2018-07-01
Calgary,One bedroom units,2018,8,1049.0,24.11935483870968,9.990322580645161,49.7,0.0,17.080645161290324,,,,,,,,,,,6.4,22.0,,,,,,2018-08-01
Calgary,One bedroom units,2018,8,900.0,24.11935483870968,9.990322580645161,49.7,0.0,17.080645161290324,,,,,,,,,,,6.4,22.0,,,,,,2018-08-01
Calgary,One bedroom units,2018,8,1050.0,24.11935483870968,9.990322580645161,49.7,0.0,17.080645161290324,,,,,,,,,,,6.4,22.0,,,,,,2018-08-01
Calgary,One bedroom units,2018,8,1052.0,24.11935483870968,9.990322580645161,49.7,0.0,17.080645161290324,,,,,,,,,,,6.4,22.0,,,,,,2018-08-01
Calgary,One bedroom units,2018,9,1049.0,11.853333333333333,2.683333333333333,37.2,1.7999999999999998,7.286666666666666,,,,,,,,,,,6.4,22.0,,,,,,2018-09-01
Calgary,One bedroom units,2018,9,900.0,11.853333333333333,2.683333333333333,37.2,1.7999999999999998,7.286666666666666,,,,,,,,,,,6.4,22.0,,,,,,2018-09-01
Calgary,One bedroom units,2018,9,1050.0,11.853333333333333,2.683333333333333,37.2,1.7999999999999998,7.286666666666666,,,,,,,,,,,6.4,22.0,,,,,,2018-09-01
Calgary,One bedroom units,2018,9,1052.0,11.853333333333333,2.683333333333333,37.2,1.7999999999999998,7.286666666666666,,,,,,,,,,,6.4,22.0,,,,,,2018-09-01
Calgary,One bedroom units,2018,10,1049.0,10.345161290322581,-2.045605648400052,48.2,48.39999999999999,4.125661355097811,,,,,,,,,,,6.4,22.0,,,,,,2018-10-01
Calgary,One bedroom units,2018,10,900.0,10.345161290322581,-2.045605648400052,48.2,48.39999999999999,4.125661355097811,,,,,,,,,,,6.4,22.0,,,,,,2018-10-01
Calgary,One bedroom units,2018,10,1050.0,10.345161290322581,-2.045605648400052,48.2,48.39999999999999,4.125661355097811,,,,,,,,,,,6.4,22.0,,,,,,2018-10-01
Calgary,One bedroom units,2018,10,1052.0,10.345161290322581,-2.045605648400052,48.2,48.39999999999999,4.125661355097811,,,,,,,,,,,6.4,22.0,,,,,,2018-10-01
Calgary,One bedroom units,2018,11,1049.0,5.446052596449072,-5.543792503346721,30.2,27.9,-0.050149933065595835,Canada,2016A000011124,Percent,239.0,units,0.0,v733833,1.0,4.38,2.0,6.4,22.0,,,,,,2018-11-01
Calgary,One bedroom units,2018,11,900.0,5.446052596449072,-5.543792503346721,30.2,27.9,-0.050149933065595835,Canada,2016A000011124,Percent,239.0,units,0.0,v733833,1.0,4.38,2.0,6.4,22.0,,,,,,2018-11-01
Calgary,One bedroom units,2018,11,1050.0,5.446052596449072,-5.543792503346721,30.2,27.9,-0.050149933065595835,Canada,2016A000011124,Percent,239.0,units,0.0,v733833,1.0,4.38,2.0,6.4,22.0,,,,,,2018-11-01
Calgary,One bedroom units,2018,11,1052.0,5.446052596449072,-5.543792503346721,30.2,27.9,-0.050149933065595835,Canada,2016A000011124,Percent,239.0,units,0.0,v733833,1.0,4.38,2.0,6.4,22.0,,,,,,2018-11-01
Calgary,One bedroom units,2018,12,1049.0,2.647792835273296,-7.839154035496826,13.2,15.0,-2.6033709029667054,Canada,2016A000011124,Percent,239.0,units,0.0,v733833,1.0,4.59,2.0,6.4,22.0,,,,,,2018-12-01
Calgary,One bedroom units,2018,12,900.0,2.647792835273296,-7.839154035496826,13.2,15.0,-2.6033709029667054,Canada,2016A000011124,Percent,239.0,units,0.0,v733833,1.0,4.59,2.0,6.4,22.0,,,,,,2018-12-01
Calgary,One bedroom units,2018,12,1050.0,2.647792835273296,-7.839154035496826,13.2,15.0,-2.6033709029667054,Canada,2016A000011124,Percent,239.0,units,0.0,v733833,1.0,4.59,2.0,6.4,22.0,,,,,,2018-12-01
Calgary,One bedroom units,2018,12,1052.0,2.647792835273296,-7.839154035496826,13.2,15.0,-2.6033709029667054,Canada,2016A000011124,Percent,239.0,units,0.0,v733833,1.0,4.59,2.0,6.4,22.0,,,,,,2018-12-01
Calgary,One bedroom units,2019,1,1079.0,3.045161290322581,-9.419354838709678,8.9,10.2,-3.1967741935483875,Canada,2016A000011124,Percent,239.0,units,0.0,v733833,1.0,4.59,2.0,,,,,,,,2019-01-01
Calgary,One bedroom units,2019,1,933.0,3.045161290322581,-9.419354838709678,8.9,10.2,-3.1967741935483875,Canada,2016A000011124,Percent,239.0,units,0.0,v733833,1.0,4.59,2.0,,,,,,,,2019-01-01
Calgary,One bedroom units,2019,1,1080.0,3.045161290322581,-9.419354838709678,8.9,10.2,-3.1967741935483875,Canada,2016A000011124,Percent,239.0,units,0.0,v733833,1.0,4.59,2.0,,,,,,,,2019-01-01
Calgary,One bedroom units,2019,1,1082.0,3.045161290322581,-9.419354838709678,8.9,10.2,-3.1967741935483875,Canada,2016A000011124,Percent,239.0,units,0.0,v733833,1.0,4.59,2.0,,,,,,,,2019-01-01
Calgary,One bedroom units,2019,2,1079.0,-13.382142857142856,-22.99642857142857,28.7,33.8,-18.210714285714285,Canada,2016A000011124,Percent,239.0,units,0.0,v733833,1.0,4.52,2.0,,,,,,,,2019-02-01
Calgary,One bedroom units,2019,2,933.0,-13.382142857142856,-22.99642857142857,28.7,33.8,-18.210714285714285,Canada,2016A000011124,Percent,239.0,units,0.0,v733833,1.0,4.52,2.0,,,,,,,,2019-02-01
Calgary,One bedroom units,2019,2,1080.0,-13.382142857142856,-22.99642857142857,28.7,33.8,-18.210714285714285,Canada,2016A000011124,Percent,239.0,units,0.0,v733833,1.0,4.52,2.0,,,,,,,,2019-02-01
Calgary,One bedroom units,2019,2,1082.0,-13.382142857142856,-22.99642857142857,28.7,33.8,-18.210714285714285,Canada,2016A000011124,Percent,239.0,units,0.0,v733833,1.0,4.52,2.0,,,,,,,,2019-02-01
Calgary,One bedroom units,2019,3,1079.0,3.7032258064516133,-8.73225806451613,7.2,8.2,-2.5161290322580645,Canada,2016A000011124,Percent,239.0,units,0.0,v733833,1.0,4.44,2.0,,,,,,,,2019-03-01
Calgary,One bedroom units,2019,3,933.0,3.7032258064516133,-8.73225806451613,7.2,8.2,-2.5161290322580645,Canada,2016A000011124,Percent,239.0,units,0.0,v733833,1.0,4.44,2.0,,,,,,,,2019-03-01
Calgary,One bedroom units,2019,3,1080.0,3.7032258064516133,-8.73225806451613,7.2,8.2,-2.5161290322580645,Canada,2016A000011124,Percent,239.0,units,0.0,v733833,1.0,4.44,2.0,,,,,,,,2019-03-01
Calgary,One bedroom units,2019,3,1082.0,3.7032258064516133,-8.73225806451613,7.2,8.2,-2.5161290322580645,Canada,2016A000011124,Percent,239.0,units,0.0,v733833,1.0,4.44,2.0,,,,,,,,2019-03-01
Calgary,One bedroom units,2019,4,1079.0,11.482719263115738,-0.9804591700133869,18.2,16.9,5.279850066934404,Canada,2016A000011124,Percent,239.0,units,0.0,v733833,1.0,4.33,2.0,,,,,,,,2019-04-01
Calgary,One bedroom units,2019,4,933.0,11.482719263115738,-0.9804591700133869,18.2,16.9,5.279850066934404,Canada,2016A000011124,Percent,239.0,units,0.0,v733833,1.0,4.33,2.0,,,,,,,,2019-04-01
Calgary,One bedroom units,2019,4,1080.0,11.482719263115738,-0.9804591700133869,18.2,16.9,5.279850066934404,Canada,2016A000011124,Percent,239.0,units,0.0,v733833,1.0,4.33,2.0,,,,,,,,2019-04-01
Calgary,One bedroom units,2019,4,1082.0,11.482719263115738,-0.9804591700133869,18.2,16.9,5.279850066934404,Canada,2016A000011124,Percent,239.0,units,0.0,v733833,1.0,4.33,2.0,,,,,,,,2019-04-01
Calgary,One bedroom units,2019,5,1079.0,14.661290322580646,3.4129032258064513,45.5,7.7,9.058064516129033,Canada,2016A000011124,Percent,239.0,units,0.0,v733833,1.0,4.3,2.0,,,,,,,,2019-05-01
Calgary,One bedroom units,2019,5,933.0,14.661290322580646,3.4129032258064513,45.5,7.7,9.058064516129033,Canada,2016A000011124,Percent,239.0,units,0.0,v733833,1.0,4.3,2.0,,,,,,,,2019-05-01
Calgary,One bedroom units,2019,5,1080.0,14.661290322580646,3.4129032258064513,45.5,7.7,9.058064516129033,Canada,2016A000011124,Percent,239.0,units,0.0,v733833,1.0,4.3,2.0,,,,,,,,2019-05-01
Calgary,One bedroom units,2019,5,1082.0,14.661290322580646,3.4129032258064513,45.5,7.7,9.058064516129033,Canada,2016A000011124,Percent,239.0,units,0.0,v733833,1.0,4.3,2.0,,,,,,,,2019-05-01
Calgary,One bedroom units,2019,6,1079.0,18.884210385796287,6.7414966532797855,134.2,0.0,12.836066934404283,Canada,2016A000011124,Percent,239.0,units,0.0,v733833,1.0,4.23,2.0,,,,,,,,2019-06-01
Calgary,One bedroom units,2019,6,933.0,18.884210385796287,6.7414966532797855,134.2,0.0,12.836066934404283,Canada,2016A000011124,Percent,239.0,units,0.0,v733833,1.0,4.23,2.0,,,,,,,,2019-06-01
Calgary,One bedroom units,2019,6,1080.0,18.884210385796287,6.7414966532797855,134.2,0.0,12.836066934404283,Canada,2016A000011124,Percent,239.0,units,0.0,v733833,1.0,4.23,2.0,,,,,,,,2019-06-01
Calgary,One bedroom units,2019,6,1082.0,18.884210385796287,6.7414966532797855,134.2,0.0,12.836066934404283,Canada,2016A000011124,Percent,239.0,units,0.0,v733833,1.0,4.23,2.0,,,,,,,,2019-06-01
Calgary,One bedroom units,2019,7,1079.0,21.957470254628134,10.160845964503173,83.5,0.0,16.086951677678456,Canada,2016A000011124,Percent,239.0,units,0.0,v733833,1.0,4.14,2.0,,,,,,,,2019-07-01
Calgary,One bedroom units,2019,7,933.0,21.957470254628134,10.160845964503173,83.5,0.0,16.086951677678456,Canada,2016A000011124,Percent,239.0,units,0.0,v733833,1.0,4.14,2.0,,,,,,,,2019-07-01
Calgary,One bedroom units,2019,7,1080.0,21.957470254628134,10.160845964503173,83.5,0.0,16.086951677678456,Canada,2016A000011124,Percent,239.0,units,0.0,v733833,1.0,4.14,2.0,,,,,,,,2019-07-01
Calgary,One bedroom units,2019,7,1082.0,21.957470254628134,10.160845964503173,83.5,0.0,16.086951677678456,Canada,2016A000011124,Percent,239.0,units,0.0,v733833,1.0,4.14,2.0,,,,,,,,2019-07-01
Calgary,One bedroom units,2019,8,1079.0,22.161290322580644,10.248387096774193,59.5,0.0,16.225806451612904,Canada,2016A000011124,Percent,239.0,units,0.0,v733833,1.0,4.08,2.0,,,,,,,,2019-08-01
Calgary,One bedroom units,2019,8,933.0,22.161290322580644,10.248387096774193,59.5,0.0,16.225806451612904,Canada,2016A000011124,Percent,239.0,units,0.0,v733833,1.0,4.08,2.0,,,,,,,,2019-08-01
Calgary,One bedroom units,2019,8,1080.0,22.161290322580644,10.248387096774193,59.5,0.0,16.225806451612904,Canada,2016A000011124,Percent,239.0,units,0.0,v733833,1.0,4.08,2.0,,,,,,,,2019-08-01
Calgary,One bedroom units,2019,8,1082.0,22.161290322580644,10.248387096774193,59.5,0.0,16.225806451612904,Canada,2016A000011124,Percent,239.0,units,0.0,v733833,1.0,4.08,2.0,,,,,,,,2019-08-01
Calgary,One bedroom units,2019,9,1079.0,16.11,6.333333333333333,67.7,34.4,11.246666666666666,Canada,2016A000011124,Percent,239.0,units,0.0,v733833,1.0,4.07,2.0,,,,,,,,2019-09-01
Calgary,One bedroom units,2019,9,933.0,16.11,6.333333333333333,67.7,34.4,11.246666666666666,Canada,2016A000011124,Percent,239.0,units,0.0,v733833,1.0,4.07,2.0,,,,,,,,2019-09-01
Calgary,One bedroom units,2019,9,1080.0,16.11,6.333333333333333,67.7,34.4,11.246666666666666,Canada,2016A000011124,Percent,239.0,units,0.0,v733833,1.0,4.07,2.0,,,,,,,,2019-09-01
Calgary,One bedroom units,2019,9,1082.0,16.11,6.333333333333333,67.7,34.4,11.246666666666666,Canada,2016A000011124,Percent,239.0,units,0.0,v733833,1.0,4.07,2.0,,,,,,,,2019-09-01
Calgary,One bedroom units,2019,10,1079.0,8.634889609466844,-3.2294766161419877,14.1,15.8,2.7159839357429716,Canada,2016A000011124,Percent,239.0,units,0.0,v733833,1.0,4.09,2.0,,,,,,,,2019-10-01
Calgary,One bedroom units,2019,10,933.0,8.634889609466844,-3.2294766161419877,14.1,15.8,2.7159839357429716,Canada,2016A000011124,Percent,239.0,units,0.0,v733833,1.0,4.09,2.0,,,,,,,,2019-10-01
Calgary,One bedroom units,2019,10,1080.0,8.634889609466844,-3.2294766161419877,14.1,15.8,2.7159839357429716,Canada,2016A000011124,Percent,239.0,units,0.0,v733833,1.0,4.09,2.0,,,,,,,,2019-10-01
Calgary,One bedroom units,2019,10,1082.0,8.634889609466844,-3.2294766161419877,14.1,15.8,2.7159839357429716,Canada,2016A000011124,Percent,239.0,units,0.0,v733833,1.0,4.09,2.0,,,,,,,,2019-10-01
Calgary,One bedroom units,2019,11,1079.0,3.2766666666666664,-7.016666666666667,42.699999999999996,43.400000000000006,-1.8666666666666667,Canada,2016A000011124,Percent,239.0,units,0.0,v733833,1.0,4.09,2.0,,,,,,,,2019-11-01
Calgary,One bedroom units,2019,11,933.0,3.2766666666666664,-7.016666666666667,42.699999999999996,43.400000000000006,-1.8666666666666667,Canada,2016A000011124,Percent,239.0,units,0.0,v733833,1.0,4.09,2.0,,,,,,,,2019-11-01
Calgary,One bedroom units,2019,11,1080.0,3.2766666666666664,-7.016666666666667,42.699999999999996,43.400000000000006,-1.8666666666666667,Canada,2016A000011124,Percent,239.0,units,0.0,v733833,1.0,4.09,2.0,,,,,,,,2019-11-01
Calgary,One bedroom units,2019,11,1082.0,3.2766666666666664,-7.016666666666667,42.699999999999996,43.400000000000006,-1.8666666666666667,Canada,2016A000011124,Percent,239.0,units,0.0,v733833,1.0,4.09,2.0,,,,,,,,2019-11-01
Calgary,One bedroom units,2019,12,1079.0,0.20322580645161278,-9.712903225806452,15.6,20.5,-4.761290322580645,Canada,2016A000011124,Percent,239.0,units,0.0,v733833,1.0,4.08,2.0,,,,,,,,2019-12-01
Calgary,One bedroom units,2019,12,933.0,0.20322580645161278,-9.712903225806452,15.6,20.5,-4.761290322580645,Canada,2016A000011124,Percent,239.0,units,0.0,v733833,1.0,4.08,2.0,,,,,,,,2019-12-01
Calgary,One bedroom units,2019,12,1080.0,0.20322580645161278,-9.712903225806452,15.6,20.5,-4.761290322580645,Canada,2016A000011124,Percent,239.0,units,0.0,v733833,1.0,4.08,2.0,,,,,,,,2019-12-01
Calgary,One bedroom units,2019,12,1082.0,0.20322580645161278,-9.712903225806452,15.6,20.5,-4.761290322580645,Canada,2016A000011124,Percent,239.0,units,0.0,v733833,1.0,4.08,2.0,,,,,,,,2019-12-01
Calgary,One bedroom units,2020,1,1086.0,-2.974787809887995,-13.242379841948438,3.0,3.9,-8.11949993522477,Canada,2016A000011124,Percent,239.0,units,0.0,v733833,1.0,4.08,2.0,,,,,,,,2020-01-01
Calgary,One bedroom units,2020,1,1001.0,-2.974787809887995,-13.242379841948438,3.0,3.9,-8.11949993522477,Canada,2016A000011124,Percent,239.0,units,0.0,v733833,1.0,4.08,2.0,,,,,,,,2020-01-01
Calgary,One bedroom units,2020,1,1087.0,-2.974787809887995,-13.242379841948438,3.0,3.9,-8.11949993522477,Canada,2016A000011124,Percent,239.0,units,0.0,v733833,1.0,4.08,2.0,,,,,,,,2020-01-01
Calgary,One bedroom units,2020,1,1090.0,-2.974787809887995,-13.242379841948438,3.0,3.9,-8.11949993522477,Canada,2016A000011124,Percent,239.0,units,0.0,v733833,1.0,4.08,2.0,,,,,,,,2020-01-01
Calgary,One bedroom units,2020,2,1086.0,2.386206896551724,-8.96896551724138,19.9,21.5,-3.3034482758620687,Canada,2016A000011124,Percent,239.0,units,0.0,v733833,1.0,4.08,2.0,,,,,,,,2020-02-01
Calgary,One bedroom units,2020,2,1001.0,2.386206896551724,-8.96896551724138,19.9,21.5,-3.3034482758620687,Canada,2016A000011124,Percent,239.0,units,0.0,v733833,1.0,4.08,2.0,,,,,,,,2020-02-01
Calgary,One bedroom units,2020,2,1087.0,2.386206896551724,-8.96896551724138,19.9,21.5,-3.3034482758620687,Canada,2016A000011124,Percent,239.0,units,0.0,v733833,1.0,4.08,2.0,,,,,,,,2020-02-01
Calgary,One bedroom units,2020,2,1090.0,2.386206896551724,-8.96896551724138,19.9,21.5,-3.3034482758620687,Canada,2016A000011124,Percent,239.0,units,0.0,v733833,1.0,4.08,2.0,,,,,,,,2020-02-01
Calgary,One bedroom units,2020,3,1086.0,1.6735992868861989,-9.442379841948439,26.400000000000002,28.8,-3.890467677160254,Canada,2016A000011124,Percent,239.0,units,0.0,v733833,1.0,3.9,2.0,,,,,,,,2020-03-01
Calgary,One bedroom units,2020,3,1001.0,1.6735992868861989,-9.442379841948439,26.400000000000002,28.8,-3.890467677160254,Canada,2016A000011124,Percent,239.0,units,0.0,v733833,1.0,3.9,2.0,,,,,,,,2020-03-01
Calgary,One bedroom units,2020,3,1087.0,1.6735992868861989,-9.442379841948439,26.400000000000002,28.8,-3.890467677160254,Canada,2016A000011124,Percent,239.0,units,0.0,v733833,1.0,3.9,2.0,,,,,,,,2020-03-01
Calgary,One bedroom units,2020,3,1090.0,1.6735992868861989,-9.442379841948439,26.400000000000002,28.8,-3.890467677160254,Canada,2016A000011124,Percent,239.0,units,0.0,v733833,1.0,3.9,2.0,,,,,,,,2020-03-01
Calgary,One bedroom units,2020,4,1086.0,8.143333333333334,-2.8766666666666665,25.900000000000002,22.4,2.646666666666667,Canada,2016A000011124,Percent,239.0,units,0.0,v733833,1.0,3.95,2.0,,,,,,,,2020-04-01
Calgary,One bedroom units,2020,4,1001.0,8.143333333333334,-2.8766666666666665,25.900000000000002,22.4,2.646666666666667,Canada,2016A000011124,Percent,239.0,units,0.0,v733833,1.0,3.95,2.0,,,,,,,,2020-04-01
Calgary,One bedroom units,2020,4,1087.0,8.143333333333334,-2.8766666666666665,25.900000000000002,22.4,2.646666666666667,Canada,2016A000011124,Percent,239.0,units,0.0,v733833,1.0,3.95,2.0,,,,,,,,2020-04-01
Calgary,One bedroom units,2020,4,1090.0,8.143333333333334,-2.8766666666666665,25.900000000000002,22.4,2.646666666666667,Canada,2016A000011124,Percent,239.0,units,0.0,v733833,1.0,3.95,2.0,,,,,,,,2020-04-01
Calgary,One bedroom units,2020,5,1086.0,15.76774193548387,3.670967741935484,110.6,0.0,9.751612903225807,Canada,2016A000011124,Percent,239.0,units,0.0,v733833,1.0,3.86,2.0,,,,,,,,2020-05-01
Calgary,One bedroom units,2020,5,1001.0,15.76774193548387,3.670967741935484,110.6,0.0,9.751612903225807,Canada,2016A000011124,Percent,239.0,units,0.0,v733833,1.0,3.86,2.0,,,,,,,,2020-05-01
Calgary,One bedroom units,2020,5,1087.0,15.76774193548387,3.670967741935484,110.6,0.0,9.751612903225807,Canada,2016A000011124,Percent,239.0,units,0.0,v733833,1.0,3.86,2.0,,,,,,,,2020-05-01
Calgary,One bedroom units,2020,5,1090.0,15.76774193548387,3.670967741935484,110.6,0.0,9.751612903225807,Canada,2016A000011124,Percent,239.0,units,0.0,v733833,1.0,3.86,2.0,,,,,,,,2020-05-01
Calgary,One bedroom units,2020,6,1086.0,19.172105192898144,8.099081659973226,171.8,0.0,13.663033467202142,Canada,2016A000011124,Percent,239.0,units,0.0,v733833,1.0,3.77,2.0,,,,,,,,2020-06-01
Calgary,One bedroom units,2020,6,1001.0,19.172105192898144,8.099081659973226,171.8,0.0,13.663033467202142,Canada,2016A000011124,Percent,239.0,units,0.0,v733833,1.0,3.77,2.0,,,,,,,,2020-06-01
Calgary,One bedroom units,2020,6,1087.0,19.172105192898144,8.099081659973226,171.8,0.0,13.663033467202142,Canada,2016A000011124,Percent,239.0,units,0.0,v733833,1.0,3.77,2.0,,,,,,,,2020-06-01
Calgary,One bedroom units,2020,6,1090.0,19.172105192898144,8.099081659973226,171.8,0.0,13.663033467202142,Canada,2016A000011124,Percent,239.0,units,0.0,v733833,1.0,3.77,2.0,,,,,,,,2020-06-01
Calgary,One bedroom units,2020,7,1086.0,22.014940509256267,10.557175799974091,81.5,0.0,16.312613032776266,Canada,2016A000011124,Percent,239.0,units,0.0,v733833,1.0,3.64,2.0,,,,,,,,2020-07-01
Calgary,One bedroom units,2020,7,1001.0,22.014940509256267,10.557175799974091,81.5,0.0,16.312613032776266,Canada,2016A000011124,Percent,239.0,units,0.0,v733833,1.0,3.64,2.0,,,,,,,,2020-07-01
Calgary,One bedroom units,2020,7,1087.0,22.014940509256267,10.557175799974091,81.5,0.0,16.312613032776266,Canada,2016A000011124,Percent,239.0,units,0.0,v733833,1.0,3.64,2.0,,,,,,,,2020-07-01
Calgary,One bedroom units,2020,7,1090.0,22.014940509256267,10.557175799974091,81.5,0.0,16.312613032776266,Canada,2016A000011124,Percent,239.0,units,0.0,v733833,1.0,3.64,2.0,,,,,,,,2020-07-01
Calgary,One bedroom units,2020,8,1086.0,24.440746960869173,10.215240316103122,15.0,0.0,17.354548516647235,Canada,2016A000011124,Percent,239.0,units,0.0,v733833,1.0,3.57,2.0,,,,,,,,2020-08-01
Calgary,One bedroom units,2020,8,1001.0,24.440746960869173,10.215240316103122,15.0,0.0,17.354548516647235,Canada,2016A000011124,Percent,239.0,units,0.0,v733833,1.0,3.57,2.0,,,,,,,,2020-08-01
Calgary,One bedroom units,2020,8,1087.0,24.440746960869173,10.215240316103122,15.0,0.0,17.354548516647235,Canada,2016A000011124,Percent,239.0,units,0.0,v733833,1.0,3.57,2.0,,,,,,,,2020-08-01
Calgary,One bedroom units,2020,8,1090.0,24.440746960869173,10.215240316103122,15.0,0.0,17.354548516647235,Canada,2016A000011124,Percent,239.0,units,0.0,v733833,1.0,3.57,2.0,,,,,,,,2020-08-01
Calgary,One bedroom units,2020,9,1086.0,19.62,6.736666666666666,20.5,0.0,13.2,Canada,2016A000011124,Percent,239.0,units,0.0,v733833,1.0,3.51,2.0,,,,,,,,2020-09-01
Calgary,One bedroom units,2020,9,1001.0,19.62,6.736666666666666,20.5,0.0,13.2,Canada,2016A000011124,Percent,239.0,units,0.0,v733833,1.0,3.51,2.0,,,,,,,,2020-09-01
Calgary,One bedroom units,2020,9,1087.0,19.62,6.736666666666666,20.5,0.0,13.2,Canada,2016A000011124,Percent,239.0,units,0.0,v733833,1.0,3.51,2.0,,,,,,,,2020-09-01
Calgary,One bedroom units,2020,9,1090.0,19.62,6.736666666666666,20.5,0.0,13.2,Canada,2016A000011124,Percent,239.0,units,0.0,v733833,1.0,3.51,2.0,,,,,,,,2020-09-01
Calgary,One bedroom units,2020,10,1086.0,8.016129032258064,-1.8064516129032258,23.7,27.9,3.109677419354839,Canada,2016A000011124,Percent,239.0,units,0.0,v733833,1.0,3.45,2.0,,,,,,,,2020-10-01
Calgary,One bedroom units,2020,10,1001.0,8.016129032258064,-1.8064516129032258,23.7,27.9,3.109677419354839,Canada,2016A000011124,Percent,239.0,units,0.0,v733833,1.0,3.45,2.0,,,,,,,,2020-10-01
Calgary,One bedroom units,2020,10,1087.0,8.016129032258064,-1.8064516129032258,23.7,27.9,3.109677419354839,Canada,2016A000011124,Percent,239.0,units,0.0,v733833,1.0,3.45,2.0,,,,,,,,2020-10-01
Calgary,One bedroom units,2020,10,1090.0,8.016129032258064,-1.8064516129032258,23.7,27.9,3.109677419354839,Canada,2016A000011124,Percent,239.0,units,0.0,v733833,1.0,3.45,2.0,,,,,,,,2020-10-01
Calgary,One bedroom units,2020,11,1086.0,5.906666666666666,-6.286666666666666,17.9,18.2,-0.1966666666666666,Canada,2016A000011124,Percent,239.0,units,0.0,v733833,1.0,3.42,2.0,,,,,,,,2020-11-01
Calgary,One bedroom units,2020,11,1001.0,5.906666666666666,-6.286666666666666,17.9,18.2,-0.1966666666666666,Canada,2016A000011124,Percent,239.0,units,0.0,v733833,1.0,3.42,2.0,,,,,,,,2020-11-01
Calgary,One bedroom units,2020,11,1087.0,5.906666666666666,-6.286666666666666,17.9,18.2,-0.1966666666666666,Canada,2016A000011124,Percent,239.0,units,0.0,v733833,1.0,3.42,2.0,,,,,,,,2020-11-01
Calgary,One bedroom units,2020,11,1090.0,5.906666666666666,-6.286666666666666,17.9,18.2,-0.1966666666666666,Canada,2016A000011124,Percent,239.0,units,0.0,v733833,1.0,3.42,2.0,,,,,,,,2020-11-01
Calgary,One bedroom units,2020,12,1086.0,3.425806451612903,-8.23225806451613,37.5,39.6,-2.4096774193548387,Canada,2016A000011124,Percent,239.0,units,0.0,v733833,1.0,3.34,2.0,,,,,,,,2020-12-01
Calgary,One bedroom units,2020,12,1001.0,3.425806451612903,-8.23225806451613,37.5,39.6,-2.4096774193548387,Canada,2016A000011124,Percent,239.0,units,0.0,v733833,1.0,3.34,2.0,,,,,,,,2020-12-01
Calgary,One bedroom units,2020,12,1087.0,3.425806451612903,-8.23225806451613,37.5,39.6,-2.4096774193548387,Canada,2016A000011124,Percent,239.0,units,0.0,v733833,1.0,3.34,2.0,,,,,,,,2020-12-01
Calgary,One bedroom units,2020,12,1090.0,3.425806451612903,-8.23225806451613,37.5,39.6,-2.4096774193548387,Canada,2016A000011124,Percent,239.0,units,0.0,v733833,1.0,3.34,2.0,,,,,,,,2020-12-01
Calgary,One bedroom units,2021,1,1111.0,0.9903225806451613,-9.541935483870969,4.4,7.699999999999999,-4.287096774193548,Canada,2016A000011124,Percent,239.0,units,0.0,v733833,1.0,3.3,2.0,6.6,22.0,,,,,,2021-01-01
Calgary,One bedroom units,2021,1,992.0,0.9903225806451613,-9.541935483870969,4.4,7.699999999999999,-4.287096774193548,Canada,2016A000011124,Percent,239.0,units,0.0,v733833,1.0,3.3,2.0,6.6,22.0,,,,,,2021-01-01
Calgary,One bedroom units,2021,1,1111.0,0.9903225806451613,-9.541935483870969,4.4,7.699999999999999,-4.287096774193548,Canada,2016A000011124,Percent,239.0,units,0.0,v733833,1.0,3.3,2.0,6.6,22.0,,,,,,2021-01-01
Calgary,One bedroom units,2021,1,1115.0,0.9903225806451613,-9.541935483870969,4.4,7.699999999999999,-4.287096774193548,Canada,2016A000011124,Percent,239.0,units,0.0,v733833,1.0,3.3,2.0,6.6,22.0,,,,,,2021-01-01
Calgary,One bedroom units,2021,2,1111.0,-4.4198309399851246,-14.426475903614458,27.9,33.8,-9.439767641996557,Canada,2016A000011124,Percent,239.0,units,0.0,v733833,1.0,3.25,2.0,6.6,22.0,,,,,,2021-02-01
Calgary,One bedroom units,2021,2,992.0,-4.4198309399851246,-14.426475903614458,27.9,33.8,-9.439767641996557,Canada,2016A000011124,Percent,239.0,units,0.0,v733833,1.0,3.25,2.0,6.6,22.0,,,,,,2021-02-01
Calgary,One bedroom units,2021,2,1111.0,-4.4198309399851246,-14.426475903614458,27.9,33.8,-9.439767641996557,Canada,2016A000011124,Percent,239.0,units,0.0,v733833,1.0,3.25,2.0,6.6,22.0,,,,,,2021-02-01
Calgary,One bedroom units,2021,2,1115.0,-4.4198309399851246,-14.426475903614458,27.9,33.8,-9.439767641996557,Canada,2016A000011124,Percent,239.0,units,0.0,v733833,1.0,3.25,2.0,6.6,22.0,,,,,,2021-02-01
Calgary,One bedroom units,2021,3,1111.0,9.23692689291666,-3.5497201710066073,7.4,10.9,2.8608550330353673,Canada,2016A000011124,Percent,239.0,units,0.0,v733833,1.0,3.26,2.0,6.6,22.0,,,,,,2021-03-01
Calgary,One bedroom units,2021,3,992.0,9.23692689291666,-3.5497201710066073,7.4,10.9,2.8608550330353673,Canada,2016A000011124,Percent,239.0,units,0.0,v733833,1.0,3.26,2.0,6.6,22.0,,,,,,2021-03-01
Calgary,One bedroom units,2021,3,1111.0,9.23692689291666,-3.5497201710066073,7.4,10.9,2.8608550330353673,Canada,2016A000011124,Percent,239.0,units,0.0,v733833,1.0,3.26,2.0,6.6,22.0,,,,,,2021-03-01
Calgary,One bedroom units,2021,3,1115.0,9.23692689291666,-3.5497201710066073,7.4,10.9,2.8608550330353673,Canada,2016A000011124,Percent,239.0,units,0.0,v733833,1.0,3.26,2.0,6.6,22.0,,,,,,2021-03-01
Calgary,One bedroom units,2021,4,1111.0,12.109385929782405,-2.4071258366800534,10.7,9.9,4.863183400267738,Canada,2016A000011124,Percent,239.0,units,0.0,v733833,1.0,3.25,2.0,6.6,22.0,,,,,,2021-04-01
Calgary,One bedroom units,2021,4,992.0,12.109385929782405,-2.4071258366800534,10.7,9.9,4.863183400267738,Canada,2016A000011124,Percent,239.0,units,0.0,v733833,1.0,3.25,2.0,6.6,22.0,,,,,,2021-04-01
Calgary,One bedroom units,2021,4,1111.0,12.109385929782405,-2.4071258366800534,10.7,9.9,4.863183400267738,Canada,2016A000011124,Percent,239.0,units,0.0,v733833,1.0,3.25,2.0,6.6,22.0,,,,,,2021-04-01
Calgary,One bedroom units,2021,4,1115.0,12.109385929782405,-2.4071258366800534,10.7,9.9,4.863183400267738,Canada,2016A000011124,Percent,239.0,units,0.0,v733833,1.0,3.25,2.0,6.6,22.0,,,,,,2021-04-01
Calgary,One bedroom units,2021,5,1111.0,15.257470254628133,3.0672975774063995,35.0,7.8,9.186951677678456,Canada,2016A000011124,Percent,239.0,units,0.0,v733833,1.0,3.25,2.0,6.6,22.0,,,,,,2021-05-01
Calgary,One bedroom units,2021,5,992.0,15.257470254628133,3.0672975774063995,35.0,7.8,9.186951677678456,Canada,2016A000011124,Percent,239.0,units,0.0,v733833,1.0,3.25,2.0,6.6,22.0,,,,,,2021-05-01
Calgary,One bedroom units,2021,5,1111.0,15.257470254628133,3.0672975774063995,35.0,7.8,9.186951677678456,Canada,2016A000011124,Percent,239.0,units,0.0,v733833,1.0,3.25,2.0,6.6,22.0,,,,,,2021-05-01
Calgary,One bedroom units,2021,5,1115.0,15.257470254628133,3.0672975774063995,35.0,7.8,9.186951677678456,Canada,2016A000011124,Percent,239.0,units,0.0,v733833,1.0,3.25,2.0,6.6,22.0,,,,,,2021-05-01
Calgary,One bedroom units,2021,6,1111.0,22.804824456013883,8.971955823293172,30.3,0.0,15.919550200803211,Canada,2016A000011124,Percent,239.0,units,0.0,v733833,1.0,3.26,2.0,6.6,22.0,,,,,,2021-06-01
Calgary,One bedroom units,2021,6,992.0,22.804824456013883,8.971955823293172,30.3,0.0,15.919550200803211,Canada,2016A000011124,Percent,239.0,units,0.0,v733833,1.0,3.26,2.0,6.6,22.0,,,,,,2021-06-01
Calgary,One bedroom units,2021,6,1111.0,22.804824456013883,8.971955823293172,30.3,0.0,15.919550200803211,Canada,2016A000011124,Percent,239.0,units,0.0,v733833,1.0,3.26,2.0,6.6,22.0,,,,,,2021-06-01
Calgary,One bedroom units,2021,6,1115.0,22.804824456013883,8.971955823293172,30.3,0.0,15.919550200803211,Canada,2016A000011124,Percent,239.0,units,0.0,v733833,1.0,3.26,2.0,6.6,22.0,,,,,,2021-06-01
Calgary,One bedroom units,2021,7,1111.0,26.448387096774194,13.193548387096774,61.9,0.0,19.838709677419356,Canada,2016A000011124,Percent,239.0,units,0.0,v733833,1.0,3.2,2.0,6.6,22.0,,,,,,2021-07-01
Calgary,One bedroom units,2021,7,992.0,26.448387096774194,13.193548387096774,61.9,0.0,19.838709677419356,Canada,2016A000011124,Percent,239.0,units,0.0,v733833,1.0,3.2,2.0,6.6,22.0,,,,,,2021-07-01
Calgary,One bedroom units,2021,7,1111.0,26.448387096774194,13.193548387096774,61.9,0.0,19.838709677419356,Canada,2016A000011124,Percent,239.0,units,0.0,v733833,1.0,3.2,2.0,6.6,22.0,,,,,,2021-07-01
Calgary,One bedroom units,2021,7,1115.0,26.448387096774194,13.193548387096774,61.9,0.0,19.838709677419356,Canada,2016A000011124,Percent,239.0,units,0.0,v733833,1.0,3.2,2.0,6.6,22.0,,,,,,2021-07-01
Calgary,One bedroom units,2021,8,1111.0,22.976230831836915,10.205562896748283,76.60000000000001,0.0,16.61906464567949,Canada,2016A000011124,Percent,239.0,units,0.0,v733833,1.0,3.2,2.0,6.6,22.0,,,,,,2021-08-01
Calgary,One bedroom units,2021,8,992.0,22.976230831836915,10.205562896748283,76.60000000000001,0.0,16.61906464567949,Canada,2016A000011124,Percent,239.0,units,0.0,v733833,1.0,3.2,2.0,6.6,22.0,,,,,,2021-08-01
Calgary,One bedroom units,2021,8,1111.0,22.976230831836915,10.205562896748283,76.60000000000001,0.0,16.61906464567949,Canada,2016A000011124,Percent,239.0,units,0.0,v733833,1.0,3.2,2.0,6.6,22.0,,,,,,2021-08-01
Calgary,One bedroom units,2021,8,1115.0,22.976230831836915,10.205562896748283,76.60000000000001,0.0,16.61906464567949,Canada,2016A000011124,Percent,239.0,units,0.0,v733833,1.0,3.2,2.0,6.6,22.0,,,,,,2021-08-01
Calgary,One bedroom units,2021,9,1111.0,19.979385929782403,6.242874163319946,16.2,0.0,13.139850066934404,Canada,2016A000011124,Percent,239.0,units,0.0,v733833,1.0,3.22,2.0,6.6,22.0,,,,,,2021-09-01
Calgary,One bedroom units,2021,9,992.0,19.979385929782403,6.242874163319946,16.2,0.0,13.139850066934404,Canada,2016A000011124,Percent,239.0,units,0.0,v733833,1.0,3.22,2.0,6.6,22.0,,,,,,2021-09-01
Calgary,One bedroom units,2021,9,1111.0,19.979385929782403,6.242874163319946,16.2,0.0,13.139850066934404,Canada,2016A000011124,Percent,239.0,units,0.0,v733833,1.0,3.22,2.0,6.6,22.0,,,,,,2021-09-01
Calgary,One bedroom units,2021,9,1115.0,19.979385929782403,6.242874163319946,16.2,0.0,13.139850066934404,Canada,2016A000011124,Percent,239.0,units,0.0,v733833,1.0,3.22,2.0,6.6,22.0,,,,,,2021-09-01
Calgary,One bedroom units,2021,10,1111.0,12.37741935483871,-0.732258064516129,25.9,4.2,5.851612903225806,Canada,2016A000011124,Percent,239.0,units,0.0,v733833,1.0,3.29,2.0,6.6,22.0,,,,,,2021-10-01
Calgary,One bedroom units,2021,10,992.0,12.37741935483871,-0.732258064516129,25.9,4.2,5.851612903225806,Canada,2016A000011124,Percent,239.0,units,0.0,v733833,1.0,3.29,2.0,6.6,22.0,,,,,,2021-10-01
Calgary,One bedroom units,2021,10,1111.0,12.37741935483871,-0.732258064516129,25.9,4.2,5.851612903225806,Canada,2016A000011124,Percent,239.0,units,0.0,v733833,1.0,3.29,2.0,6.6,22.0,,,,,,2021-10-01
Calgary,One bedroom units,2021,10,1115.0,12.37741935483871,-0.732258064516129,25.9,4.2,5.851612903225806,Canada,2016A000011124,Percent,239.0,units,0.0,v733833,1.0,3.29,2.0,6.6,22.0,,,,,,2021-10-01
Calgary,One bedroom units,2021,11,1111.0,8.406666666666666,-4.6,3.9,3.8,1.91,Canada,2016A000011124,Percent,239.0,units,0.0,v733833,1.0,3.4,2.0,6.6,22.0,,,,,,2021-11-01
Calgary,One bedroom units,2021,11,992.0,8.406666666666666,-4.6,3.9,3.8,1.91,Canada,2016A000011124,Percent,239.0,units,0.0,v733833,1.0,3.4,2.0,6.6,22.0,,,,,,2021-11-01
Calgary,One bedroom units,2021,11,1111.0,8.406666666666666,-4.6,3.9,3.8,1.91,Canada,2016A000011124,Percent,239.0,units,0.0,v733833,1.0,3.4,2.0,6.6,22.0,,,,,,2021-11-01
Calgary,One bedroom units,2021,11,1115.0,8.406666666666666,-4.6,3.9,3.8,1.91,Canada,2016A000011124,Percent,239.0,units,0.0,v733833,1.0,3.4,2.0,6.6,22.0,,,,,,2021-11-01
Calgary,One bedroom units,2021,12,1111.0,-6.797368455049285,-16.690766938722632,22.599999999999998,25.5,-11.761435419095738,Canada,2016A000011124,Percent,239.0,units,0.0,v733833,1.0,3.45,2.0,6.6,22.0,,,,,,2021-12-01
Calgary,One bedroom units,2021,12,992.0,-6.797368455049285,-16.690766938722632,22.599999999999998,25.5,-11.761435419095738,Canada,2016A000011124,Percent,239.0,units,0.0,v733833,1.0,3.45,2.0,6.6,22.0,,,,,,2021-12-01
Calgary,One bedroom units,2021,12,1111.0,-6.797368455049285,-16.690766938722632,22.599999999999998,25.5,-11.761435419095738,Canada,2016A000011124,Percent,239.0,units,0.0,v733833,1.0,3.45,2.0,6.6,22.0,,,,,,2021-12-01
Calgary,One bedroom units,2021,12,1115.0,-6.797368455049285,-16.690766938722632,22.599999999999998,25.5,-11.761435419095738,Canada,2016A000011124,Percent,239.0,units,0.0,v733833,1.0,3.45,2.0,6.6,22.0,,,,,,2021-12-01
Calgary,One bedroom units,2022,1,1222.0,1.1612903225806455,-11.59032258064516,3.4000000000000004,3.6999999999999997,-5.219354838709678,Canada,2016A000011124,Percent,239.0,units,0.0,v733833,1.0,3.44,2.0,8.0,22.0,,,,,,2022-01-01
Calgary,One bedroom units,2022,1,1049.0,1.1612903225806455,-11.59032258064516,3.4000000000000004,3.6999999999999997,-5.219354838709678,Canada,2016A000011124,Percent,239.0,units,0.0,v733833,1.0,3.44,2.0,8.0,22.0,,,,,,2022-01-01
Calgary,One bedroom units,2022,1,1222.0,1.1612903225806455,-11.59032258064516,3.4000000000000004,3.6999999999999997,-5.219354838709678,Canada,2016A000011124,Percent,239.0,units,0.0,v733833,1.0,3.44,2.0,8.0,22.0,,,,,,2022-01-01
Calgary,One bedroom units,2022,1,1226.0,1.1612903225806455,-11.59032258064516,3.4000000000000004,3.6999999999999997,-5.219354838709678,Canada,2016A000011124,Percent,239.0,units,0.0,v733833,1.0,3.44,2.0,8.0,22.0,,,,,,2022-01-01
Calgary,One bedroom units,2022,2,1222.0,1.6187968419245953,-9.616253585771657,24.2,32.5,-4.01135685599541,Canada,2016A000011124,Percent,239.0,units,0.0,v733833,1.0,3.58,2.0,8.0,22.0,,,,,,2022-02-01
Calgary,One bedroom units,2022,2,1049.0,1.6187968419245953,-9.616253585771657,24.2,32.5,-4.01135685599541,Canada,2016A000011124,Percent,239.0,units,0.0,v733833,1.0,3.58,2.0,8.0,22.0,,,,,,2022-02-01
Calgary,One bedroom units,2022,2,1222.0,1.6187968419245953,-9.616253585771657,24.2,32.5,-4.01135685599541,Canada,2016A000011124,Percent,239.0,units,0.0,v733833,1.0,3.58,2.0,8.0,22.0,,,,,,2022-02-01
Calgary,One bedroom units,2022,2,1226.0,1.6187968419245953,-9.616253585771657,24.2,32.5,-4.01135685599541,Canada,2016A000011124,Percent,239.0,units,0.0,v733833,1.0,3.58,2.0,8.0,22.0,,,,,,2022-02-01
Calgary,One bedroom units,2022,3,1222.0,8.664770627979383,-3.7538346936131624,9.3,11.0,2.4734680658116335,Canada,2016A000011124,Percent,239.0,units,0.0,v733833,1.0,3.77,2.0,8.0,22.0,,,,,,2022-03-01
Calgary,One bedroom units,2022,3,1049.0,8.664770627979383,-3.7538346936131624,9.3,11.0,2.4734680658116335,Canada,2016A000011124,Percent,239.0,units,0.0,v733833,1.0,3.77,2.0,8.0,22.0,,,,,,2022-03-01
Calgary,One bedroom units,2022,3,1222.0,8.664770627979383,-3.7538346936131624,9.3,11.0,2.4734680658116335,Canada,2016A000011124,Percent,239.0,units,0.0,v733833,1.0,3.77,2.0,8.0,22.0,,,,,,2022-03-01
Calgary,One bedroom units,2022,3,1226.0,8.664770627979383,-3.7538346936131624,9.3,11.0,2.4734680658116335,Canada,2016A000011124,Percent,239.0,units,0.0,v733833,1.0,3.77,2.0,8.0,22.0,,,,,,2022-03-01
Calgary,One bedroom units,2022,4,1222.0,7.713333333333334,-3.52,40.6,43.1,2.1133333333333333,Canada,2016A000011124,Percent,239.0,units,0.0,v733833,1.0,4.19,2.0,8.0,22.0,,,,,,2022-04-01
Calgary,One bedroom units,2022,4,1049.0,7.713333333333334,-3.52,40.6,43.1,2.1133333333333333,Canada,2016A000011124,Percent,239.0,units,0.0,v733833,1.0,4.19,2.0,8.0,22.0,,,,,,2022-04-01
Calgary,One bedroom units,2022,4,1222.0,7.713333333333334,-3.52,40.6,43.1,2.1133333333333333,Canada,2016A000011124,Percent,239.0,units,0.0,v733833,1.0,4.19,2.0,8.0,22.0,,,,,,2022-04-01
Calgary,One bedroom units,2022,4,1226.0,7.713333333333334,-3.52,40.6,43.1,2.1133333333333333,Canada,2016A000011124,Percent,239.0,units,0.0,v733833,1.0,4.19,2.0,8.0,22.0,,,,,,2022-04-01
Calgary,One bedroom units,2022,5,1222.0,15.966553412482076,3.4636274128773157,12.1,1.0,9.735193677937557,Canada,2016A000011124,Percent,239.0,units,0.0,v733833,1.0,4.63,2.0,8.0,22.0,,,,,,2022-05-01
Calgary,One bedroom units,2022,5,1049.0,15.966553412482076,3.4636274128773157,12.1,1.0,9.735193677937557,Canada,2016A000011124,Percent,239.0,units,0.0,v733833,1.0,4.63,2.0,8.0,22.0,,,,,,2022-05-01
Calgary,One bedroom units,2022,5,1222.0,15.966553412482076,3.4636274128773157,12.1,1.0,9.735193677937557,Canada,2016A000011124,Percent,239.0,units,0.0,v733833,1.0,4.63,2.0,8.0,22.0,,,,,,2022-05-01
Calgary,One bedroom units,2022,5,1226.0,15.966553412482076,3.4636274128773157,12.1,1.0,9.735193677937557,Canada,2016A000011124,Percent,239.0,units,0.0,v733833,1.0,4.63,2.0,8.0,22.0,,,,,,2022-05-01
Calgary,One bedroom units,2022,6,1222.0,19.17877185956481,8.059081659973225,137.9,0.0,13.643033467202143,Canada,2016A000011124,Percent,239.0,units,0.0,v733833,1.0,5.05,2.0,8.0,22.0,,,,,,2022-06-01
Calgary,One bedroom units,2022,6,1049.0,19.17877185956481,8.059081659973225,137.9,0.0,13.643033467202143,Canada,2016A000011124,Percent,239.0,units,0.0,v733833,1.0,5.05,2.0,8.0,22.0,,,,,,2022-06-01
Calgary,One bedroom units,2022,6,1222.0,19.17877185956481,8.059081659973225,137.9,0.0,13.643033467202143,Canada,2016A000011124,Percent,239.0,units,0.0,v733833,1.0,5.05,2.0,8.0,22.0,,,,,,2022-06-01
Calgary,One bedroom units,2022,6,1226.0,19.17877185956481,8.059081659973225,137.9,0.0,13.643033467202143,Canada,2016A000011124,Percent,239.0,units,0.0,v733833,1.0,5.05,2.0,8.0,22.0,,,,,,2022-06-01
Calgary,One bedroom units,2022,7,1222.0,22.913751986254475,10.594996761238503,64.1,0.0,16.77683896877834,Canada,2016A000011124,Percent,239.0,units,0.0,v733833,1.0,5.51,2.0,8.0,22.0,,,,,,2022-07-01
Calgary,One bedroom units,2022,7,1049.0,22.913751986254475,10.594996761238503,64.1,0.0,16.77683896877834,Canada,2016A000011124,Percent,239.0,units,0.0,v733833,1.0,5.51,2.0,8.0,22.0,,,,,,2022-07-01
Calgary,One bedroom units,2022,7,1222.0,22.913751986254475,10.594996761238503,64.1,0.0,16.77683896877834,Canada,2016A000011124,Percent,239.0,units,0.0,v733833,1.0,5.51,2.0,8.0,22.0,,,,,,2022-07-01
Calgary,One bedroom units,2022,7,1226.0,22.913751986254475,10.594996761238503,64.1,0.0,16.77683896877834,Canada,2016A000011124,Percent,239.0,units,0.0,v733833,1.0,5.51,2.0,8.0,22.0,,,,,,2022-07-01
Calgary,One bedroom units,2022,8,1222.0,27.19677419354839,12.76774193548387,30.1,0.0,20.006451612903227,Canada,2016A000011124,Percent,239.0,units,0.0,v733833,1.0,5.58,2.0,8.0,22.0,,,,,,2022-08-01
Calgary,One bedroom units,2022,8,1049.0,27.19677419354839,12.76774193548387,30.1,0.0,20.006451612903227,Canada,2016A000011124,Percent,239.0,units,0.0,v733833,1.0,5.58,2.0,8.0,22.0,,,,,,2022-08-01
Calgary,One bedroom units,2022,8,1222.0,27.19677419354839,12.76774193548387,30.1,0.0,20.006451612903227,Canada,2016A000011124,Percent,239.0,units,0.0,v733833,1.0,5.58,2.0,8.0,22.0,,,,,,2022-08-01
Calgary,One bedroom units,2022,8,1226.0,27.19677419354839,12.76774193548387,30.1,0.0,20.006451612903227,Canada,2016A000011124,Percent,239.0,units,0.0,v733833,1.0,5.58,2.0,8.0,22.0,,,,,,2022-08-01
Calgary,One bedroom units,2022,9,1222.0,22.40666666666667,7.823333333333333,10.8,0.0,15.143333333333334,Canada,2016A000011124,Percent,239.0,units,0.0,v733833,1.0,5.64,2.0,8.0,22.0,,,,,,2022-09-01
Calgary,One bedroom units,2022,9,1049.0,22.40666666666667,7.823333333333333,10.8,0.0,15.143333333333334,Canada,2016A000011124,Percent,239.0,units,0.0,v733833,1.0,5.64,2.0,8.0,22.0,,,,,,2022-09-01
Calgary,One bedroom units,2022,9,1222.0,22.40666666666667,7.823333333333333,10.8,0.0,15.143333333333334,Canada,2016A000011124,Percent,239.0,units,0.0,v733833,1.0,5.64,2.0,8.0,22.0,,,,,,2022-09-01
Calgary,One bedroom units,2022,9,1226.0,22.40666666666667,7.823333333333333,10.8,0.0,15.143333333333334,Canada,2016A000011124,Percent,239.0,units,0.0,v733833,1.0,5.64,2.0,8.0,22.0,,,,,,2022-09-01
Calgary,One bedroom units,2022,10,1222.0,16.138709677419357,2.0935483870967744,29.300000000000004,24.2,9.135483870967741,Canada,2016A000011124,Percent,239.0,units,0.0,v733833,1.0,5.75,2.0,8.0,22.0,,,,,,2022-10-01
Calgary,One bedroom units,2022,10,1049.0,16.138709677419357,2.0935483870967744,29.300000000000004,24.2,9.135483870967741,Canada,2016A000011124,Percent,239.0,units,0.0,v733833,1.0,5.75,2.0,8.0,22.0,,,,,,2022-10-01
Calgary,One bedroom units,2022,10,1222.0,16.138709677419357,2.0935483870967744,29.300000000000004,24.2,9.135483870967741,Canada,2016A000011124,Percent,239.0,units,0.0,v733833,1.0,5.75,2.0,8.0,22.0,,,,,,2022-10-01
Calgary,One bedroom units,2022,10,1226.0,16.138709677419357,2.0935483870967744,29.300000000000004,24.2,9.135483870967741,Canada,2016A000011124,Percent,239.0,units,0.0,v733833,1.0,5.75,2.0,8.0,22.0,,,,,,2022-10-01
Calgary,One bedroom units,2022,11,1222.0,-0.6599999999999999,-10.613333333333333,32.5,29.4,-5.653333333333333,Canada,2016A000011124,Percent,239.0,units,0.0,v733833,1.0,5.88,2.0,8.0,22.0,,,,,,2022-11-01
Calgary,One bedroom units,2022,11,1049.0,-0.6599999999999999,-10.613333333333333,32.5,29.4,-5.653333333333333,Canada,2016A000011124,Percent,239.0,units,0.0,v733833,1.0,5.88,2.0,8.0,22.0,,,,,,2022-11-01
Calgary,One bedroom units,2022,11,1222.0,-0.6599999999999999,-10.613333333333333,32.5,29.4,-5.653333333333333,Canada,2016A000011124,Percent,239.0,units,0.0,v733833,1.0,5.88,2.0,8.0,22.0,,,,,,2022-11-01
Calgary,One bedroom units,2022,11,1226.0,-0.6599999999999999,-10.613333333333333,32.5,29.4,-5.653333333333333,Canada,2016A000011124,Percent,239.0,units,0.0,v733833,1.0,5.88,2.0,8.0,22.0,,,,,,2022-11-01
Calgary,One bedroom units,2022,12,1222.0,-6.132258064516129,-17.325806451612905,19.1,26.1,-11.745161290322581,Canada,2016A000011124,Percent,239.0,units,0.0,v733833,1.0,5.89,2.0,8.0,22.0,,,,,,2022-12-01
Calgary,One bedroom units,2022,12,1049.0,-6.132258064516129,-17.325806451612905,19.1,26.1,-11.745161290322581,Canada,2016A000011124,Percent,239.0,units,0.0,v733833,1.0,5.89,2.0,8.0,22.0,,,,,,2022-12-01
Calgary,One bedroom units,2022,12,1222.0,-6.132258064516129,-17.325806451612905,19.1,26.1,-11.745161290322581,Canada,2016A000011124,Percent,239.0,units,0.0,v733833,1.0,5.89,2.0,8.0,22.0,,,,,,2022-12-01
Calgary,One bedroom units,2022,12,1226.0,-6.132258064516129,-17.325806451612905,19.1,26.1,-11.745161290322581,Canada,2016A000011124,Percent,239.0,units,0.0,v733833,1.0,5.89,2.0,8.0,22.0,,,,,,2022-12-01
Calgary,One bedroom units,2023,1,1463.0,2.376825093337812,-9.41979919678715,18.3,22.4,-3.532403161031222,Canada,2016A000011124,Percent,239.0,units,0.0,v733833,1.0,5.86,2.0,,,18.0,166.0,55.0,0.0,,2023-01-01
Calgary,One bedroom units,2023,1,1142.0,2.376825093337812,-9.41979919678715,18.3,22.4,-3.532403161031222,Canada,2016A000011124,Percent,239.0,units,0.0,v733833,1.0,5.86,2.0,,,18.0,166.0,55.0,0.0,,2023-01-01
Calgary,One bedroom units,2023,1,1464.0,2.376825093337812,-9.41979919678715,18.3,22.4,-3.532403161031222,Canada,2016A000011124,Percent,239.0,units,0.0,v733833,1.0,5.86,2.0,,,18.0,166.0,55.0,0.0,,2023-01-01
Calgary,One bedroom units,2023,1,1469.0,2.376825093337812,-9.41979919678715,18.3,22.4,-3.532403161031222,Canada,2016A000011124,Percent,239.0,units,0.0,v733833,1.0,5.86,2.0,,,18.0,166.0,55.0,0.0,,2023-01-01
Calgary,One bedroom units,2023,2,1463.0,0.6428571428571429,-10.714285714285714,29.8,32.1,-5.042857142857143,Canada,2016A000011124,Percent,239.0,units,0.0,v733833,1.0,5.81,2.0,,,18.0,166.0,55.0,0.0,,2023-02-01
Calgary,One bedroom units,2023,2,1142.0,0.6428571428571429,-10.714285714285714,29.8,32.1,-5.042857142857143,Canada,2016A000011124,Percent,239.0,units,0.0,v733833,1.0,5.81,2.0,,,18.0,166.0,55.0,0.0,,2023-02-01
Calgary,One bedroom units,2023,2,1464.0,0.6428571428571429,-10.714285714285714,29.8,32.1,-5.042857142857143,Canada,2016A000011124,Percent,239.0,units,0.0,v733833,1.0,5.81,2.0,,,18.0,166.0,55.0,0.0,,2023-02-01
Calgary,One bedroom units,2023,2,1469.0,0.6428571428571429,-10.714285714285714,29.8,32.1,-5.042857142857143,Canada,2016A000011124,Percent,239.0,units,0.0,v733833,1.0,5.81,2.0,,,18.0,166.0,55.0,0.0,,2023-02-01
Calgary,One bedroom units,2023,3,1463.0,-1.3419354838709676,-11.619354838709677,19.6,18.1,-6.503225806451613,Canada,2016A000011124,Percent,239.0,units,0.0,v733833,1.0,5.81,2.0,,,18.0,166.0,55.0,0.0,,2023-03-01
Calgary,One bedroom units,2023,3,1142.0,-1.3419354838709676,-11.619354838709677,19.6,18.1,-6.503225806451613,Canada,2016A000011124,Percent,239.0,units,0.0,v733833,1.0,5.81,2.0,,,18.0,166.0,55.0,0.0,,2023-03-01
Calgary,One bedroom units,2023,3,1464.0,-1.3419354838709676,-11.619354838709677,19.6,18.1,-6.503225806451613,Canada,2016A000011124,Percent,239.0,units,0.0,v733833,1.0,5.81,2.0,,,18.0,166.0,55.0,0.0,,2023-03-01
Calgary,One bedroom units,2023,3,1469.0,-1.3419354838709676,-11.619354838709677,19.6,18.1,-6.503225806451613,Canada,2016A000011124,Percent,239.0,units,0.0,v733833,1.0,5.81,2.0,,,18.0,166.0,55.0,0.0,,2023-03-01
Calgary,One bedroom units,2023,4,1463.0,11.389999999999999,-1.9733333333333334,6.1,3.7,4.716666666666667,Canada,2016A000011124,Percent,239.0,units,0.0,v733833,1.0,5.75,2.0,,,18.0,166.0,55.0,0.0,,2023-04-01
Calgary,One bedroom units,2023,4,1142.0,11.389999999999999,-1.9733333333333334,6.1,3.7,4.716666666666667,Canada,2016A000011124,Percent,239.0,units,0.0,v733833,1.0,5.75,2.0,,,18.0,166.0,55.0,0.0,,2023-04-01
Calgary,One bedroom units,2023,4,1464.0,11.389999999999999,-1.9733333333333334,6.1,3.7,4.716666666666667,Canada,2016A000011124,Percent,239.0,units,0.0,v733833,1.0,5.75,2.0,,,18.0,166.0,55.0,0.0,,2023-04-01
Calgary,One bedroom units,2023,4,1469.0,11.389999999999999,-1.9733333333333334,6.1,3.7,4.716666666666667,Canada,2016A000011124,Percent,239.0,units,0.0,v733833,1.0,5.75,2.0,,,18.0,166.0,55.0,0.0,,2023-04-01
Calgary,One bedroom units,2023,5,1463.0,22.225806451612904,7.445161290322581,30.4,0.0,14.864516129032259,Canada,2016A000011124,Percent,239.0,units,0.0,v733833,1.0,5.74,2.0,,,18.0,166.0,55.0,0.0,,2023-05-01
Calgary,One bedroom units,2023,5,1142.0,22.225806451612904,7.445161290322581,30.4,0.0,14.864516129032259,Canada,2016A000011124,Percent,239.0,units,0.0,v733833,1.0,5.74,2.0,,,18.0,166.0,55.0,0.0,,2023-05-01
Calgary,One bedroom units,2023,5,1464.0,22.225806451612904,7.445161290322581,30.4,0.0,14.864516129032259,Canada,2016A000011124,Percent,239.0,units,0.0,v733833,1.0,5.74,2.0,,,18.0,166.0,55.0,0.0,,2023-05-01
Calgary,One bedroom units,2023,5,1469.0,22.225806451612904,7.445161290322581,30.4,0.0,14.864516129032259,Canada,2016A000011124,Percent,239.0,units,0.0,v733833,1.0,5.74,2.0,,,18.0,166.0,55.0,0.0,,2023-05-01
Calgary,One bedroom units,2023,6,1463.0,22.986666666666668,9.51,70.1,0.0,16.27,Canada,2016A000011124,Percent,239.0,units,0.0,v733833,1.0,5.85,2.0,,,18.0,166.0,55.0,0.0,,2023-06-01
Calgary,One bedroom units,2023,6,1142.0,22.986666666666668,9.51,70.1,0.0,16.27,Canada,2016A000011124,Percent,239.0,units,0.0,v733833,1.0,5.85,2.0,,,18.0,166.0,55.0,0.0,,2023-06-01
Calgary,One bedroom units,2023,6,1464.0,22.986666666666668,9.51,70.1,0.0,16.27,Canada,2016A000011124,Percent,239.0,units,0.0,v733833,1.0,5.85,2.0,,,18.0,166.0,55.0,0.0,,2023-06-01
Calgary,One bedroom units,2023,6,1469.0,22.986666666666668,9.51,70.1,0.0,16.27,Canada,2016A000011124,Percent,239.0,units,0.0,v733833,1.0,5.85,2.0,,,18.0,166.0,55.0,0.0,,2023-06-01
Calgary,One bedroom units,2023,7,1463.0,24.980645161290322,11.47741935483871,42.9,0.0,18.248387096774195,Canada,2016A000011124,Percent,239.0,units,0.0,v733833,1.0,5.99,2.0,,,18.0,166.0,55.0,0.0,,2023-07-01
Calgary,One bedroom units,2023,7,1142.0,24.980645161290322,11.47741935483871,42.9,0.0,18.248387096774195,Canada,2016A000011124,Percent,239.0,units,0.0,v733833,1.0,5.99,2.0,,,18.0,166.0,55.0,0.0,,2023-07-01
Calgary,One bedroom units,2023,7,1464.0,24.980645161290322,11.47741935483871,42.9,0.0,18.248387096774195,Canada,2016A000011124,Percent,239.0,units,0.0,v733833,1.0,5.99,2.0,,,18.0,166.0,55.0,0.0,,2023-07-01
Calgary,One bedroom units,2023,7,1469.0,24.980645161290322,11.47741935483871,42.9,0.0,18.248387096774195,Canada,2016A000011124,Percent,239.0,units,0.0,v733833,1.0,5.99,2.0,,,18.0,166.0,55.0,0.0,,2023-07-01
Calgary,One bedroom units,2023,8,1463.0,25.432258064516127,11.293548387096775,50.7,0.0,18.39032258064516,Canada,2016A000011124,Percent,239.0,units,0.0,v733833,1.0,6.17,2.0,,,18.0,166.0,55.0,0.0,,2023-08-01
Calgary,One bedroom units,2023,8,1142.0,25.432258064516127,11.293548387096775,50.7,0.0,18.39032258064516,Canada,2016A000011124,Percent,239.0,units,0.0,v733833,1.0,6.17,2.0,,,18.0,166.0,55.0,0.0,,2023-08-01
Calgary,One bedroom units,2023,8,1464.0,25.432258064516127,11.293548387096775,50.7,0.0,18.39032258064516,Canada,2016A000011124,Percent,239.0,units,0.0,v733833,1.0,6.17,2.0,,,18.0,166.0,55.0,0.0,,2023-08-01
Calgary,One bedroom units,2023,8,1469.0,25.432258064516127,11.293548387096775,50.7,0.0,18.39032258064516,Canada,2016A000011124,Percent,239.0,units,0.0,v733833,1.0,6.17,2.0,,,18.0,166.0,55.0,0.0,,2023-08-01
Calgary,One bedroom units,2023,9,1463.0,19.616666666666667,7.206666666666667,18.8,0.0,13.436666666666667,Canada,2016A000011124,Percent,239.0,units,0.0,v733833,1.0,6.27,2.0,,,18.0,166.0,55.0,0.0,,2023-09-01
Calgary,One bedroom units,2023,9,1142.0,19.616666666666667,7.206666666666667,18.8,0.0,13.436666666666667,Canada,2016A000011124,Percent,239.0,units,0.0,v733833,1.0,6.27,2.0,,,18.0,166.0,55.0,0.0,,2023-09-01
Calgary,One bedroom units,2023,9,1464.0,19.616666666666667,7.206666666666667,18.8,0.0,13.436666666666667,Canada,2016A000011124,Percent,239.0,units,0.0,v733833,1.0,6.27,2.0,,,18.0,166.0,55.0,0.0,,2023-09-01
Calgary,One bedroom units,2023,9,1469.0,19.616666666666667,7.206666666666667,18.8,0.0,13.436666666666667,Canada,2016A000011124,Percent,239.0,units,0.0,v733833,1.0,6.27,2.0,,,18.0,166.0,55.0,0.0,,2023-09-01
Calgary,One bedroom units,2023,10,1463.0,10.770967741935483,-0.4548387096774195,36.8,16.0,5.17741935483871,Canada,2016A000011124,Percent,239.0,units,0.0,v733833,1.0,6.42,2.0,,,18.0,166.0,55.0,0.0,660046.3562783661,2023-10-01
Calgary,One bedroom units,2023,10,1142.0,10.770967741935483,-0.4548387096774195,36.8,16.0,5.17741935483871,Canada,2016A000011124,Percent,239.0,units,0.0,v733833,1.0,6.42,2.0,,,18.0,166.0,55.0,0.0,660046.3562783661,2023-10-01
Calgary,One bedroom units,2023,10,1464.0,10.770967741935483,-0.4548387096774195,36.8,16.0,5.17741935483871,Canada,2016A000011124,Percent,239.0,units,0.0,v733833,1.0,6.42,2.0,,,18.0,166.0,55.0,0.0,660046.3562783661,2023-10-01
Calgary,One bedroom units,2023,10,1469.0,10.770967741935483,-0.4548387096774195,36.8,16.0,5.17741935483871,Canada,2016A000011124,Percent,239.0,units,0.0,v733833,1.0,6.42,2.0,,,18.0,166.0,55.0,0.0,660046.3562783661,2023-10-01
Calgary,One bedroom units,2023,11,1463.0,8.086052596449072,-4.11379250334672,3.4000000000000004,5.2,1.996516733601071,Canada,2016A000011124,Percent,239.0,units,0.0,v733833,1.0,6.47,2.0,,,18.0,166.0,55.0,0.0,,2023-11-01
Calgary,One bedroom units,2023,11,1142.0,8.086052596449072,-4.11379250334672,3.4000000000000004,5.2,1.996516733601071,Canada,2016A000011124,Percent,239.0,units,0.0,v733833,1.0,6.47,2.0,,,18.0,166.0,55.0,0.0,,2023-11-01
Calgary,One bedroom units,2023,11,1464.0,8.086052596449072,-4.11379250334672,3.4000000000000004,5.2,1.996516733601071,Canada,2016A000011124,Percent,239.0,units,0.0,v733833,1.0,6.47,2.0,,,18.0,166.0,55.0,0.0,,2023-11-01
Calgary,One bedroom units,2023,11,1469.0,8.086052596449072,-4.11379250334672,3.4000000000000004,5.2,1.996516733601071,Canada,2016A000011124,Percent,239.0,units,0.0,v733833,1.0,6.47,2.0,,,18.0,166.0,55.0,0.0,,2023-11-01
Calgary,One bedroom units,2023,12,1463.0,5.961290322580646,-4.919354838709677,21.1,21.0,0.5096774193548387,Canada,2016A000011124,Percent,239.0,units,0.0,v733833,1.0,6.39,2.0,,,18.0,166.0,55.0,0.0,,2023-12-01
Calgary,One bedroom units,2023,12,1142.0,5.961290322580646,-4.919354838709677,21.1,21.0,0.5096774193548387,Canada,2016A000011124,Percent,239.0,units,0.0,v733833,1.0,6.39,2.0,,,18.0,166.0,55.0,0.0,,2023-12-01
Calgary,One bedroom units,2023,12,1464.0,5.961290322580646,-4.919354838709677,21.1,21.0,0.5096774193548387,Canada,2016A000011124,Percent,239.0,units,0.0,v733833,1.0,6.39,2.0,,,18.0,166.0,55.0,0.0,,2023-12-01
Calgary,One bedroom units,2023,12,1469.0,5.961290322580646,-4.919354838709677,21.1,21.0,0.5096774193548387,Canada,2016A000011124,Percent,239.0,units,0.0,v733833,1.0,6.39,2.0,,,18.0,166.0,55.0,0.0,,2023-12-01
Calgary,One bedroom units,2024,1,1584.0,-4.064516129032258,-14.36774193548387,27.900000000000002,28.1,-9.225806451612904,Canada,2016A000011124,Percent,239.0,units,0.0,v733833,1.0,6.31,2.0,,,,,,,,2024-01-01
Calgary,One bedroom units,2024,1,1415.0,-4.064516129032258,-14.36774193548387,27.900000000000002,28.1,-9.225806451612904,Canada,2016A000011124,Percent,239.0,units,0.0,v733833,1.0,6.31,2.0,,,,,,,,2024-01-01
Calgary,One bedroom units,2024,1,1585.0,-4.064516129032258,-14.36774193548387,27.900000000000002,28.1,-9.225806451612904,Canada,2016A000011124,Percent,239.0,units,0.0,v733833,1.0,6.31,2.0,,,,,,,,2024-01-01
Calgary,One bedroom units,2024,1,1590.0,-4.064516129032258,-14.36774193548387,27.900000000000002,28.1,-9.225806451612904,Canada,2016A000011124,Percent,239.0,units,0.0,v733833,1.0,6.31,2.0,,,,,,,,2024-01-01
Calgary,One bedroom units,2024,2,1584.0,2.299364754947316,-9.334957762082814,18.3,21.200000000000003,-3.538086137654065,Canada,2016A000011124,Percent,239.0,units,0.0,v733833,1.0,6.15,2.0,,,,,,,,2024-02-01
Calgary,One bedroom units,2024,2,1415.0,2.299364754947316,-9.334957762082814,18.3,21.200000000000003,-3.538086137654065,Canada,2016A000011124,Percent,239.0,units,0.0,v733833,1.0,6.15,2.0,,,,,,,,2024-02-01
Calgary,One bedroom units,2024,2,1585.0,2.299364754947316,-9.334957762082814,18.3,21.200000000000003,-3.538086137654065,Canada,2016A000011124,Percent,239.0,units,0.0,v733833,1.0,6.15,2.0,,,,,,,,2024-02-01
Calgary,One bedroom units,2024,2,1590.0,2.299364754947316,-9.334957762082814,18.3,21.200000000000003,-3.538086137654065,Canada,2016A000011124,Percent,239.0,units,0.0,v733833,1.0,6.15,2.0,,,,,,,,2024-02-01
Calgary,One bedroom units,2024,3,1584.0,0.8483870967741933,-9.135483870967741,57.1,68.4,-4.151612903225806,Canada,2016A000011124,Percent,239.0,units,0.0,v733833,1.0,6.13,2.0,,,,,,,,2024-03-01
Calgary,One bedroom units,2024,3,1415.0,0.8483870967741933,-9.135483870967741,57.1,68.4,-4.151612903225806,Canada,2016A000011124,Percent,239.0,units,0.0,v733833,1.0,6.13,2.0,,,,,,,,2024-03-01
Calgary,One bedroom units,2024,3,1585.0,0.8483870967741933,-9.135483870967741,57.1,68.4,-4.151612903225806,Canada,2016A000011124,Percent,239.0,units,0.0,v733833,1.0,6.13,2.0,,,,,,,,2024-03-01
Calgary,One bedroom units,2024,3,1590.0,0.8483870967741933,-9.135483870967741,57.1,68.4,-4.151612903225806,Canada,2016A000011124,Percent,239.0,units,0.0,v733833,1.0,6.13,2.0,,,,,,,,2024-03-01
Calgary,One bedroom units,2024,4,1584.0,10.886052596449073,-0.6837925033467201,48.4,32.300000000000004,5.113183400267738,Canada,2016A000011124,Percent,239.0,units,0.0,v733833,1.0,6.08,2.0,,,,,,,,2024-04-01
Calgary,One bedroom units,2024,4,1415.0,10.886052596449073,-0.6837925033467201,48.4,32.300000000000004,5.113183400267738,Canada,2016A000011124,Percent,239.0,units,0.0,v733833,1.0,6.08,2.0,,,,,,,,2024-04-01
Calgary,One bedroom units,2024,4,1585.0,10.886052596449073,-0.6837925033467201,48.4,32.300000000000004,5.113183400267738,Canada,2016A000011124,Percent,239.0,units,0.0,v733833,1.0,6.08,2.0,,,,,,,,2024-04-01
Calgary,One bedroom units,2024,4,1590.0,10.886052596449073,-0.6837925033467201,48.4,32.300000000000004,5.113183400267738,Canada,2016A000011124,Percent,239.0,units,0.0,v733833,1.0,6.08,2.0,,,,,,,,2024-04-01
Calgary,One bedroom units,2024,5,1584.0,15.235483870967743,3.9935483870967743,61.7,8.8,9.638709677419355,Canada,2016A000011124,Percent,239.0,units,0.0,v733833,1.0,6.05,2.0,,,,,,,,2024-05-01
Calgary,One bedroom units,2024,5,1415.0,15.235483870967743,3.9935483870967743,61.7,8.8,9.638709677419355,Canada,2016A000011124,Percent,239.0,units,0.0,v733833,1.0,6.05,2.0,,,,,,,,2024-05-01
Calgary,One bedroom units,2024,5,1585.0,15.235483870967743,3.9935483870967743,61.7,8.8,9.638709677419355,Canada,2016A000011124,Percent,239.0,units,0.0,v733833,1.0,6.05,2.0,,,,,,,,2024-05-01
Calgary,One bedroom units,2024,5,1590.0,15.235483870967743,3.9935483870967743,61.7,8.8,9.638709677419355,Canada,2016A000011124,Percent,239.0,units,0.0,v733833,1.0,6.05,2.0,,,,,,,,2024-05-01
Calgary,One bedroom units,2024,6,1584.0,19.970000000000002,7.086666666666667,83.3,0.0,13.556666666666667,Canada,2016A000011124,Percent,239.0,units,0.0,v733833,1.0,5.98,2.0,,,,,,,,2024-06-01
Calgary,One bedroom units,2024,6,1415.0,19.970000000000002,7.086666666666667,83.3,0.0,13.556666666666667,Canada,2016A000011124,Percent,239.0,units,0.0,v733833,1.0,5.98,2.0,,,,,,,,2024-06-01
Calgary,One bedroom units,2024,6,1585.0,19.970000000000002,7.086666666666667,83.3,0.0,13.556666666666667,Canada,2016A000011124,Percent,239.0,units,0.0,v733833,1.0,5.98,2.0,,,,,,,,2024-06-01
Calgary,One bedroom units,2024,6,1590.0,19.970000000000002,7.086666666666667,83.3,0.0,13.556666666666667,Canada,2016A000011124,Percent,239.0,units,0.0,v733833,1.0,5.98,2.0,,,,,,,,2024-06-01
Calgary,One bedroom units,2024,7,1584.0,26.098811476998204,12.8345951548128,46.0,0.0,19.493258194066588,Canada,2016A000011124,Percent,239.0,units,0.0,v733833,1.0,5.91,2.0,,,,,,,,2024-07-01
Calgary,One bedroom units,2024,7,1415.0,26.098811476998204,12.8345951548128,46.0,0.0,19.493258194066588,Canada,2016A000011124,Percent,239.0,units,0.0,v733833,1.0,5.91,2.0,,,,,,,,2024-07-01
Calgary,One bedroom units,2024,7,1585.0,26.098811476998204,12.8345951548128,46.0,0.0,19.493258194066588,Canada,2016A000011124,Percent,239.0,units,0.0,v733833,1.0,5.91,2.0,,,,,,,,2024-07-01
Calgary,One bedroom units,2024,7,1590.0,26.098811476998204,12.8345951548128,46.0,0.0,19.493258194066588,Canada,2016A000011124,Percent,239.0,units,0.0,v733833,1.0,5.91,2.0,,,,,,,,2024-07-01
Calgary,One bedroom units,2024,8,1584.0,23.412308964305556,10.338265319341883,86.4,0.0,16.899854903484908,Canada,2016A000011124,Percent,239.0,units,0.0,v733833,1.0,5.73,2.0,,,,,,,,2024-08-01
Calgary,One bedroom units,2024,8,1415.0,23.412308964305556,10.338265319341883,86.4,0.0,16.899854903484908,Canada,2016A000011124,Percent,239.0,units,0.0,v733833,1.0,5.73,2.0,,,,,,,,2024-08-01
Calgary,One bedroom units,2024,8,1585.0,23.412308964305556,10.338265319341883,86.4,0.0,16.899854903484908,Canada,2016A000011124,Percent,239.0,units,0.0,v733833,1.0,5.73,2.0,,,,,,,,2024-08-01
Calgary,One bedroom units,2024,8,1590.0,23.412308964305556,10.338265319341883,86.4,0.0,16.899854903484908,Canada,2016A000011124,Percent,239.0,units,0.0,v733833,1.0,5.73,2.0,,,,,,,,2024-08-01
Calgary,One bedroom units,2024,9,1584.0,20.56543852623148,7.2590816599732255,74.0,0.0,13.933033467202142,Canada,2016A000011124,Percent,239.0,units,0.0,v733833,1.0,5.55,2.0,,,,,,,,2024-09-01
Calgary,One bedroom units,2024,9,1415.0,20.56543852623148,7.2590816599732255,74.0,0.0,13.933033467202142,Canada,2016A000011124,Percent,239.0,units,0.0,v733833,1.0,5.55,2.0,,,,,,,,2024-09-01
Calgary,One bedroom units,2024,9,1585.0,20.56543852623148,7.2590816599732255,74.0,0.0,13.933033467202142,Canada,2016A000011124,Percent,239.0,units,0.0,v733833,1.0,5.55,2.0,,,,,,,,2024-09-01
Calgary,One bedroom units,2024,9,1590.0,20.56543852623148,7.2590816599732255,74.0,0.0,13.933033467202142,Canada,2016A000011124,Percent,239.0,units,0.0,v733833,1.0,5.55,2.0,,,,,,,,2024-09-01
Calgary,One bedroom units,2024,10,1584.0,14.016129032258064,0.7258064516129032,0.9,0.6,7.4,Canada,2016A000011124,Percent,239.0,units,0.0,v733833,1.0,5.44,2.0,,,,,,,,2024-10-01
Calgary,One bedroom units,2024,10,1415.0,14.016129032258064,0.7258064516129032,0.9,0.6,7.4,Canada,2016A000011124,Percent,239.0,units,0.0,v733833,1.0,5.44,2.0,,,,,,,,2024-10-01
Calgary,One bedroom units,2024,10,1585.0,14.016129032258064,0.7258064516129032,0.9,0.6,7.4,Canada,2016A000011124,Percent,239.0,units,0.0,v733833,1.0,5.44,2.0,,,,,,,,2024-10-01
Calgary,One bedroom units,2024,10,1590.0,14.016129032258064,0.7258064516129032,0.9,0.6,7.4,Canada,2016A000011124,Percent,239.0,units,0.0,v733833,1.0,5.44,2.0,,,,,,,,2024-10-01
Calgary,One bedroom units,2024,11,1584.0,1.5360525964490723,-8.05379250334672,38.2,40.0,-3.253483266398929,Canada,2016A000011124,Percent,239.0,units,0.0,v733833,1.0,5.38,2.0,,,,,,,,2024-11-01
Calgary,One bedroom units,2024,11,1415.0,1.5360525964490723,-8.05379250334672,38.2,40.0,-3.253483266398929,Canada,2016A000011124,Percent,239.0,units,0.0,v733833,1.0,5.38,2.0,,,,,,,,2024-11-01
Calgary,One bedroom units,2024,11,1585.0,1.5360525964490723,-8.05379250334672,38.2,40.0,-3.253483266398929,Canada,2016A000011124,Percent,239.0,units,0.0,v733833,1.0,5.38,2.0,,,,,,,,2024-11-01
Calgary,One bedroom units,2024,11,1590.0,1.5360525964490723,-8.05379250334672,38.2,40.0,-3.253483266398929,Canada,2016A000011124,Percent,239.0,units,0.0,v733833,1.0,5.38,2.0,,,,,,,,2024-11-01
Calgary,One bedroom units,2024,12,1584.0,2.9510186417249087,-7.048831454851665,5.6,6.0,-2.0517579997408992,Canada,2016A000011124,Percent,239.0,units,0.0,v733833,1.0,5.35,2.0,,,,,,,,2024-12-01
Calgary,One bedroom units,2024,12,1415.0,2.9510186417249087,-7.048831454851665,5.6,6.0,-2.0517579997408992,Canada,2016A000011124,Percent,239.0,units,0.0,v733833,1.0,5.35,2.0,,,,,,,,2024-12-01
Calgary,One bedroom units,2024,12,1585.0,2.9510186417249087,-7.048831454851665,5.6,6.0,-2.0517579997408992,Canada,2016A000011124,Percent,239.0,units,0.0,v733833,1.0,5.35,2.0,,,,,,,,2024-12-01
Calgary,One bedroom units,2024,12,1590.0,2.9510186417249087,-7.048831454851665,5.6,6.0,-2.0517579997408992,Canada,2016A000011124,Percent,239.0,units,0.0,v733833,1.0,5.35,2.0,,,,,,,,2024-12-01
Calgary,Two bedroom units,2018,1,1262.0,-0.070967741935484,-12.219799196787148,8.5,11.0,-5.871112838450577,,,,,,,,,,,6.4,22.0,,,,,,2018-01-01
Calgary,Two bedroom units,2018,1,1168.0,-0.070967741935484,-12.219799196787148,8.5,11.0,-5.871112838450577,,,,,,,,,,,6.4,22.0,,,,,,2018-01-01
Calgary,Two bedroom units,2018,1,1272.0,-0.070967741935484,-12.219799196787148,8.5,11.0,-5.871112838450577,,,,,,,,,,,6.4,22.0,,,,,,2018-01-01
Calgary,Two bedroom units,2018,1,1293.0,-0.070967741935484,-12.219799196787148,8.5,11.0,-5.871112838450577,,,,,,,,,,,6.4,22.0,,,,,,2018-01-01
Calgary,Two bedroom units,2018,2,1262.0,-5.875,-17.243349110728627,37.8,43.3,-11.046589213998853,,,,,,,,,,,6.4,22.0,,,,,,2018-02-01
Calgary,Two bedroom units,2018,2,1168.0,-5.875,-17.243349110728627,37.8,43.3,-11.046589213998853,,,,,,,,,,,6.4,22.0,,,,,,2018-02-01
Calgary,Two bedroom units,2018,2,1272.0,-5.875,-17.243349110728627,37.8,43.3,-11.046589213998853,,,,,,,,,,,6.4,22.0,,,,,,2018-02-01
Calgary,Two bedroom units,2018,2,1293.0,-5.875,-17.243349110728627,37.8,43.3,-11.046589213998853,,,,,,,,,,,6.4,22.0,,,,,,2018-02-01
Calgary,Two bedroom units,2018,3,1262.0,0.1387096774193548,-10.383870967741935,35.3,41.9,-5.141935483870968,,,,,,,,,,,6.4,22.0,,,,,,2018-03-01
Calgary,Two bedroom units,2018,3,1168.0,0.1387096774193548,-10.383870967741935,35.3,41.9,-5.141935483870968,,,,,,,,,,,6.4,22.0,,,,,,2018-03-01
Calgary,Two bedroom units,2018,3,1272.0,0.1387096774193548,-10.383870967741935,35.3,41.9,-5.141935483870968,,,,,,,,,,,6.4,22.0,,,,,,2018-03-01
Calgary,Two bedroom units,2018,3,1293.0,0.1387096774193548,-10.383870967741935,35.3,41.9,-5.141935483870968,,,,,,,,,,,6.4,22.0,,,,,,2018-03-01
Calgary,Two bedroom units,2018,4,1262.0,7.38,-4.223333333333334,29.7,24.799999999999997,1.5866666666666667,,,,,,,,,,,6.4,22.0,,,,,,2018-04-01
Calgary,Two bedroom units,2018,4,1168.0,7.38,-4.223333333333334,29.7,24.799999999999997,1.5866666666666667,,,,,,,,,,,6.4,22.0,,,,,,2018-04-01
Calgary,Two bedroom units,2018,4,1272.0,7.38,-4.223333333333334,29.7,24.799999999999997,1.5866666666666667,,,,,,,,,,,6.4,22.0,,,,,,2018-04-01
Calgary,Two bedroom units,2018,4,1293.0,7.38,-4.223333333333334,29.7,24.799999999999997,1.5866666666666667,,,,,,,,,,,6.4,22.0,,,,,,2018-04-01
Calgary,Two bedroom units,2018,5,1262.0,21.125806451612902,6.873304832232154,32.5,0.0,13.73841948438917,,,,,,,,,,,6.4,22.0,,,,,,2018-05-01
Calgary,Two bedroom units,2018,5,1168.0,21.125806451612902,6.873304832232154,32.5,0.0,13.73841948438917,,,,,,,,,,,6.4,22.0,,,,,,2018-05-01
Calgary,Two bedroom units,2018,5,1272.0,21.125806451612902,6.873304832232154,32.5,0.0,13.73841948438917,,,,,,,,,,,6.4,22.0,,,,,,2018-05-01
Calgary,Two bedroom units,2018,5,1293.0,21.125806451612902,6.873304832232154,32.5,0.0,13.73841948438917,,,,,,,,,,,6.4,22.0,,,,,,2018-05-01
Calgary,Two bedroom units,2018,6,1262.0,21.613333333333333,8.059081659973225,67.7,0.0,14.546366800535475,,,,,,,,,,,6.4,22.0,,,,,,2018-06-01
Calgary,Two bedroom units,2018,6,1168.0,21.613333333333333,8.059081659973225,67.7,0.0,14.546366800535475,,,,,,,,,,,6.4,22.0,,,,,,2018-06-01
Calgary,Two bedroom units,2018,6,1272.0,21.613333333333333,8.059081659973225,67.7,0.0,14.546366800535475,,,,,,,,,,,6.4,22.0,,,,,,2018-06-01
Calgary,Two bedroom units,2018,6,1293.0,21.613333333333333,8.059081659973225,67.7,0.0,14.546366800535475,,,,,,,,,,,6.4,22.0,,,,,,2018-06-01
Calgary,Two bedroom units,2018,7,1262.0,24.932258064516127,10.625806451612902,34.800000000000004,0.0,17.799999999999997,,,,,,,,,,,6.4,22.0,,,,,,2018-07-01
Calgary,Two bedroom units,2018,7,1168.0,24.932258064516127,10.625806451612902,34.800000000000004,0.0,17.799999999999997,,,,,,,,,,,6.4,22.0,,,,,,2018-07-01
Calgary,Two bedroom units,2018,7,1272.0,24.932258064516127,10.625806451612902,34.800000000000004,0.0,17.799999999999997,,,,,,,,,,,6.4,22.0,,,,,,2018-07-01
Calgary,Two bedroom units,2018,7,1293.0,24.932258064516127,10.625806451612902,34.800000000000004,0.0,17.799999999999997,,,,,,,,,,,6.4,22.0,,,,,,2018-07-01
Calgary,Two bedroom units,2018,8,1262.0,24.11935483870968,9.990322580645161,49.7,0.0,17.080645161290324,,,,,,,,,,,6.4,22.0,,,,,,2018-08-01
Calgary,Two bedroom units,2018,8,1168.0,24.11935483870968,9.990322580645161,49.7,0.0,17.080645161290324,,,,,,,,,,,6.4,22.0,,,,,,2018-08-01
Calgary,Two bedroom units,2018,8,1272.0,24.11935483870968,9.990322580645161,49.7,0.0,17.080645161290324,,,,,,,,,,,6.4,22.0,,,,,,2018-08-01
Calgary,Two bedroom units,2018,8,1293.0,24.11935483870968,9.990322580645161,49.7,0.0,17.080645161290324,,,,,,,,,,,6.4,22.0,,,,,,2018-08-01
Calgary,Two bedroom units,2018,9,1262.0,11.853333333333333,2.683333333333333,37.2,1.7999999999999998,7.286666666666666,,,,,,,,,,,6.4,22.0,,,,,,2018-09-01
Calgary,Two bedroom units,2018,9,1168.0,11.853333333333333,2.683333333333333,37.2,1.7999999999999998,7.286666666666666,,,,,,,,,,,6.4,22.0,,,,,,2018-09-01
Calgary,Two bedroom units,2018,9,1272.0,11.853333333333333,2.683333333333333,37.2,1.7999999999999998,7.286666666666666,,,,,,,,,,,6.4,22.0,,,,,,2018-09-01
Calgary,Two bedroom units,2018,9,1293.0,11.853333333333333,2.683333333333333,37.2,1.7999999999999998,7.286666666666666,,,,,,,,,,,6.4,22.0,,,,,,2018-09-01
Calgary,Two bedroom units,2018,10,1262.0,10.345161290322581,-2.045605648400052,48.2,48.39999999999999,4.125661355097811,,,,,,,,,,,6.4,22.0,,,,,,2018-10-01
Calgary,Two bedroom units,2018,10,1168.0,10.345161290322581,-2.045605648400052,48.2,48.39999999999999,4.125661355097811,,,,,,,,,,,6.4,22.0,,,,,,2018-10-01
Calgary,Two bedroom units,2018,10,1272.0,10.345161290322581,-2.045605648400052,48.2,48.39999999999999,4.125661355097811,,,,,,,,,,,6.4,22.0,,,,,,2018-10-01
Calgary,Two bedroom units,2018,10,1293.0,10.345161290322581,-2.045605648400052,48.2,48.39999999999999,4.125661355097811,,,,,,,,,,,6.4,22.0,,,,,,2018-10-01
Calgary,Two bedroom units,2018,11,1262.0,5.446052596449072,-5.543792503346721,30.2,27.9,-0.050149933065595835,Canada,2016A000011124,Percent,239.0,units,0.0,v733833,1.0,4.38,2.0,6.4,22.0,,,,,,2018-11-01
Calgary,Two bedroom units,2018,11,1168.0,5.446052596449072,-5.543792503346721,30.2,27.9,-0.050149933065595835,Canada,2016A000011124,Percent,239.0,units,0.0,v733833,1.0,4.38,2.0,6.4,22.0,,,,,,2018-11-01
Calgary,Two bedroom units,2018,11,1272.0,5.446052596449072,-5.543792503346721,30.2,27.9,-0.050149933065595835,Canada,2016A000011124,Percent,239.0,units,0.0,v733833,1.0,4.38,2.0,6.4,22.0,,,,,,2018-11-01
Calgary,Two bedroom units,2018,11,1293.0,5.446052596449072,-5.543792503346721,30.2,27.9,-0.050149933065595835,Canada,2016A000011124,Percent,239.0,units,0.0,v733833,1.0,4.38,2.0,6.4,22.0,,,,,,2018-11-01
Calgary,Two bedroom units,2018,12,1262.0,2.647792835273296,-7.839154035496826,13.2,15.0,-2.6033709029667054,Canada,2016A000011124,Percent,239.0,units,0.0,v733833,1.0,4.59,2.0,6.4,22.0,,,,,,2018-12-01
Calgary,Two bedroom units,2018,12,1168.0,2.647792835273296,-7.839154035496826,13.2,15.0,-2.6033709029667054,Canada,2016A000011124,Percent,239.0,units,0.0,v733833,1.0,4.59,2.0,6.4,22.0,,,,,,2018-12-01
Calgary,Two bedroom units,2018,12,1272.0,2.647792835273296,-7.839154035496826,13.2,15.0,-2.6033709029667054,Canada,2016A000011124,Percent,239.0,units,0.0,v733833,1.0,4.59,2.0,6.4,22.0,,,,,,2018-12-01
Calgary,Two bedroom units,2018,12,1293.0,2.647792835273296,-7.839154035496826,13.2,15.0,-2.6033709029667054,Canada,2016A000011124,Percent,239.0,units,0.0,v733833,1.0,4.59,2.0,6.4,22.0,,,,,,2018-12-01
Calgary,Two bedroom units,2019,1,1295.0,3.045161290322581,-9.419354838709678,8.9,10.2,-3.1967741935483875,Canada,2016A000011124,Percent,239.0,units,0.0,v733833,1.0,4.59,2.0,,,,,,,,2019-01-01
Calgary,Two bedroom units,2019,1,1202.0,3.045161290322581,-9.419354838709678,8.9,10.2,-3.1967741935483875,Canada,2016A000011124,Percent,239.0,units,0.0,v733833,1.0,4.59,2.0,,,,,,,,2019-01-01
Calgary,Two bedroom units,2019,1,1305.0,3.045161290322581,-9.419354838709678,8.9,10.2,-3.1967741935483875,Canada,2016A000011124,Percent,239.0,units,0.0,v733833,1.0,4.59,2.0,,,,,,,,2019-01-01
Calgary,Two bedroom units,2019,1,1327.0,3.045161290322581,-9.419354838709678,8.9,10.2,-3.1967741935483875,Canada,2016A000011124,Percent,239.0,units,0.0,v733833,1.0,4.59,2.0,,,,,,,,2019-01-01
Calgary,Two bedroom units,2019,2,1295.0,-13.382142857142856,-22.99642857142857,28.7,33.8,-18.210714285714285,Canada,2016A000011124,Percent,239.0,units,0.0,v733833,1.0,4.52,2.0,,,,,,,,2019-02-01
Calgary,Two bedroom units,2019,2,1202.0,-13.382142857142856,-22.99642857142857,28.7,33.8,-18.210714285714285,Canada,2016A000011124,Percent,239.0,units,0.0,v733833,1.0,4.52,2.0,,,,,,,,2019-02-01
Calgary,Two bedroom units,2019,2,1305.0,-13.382142857142856,-22.99642857142857,28.7,33.8,-18.210714285714285,Canada,2016A000011124,Percent,239.0,units,0.0,v733833,1.0,4.52,2.0,,,,,,,,2019-02-01
Calgary,Two bedroom units,2019,2,1327.0,-13.382142857142856,-22.99642857142857,28.7,33.8,-18.210714285714285,Canada,2016A000011124,Percent,239.0,units,0.0,v733833,1.0,4.52,2.0,,,,,,,,2019-02-01
Calgary,Two bedroom units,2019,3,1295.0,3.7032258064516133,-8.73225806451613,7.2,8.2,-2.5161290322580645,Canada,2016A000011124,Percent,239.0,units,0.0,v733833,1.0,4.44,2.0,,,,,,,,2019-03-01
Calgary,Two bedroom units,2019,3,1202.0,3.7032258064516133,-8.73225806451613,7.2,8.2,-2.5161290322580645,Canada,2016A000011124,Percent,239.0,units,0.0,v733833,1.0,4.44,2.0,,,,,,,,2019-03-01
Calgary,Two bedroom units,2019,3,1305.0,3.7032258064516133,-8.73225806451613,7.2,8.2,-2.5161290322580645,Canada,2016A000011124,Percent,239.0,units,0.0,v733833,1.0,4.44,2.0,,,,,,,,2019-03-01
Calgary,Two bedroom units,2019,3,1327.0,3.7032258064516133,-8.73225806451613,7.2,8.2,-2.5161290322580645,Canada,2016A000011124,Percent,239.0,units,0.0,v733833,1.0,4.44,2.0,,,,,,,,2019-03-01
Calgary,Two bedroom units,2019,4,1295.0,11.482719263115738,-0.9804591700133869,18.2,16.9,5.279850066934404,Canada,2016A000011124,Percent,239.0,units,0.0,v733833,1.0,4.33,2.0,,,,,,,,2019-04-01
Calgary,Two bedroom units,2019,4,1202.0,11.482719263115738,-0.9804591700133869,18.2,16.9,5.279850066934404,Canada,2016A000011124,Percent,239.0,units,0.0,v733833,1.0,4.33,2.0,,,,,,,,2019-04-01
Calgary,Two bedroom units,2019,4,1305.0,11.482719263115738,-0.9804591700133869,18.2,16.9,5.279850066934404,Canada,2016A000011124,Percent,239.0,units,0.0,v733833,1.0,4.33,2.0,,,,,,,,2019-04-01
Calgary,Two bedroom units,2019,4,1327.0,11.482719263115738,-0.9804591700133869,18.2,16.9,5.279850066934404,Canada,2016A000011124,Percent,239.0,units,0.0,v733833,1.0,4.33,2.0,,,,,,,,2019-04-01
Calgary,Two bedroom units,2019,5,1295.0,14.661290322580646,3.4129032258064513,45.5,7.7,9.058064516129033,Canada,2016A000011124,Percent,239.0,units,0.0,v733833,1.0,4.3,2.0,,,,,,,,2019-05-01
Calgary,Two bedroom units,2019,5,1202.0,14.661290322580646,3.4129032258064513,45.5,7.7,9.058064516129033,Canada,2016A000011124,Percent,239.0,units,0.0,v733833,1.0,4.3,2.0,,,,,,,,2019-05-01
Calgary,Two bedroom units,2019,5,1305.0,14.661290322580646,3.4129032258064513,45.5,7.7,9.058064516129033,Canada,2016A000011124,Percent,239.0,units,0.0,v733833,1.0,4.3,2.0,,,,,,,,2019-05-01
Calgary,Two bedroom units,2019,5,1327.0,14.661290322580646,3.4129032258064513,45.5,7.7,9.058064516129033,Canada,2016A000011124,Percent,239.0,units,0.0,v733833,1.0,4.3,2.0,,,,,,,,2019-05-01
Calgary,Two bedroom units,2019,6,1295.0,18.884210385796287,6.7414966532797855,134.2,0.0,12.836066934404283,Canada,2016A000011124,Percent,239.0,units,0.0,v733833,1.0,4.23,2.0,,,,,,,,2019-06-01
Calgary,Two bedroom units,2019,6,1202.0,18.884210385796287,6.7414966532797855,134.2,0.0,12.836066934404283,Canada,2016A000011124,Percent,239.0,units,0.0,v733833,1.0,4.23,2.0,,,,,,,,2019-06-01
Calgary,Two bedroom units,2019,6,1305.0,18.884210385796287,6.7414966532797855,134.2,0.0,12.836066934404283,Canada,2016A000011124,Percent,239.0,units,0.0,v733833,1.0,4.23,2.0,,,,,,,,2019-06-01
Calgary,Two bedroom units,2019,6,1327.0,18.884210385796287,6.7414966532797855,134.2,0.0,12.836066934404283,Canada,2016A000011124,Percent,239.0,units,0.0,v733833,1.0,4.23,2.0,,,,,,,,2019-06-01
Calgary,Two bedroom units,2019,7,1295.0,21.957470254628134,10.160845964503173,83.5,0.0,16.086951677678456,Canada,2016A000011124,Percent,239.0,units,0.0,v733833,1.0,4.14,2.0,,,,,,,,2019-07-01
Calgary,Two bedroom units,2019,7,1202.0,21.957470254628134,10.160845964503173,83.5,0.0,16.086951677678456,Canada,2016A000011124,Percent,239.0,units,0.0,v733833,1.0,4.14,2.0,,,,,,,,2019-07-01
Calgary,Two bedroom units,2019,7,1305.0,21.957470254628134,10.160845964503173,83.5,0.0,16.086951677678456,Canada,2016A000011124,Percent,239.0,units,0.0,v733833,1.0,4.14,2.0,,,,,,,,2019-07-01
Calgary,Two bedroom units,2019,7,1327.0,21.957470254628134,10.160845964503173,83.5,0.0,16.086951677678456,Canada,2016A000011124,Percent,239.0,units,0.0,v733833,1.0,4.14,2.0,,,,,,,,2019-07-01
Calgary,Two bedroom units,2019,8,1295.0,22.161290322580644,10.248387096774193,59.5,0.0,16.225806451612904,Canada,2016A000011124,Percent,239.0,units,0.0,v733833,1.0,4.08,2.0,,,,,,,,2019-08-01
Calgary,Two bedroom units,2019,8,1202.0,22.161290322580644,10.248387096774193,59.5,0.0,16.225806451612904,Canada,2016A000011124,Percent,239.0,units,0.0,v733833,1.0,4.08,2.0,,,,,,,,2019-08-01
Calgary,Two bedroom units,2019,8,1305.0,22.161290322580644,10.248387096774193,59.5,0.0,16.225806451612904,Canada,2016A000011124,Percent,239.0,units,0.0,v733833,1.0,4.08,2.0,,,,,,,,2019-08-01
Calgary,Two bedroom units,2019,8,1327.0,22.161290322580644,10.248387096774193,59.5,0.0,16.225806451612904,Canada,2016A000011124,Percent,239.0,units,0.0,v733833,1.0,4.08,2.0,,,,,,,,2019-08-01
Calgary,Two bedroom units,2019,9,1295.0,16.11,6.333333333333333,67.7,34.4,11.246666666666666,Canada,2016A000011124,Percent,239.0,units,0.0,v733833,1.0,4.07,2.0,,,,,,,,2019-09-01
Calgary,Two bedroom units,2019,9,1202.0,16.11,6.333333333333333,67.7,34.4,11.246666666666666,Canada,2016A000011124,Percent,239.0,units,0.0,v733833,1.0,4.07,2.0,,,,,,,,2019-09-01
Calgary,Two bedroom units,2019,9,1305.0,16.11,6.333333333333333,67.7,34.4,11.246666666666666,Canada,2016A000011124,Percent,239.0,units,0.0,v733833,1.0,4.07,2.0,,,,,,,,2019-09-01
Calgary,Two bedroom units,2019,9,1327.0,16.11,6.333333333333333,67.7,34.4,11.246666666666666,Canada,2016A000011124,Percent,239.0,units,0.0,v733833,1.0,4.07,2.0,,,,,,,,2019-09-01
Calgary,Two bedroom units,2019,10,1295.0,8.634889609466844,-3.2294766161419877,14.1,15.8,2.7159839357429716,Canada,2016A000011124,Percent,239.0,units,0.0,v733833,1.0,4.09,2.0,,,,,,,,2019-10-01
Calgary,Two bedroom units,2019,10,1202.0,8.634889609466844,-3.2294766161419877,14.1,15.8,2.7159839357429716,Canada,2016A000011124,Percent,239.0,units,0.0,v733833,1.0,4.09,2.0,,,,,,,,2019-10-01
Calgary,Two bedroom units,2019,10,1305.0,8.634889609466844,-3.2294766161419877,14.1,15.8,2.7159839357429716,Canada,2016A000011124,Percent,239.0,units,0.0,v733833,1.0,4.09,2.0,,,,,,,,2019-10-01
Calgary,Two bedroom units,2019,10,1327.0,8.634889609466844,-3.2294766161419877,14.1,15.8,2.7159839357429716,Canada,2016A000011124,Percent,239.0,units,0.0,v733833,1.0,4.09,2.0,,,,,,,,2019-10-01
Calgary,Two bedroom units,2019,11,1295.0,3.2766666666666664,-7.016666666666667,42.699999999999996,43.400000000000006,-1.8666666666666667,Canada,2016A000011124,Percent,239.0,units,0.0,v733833,1.0,4.09,2.0,,,,,,,,2019-11-01
Calgary,Two bedroom units,2019,11,1202.0,3.2766666666666664,-7.016666666666667,42.699999999999996,43.400000000000006,-1.8666666666666667,Canada,2016A000011124,Percent,239.0,units,0.0,v733833,1.0,4.09,2.0,,,,,,,,2019-11-01
Calgary,Two bedroom units,2019,11,1305.0,3.2766666666666664,-7.016666666666667,42.699999999999996,43.400000000000006,-1.8666666666666667,Canada,2016A000011124,Percent,239.0,units,0.0,v733833,1.0,4.09,2.0,,,,,,,,2019-11-01
Calgary,Two bedroom units,2019,11,1327.0,3.2766666666666664,-7.016666666666667,42.699999999999996,43.400000000000006,-1.8666666666666667,Canada,2016A000011124,Percent,239.0,units,0.0,v733833,1.0,4.09,2.0,,,,,,,,2019-11-01
Calgary,Two bedroom units,2019,12,1295.0,0.20322580645161278,-9.712903225806452,15.6,20.5,-4.761290322580645,Canada,2016A000011124,Percent,239.0,units,0.0,v733833,1.0,4.08,2.0,,,,,,,,2019-12-01
Calgary,Two bedroom units,2019,12,1202.0,0.20322580645161278,-9.712903225806452,15.6,20.5,-4.761290322580645,Canada,2016A000011124,Percent,239.0,units,0.0,v733833,1.0,4.08,2.0,,,,,,,,2019-12-01
Calgary,Two bedroom units,2019,12,1305.0,0.20322580645161278,-9.712903225806452,15.6,20.5,-4.761290322580645,Canada,2016A000011124,Percent,239.0,units,0.0,v733833,1.0,4.08,2.0,,,,,,,,2019-12-01
Calgary,Two bedroom units,2019,12,1327.0,0.20322580645161278,-9.712903225806452,15.6,20.5,-4.761290322580645,Canada,2016A000011124,Percent,239.0,units,0.0,v733833,1.0,4.08,2.0,,,,,,,,2019-12-01
Calgary,Two bedroom units,2020,1,1320.0,-2.974787809887995,-13.242379841948438,3.0,3.9,-8.11949993522477,Canada,2016A000011124,Percent,239.0,units,0.0,v733833,1.0,4.08,2.0,,,,,,,,2020-01-01
Calgary,Two bedroom units,2020,1,1287.0,-2.974787809887995,-13.242379841948438,3.0,3.9,-8.11949993522477,Canada,2016A000011124,Percent,239.0,units,0.0,v733833,1.0,4.08,2.0,,,,,,,,2020-01-01
Calgary,Two bedroom units,2020,1,1323.0,-2.974787809887995,-13.242379841948438,3.0,3.9,-8.11949993522477,Canada,2016A000011124,Percent,239.0,units,0.0,v733833,1.0,4.08,2.0,,,,,,,,2020-01-01
Calgary,Two bedroom units,2020,1,1344.0,-2.974787809887995,-13.242379841948438,3.0,3.9,-8.11949993522477,Canada,2016A000011124,Percent,239.0,units,0.0,v733833,1.0,4.08,2.0,,,,,,,,2020-01-01
Calgary,Two bedroom units,2020,2,1320.0,2.386206896551724,-8.96896551724138,19.9,21.5,-3.3034482758620687,Canada,2016A000011124,Percent,239.0,units,0.0,v733833,1.0,4.08,2.0,,,,,,,,2020-02-01
Calgary,Two bedroom units,2020,2,1287.0,2.386206896551724,-8.96896551724138,19.9,21.5,-3.3034482758620687,Canada,2016A000011124,Percent,239.0,units,0.0,v733833,1.0,4.08,2.0,,,,,,,,2020-02-01
Calgary,Two bedroom units,2020,2,1323.0,2.386206896551724,-8.96896551724138,19.9,21.5,-3.3034482758620687,Canada,2016A000011124,Percent,239.0,units,0.0,v733833,1.0,4.08,2.0,,,,,,,,2020-02-01
Calgary,Two bedroom units,2020,2,1344.0,2.386206896551724,-8.96896551724138,19.9,21.5,-3.3034482758620687,Canada,2016A000011124,Percent,239.0,units,0.0,v733833,1.0,4.08,2.0,,,,,,,,2020-02-01
Calgary,Two bedroom units,2020,3,1320.0,1.6735992868861989,-9.442379841948439,26.400000000000002,28.8,-3.890467677160254,Canada,2016A000011124,Percent,239.0,units,0.0,v733833,1.0,3.9,2.0,,,,,,,,2020-03-01
Calgary,Two bedroom units,2020,3,1287.0,1.6735992868861989,-9.442379841948439,26.400000000000002,28.8,-3.890467677160254,Canada,2016A000011124,Percent,239.0,units,0.0,v733833,1.0,3.9,2.0,,,,,,,,2020-03-01
Calgary,Two bedroom units,2020,3,1323.0,1.6735992868861989,-9.442379841948439,26.400000000000002,28.8,-3.890467677160254,Canada,2016A000011124,Percent,239.0,units,0.0,v733833,1.0,3.9,2.0,,,,,,,,2020-03-01
Calgary,Two bedroom units,2020,3,1344.0,1.6735992868861989,-9.442379841948439,26.400000000000002,28.8,-3.890467677160254,Canada,2016A000011124,Percent,239.0,units,0.0,v733833,1.0,3.9,2.0,,,,,,,,2020-03-01
Calgary,Two bedroom units,2020,4,1320.0,8.143333333333334,-2.8766666666666665,25.900000000000002,22.4,2.646666666666667,Canada,2016A000011124,Percent,239.0,units,0.0,v733833,1.0,3.95,2.0,,,,,,,,2020-04-01
Calgary,Two bedroom units,2020,4,1287.0,8.143333333333334,-2.8766666666666665,25.900000000000002,22.4,2.646666666666667,Canada,2016A000011124,Percent,239.0,units,0.0,v733833,1.0,3.95,2.0,,,,,,,,2020-04-01
Calgary,Two bedroom units,2020,4,1323.0,8.143333333333334,-2.8766666666666665,25.900000000000002,22.4,2.646666666666667,Canada,2016A000011124,Percent,239.0,units,0.0,v733833,1.0,3.95,2.0,,,,,,,,2020-04-01
Calgary,Two bedroom units,2020,4,1344.0,8.143333333333334,-2.8766666666666665,25.900000000000002,22.4,2.646666666666667,Canada,2016A000011124,Percent,239.0,units,0.0,v733833,1.0,3.95,2.0,,,,,,,,2020-04-01
Calgary,Two bedroom units,2020,5,1320.0,15.76774193548387,3.670967741935484,110.6,0.0,9.751612903225807,Canada,2016A000011124,Percent,239.0,units,0.0,v733833,1.0,3.86,2.0,,,,,,,,2020-05-01
Calgary,Two bedroom units,2020,5,1287.0,15.76774193548387,3.670967741935484,110.6,0.0,9.751612903225807,Canada,2016A000011124,Percent,239.0,units,0.0,v733833,1.0,3.86,2.0,,,,,,,,2020-05-01
Calgary,Two bedroom units,2020,5,1323.0,15.76774193548387,3.670967741935484,110.6,0.0,9.751612903225807,Canada,2016A000011124,Percent,239.0,units,0.0,v733833,1.0,3.86,2.0,,,,,,,,2020-05-01
Calgary,Two bedroom units,2020,5,1344.0,15.76774193548387,3.670967741935484,110.6,0.0,9.751612903225807,Canada,2016A000011124,Percent,239.0,units,0.0,v733833,1.0,3.86,2.0,,,,,,,,2020-05-01
Calgary,Two bedroom units,2020,6,1320.0,19.172105192898144,8.099081659973226,171.8,0.0,13.663033467202142,Canada,2016A000011124,Percent,239.0,units,0.0,v733833,1.0,3.77,2.0,,,,,,,,2020-06-01
Calgary,Two bedroom units,2020,6,1287.0,19.172105192898144,8.099081659973226,171.8,0.0,13.663033467202142,Canada,2016A000011124,Percent,239.0,units,0.0,v733833,1.0,3.77,2.0,,,,,,,,2020-06-01
Calgary,Two bedroom units,2020,6,1323.0,19.172105192898144,8.099081659973226,171.8,0.0,13.663033467202142,Canada,2016A000011124,Percent,239.0,units,0.0,v733833,1.0,3.77,2.0,,,,,,,,2020-06-01
Calgary,Two bedroom units,2020,6,1344.0,19.172105192898144,8.099081659973226,171.8,0.0,13.663033467202142,Canada,2016A000011124,Percent,239.0,units,0.0,v733833,1.0,3.77,2.0,,,,,,,,2020-06-01
Calgary,Two bedroom units,2020,7,1320.0,22.014940509256267,10.557175799974091,81.5,0.0,16.312613032776266,Canada,2016A000011124,Percent,239.0,units,0.0,v733833,1.0,3.64,2.0,,,,,,,,2020-07-01
Calgary,Two bedroom units,2020,7,1287.0,22.014940509256267,10.557175799974091,81.5,0.0,16.312613032776266,Canada,2016A000011124,Percent,239.0,units,0.0,v733833,1.0,3.64,2.0,,,,,,,,2020-07-01
Calgary,Two bedroom units,2020,7,1323.0,22.014940509256267,10.557175799974091,81.5,0.0,16.312613032776266,Canada,2016A000011124,Percent,239.0,units,0.0,v733833,1.0,3.64,2.0,,,,,,,,2020-07-01
Calgary,Two bedroom units,2020,7,1344.0,22.014940509256267,10.557175799974091,81.5,0.0,16.312613032776266,Canada,2016A000011124,Percent,239.0,units,0.0,v733833,1.0,3.64,2.0,,,,,,,,2020-07-01
Calgary,Two bedroom units,2020,8,1320.0,24.440746960869173,10.215240316103122,15.0,0.0,17.354548516647235,Canada,2016A000011124,Percent,239.0,units,0.0,v733833,1.0,3.57,2.0,,,,,,,,2020-08-01
Calgary,Two bedroom units,2020,8,1287.0,24.440746960869173,10.215240316103122,15.0,0.0,17.354548516647235,Canada,2016A000011124,Percent,239.0,units,0.0,v733833,1.0,3.57,2.0,,,,,,,,2020-08-01
Calgary,Two bedroom units,2020,8,1323.0,24.440746960869173,10.215240316103122,15.0,0.0,17.354548516647235,Canada,2016A000011124,Percent,239.0,units,0.0,v733833,1.0,3.57,2.0,,,,,,,,2020-08-01
Calgary,Two bedroom units,2020,8,1344.0,24.440746960869173,10.215240316103122,15.0,0.0,17.354548516647235,Canada,2016A000011124,Percent,239.0,units,0.0,v733833,1.0,3.57,2.0,,,,,,,,2020-08-01
Calgary,Two bedroom units,2020,9,1320.0,19.62,6.736666666666666,20.5,0.0,13.2,Canada,2016A000011124,Percent,239.0,units,0.0,v733833,1.0,3.51,2.0,,,,,,,,2020-09-01
Calgary,Two bedroom units,2020,9,1287.0,19.62,6.736666666666666,20.5,0.0,13.2,Canada,2016A000011124,Percent,239.0,units,0.0,v733833,1.0,3.51,2.0,,,,,,,,2020-09-01
Calgary,Two bedroom units,2020,9,1323.0,19.62,6.736666666666666,20.5,0.0,13.2,Canada,2016A000011124,Percent,239.0,units,0.0,v733833,1.0,3.51,2.0,,,,,,,,2020-09-01
Calgary,Two bedroom units,2020,9,1344.0,19.62,6.736666666666666,20.5,0.0,13.2,Canada,2016A000011124,Percent,239.0,units,0.0,v733833,1.0,3.51,2.0,,,,,,,,2020-09-01
Calgary,Two bedroom units,2020,10,1320.0,8.016129032258064,-1.8064516129032258,23.7,27.9,3.109677419354839,Canada,2016A000011124,Percent,239.0,units,0.0,v733833,1.0,3.45,2.0,,,,,,,,2020-10-01
Calgary,Two bedroom units,2020,10,1287.0,8.016129032258064,-1.8064516129032258,23.7,27.9,3.109677419354839,Canada,2016A000011124,Percent,239.0,units,0.0,v733833,1.0,3.45,2.0,,,,,,,,2020-10-01
Calgary,Two bedroom units,2020,10,1323.0,8.016129032258064,-1.8064516129032258,23.7,27.9,3.109677419354839,Canada,2016A000011124,Percent,239.0,units,0.0,v733833,1.0,3.45,2.0,,,,,,,,2020-10-01
Calgary,Two bedroom units,2020,10,1344.0,8.016129032258064,-1.8064516129032258,23.7,27.9,3.109677419354839,Canada,2016A000011124,Percent,239.0,units,0.0,v733833,1.0,3.45,2.0,,,,,,,,2020-10-01
Calgary,Two bedroom units,2020,11,1320.0,5.906666666666666,-6.286666666666666,17.9,18.2,-0.1966666666666666,Canada,2016A000011124,Percent,239.0,units,0.0,v733833,1.0,3.42,2.0,,,,,,,,2020-11-01
Calgary,Two bedroom units,2020,11,1287.0,5.906666666666666,-6.286666666666666,17.9,18.2,-0.1966666666666666,Canada,2016A000011124,Percent,239.0,units,0.0,v733833,1.0,3.42,2.0,,,,,,,,2020-11-01
Calgary,Two bedroom units,2020,11,1323.0,5.906666666666666,-6.286666666666666,17.9,18.2,-0.1966666666666666,Canada,2016A000011124,Percent,239.0,units,0.0,v733833,1.0,3.42,2.0,,,,,,,,2020-11-01
Calgary,Two bedroom units,2020,11,1344.0,5.906666666666666,-6.286666666666666,17.9,18.2,-0.1966666666666666,Canada,2016A000011124,Percent,239.0,units,0.0,v733833,1.0,3.42,2.0,,,,,,,,2020-11-01
Calgary,Two bedroom units,2020,12,1320.0,3.425806451612903,-8.23225806451613,37.5,39.6,-2.4096774193548387,Canada,2016A000011124,Percent,239.0,units,0.0,v733833,1.0,3.34,2.0,,,,,,,,2020-12-01
Calgary,Two bedroom units,2020,12,1287.0,3.425806451612903,-8.23225806451613,37.5,39.6,-2.4096774193548387,Canada,2016A000011124,Percent,239.0,units,0.0,v733833,1.0,3.34,2.0,,,,,,,,2020-12-01
Calgary,Two bedroom units,2020,12,1323.0,3.425806451612903,-8.23225806451613,37.5,39.6,-2.4096774193548387,Canada,2016A000011124,Percent,239.0,units,0.0,v733833,1.0,3.34,2.0,,,,,,,,2020-12-01
Calgary,Two bedroom units,2020,12,1344.0,3.425806451612903,-8.23225806451613,37.5,39.6,-2.4096774193548387,Canada,2016A000011124,Percent,239.0,units,0.0,v733833,1.0,3.34,2.0,,,,,,,,2020-12-01
Calgary,Two bedroom units,2021,1,1350.0,0.9903225806451613,-9.541935483870969,4.4,7.699999999999999,-4.287096774193548,Canada,2016A000011124,Percent,239.0,units,0.0,v733833,1.0,3.3,2.0,6.6,22.0,,,,,,2021-01-01
Calgary,Two bedroom units,2021,1,1307.0,0.9903225806451613,-9.541935483870969,4.4,7.699999999999999,-4.287096774193548,Canada,2016A000011124,Percent,239.0,units,0.0,v733833,1.0,3.3,2.0,6.6,22.0,,,,,,2021-01-01
Calgary,Two bedroom units,2021,1,1355.0,0.9903225806451613,-9.541935483870969,4.4,7.699999999999999,-4.287096774193548,Canada,2016A000011124,Percent,239.0,units,0.0,v733833,1.0,3.3,2.0,6.6,22.0,,,,,,2021-01-01
Calgary,Two bedroom units,2021,1,1377.0,0.9903225806451613,-9.541935483870969,4.4,7.699999999999999,-4.287096774193548,Canada,2016A000011124,Percent,239.0,units,0.0,v733833,1.0,3.3,2.0,6.6,22.0,,,,,,2021-01-01
Calgary,Two bedroom units,2021,2,1350.0,-4.4198309399851246,-14.426475903614458,27.9,33.8,-9.439767641996557,Canada,2016A000011124,Percent,239.0,units,0.0,v733833,1.0,3.25,2.0,6.6,22.0,,,,,,2021-02-01
Calgary,Two bedroom units,2021,2,1307.0,-4.4198309399851246,-14.426475903614458,27.9,33.8,-9.439767641996557,Canada,2016A000011124,Percent,239.0,units,0.0,v733833,1.0,3.25,2.0,6.6,22.0,,,,,,2021-02-01
Calgary,Two bedroom units,2021,2,1355.0,-4.4198309399851246,-14.426475903614458,27.9,33.8,-9.439767641996557,Canada,2016A000011124,Percent,239.0,units,0.0,v733833,1.0,3.25,2.0,6.6,22.0,,,,,,2021-02-01
Calgary,Two bedroom units,2021,2,1377.0,-4.4198309399851246,-14.426475903614458,27.9,33.8,-9.439767641996557,Canada,2016A000011124,Percent,239.0,units,0.0,v733833,1.0,3.25,2.0,6.6,22.0,,,,,,2021-02-01
Calgary,Two bedroom units,2021,3,1350.0,9.23692689291666,-3.5497201710066073,7.4,10.9,2.8608550330353673,Canada,2016A000011124,Percent,239.0,units,0.0,v733833,1.0,3.26,2.0,6.6,22.0,,,,,,2021-03-01
Calgary,Two bedroom units,2021,3,1307.0,9.23692689291666,-3.5497201710066073,7.4,10.9,2.8608550330353673,Canada,2016A000011124,Percent,239.0,units,0.0,v733833,1.0,3.26,2.0,6.6,22.0,,,,,,2021-03-01
Calgary,Two bedroom units,2021,3,1355.0,9.23692689291666,-3.5497201710066073,7.4,10.9,2.8608550330353673,Canada,2016A000011124,Percent,239.0,units,0.0,v733833,1.0,3.26,2.0,6.6,22.0,,,,,,2021-03-01
Calgary,Two bedroom units,2021,3,1377.0,9.23692689291666,-3.5497201710066073,7.4,10.9,2.8608550330353673,Canada,2016A000011124,Percent,239.0,units,0.0,v733833,1.0,3.26,2.0,6.6,22.0,,,,,,2021-03-01
Calgary,Two bedroom units,2021,4,1350.0,12.109385929782405,-2.4071258366800534,10.7,9.9,4.863183400267738,Canada,2016A000011124,Percent,239.0,units,0.0,v733833,1.0,3.25,2.0,6.6,22.0,,,,,,2021-04-01
Calgary,Two bedroom units,2021,4,1307.0,12.109385929782405,-2.4071258366800534,10.7,9.9,4.863183400267738,Canada,2016A000011124,Percent,239.0,units,0.0,v733833,1.0,3.25,2.0,6.6,22.0,,,,,,2021-04-01
Calgary,Two bedroom units,2021,4,1355.0,12.109385929782405,-2.4071258366800534,10.7,9.9,4.863183400267738,Canada,2016A000011124,Percent,239.0,units,0.0,v733833,1.0,3.25,2.0,6.6,22.0,,,,,,2021-04-01
Calgary,Two bedroom units,2021,4,1377.0,12.109385929782405,-2.4071258366800534,10.7,9.9,4.863183400267738,Canada,2016A000011124,Percent,239.0,units,0.0,v733833,1.0,3.25,2.0,6.6,22.0,,,,,,2021-04-01
Calgary,Two bedroom units,2021,5,1350.0,15.257470254628133,3.0672975774063995,35.0,7.8,9.186951677678456,Canada,2016A000011124,Percent,239.0,units,0.0,v733833,1.0,3.25,2.0,6.6,22.0,,,,,,2021-05-01
Calgary,Two bedroom units,2021,5,1307.0,15.257470254628133,3.0672975774063995,35.0,7.8,9.186951677678456,Canada,2016A000011124,Percent,239.0,units,0.0,v733833,1.0,3.25,2.0,6.6,22.0,,,,,,2021-05-01
Calgary,Two bedroom units,2021,5,1355.0,15.257470254628133,3.0672975774063995,35.0,7.8,9.186951677678456,Canada,2016A000011124,Percent,239.0,units,0.0,v733833,1.0,3.25,2.0,6.6,22.0,,,,,,2021-05-01
Calgary,Two bedroom units,2021,5,1377.0,15.257470254628133,3.0672975774063995,35.0,7.8,9.186951677678456,Canada,2016A000011124,Percent,239.0,units,0.0,v733833,1.0,3.25,2.0,6.6,22.0,,,,,,2021-05-01
Calgary,Two bedroom units,2021,6,1350.0,22.804824456013883,8.971955823293172,30.3,0.0,15.919550200803211,Canada,2016A000011124,Percent,239.0,units,0.0,v733833,1.0,3.26,2.0,6.6,22.0,,,,,,2021-06-01
Calgary,Two bedroom units,2021,6,1307.0,22.804824456013883,8.971955823293172,30.3,0.0,15.919550200803211,Canada,2016A000011124,Percent,239.0,units,0.0,v733833,1.0,3.26,2.0,6.6,22.0,,,,,,2021-06-01
Calgary,Two bedroom units,2021,6,1355.0,22.804824456013883,8.971955823293172,30.3,0.0,15.919550200803211,Canada,2016A000011124,Percent,239.0,units,0.0,v733833,1.0,3.26,2.0,6.6,22.0,,,,,,2021-06-01
Calgary,Two bedroom units,2021,6,1377.0,22.804824456013883,8.971955823293172,30.3,0.0,15.919550200803211,Canada,2016A000011124,Percent,239.0,units,0.0,v733833,1.0,3.26,2.0,6.6,22.0,,,,,,2021-06-01
Calgary,Two bedroom units,2021,7,1350.0,26.448387096774194,13.193548387096774,61.9,0.0,19.838709677419356,Canada,2016A000011124,Percent,239.0,units,0.0,v733833,1.0,3.2,2.0,6.6,22.0,,,,,,2021-07-01
Calgary,Two bedroom units,2021,7,1307.0,26.448387096774194,13.193548387096774,61.9,0.0,19.838709677419356,Canada,2016A000011124,Percent,239.0,units,0.0,v733833,1.0,3.2,2.0,6.6,22.0,,,,,,2021-07-01
Calgary,Two bedroom units,2021,7,1355.0,26.448387096774194,13.193548387096774,61.9,0.0,19.838709677419356,Canada,2016A000011124,Percent,239.0,units,0.0,v733833,1.0,3.2,2.0,6.6,22.0,,,,,,2021-07-01
Calgary,Two bedroom units,2021,7,1377.0,26.448387096774194,13.193548387096774,61.9,0.0,19.838709677419356,Canada,2016A000011124,Percent,239.0,units,0.0,v733833,1.0,3.2,2.0,6.6,22.0,,,,,,2021-07-01
Calgary,Two bedroom units,2021,8,1350.0,22.976230831836915,10.205562896748283,76.60000000000001,0.0,16.61906464567949,Canada,2016A000011124,Percent,239.0,units,0.0,v733833,1.0,3.2,2.0,6.6,22.0,,,,,,2021-08-01
Calgary,Two bedroom units,2021,8,1307.0,22.976230831836915,10.205562896748283,76.60000000000001,0.0,16.61906464567949,Canada,2016A000011124,Percent,239.0,units,0.0,v733833,1.0,3.2,2.0,6.6,22.0,,,,,,2021-08-01
Calgary,Two bedroom units,2021,8,1355.0,22.976230831836915,10.205562896748283,76.60000000000001,0.0,16.61906464567949,Canada,2016A000011124,Percent,239.0,units,0.0,v733833,1.0,3.2,2.0,6.6,22.0,,,,,,2021-08-01
Calgary,Two bedroom units,2021,8,1377.0,22.976230831836915,10.205562896748283,76.60000000000001,0.0,16.61906464567949,Canada,2016A000011124,Percent,239.0,units,0.0,v733833,1.0,3.2,2.0,6.6,22.0,,,,,,2021-08-01
Calgary,Two bedroom units,2021,9,1350.0,19.979385929782403,6.242874163319946,16.2,0.0,13.139850066934404,Canada,2016A000011124,Percent,239.0,units,0.0,v733833,1.0,3.22,2.0,6.6,22.0,,,,,,2021-09-01
Calgary,Two bedroom units,2021,9,1307.0,19.979385929782403,6.242874163319946,16.2,0.0,13.139850066934404,Canada,2016A000011124,Percent,239.0,units,0.0,v733833,1.0,3.22,2.0,6.6,22.0,,,,,,2021-09-01
Calgary,Two bedroom units,2021,9,1355.0,19.979385929782403,6.242874163319946,16.2,0.0,13.139850066934404,Canada,2016A000011124,Percent,239.0,units,0.0,v733833,1.0,3.22,2.0,6.6,22.0,,,,,,2021-09-01
Calgary,Two bedroom units,2021,9,1377.0,19.979385929782403,6.242874163319946,16.2,0.0,13.139850066934404,Canada,2016A000011124,Percent,239.0,units,0.0,v733833,1.0,3.22,2.0,6.6,22.0,,,,,,2021-09-01
Calgary,Two bedroom units,2021,10,1350.0,12.37741935483871,-0.732258064516129,25.9,4.2,5.851612903225806,Canada,2016A000011124,Percent,239.0,units,0.0,v733833,1.0,3.29,2.0,6.6,22.0,,,,,,2021-10-01
Calgary,Two bedroom units,2021,10,1307.0,12.37741935483871,-0.732258064516129,25.9,4.2,5.851612903225806,Canada,2016A000011124,Percent,239.0,units,0.0,v733833,1.0,3.29,2.0,6.6,22.0,,,,,,2021-10-01
Calgary,Two bedroom units,2021,10,1355.0,12.37741935483871,-0.732258064516129,25.9,4.2,5.851612903225806,Canada,2016A000011124,Percent,239.0,units,0.0,v733833,1.0,3.29,2.0,6.6,22.0,,,,,,2021-10-01
Calgary,Two bedroom units,2021,10,1377.0,12.37741935483871,-0.732258064516129,25.9,4.2,5.851612903225806,Canada,2016A000011124,Percent,239.0,units,0.0,v733833,1.0,3.29,2.0,6.6,22.0,,,,,,2021-10-01
Calgary,Two bedroom units,2021,11,1350.0,8.406666666666666,-4.6,3.9,3.8,1.91,Canada,2016A000011124,Percent,239.0,units,0.0,v733833,1.0,3.4,2.0,6.6,22.0,,,,,,2021-11-01
Calgary,Two bedroom units,2021,11,1307.0,8.406666666666666,-4.6,3.9,3.8,1.91,Canada,2016A000011124,Percent,239.0,units,0.0,v733833,1.0,3.4,2.0,6.6,22.0,,,,,,2021-11-01
Calgary,Two bedroom units,2021,11,1355.0,8.406666666666666,-4.6,3.9,3.8,1.91,Canada,2016A000011124,Percent,239.0,units,0.0,v733833,1.0,3.4,2.0,6.6,22.0,,,,,,2021-11-01
Calgary,Two bedroom units,2021,11,1377.0,8.406666666666666,-4.6,3.9,3.8,1.91,Canada,2016A000011124,Percent,239.0,units,0.0,v733833,1.0,3.4,2.0,6.6,22.0,,,,,,2021-11-01
Calgary,Two bedroom units,2021,12,1350.0,-6.797368455049285,-16.690766938722632,22.599999999999998,25.5,-11.761435419095738,Canada,2016A000011124,Percent,239.0,units,0.0,v733833,1.0,3.45,2.0,6.6,22.0,,,,,,2021-12-01
Calgary,Two bedroom units,2021,12,1307.0,-6.797368455049285,-16.690766938722632,22.599999999999998,25.5,-11.761435419095738,Canada,2016A000011124,Percent,239.0,units,0.0,v733833,1.0,3.45,2.0,6.6,22.0,,,,,,2021-12-01
Calgary,Two bedroom units,2021,12,1355.0,-6.797368455049285,-16.690766938722632,22.599999999999998,25.5,-11.761435419095738,Canada,2016A000011124,Percent,239.0,units,0.0,v733833,1.0,3.45,2.0,6.6,22.0,,,,,,2021-12-01
Calgary,Two bedroom units,2021,12,1377.0,-6.797368455049285,-16.690766938722632,22.599999999999998,25.5,-11.761435419095738,Canada,2016A000011124,Percent,239.0,units,0.0,v733833,1.0,3.45,2.0,6.6,22.0,,,,,,2021-12-01
Calgary,Two bedroom units,2022,1,1463.0,1.1612903225806455,-11.59032258064516,3.4000000000000004,3.6999999999999997,-5.219354838709678,Canada,2016A000011124,Percent,239.0,units,0.0,v733833,1.0,3.44,2.0,8.0,22.0,,,,,,2022-01-01
Calgary,Two bedroom units,2022,1,1429.0,1.1612903225806455,-11.59032258064516,3.4000000000000004,3.6999999999999997,-5.219354838709678,Canada,2016A000011124,Percent,239.0,units,0.0,v733833,1.0,3.44,2.0,8.0,22.0,,,,,,2022-01-01
Calgary,Two bedroom units,2022,1,1466.0,1.1612903225806455,-11.59032258064516,3.4000000000000004,3.6999999999999997,-5.219354838709678,Canada,2016A000011124,Percent,239.0,units,0.0,v733833,1.0,3.44,2.0,8.0,22.0,,,,,,2022-01-01
Calgary,Two bedroom units,2022,1,1489.0,1.1612903225806455,-11.59032258064516,3.4000000000000004,3.6999999999999997,-5.219354838709678,Canada,2016A000011124,Percent,239.0,units,0.0,v733833,1.0,3.44,2.0,8.0,22.0,,,,,,2022-01-01
Calgary,Two bedroom units,2022,2,1463.0,1.6187968419245953,-9.616253585771657,24.2,32.5,-4.01135685599541,Canada,2016A000011124,Percent,239.0,units,0.0,v733833,1.0,3.58,2.0,8.0,22.0,,,,,,2022-02-01
Calgary,Two bedroom units,2022,2,1429.0,1.6187968419245953,-9.616253585771657,24.2,32.5,-4.01135685599541,Canada,2016A000011124,Percent,239.0,units,0.0,v733833,1.0,3.58,2.0,8.0,22.0,,,,,,2022-02-01
Calgary,Two bedroom units,2022,2,1466.0,1.6187968419245953,-9.616253585771657,24.2,32.5,-4.01135685599541,Canada,2016A000011124,Percent,239.0,units,0.0,v733833,1.0,3.58,2.0,8.0,22.0,,,,,,2022-02-01
Calgary,Two bedroom units,2022,2,1489.0,1.6187968419245953,-9.616253585771657,24.2,32.5,-4.01135685599541,Canada,2016A000011124,Percent,239.0,units,0.0,v733833,1.0,3.58,2.0,8.0,22.0,,,,,,2022-02-01
Calgary,Two bedroom units,2022,3,1463.0,8.664770627979383,-3.7538346936131624,9.3,11.0,2.4734680658116335,Canada,2016A000011124,Percent,239.0,units,0.0,v733833,1.0,3.77,2.0,8.0,22.0,,,,,,2022-03-01
Calgary,Two bedroom units,2022,3,1429.0,8.664770627979383,-3.7538346936131624,9.3,11.0,2.4734680658116335,Canada,2016A000011124,Percent,239.0,units,0.0,v733833,1.0,3.77,2.0,8.0,22.0,,,,,,2022-03-01
Calgary,Two bedroom units,2022,3,1466.0,8.664770627979383,-3.7538346936131624,9.3,11.0,2.4734680658116335,Canada,2016A000011124,Percent,239.0,units,0.0,v733833,1.0,3.77,2.0,8.0,22.0,,,,,,2022-03-01
Calgary,Two bedroom units,2022,3,1489.0,8.664770627979383,-3.7538346936131624,9.3,11.0,2.4734680658116335,Canada,2016A000011124,Percent,239.0,units,0.0,v733833,1.0,3.77,2.0,8.0,22.0,,,,,,2022-03-01
Calgary,Two bedroom units,2022,4,1463.0,7.713333333333334,-3.52,40.6,43.1,2.1133333333333333,Canada,2016A000011124,Percent,239.0,units,0.0,v733833,1.0,4.19,2.0,8.0,22.0,,,,,,2022-04-01
Calgary,Two bedroom units,2022,4,1429.0,7.713333333333334,-3.52,40.6,43.1,2.1133333333333333,Canada,2016A000011124,Percent,239.0,units,0.0,v733833,1.0,4.19,2.0,8.0,22.0,,,,,,2022-04-01
Calgary,Two bedroom units,2022,4,1466.0,7.713333333333334,-3.52,40.6,43.1,2.1133333333333333,Canada,2016A000011124,Percent,239.0,units,0.0,v733833,1.0,4.19,2.0,8.0,22.0,,,,,,2022-04-01
Calgary,Two bedroom units,2022,4,1489.0,7.713333333333334,-3.52,40.6,43.1,2.1133333333333333,Canada,2016A000011124,Percent,239.0,units,0.0,v733833,1.0,4.19,2.0,8.0,22.0,,,,,,2022-04-01
Calgary,Two bedroom units,2022,5,1463.0,15.966553412482076,3.4636274128773157,12.1,1.0,9.735193677937557,Canada,2016A000011124,Percent,239.0,units,0.0,v733833,1.0,4.63,2.0,8.0,22.0,,,,,,2022-05-01
Calgary,Two bedroom units,2022,5,1429.0,15.966553412482076,3.4636274128773157,12.1,1.0,9.735193677937557,Canada,2016A000011124,Percent,239.0,units,0.0,v733833,1.0,4.63,2.0,8.0,22.0,,,,,,2022-05-01
Calgary,Two bedroom units,2022,5,1466.0,15.966553412482076,3.4636274128773157,12.1,1.0,9.735193677937557,Canada,2016A000011124,Percent,239.0,units,0.0,v733833,1.0,4.63,2.0,8.0,22.0,,,,,,2022-05-01
Calgary,Two bedroom units,2022,5,1489.0,15.966553412482076,3.4636274128773157,12.1,1.0,9.735193677937557,Canada,2016A000011124,Percent,239.0,units,0.0,v733833,1.0,4.63,2.0,8.0,22.0,,,,,,2022-05-01
Calgary,Two bedroom units,2022,6,1463.0,19.17877185956481,8.059081659973225,137.9,0.0,13.643033467202143,Canada,2016A000011124,Percent,239.0,units,0.0,v733833,1.0,5.05,2.0,8.0,22.0,,,,,,2022-06-01
Calgary,Two bedroom units,2022,6,1429.0,19.17877185956481,8.059081659973225,137.9,0.0,13.643033467202143,Canada,2016A000011124,Percent,239.0,units,0.0,v733833,1.0,5.05,2.0,8.0,22.0,,,,,,2022-06-01
Calgary,Two bedroom units,2022,6,1466.0,19.17877185956481,8.059081659973225,137.9,0.0,13.643033467202143,Canada,2016A000011124,Percent,239.0,units,0.0,v733833,1.0,5.05,2.0,8.0,22.0,,,,,,2022-06-01
Calgary,Two bedroom units,2022,6,1489.0,19.17877185956481,8.059081659973225,137.9,0.0,13.643033467202143,Canada,2016A000011124,Percent,239.0,units,0.0,v733833,1.0,5.05,2.0,8.0,22.0,,,,,,2022-06-01
Calgary,Two bedroom units,2022,7,1463.0,22.913751986254475,10.594996761238503,64.1,0.0,16.77683896877834,Canada,2016A000011124,Percent,239.0,units,0.0,v733833,1.0,5.51,2.0,8.0,22.0,,,,,,2022-07-01
Calgary,Two bedroom units,2022,7,1429.0,22.913751986254475,10.594996761238503,64.1,0.0,16.77683896877834,Canada,2016A000011124,Percent,239.0,units,0.0,v733833,1.0,5.51,2.0,8.0,22.0,,,,,,2022-07-01
Calgary,Two bedroom units,2022,7,1466.0,22.913751986254475,10.594996761238503,64.1,0.0,16.77683896877834,Canada,2016A000011124,Percent,239.0,units,0.0,v733833,1.0,5.51,2.0,8.0,22.0,,,,,,2022-07-01
Calgary,Two bedroom units,2022,7,1489.0,22.913751986254475,10.594996761238503,64.1,0.0,16.77683896877834,Canada,2016A000011124,Percent,239.0,units,0.0,v733833,1.0,5.51,2.0,8.0,22.0,,,,,,2022-07-01
Calgary,Two bedroom units,2022,8,1463.0,27.19677419354839,12.76774193548387,30.1,0.0,20.006451612903227,Canada,2016A000011124,Percent,239.0,units,0.0,v733833,1.0,5.58,2.0,8.0,22.0,,,,,,2022-08-01
Calgary,Two bedroom units,2022,8,1429.0,27.19677419354839,12.76774193548387,30.1,0.0,20.006451612903227,Canada,2016A000011124,Percent,239.0,units,0.0,v733833,1.0,5.58,2.0,8.0,22.0,,,,,,2022-08-01
Calgary,Two bedroom units,2022,8,1466.0,27.19677419354839,12.76774193548387,30.1,0.0,20.006451612903227,Canada,2016A000011124,Percent,239.0,units,0.0,v733833,1.0,5.58,2.0,8.0,22.0,,,,,,2022-08-01
Calgary,Two bedroom units,2022,8,1489.0,27.19677419354839,12.76774193548387,30.1,0.0,20.006451612903227,Canada,2016A000011124,Percent,239.0,units,0.0,v733833,1.0,5.58,2.0,8.0,22.0,,,,,,2022-08-01
Calgary,Two bedroom units,2022,9,1463.0,22.40666666666667,7.823333333333333,10.8,0.0,15.143333333333334,Canada,2016A000011124,Percent,239.0,units,0.0,v733833,1.0,5.64,2.0,8.0,22.0,,,,,,2022-09-01
Calgary,Two bedroom units,2022,9,1429.0,22.40666666666667,7.823333333333333,10.8,0.0,15.143333333333334,Canada,2016A000011124,Percent,239.0,units,0.0,v733833,1.0,5.64,2.0,8.0,22.0,,,,,,2022-09-01
Calgary,Two bedroom units,2022,9,1466.0,22.40666666666667,7.823333333333333,10.8,0.0,15.143333333333334,Canada,2016A000011124,Percent,239.0,units,0.0,v733833,1.0,5.64,2.0,8.0,22.0,,,,,,2022-09-01
Calgary,Two bedroom units,2022,9,1489.0,22.40666666666667,7.823333333333333,10.8,0.0,15.143333333333334,Canada,2016A000011124,Percent,239.0,units,0.0,v733833,1.0,5.64,2.0,8.0,22.0,,,,,,2022-09-01
Calgary,Two bedroom units,2022,10,1463.0,16.138709677419357,2.0935483870967744,29.300000000000004,24.2,9.135483870967741,Canada,2016A000011124,Percent,239.0,units,0.0,v733833,1.0,5.75,2.0,8.0,22.0,,,,,,2022-10-01
Calgary,Two bedroom units,2022,10,1429.0,16.138709677419357,2.0935483870967744,29.300000000000004,24.2,9.135483870967741,Canada,2016A000011124,Percent,239.0,units,0.0,v733833,1.0,5.75,2.0,8.0,22.0,,,,,,2022-10-01
Calgary,Two bedroom units,2022,10,1466.0,16.138709677419357,2.0935483870967744,29.300000000000004,24.2,9.135483870967741,Canada,2016A000011124,Percent,239.0,units,0.0,v733833,1.0,5.75,2.0,8.0,22.0,,,,,,2022-10-01
Calgary,Two bedroom units,2022,10,1489.0,16.138709677419357,2.0935483870967744,29.300000000000004,24.2,9.135483870967741,Canada,2016A000011124,Percent,239.0,units,0.0,v733833,1.0,5.75,2.0,8.0,22.0,,,,,,2022-10-01
Calgary,Two bedroom units,2022,11,1463.0,-0.6599999999999999,-10.613333333333333,32.5,29.4,-5.653333333333333,Canada,2016A000011124,Percent,239.0,units,0.0,v733833,1.0,5.88,2.0,8.0,22.0,,,,,,2022-11-01
Calgary,Two bedroom units,2022,11,1429.0,-0.6599999999999999,-10.613333333333333,32.5,29.4,-5.653333333333333,Canada,2016A000011124,Percent,239.0,units,0.0,v733833,1.0,5.88,2.0,8.0,22.0,,,,,,2022-11-01
Calgary,Two bedroom units,2022,11,1466.0,-0.6599999999999999,-10.613333333333333,32.5,29.4,-5.653333333333333,Canada,2016A000011124,Percent,239.0,units,0.0,v733833,1.0,5.88,2.0,8.0,22.0,,,,,,2022-11-01
Calgary,Two bedroom units,2022,11,1489.0,-0.6599999999999999,-10.613333333333333,32.5,29.4,-5.653333333333333,Canada,2016A000011124,Percent,239.0,units,0.0,v733833,1.0,5.88,2.0,8.0,22.0,,,,,,2022-11-01
Calgary,Two bedroom units,2022,12,1463.0,-6.132258064516129,-17.325806451612905,19.1,26.1,-11.745161290322581,Canada,2016A000011124,Percent,239.0,units,0.0,v733833,1.0,5.89,2.0,8.0,22.0,,,,,,2022-12-01
Calgary,Two bedroom units,2022,12,1429.0,-6.132258064516129,-17.325806451612905,19.1,26.1,-11.745161290322581,Canada,2016A000011124,Percent,239.0,units,0.0,v733833,1.0,5.89,2.0,8.0,22.0,,,,,,2022-12-01
Calgary,Two bedroom units,2022,12,1466.0,-6.132258064516129,-17.325806451612905,19.1,26.1,-11.745161290322581,Canada,2016A000011124,Percent,239.0,units,0.0,v733833,1.0,5.89,2.0,8.0,22.0,,,,,,2022-12-01
Calgary,Two bedroom units,2022,12,1489.0,-6.132258064516129,-17.325806451612905,19.1,26.1,-11.745161290322581,Canada,2016A000011124,Percent,239.0,units,0.0,v733833,1.0,5.89,2.0,8.0,22.0,,,,,,2022-12-01
Calgary,Two bedroom units,2023,1,1691.0,2.376825093337812,-9.41979919678715,18.3,22.4,-3.532403161031222,Canada,2016A000011124,Percent,239.0,units,0.0,v733833,1.0,5.86,2.0,,,18.0,166.0,55.0,0.0,,2023-01-01
Calgary,Two bedroom units,2023,1,1647.0,2.376825093337812,-9.41979919678715,18.3,22.4,-3.532403161031222,Canada,2016A000011124,Percent,239.0,units,0.0,v733833,1.0,5.86,2.0,,,18.0,166.0,55.0,0.0,,2023-01-01
Calgary,Two bedroom units,2023,1,1695.0,2.376825093337812,-9.41979919678715,18.3,22.4,-3.532403161031222,Canada,2016A000011124,Percent,239.0,units,0.0,v733833,1.0,5.86,2.0,,,18.0,166.0,55.0,0.0,,2023-01-01
Calgary,Two bedroom units,2023,1,1722.0,2.376825093337812,-9.41979919678715,18.3,22.4,-3.532403161031222,Canada,2016A000011124,Percent,239.0,units,0.0,v733833,1.0,5.86,2.0,,,18.0,166.0,55.0,0.0,,2023-01-01
Calgary,Two bedroom units,2023,2,1691.0,0.6428571428571429,-10.714285714285714,29.8,32.1,-5.042857142857143,Canada,2016A000011124,Percent,239.0,units,0.0,v733833,1.0,5.81,2.0,,,18.0,166.0,55.0,0.0,,2023-02-01
Calgary,Two bedroom units,2023,2,1647.0,0.6428571428571429,-10.714285714285714,29.8,32.1,-5.042857142857143,Canada,2016A000011124,Percent,239.0,units,0.0,v733833,1.0,5.81,2.0,,,18.0,166.0,55.0,0.0,,2023-02-01
Calgary,Two bedroom units,2023,2,1695.0,0.6428571428571429,-10.714285714285714,29.8,32.1,-5.042857142857143,Canada,2016A000011124,Percent,239.0,units,0.0,v733833,1.0,5.81,2.0,,,18.0,166.0,55.0,0.0,,2023-02-01
Calgary,Two bedroom units,2023,2,1722.0,0.6428571428571429,-10.714285714285714,29.8,32.1,-5.042857142857143,Canada,2016A000011124,Percent,239.0,units,0.0,v733833,1.0,5.81,2.0,,,18.0,166.0,55.0,0.0,,2023-02-01
Calgary,Two bedroom units,2023,3,1691.0,-1.3419354838709676,-11.619354838709677,19.6,18.1,-6.503225806451613,Canada,2016A000011124,Percent,239.0,units,0.0,v733833,1.0,5.81,2.0,,,18.0,166.0,55.0,0.0,,2023-03-01
Calgary,Two bedroom units,2023,3,1647.0,-1.3419354838709676,-11.619354838709677,19.6,18.1,-6.503225806451613,Canada,2016A000011124,Percent,239.0,units,0.0,v733833,1.0,5.81,2.0,,,18.0,166.0,55.0,0.0,,2023-03-01
Calgary,Two bedroom units,2023,3,1695.0,-1.3419354838709676,-11.619354838709677,19.6,18.1,-6.503225806451613,Canada,2016A000011124,Percent,239.0,units,0.0,v733833,1.0,5.81,2.0,,,18.0,166.0,55.0,0.0,,2023-03-01
Calgary,Two bedroom units,2023,3,1722.0,-1.3419354838709676,-11.619354838709677,19.6,18.1,-6.503225806451613,Canada,2016A000011124,Percent,239.0,units,0.0,v733833,1.0,5.81,2.0,,,18.0,166.0,55.0,0.0,,2023-03-01
Calgary,Two bedroom units,2023,4,1691.0,11.389999999999999,-1.9733333333333334,6.1,3.7,4.716666666666667,Canada,2016A000011124,Percent,239.0,units,0.0,v733833,1.0,5.75,2.0,,,18.0,166.0,55.0,0.0,,2023-04-01
Calgary,Two bedroom units,2023,4,1647.0,11.389999999999999,-1.9733333333333334,6.1,3.7,4.716666666666667,Canada,2016A000011124,Percent,239.0,units,0.0,v733833,1.0,5.75,2.0,,,18.0,166.0,55.0,0.0,,2023-04-01
Calgary,Two bedroom units,2023,4,1695.0,11.389999999999999,-1.9733333333333334,6.1,3.7,4.716666666666667,Canada,2016A000011124,Percent,239.0,units,0.0,v733833,1.0,5.75,2.0,,,18.0,166.0,55.0,0.0,,2023-04-01
Calgary,Two bedroom units,2023,4,1722.0,11.389999999999999,-1.9733333333333334,6.1,3.7,4.716666666666667,Canada,2016A000011124,Percent,239.0,units,0.0,v733833,1.0,5.75,2.0,,,18.0,166.0,55.0,0.0,,2023-04-01
Calgary,Two bedroom units,2023,5,1691.0,22.225806451612904,7.445161290322581,30.4,0.0,14.864516129032259,Canada,2016A000011124,Percent,239.0,units,0.0,v733833,1.0,5.74,2.0,,,18.0,166.0,55.0,0.0,,2023-05-01
Calgary,Two bedroom units,2023,5,1647.0,22.225806451612904,7.445161290322581,30.4,0.0,14.864516129032259,Canada,2016A000011124,Percent,239.0,units,0.0,v733833,1.0,5.74,2.0,,,18.0,166.0,55.0,0.0,,2023-05-01
Calgary,Two bedroom units,2023,5,1695.0,22.225806451612904,7.445161290322581,30.4,0.0,14.864516129032259,Canada,2016A000011124,Percent,239.0,units,0.0,v733833,1.0,5.74,2.0,,,18.0,166.0,55.0,0.0,,2023-05-01
Calgary,Two bedroom units,2023,5,1722.0,22.225806451612904,7.445161290322581,30.4,0.0,14.864516129032259,Canada,2016A000011124,Percent,239.0,units,0.0,v733833,1.0,5.74,2.0,,,18.0,166.0,55.0,0.0,,2023-05-01
Calgary,Two bedroom units,2023,6,1691.0,22.986666666666668,9.51,70.1,0.0,16.27,Canada,2016A000011124,Percent,239.0,units,0.0,v733833,1.0,5.85,2.0,,,18.0,166.0,55.0,0.0,,2023-06-01
Calgary,Two bedroom units,2023,6,1647.0,22.986666666666668,9.51,70.1,0.0,16.27,Canada,2016A000011124,Percent,239.0,units,0.0,v733833,1.0,5.85,2.0,,,18.0,166.0,55.0,0.0,,2023-06-01
Calgary,Two bedroom units,2023,6,1695.0,22.986666666666668,9.51,70.1,0.0,16.27,Canada,2016A000011124,Percent,239.0,units,0.0,v733833,1.0,5.85,2.0,,,18.0,166.0,55.0,0.0,,2023-06-01
Calgary,Two bedroom units,2023,6,1722.0,22.986666666666668,9.51,70.1,0.0,16.27,Canada,2016A000011124,Percent,239.0,units,0.0,v733833,1.0,5.85,2.0,,,18.0,166.0,55.0,0.0,,2023-06-01
Calgary,Two bedroom units,2023,7,1691.0,24.980645161290322,11.47741935483871,42.9,0.0,18.248387096774195,Canada,2016A000011124,Percent,239.0,units,0.0,v733833,1.0,5.99,2.0,,,18.0,166.0,55.0,0.0,,2023-07-01
Calgary,Two bedroom units,2023,7,1647.0,24.980645161290322,11.47741935483871,42.9,0.0,18.248387096774195,Canada,2016A000011124,Percent,239.0,units,0.0,v733833,1.0,5.99,2.0,,,18.0,166.0,55.0,0.0,,2023-07-01
Calgary,Two bedroom units,2023,7,1695.0,24.980645161290322,11.47741935483871,42.9,0.0,18.248387096774195,Canada,2016A000011124,Percent,239.0,units,0.0,v733833,1.0,5.99,2.0,,,18.0,166.0,55.0,0.0,,2023-07-01
Calgary,Two bedroom units,2023,7,1722.0,24.980645161290322,11.47741935483871,42.9,0.0,18.248387096774195,Canada,2016A000011124,Percent,239.0,units,0.0,v733833,1.0,5.99,2.0,,,18.0,166.0,55.0,0.0,,2023-07-01
Calgary,Two bedroom units,2023,8,1691.0,25.432258064516127,11.293548387096775,50.7,0.0,18.39032258064516,Canada,2016A000011124,Percent,239.0,units,0.0,v733833,1.0,6.17,2.0,,,18.0,166.0,55.0,0.0,,2023-08-01
Calgary,Two bedroom units,2023,8,1647.0,25.432258064516127,11.293548387096775,50.7,0.0,18.39032258064516,Canada,2016A000011124,Percent,239.0,units,0.0,v733833,1.0,6.17,2.0,,,18.0,166.0,55.0,0.0,,2023-08-01
Calgary,Two bedroom units,2023,8,1695.0,25.432258064516127,11.293548387096775,50.7,0.0,18.39032258064516,Canada,2016A000011124,Percent,239.0,units,0.0,v733833,1.0,6.17,2.0,,,18.0,166.0,55.0,0.0,,2023-08-01
Calgary,Two bedroom units,2023,8,1722.0,25.432258064516127,11.293548387096775,50.7,0.0,18.39032258064516,Canada,2016A000011124,Percent,239.0,units,0.0,v733833,1.0,6.17,2.0,,,18.0,166.0,55.0,0.0,,2023-08-01
Calgary,Two bedroom units,2023,9,1691.0,19.616666666666667,7.206666666666667,18.8,0.0,13.436666666666667,Canada,2016A000011124,Percent,239.0,units,0.0,v733833,1.0,6.27,2.0,,,18.0,166.0,55.0,0.0,,2023-09-01
Calgary,Two bedroom units,2023,9,1647.0,19.616666666666667,7.206666666666667,18.8,0.0,13.436666666666667,Canada,2016A000011124,Percent,239.0,units,0.0,v733833,1.0,6.27,2.0,,,18.0,166.0,55.0,0.0,,2023-09-01
Calgary,Two bedroom units,2023,9,1695.0,19.616666666666667,7.206666666666667,18.8,0.0,13.436666666666667,Canada,2016A000011124,Percent,239.0,units,0.0,v733833,1.0,6.27,2.0,,,18.0,166.0,55.0,0.0,,2023-09-01
Calgary,Two bedroom units,2023,9,1722.0,19.616666666666667,7.206666666666667,18.8,0.0,13.436666666666667,Canada,2016A000011124,Percent,239.0,units,0.0,v733833,1.0,6.27,2.0,,,18.0,166.0,55.0,0.0,,2023-09-01
Calgary,Two bedroom units,2023,10,1691.0,10.770967741935483,-0.4548387096774195,36.8,16.0,5.17741935483871,Canada,2016A000011124,Percent,239.0,units,0.0,v733833,1.0,6.42,2.0,,,18.0,166.0,55.0,0.0,660046.3562783661,2023-10-01
Calgary,Two bedroom units,2023,10,1647.0,10.770967741935483,-0.4548387096774195,36.8,16.0,5.17741935483871,Canada,2016A000011124,Percent,239.0,units,0.0,v733833,1.0,6.42,2.0,,,18.0,166.0,55.0,0.0,660046.3562783661,2023-10-01
Calgary,Two bedroom units,2023,10,1695.0,10.770967741935483,-0.4548387096774195,36.8,16.0,5.17741935483871,Canada,2016A000011124,Percent,239.0,units,0.0,v733833,1.0,6.42,2.0,,,18.0,166.0,55.0,0.0,660046.3562783661,2023-10-01
Calgary,Two bedroom units,2023,10,1722.0,10.770967741935483,-0.4548387096774195,36.8,16.0,5.17741935483871,Canada,2016A000011124,Percent,239.0,units,0.0,v733833,1.0,6.42,2.0,,,18.0,166.0,55.0,0.0,660046.3562783661,2023-10-01
Calgary,Two bedroom units,2023,11,1691.0,8.086052596449072,-4.11379250334672,3.4000000000000004,5.2,1.996516733601071,Canada,2016A000011124,Percent,239.0,units,0.0,v733833,1.0,6.47,2.0,,,18.0,166.0,55.0,0.0,,2023-11-01
Calgary,Two bedroom units,2023,11,1647.0,8.086052596449072,-4.11379250334672,3.4000000000000004,5.2,1.996516733601071,Canada,2016A000011124,Percent,239.0,units,0.0,v733833,1.0,6.47,2.0,,,18.0,166.0,55.0,0.0,,2023-11-01
Calgary,Two bedroom units,2023,11,1695.0,8.086052596449072,-4.11379250334672,3.4000000000000004,5.2,1.996516733601071,Canada,2016A000011124,Percent,239.0,units,0.0,v733833,1.0,6.47,2.0,,,18.0,166.0,55.0,0.0,,2023-11-01
Calgary,Two bedroom units,2023,11,1722.0,8.086052596449072,-4.11379250334672,3.4000000000000004,5.2,1.996516733601071,Canada,2016A000011124,Percent,239.0,units,0.0,v733833,1.0,6.47,2.0,,,18.0,166.0,55.0,0.0,,2023-11-01
Calgary,Two bedroom units,2023,12,1691.0,5.961290322580646,-4.919354838709677,21.1,21.0,0.5096774193548387,Canada,2016A000011124,Percent,239.0,units,0.0,v733833,1.0,6.39,2.0,,,18.0,166.0,55.0,0.0,,2023-12-01
Calgary,Two bedroom units,2023,12,1647.0,5.961290322580646,-4.919354838709677,21.1,21.0,0.5096774193548387,Canada,2016A000011124,Percent,239.0,units,0.0,v733833,1.0,6.39,2.0,,,18.0,166.0,55.0,0.0,,2023-12-01
Calgary,Two bedroom units,2023,12,1695.0,5.961290322580646,-4.919354838709677,21.1,21.0,0.5096774193548387,Canada,2016A000011124,Percent,239.0,units,0.0,v733833,1.0,6.39,2.0,,,18.0,166.0,55.0,0.0,,2023-12-01
Calgary,Two bedroom units,2023,12,1722.0,5.961290322580646,-4.919354838709677,21.1,21.0,0.5096774193548387,Canada,2016A000011124,Percent,239.0,units,0.0,v733833,1.0,6.39,2.0,,,18.0,166.0,55.0,0.0,,2023-12-01
Calgary,Two bedroom units,2024,1,1876.0,-4.064516129032258,-14.36774193548387,27.900000000000002,28.1,-9.225806451612904,Canada,2016A000011124,Percent,239.0,units,0.0,v733833,1.0,6.31,2.0,,,,,,,,2024-01-01
Calgary,Two bedroom units,2024,1,1812.0,-4.064516129032258,-14.36774193548387,27.900000000000002,28.1,-9.225806451612904,Canada,2016A000011124,Percent,239.0,units,0.0,v733833,1.0,6.31,2.0,,,,,,,,2024-01-01
Calgary,Two bedroom units,2024,1,1882.0,-4.064516129032258,-14.36774193548387,27.900000000000002,28.1,-9.225806451612904,Canada,2016A000011124,Percent,239.0,units,0.0,v733833,1.0,6.31,2.0,,,,,,,,2024-01-01
Calgary,Two bedroom units,2024,1,1909.0,-4.064516129032258,-14.36774193548387,27.900000000000002,28.1,-9.225806451612904,Canada,2016A000011124,Percent,239.0,units,0.0,v733833,1.0,6.31,2.0,,,,,,,,2024-01-01
Calgary,Two bedroom units,2024,2,1876.0,2.299364754947316,-9.334957762082814,18.3,21.200000000000003,-3.538086137654065,Canada,2016A000011124,Percent,239.0,units,0.0,v733833,1.0,6.15,2.0,,,,,,,,2024-02-01
Calgary,Two bedroom units,2024,2,1812.0,2.299364754947316,-9.334957762082814,18.3,21.200000000000003,-3.538086137654065,Canada,2016A000011124,Percent,239.0,units,0.0,v733833,1.0,6.15,2.0,,,,,,,,2024-02-01
Calgary,Two bedroom units,2024,2,1882.0,2.299364754947316,-9.334957762082814,18.3,21.200000000000003,-3.538086137654065,Canada,2016A000011124,Percent,239.0,units,0.0,v733833,1.0,6.15,2.0,,,,,,,,2024-02-01
Calgary,Two bedroom units,2024,2,1909.0,2.299364754947316,-9.334957762082814,18.3,21.200000000000003,-3.538086137654065,Canada,2016A000011124,Percent,239.0,units,0.0,v733833,1.0,6.15,2.0,,,,,,,,2024-02-01
Calgary,Two bedroom units,2024,3,1876.0,0.8483870967741933,-9.135483870967741,57.1,68.4,-4.151612903225806,Canada,2016A000011124,Percent,239.0,units,0.0,v733833,1.0,6.13,2.0,,,,,,,,2024-03-01
Calgary,Two bedroom units,2024,3,1812.0,0.8483870967741933,-9.135483870967741,57.1,68.4,-4.151612903225806,Canada,2016A000011124,Percent,239.0,units,0.0,v733833,1.0,6.13,2.0,,,,,,,,2024-03-01
Calgary,Two bedroom units,2024,3,1882.0,0.8483870967741933,-9.135483870967741,57.1,68.4,-4.151612903225806,Canada,2016A000011124,Percent,239.0,units,0.0,v733833,1.0,6.13,2.0,,,,,,,,2024-03-01
Calgary,Two bedroom units,2024,3,1909.0,0.8483870967741933,-9.135483870967741,57.1,68.4,-4.151612903225806,Canada,2016A000011124,Percent,239.0,units,0.0,v733833,1.0,6.13,2.0,,,,,,,,2024-03-01
Calgary,Two bedroom units,2024,4,1876.0,10.886052596449073,-0.6837925033467201,48.4,32.300000000000004,5.113183400267738,Canada,2016A000011124,Percent,239.0,units,0.0,v733833,1.0,6.08,2.0,,,,,,,,2024-04-01
Calgary,Two bedroom units,2024,4,1812.0,10.886052596449073,-0.6837925033467201,48.4,32.300000000000004,5.113183400267738,Canada,2016A000011124,Percent,239.0,units,0.0,v733833,1.0,6.08,2.0,,,,,,,,2024-04-01
Calgary,Two bedroom units,2024,4,1882.0,10.886052596449073,-0.6837925033467201,48.4,32.300000000000004,5.113183400267738,Canada,2016A000011124,Percent,239.0,units,0.0,v733833,1.0,6.08,2.0,,,,,,,,2024-04-01
Calgary,Two bedroom units,2024,4,1909.0,10.886052596449073,-0.6837925033467201,48.4,32.300000000000004,5.113183400267738,Canada,2016A000011124,Percent,239.0,units,0.0,v733833,1.0,6.08,2.0,,,,,,,,2024-04-01
Calgary,Two bedroom units,2024,5,1876.0,15.235483870967743,3.9935483870967743,61.7,8.8,9.638709677419355,Canada,2016A000011124,Percent,239.0,units,0.0,v733833,1.0,6.05,2.0,,,,,,,,2024-05-01
Calgary,Two bedroom units,2024,5,1812.0,15.235483870967743,3.9935483870967743,61.7,8.8,9.638709677419355,Canada,2016A000011124,Percent,239.0,units,0.0,v733833,1.0,6.05,2.0,,,,,,,,2024-05-01
Calgary,Two bedroom units,2024,5,1882.0,15.235483870967743,3.9935483870967743,61.7,8.8,9.638709677419355,Canada,2016A000011124,Percent,239.0,units,0.0,v733833,1.0,6.05,2.0,,,,,,,,2024-05-01
Calgary,Two bedroom units,2024,5,1909.0,15.235483870967743,3.9935483870967743,61.7,8.8,9.638709677419355,Canada,2016A000011124,Percent,239.0,units,0.0,v733833,1.0,6.05,2.0,,,,,,,,2024-05-01
Calgary,Two bedroom units,2024,6,1876.0,19.970000000000002,7.086666666666667,83.3,0.0,13.556666666666667,Canada,2016A000011124,Percent,239.0,units,0.0,v733833,1.0,5.98,2.0,,,,,,,,2024-06-01
Calgary,Two bedroom units,2024,6,1812.0,19.970000000000002,7.086666666666667,83.3,0.0,13.556666666666667,Canada,2016A000011124,Percent,239.0,units,0.0,v733833,1.0,5.98,2.0,,,,,,,,2024-06-01
Calgary,Two bedroom units,2024,6,1882.0,19.970000000000002,7.086666666666667,83.3,0.0,13.556666666666667,Canada,2016A000011124,Percent,239.0,units,0.0,v733833,1.0,5.98,2.0,,,,,,,,2024-06-01
Calgary,Two bedroom units,2024,6,1909.0,19.970000000000002,7.086666666666667,83.3,0.0,13.556666666666667,Canada,2016A000011124,Percent,239.0,units,0.0,v733833,1.0,5.98,2.0,,,,,,,,2024-06-01
Calgary,Two bedroom units,2024,7,1876.0,26.098811476998204,12.8345951548128,46.0,0.0,19.493258194066588,Canada,2016A000011124,Percent,239.0,units,0.0,v733833,1.0,5.91,2.0,,,,,,,,2024-07-01
Calgary,Two bedroom units,2024,7,1812.0,26.098811476998204,12.8345951548128,46.0,0.0,19.493258194066588,Canada,2016A000011124,Percent,239.0,units,0.0,v733833,1.0,5.91,2.0,,,,,,,,2024-07-01
Calgary,Two bedroom units,2024,7,1882.0,26.098811476998204,12.8345951548128,46.0,0.0,19.493258194066588,Canada,2016A000011124,Percent,239.0,units,0.0,v733833,1.0,5.91,2.0,,,,,,,,2024-07-01
Calgary,Two bedroom units,2024,7,1909.0,26.098811476998204,12.8345951548128,46.0,0.0,19.493258194066588,Canada,2016A000011124,Percent,239.0,units,0.0,v733833,1.0,5.91,2.0,,,,,,,,2024-07-01
Calgary,Two bedroom units,2024,8,1876.0,23.412308964305556,10.338265319341883,86.4,0.0,16.899854903484908,Canada,2016A000011124,Percent,239.0,units,0.0,v733833,1.0,5.73,2.0,,,,,,,,2024-08-01
Calgary,Two bedroom units,2024,8,1812.0,23.412308964305556,10.338265319341883,86.4,0.0,16.899854903484908,Canada,2016A000011124,Percent,239.0,units,0.0,v733833,1.0,5.73,2.0,,,,,,,,2024-08-01
Calgary,Two bedroom units,2024,8,1882.0,23.412308964305556,10.338265319341883,86.4,0.0,16.899854903484908,Canada,2016A000011124,Percent,239.0,units,0.0,v733833,1.0,5.73,2.0,,,,,,,,2024-08-01
Calgary,Two bedroom units,2024,8,1909.0,23.412308964305556,10.338265319341883,86.4,0.0,16.899854903484908,Canada,2016A000011124,Percent,239.0,units,0.0,v733833,1.0,5.73,2.0,,,,,,,,2024-08-01
Calgary,Two bedroom units,2024,9,1876.0,20.56543852623148,7.2590816599732255,74.0,0.0,13.933033467202142,Canada,2016A000011124,Percent,239.0,units,0.0,v733833,1.0,5.55,2.0,,,,,,,,2024-09-01
Calgary,Two bedroom units,2024,9,1812.0,20.56543852623148,7.2590816599732255,74.0,0.0,13.933033467202142,Canada,2016A000011124,Percent,239.0,units,0.0,v733833,1.0,5.55,2.0,,,,,,,,2024-09-01
Calgary,Two bedroom units,2024,9,1882.0,20.56543852623148,7.2590816599732255,74.0,0.0,13.933033467202142,Canada,2016A000011124,Percent,239.0,units,0.0,v733833,1.0,5.55,2.0,,,,,,,,2024-09-01
Calgary,Two bedroom units,2024,9,1909.0,20.56543852623148,7.2590816599732255,74.0,0.0,13.933033467202142,Canada,2016A000011124,Percent,239.0,units,0.0,v733833,1.0,5.55,2.0,,,,,,,,2024-09-01
Calgary,Two bedroom units,2024,10,1876.0,14.016129032258064,0.7258064516129032,0.9,0.6,7.4,Canada,2016A000011124,Percent,239.0,units,0.0,v733833,1.0,5.44,2.0,,,,,,,,2024-10-01
Calgary,Two bedroom units,2024,10,1812.0,14.016129032258064,0.7258064516129032,0.9,0.6,7.4,Canada,2016A000011124,Percent,239.0,units,0.0,v733833,1.0,5.44,2.0,,,,,,,,2024-10-01
Calgary,Two bedroom units,2024,10,1882.0,14.016129032258064,0.7258064516129032,0.9,0.6,7.4,Canada,2016A000011124,Percent,239.0,units,0.0,v733833,1.0,5.44,2.0,,,,,,,,2024-10-01
Calgary,Two bedroom units,2024,10,1909.0,14.016129032258064,0.7258064516129032,0.9,0.6,7.4,Canada,2016A000011124,Percent,239.0,units,0.0,v733833,1.0,5.44,2.0,,,,,,,,2024-10-01
Calgary,Two bedroom units,2024,11,1876.0,1.5360525964490723,-8.05379250334672,38.2,40.0,-3.253483266398929,Canada,2016A000011124,Percent,239.0,units,0.0,v733833,1.0,5.38,2.0,,,,,,,,2024-11-01
Calgary,Two bedroom units,2024,11,1812.0,1.5360525964490723,-8.05379250334672,38.2,40.0,-3.253483266398929,Canada,2016A000011124,Percent,239.0,units,0.0,v733833,1.0,5.38,2.0,,,,,,,,2024-11-01
Calgary,Two bedroom units,2024,11,1882.0,1.5360525964490723,-8.05379250334672,38.2,40.0,-3.253483266398929,Canada,2016A000011124,Percent,239.0,units,0.0,v733833,1.0,5.38,2.0,,,,,,,,2024-11-01
Calgary,Two bedroom units,2024,11,1909.0,1.5360525964490723,-8.05379250334672,38.2,40.0,-3.253483266398929,Canada,2016A000011124,Percent,239.0,units,0.0,v733833,1.0,5.38,2.0,,,,,,,,2024-11-01
Calgary,Two bedroom units,2024,12,1876.0,2.9510186417249087,-7.048831454851665,5.6,6.0,-2.0517579997408992,Canada,2016A000011124,Percent,239.0,units,0.0,v733833,1.0,5.35,2.0,,,,,,,,2024-12-01
Calgary,Two bedroom units,2024,12,1812.0,2.9510186417249087,-7.048831454851665,5.6,6.0,-2.0517579997408992,Canada,2016A000011124,Percent,239.0,units,0.0,v733833,1.0,5.35,2.0,,,,,,,,2024-12-01
Calgary,Two bedroom units,2024,12,1882.0,2.9510186417249087,-7.048831454851665,5.6,6.0,-2.0517579997408992,Canada,2016A000011124,Percent,239.0,units,0.0,v733833,1.0,5.35,2.0,,,,,,,,2024-12-01
Calgary,Two bedroom units,2024,12,1909.0,2.9510186417249087,-7.048831454851665,5.6,6.0,-2.0517579997408992,Canada,2016A000011124,Percent,239.0,units,0.0,v733833,1.0,5.35,2.0,,,,,,,,2024-12-01
Calgary,Three bedroom units,2018,1,1317.0,-0.070967741935484,-12.219799196787148,8.5,11.0,-5.871112838450577,,,,,,,,,,,6.4,22.0,,,,,,2018-01-01
Calgary,Three bedroom units,2018,1,1380.0,-0.070967741935484,-12.219799196787148,8.5,11.0,-5.871112838450577,,,,,,,,,,,6.4,22.0,,,,,,2018-01-01
Calgary,Three bedroom units,2018,1,1244.0,-0.070967741935484,-12.219799196787148,8.5,11.0,-5.871112838450577,,,,,,,,,,,6.4,22.0,,,,,,2018-01-01
Calgary,Three bedroom units,2018,1,1433.0,-0.070967741935484,-12.219799196787148,8.5,11.0,-5.871112838450577,,,,,,,,,,,6.4,22.0,,,,,,2018-01-01
Calgary,Three bedroom units,2018,2,1317.0,-5.875,-17.243349110728627,37.8,43.3,-11.046589213998853,,,,,,,,,,,6.4,22.0,,,,,,2018-02-01
Calgary,Three bedroom units,2018,2,1380.0,-5.875,-17.243349110728627,37.8,43.3,-11.046589213998853,,,,,,,,,,,6.4,22.0,,,,,,2018-02-01
Calgary,Three bedroom units,2018,2,1244.0,-5.875,-17.243349110728627,37.8,43.3,-11.046589213998853,,,,,,,,,,,6.4,22.0,,,,,,2018-02-01
Calgary,Three bedroom units,2018,2,1433.0,-5.875,-17.243349110728627,37.8,43.3,-11.046589213998853,,,,,,,,,,,6.4,22.0,,,,,,2018-02-01
Calgary,Three bedroom units,2018,3,1317.0,0.1387096774193548,-10.383870967741935,35.3,41.9,-5.141935483870968,,,,,,,,,,,6.4,22.0,,,,,,2018-03-01
Calgary,Three bedroom units,2018,3,1380.0,0.1387096774193548,-10.383870967741935,35.3,41.9,-5.141935483870968,,,,,,,,,,,6.4,22.0,,,,,,2018-03-01
Calgary,Three bedroom units,2018,3,1244.0,0.1387096774193548,-10.383870967741935,35.3,41.9,-5.141935483870968,,,,,,,,,,,6.4,22.0,,,,,,2018-03-01
Calgary,Three bedroom units,2018,3,1433.0,0.1387096774193548,-10.383870967741935,35.3,41.9,-5.141935483870968,,,,,,,,,,,6.4,22.0,,,,,,2018-03-01
Calgary,Three bedroom units,2018,4,1317.0,7.38,-4.223333333333334,29.7,24.799999999999997,1.5866666666666667,,,,,,,,,,,6.4,22.0,,,,,,2018-04-01
Calgary,Three bedroom units,2018,4,1380.0,7.38,-4.223333333333334,29.7,24.799999999999997,1.5866666666666667,,,,,,,,,,,6.4,22.0,,,,,,2018-04-01
Calgary,Three bedroom units,2018,4,1244.0,7.38,-4.223333333333334,29.7,24.799999999999997,1.5866666666666667,,,,,,,,,,,6.4,22.0,,,,,,2018-04-01
Calgary,Three bedroom units,2018,4,1433.0,7.38,-4.223333333333334,29.7,24.799999999999997,1.5866666666666667,,,,,,,,,,,6.4,22.0,,,,,,2018-04-01
Calgary,Three bedroom units,2018,5,1317.0,21.125806451612902,6.873304832232154,32.5,0.0,13.73841948438917,,,,,,,,,,,6.4,22.0,,,,,,2018-05-01
Calgary,Three bedroom units,2018,5,1380.0,21.125806451612902,6.873304832232154,32.5,0.0,13.73841948438917,,,,,,,,,,,6.4,22.0,,,,,,2018-05-01
Calgary,Three bedroom units,2018,5,1244.0,21.125806451612902,6.873304832232154,32.5,0.0,13.73841948438917,,,,,,,,,,,6.4,22.0,,,,,,2018-05-01
Calgary,Three bedroom units,2018,5,1433.0,21.125806451612902,6.873304832232154,32.5,0.0,13.73841948438917,,,,,,,,,,,6.4,22.0,,,,,,2018-05-01
Calgary,Three bedroom units,2018,6,1317.0,21.613333333333333,8.059081659973225,67.7,0.0,14.546366800535475,,,,,,,,,,,6.4,22.0,,,,,,2018-06-01
Calgary,Three bedroom units,2018,6,1380.0,21.613333333333333,8.059081659973225,67.7,0.0,14.546366800535475,,,,,,,,,,,6.4,22.0,,,,,,2018-06-01
Calgary,Three bedroom units,2018,6,1244.0,21.613333333333333,8.059081659973225,67.7,0.0,14.546366800535475,,,,,,,,,,,6.4,22.0,,,,,,2018-06-01
Calgary,Three bedroom units,2018,6,1433.0,21.613333333333333,8.059081659973225,67.7,0.0,14.546366800535475,,,,,,,,,,,6.4,22.0,,,,,,2018-06-01
Calgary,Three bedroom units,2018,7,1317.0,24.932258064516127,10.625806451612902,34.800000000000004,0.0,17.799999999999997,,,,,,,,,,,6.4,22.0,,,,,,2018-07-01
Calgary,Three bedroom units,2018,7,1380.0,24.932258064516127,10.625806451612902,34.800000000000004,0.0,17.799999999999997,,,,,,,,,,,6.4,22.0,,,,,,2018-07-01
Calgary,Three bedroom units,2018,7,1244.0,24.932258064516127,10.625806451612902,34.800000000000004,0.0,17.799999999999997,,,,,,,,,,,6.4,22.0,,,,,,2018-07-01
Calgary,Three bedroom units,2018,7,1433.0,24.932258064516127,10.625806451612902,34.800000000000004,0.0,17.799999999999997,,,,,,,,,,,6.4,22.0,,,,,,2018-07-01
Calgary,Three bedroom units,2018,8,1317.0,24.11935483870968,9.990322580645161,49.7,0.0,17.080645161290324,,,,,,,,,,,6.4,22.0,,,,,,2018-08-01
Calgary,Three bedroom units,2018,8,1380.0,24.11935483870968,9.990322580645161,49.7,0.0,17.080645161290324,,,,,,,,,,,6.4,22.0,,,,,,2018-08-01
Calgary,Three bedroom units,2018,8,1244.0,24.11935483870968,9.990322580645161,49.7,0.0,17.080645161290324,,,,,,,,,,,6.4,22.0,,,,,,2018-08-01
Calgary,Three bedroom units,2018,8,1433.0,24.11935483870968,9.990322580645161,49.7,0.0,17.080645161290324,,,,,,,,,,,6.4,22.0,,,,,,2018-08-01
Calgary,Three bedroom units,2018,9,1317.0,11.853333333333333,2.683333333333333,37.2,1.7999999999999998,7.286666666666666,,,,,,,,,,,6.4,22.0,,,,,,2018-09-01
Calgary,Three bedroom units,2018,9,1380.0,11.853333333333333,2.683333333333333,37.2,1.7999999999999998,7.286666666666666,,,,,,,,,,,6.4,22.0,,,,,,2018-09-01
Calgary,Three bedroom units,2018,9,1244.0,11.853333333333333,2.683333333333333,37.2,1.7999999999999998,7.286666666666666,,,,,,,,,,,6.4,22.0,,,,,,2018-09-01
Calgary,Three bedroom units,2018,9,1433.0,11.853333333333333,2.683333333333333,37.2,1.7999999999999998,7.286666666666666,,,,,,,,,,,6.4,22.0,,,,,,2018-09-01
Calgary,Three bedroom units,2018,10,1317.0,10.345161290322581,-2.045605648400052,48.2,48.39999999999999,4.125661355097811,,,,,,,,,,,6.4,22.0,,,,,,2018-10-01
Calgary,Three bedroom units,2018,10,1380.0,10.345161290322581,-2.045605648400052,48.2,48.39999999999999,4.125661355097811,,,,,,,,,,,6.4,22.0,,,,,,2018-10-01
Calgary,Three bedroom units,2018,10,1244.0,10.345161290322581,-2.045605648400052,48.2,48.39999999999999,4.125661355097811,,,,,,,,,,,6.4,22.0,,,,,,2018-10-01
Calgary,Three bedroom units,2018,10,1433.0,10.345161290322581,-2.045605648400052,48.2,48.39999999999999,4.125661355097811,,,,,,,,,,,6.4,22.0,,,,,,2018-10-01
Calgary,Three bedroom units,2018,11,1317.0,5.446052596449072,-5.543792503346721,30.2,27.9,-0.050149933065595835,Canada,2016A000011124,Percent,239.0,units,0.0,v733833,1.0,4.38,2.0,6.4,22.0,,,,,,2018-11-01
Calgary,Three bedroom units,2018,11,1380.0,5.446052596449072,-5.543792503346721,30.2,27.9,-0.050149933065595835,Canada,2016A000011124,Percent,239.0,units,0.0,v733833,1.0,4.38,2.0,6.4,22.0,,,,,,2018-11-01
Calgary,Three bedroom units,2018,11,1244.0,5.446052596449072,-5.543792503346721,30.2,27.9,-0.050149933065595835,Canada,2016A000011124,Percent,239.0,units,0.0,v733833,1.0,4.38,2.0,6.4,22.0,,,,,,2018-11-01
Calgary,Three bedroom units,2018,11,1433.0,5.446052596449072,-5.543792503346721,30.2,27.9,-0.050149933065595835,Canada,2016A000011124,Percent,239.0,units,0.0,v733833,1.0,4.38,2.0,6.4,22.0,,,,,,2018-11-01
Calgary,Three bedroom units,2018,12,1317.0,2.647792835273296,-7.839154035496826,13.2,15.0,-2.6033709029667054,Canada,2016A000011124,Percent,239.0,units,0.0,v733833,1.0,4.59,2.0,6.4,22.0,,,,,,2018-12-01
Calgary,Three bedroom units,2018,12,1380.0,2.647792835273296,-7.839154035496826,13.2,15.0,-2.6033709029667054,Canada,2016A000011124,Percent,239.0,units,0.0,v733833,1.0,4.59,2.0,6.4,22.0,,,,,,2018-12-01
Calgary,Three bedroom units,2018,12,1244.0,2.647792835273296,-7.839154035496826,13.2,15.0,-2.6033709029667054,Canada,2016A000011124,Percent,239.0,units,0.0,v733833,1.0,4.59,2.0,6.4,22.0,,,,,,2018-12-01
Calgary,Three bedroom units,2018,12,1433.0,2.647792835273296,-7.839154035496826,13.2,15.0,-2.6033709029667054,Canada,2016A000011124,Percent,239.0,units,0.0,v733833,1.0,4.59,2.0,6.4,22.0,,,,,,2018-12-01
Calgary,Three bedroom units,2019,1,1343.0,3.045161290322581,-9.419354838709678,8.9,10.2,-3.1967741935483875,Canada,2016A000011124,Percent,239.0,units,0.0,v733833,1.0,4.59,2.0,,,,,,,,2019-01-01
Calgary,Three bedroom units,2019,1,1422.0,3.045161290322581,-9.419354838709678,8.9,10.2,-3.1967741935483875,Canada,2016A000011124,Percent,239.0,units,0.0,v733833,1.0,4.59,2.0,,,,,,,,2019-01-01
Calgary,Three bedroom units,2019,1,1255.0,3.045161290322581,-9.419354838709678,8.9,10.2,-3.1967741935483875,Canada,2016A000011124,Percent,239.0,units,0.0,v733833,1.0,4.59,2.0,,,,,,,,2019-01-01
Calgary,Three bedroom units,2019,1,1479.0,3.045161290322581,-9.419354838709678,8.9,10.2,-3.1967741935483875,Canada,2016A000011124,Percent,239.0,units,0.0,v733833,1.0,4.59,2.0,,,,,,,,2019-01-01
Calgary,Three bedroom units,2019,2,1343.0,-13.382142857142856,-22.99642857142857,28.7,33.8,-18.210714285714285,Canada,2016A000011124,Percent,239.0,units,0.0,v733833,1.0,4.52,2.0,,,,,,,,2019-02-01
Calgary,Three bedroom units,2019,2,1422.0,-13.382142857142856,-22.99642857142857,28.7,33.8,-18.210714285714285,Canada,2016A000011124,Percent,239.0,units,0.0,v733833,1.0,4.52,2.0,,,,,,,,2019-02-01
Calgary,Three bedroom units,2019,2,1255.0,-13.382142857142856,-22.99642857142857,28.7,33.8,-18.210714285714285,Canada,2016A000011124,Percent,239.0,units,0.0,v733833,1.0,4.52,2.0,,,,,,,,2019-02-01
Calgary,Three bedroom units,2019,2,1479.0,-13.382142857142856,-22.99642857142857,28.7,33.8,-18.210714285714285,Canada,2016A000011124,Percent,239.0,units,0.0,v733833,1.0,4.52,2.0,,,,,,,,2019-02-01
Calgary,Three bedroom units,2019,3,1343.0,3.7032258064516133,-8.73225806451613,7.2,8.2,-2.5161290322580645,Canada,2016A000011124,Percent,239.0,units,0.0,v733833,1.0,4.44,2.0,,,,,,,,2019-03-01
Calgary,Three bedroom units,2019,3,1422.0,3.7032258064516133,-8.73225806451613,7.2,8.2,-2.5161290322580645,Canada,2016A000011124,Percent,239.0,units,0.0,v733833,1.0,4.44,2.0,,,,,,,,2019-03-01
Calgary,Three bedroom units,2019,3,1255.0,3.7032258064516133,-8.73225806451613,7.2,8.2,-2.5161290322580645,Canada,2016A000011124,Percent,239.0,units,0.0,v733833,1.0,4.44,2.0,,,,,,,,2019-03-01
Calgary,Three bedroom units,2019,3,1479.0,3.7032258064516133,-8.73225806451613,7.2,8.2,-2.5161290322580645,Canada,2016A000011124,Percent,239.0,units,0.0,v733833,1.0,4.44,2.0,,,,,,,,2019-03-01
Calgary,Three bedroom units,2019,4,1343.0,11.482719263115738,-0.9804591700133869,18.2,16.9,5.279850066934404,Canada,2016A000011124,Percent,239.0,units,0.0,v733833,1.0,4.33,2.0,,,,,,,,2019-04-01
Calgary,Three bedroom units,2019,4,1422.0,11.482719263115738,-0.9804591700133869,18.2,16.9,5.279850066934404,Canada,2016A000011124,Percent,239.0,units,0.0,v733833,1.0,4.33,2.0,,,,,,,,2019-04-01
Calgary,Three bedroom units,2019,4,1255.0,11.482719263115738,-0.9804591700133869,18.2,16.9,5.279850066934404,Canada,2016A000011124,Percent,239.0,units,0.0,v733833,1.0,4.33,2.0,,,,,,,,2019-04-01
Calgary,Three bedroom units,2019,4,1479.0,11.482719263115738,-0.9804591700133869,18.2,16.9,5.279850066934404,Canada,2016A000011124,Percent,239.0,units,0.0,v733833,1.0,4.33,2.0,,,,,,,,2019-04-01
Calgary,Three bedroom units,2019,5,1343.0,14.661290322580646,3.4129032258064513,45.5,7.7,9.058064516129033,Canada,2016A000011124,Percent,239.0,units,0.0,v733833,1.0,4.3,2.0,,,,,,,,2019-05-01
Calgary,Three bedroom units,2019,5,1422.0,14.661290322580646,3.4129032258064513,45.5,7.7,9.058064516129033,Canada,2016A000011124,Percent,239.0,units,0.0,v733833,1.0,4.3,2.0,,,,,,,,2019-05-01
Calgary,Three bedroom units,2019,5,1255.0,14.661290322580646,3.4129032258064513,45.5,7.7,9.058064516129033,Canada,2016A000011124,Percent,239.0,units,0.0,v733833,1.0,4.3,2.0,,,,,,,,2019-05-01
Calgary,Three bedroom units,2019,5,1479.0,14.661290322580646,3.4129032258064513,45.5,7.7,9.058064516129033,Canada,2016A000011124,Percent,239.0,units,0.0,v733833,1.0,4.3,2.0,,,,,,,,2019-05-01
Calgary,Three bedroom units,2019,6,1343.0,18.884210385796287,6.7414966532797855,134.2,0.0,12.836066934404283,Canada,2016A000011124,Percent,239.0,units,0.0,v733833,1.0,4.23,2.0,,,,,,,,2019-06-01
Calgary,Three bedroom units,2019,6,1422.0,18.884210385796287,6.7414966532797855,134.2,0.0,12.836066934404283,Canada,2016A000011124,Percent,239.0,units,0.0,v733833,1.0,4.23,2.0,,,,,,,,2019-06-01
Calgary,Three bedroom units,2019,6,1255.0,18.884210385796287,6.7414966532797855,134.2,0.0,12.836066934404283,Canada,2016A000011124,Percent,239.0,units,0.0,v733833,1.0,4.23,2.0,,,,,,,,2019-06-01
Calgary,Three bedroom units,2019,6,1479.0,18.884210385796287,6.7414966532797855,134.2,0.0,12.836066934404283,Canada,2016A000011124,Percent,239.0,units,0.0,v733833,1.0,4.23,2.0,,,,,,,,2019-06-01
Calgary,Three bedroom units,2019,7,1343.0,21.957470254628134,10.160845964503173,83.5,0.0,16.086951677678456,Canada,2016A000011124,Percent,239.0,units,0.0,v733833,1.0,4.14,2.0,,,,,,,,2019-07-01
Calgary,Three bedroom units,2019,7,1422.0,21.957470254628134,10.160845964503173,83.5,0.0,16.086951677678456,Canada,2016A000011124,Percent,239.0,units,0.0,v733833,1.0,4.14,2.0,,,,,,,,2019-07-01
Calgary,Three bedroom units,2019,7,1255.0,21.957470254628134,10.160845964503173,83.5,0.0,16.086951677678456,Canada,2016A000011124,Percent,239.0,units,0.0,v733833,1.0,4.14,2.0,,,,,,,,2019-07-01
Calgary,Three bedroom units,2019,7,1479.0,21.957470254628134,10.160845964503173,83.5,0.0,16.086951677678456,Canada,2016A000011124,Percent,239.0,units,0.0,v733833,1.0,4.14,2.0,,,,,,,,2019-07-01
Calgary,Three bedroom units,2019,8,1343.0,22.161290322580644,10.248387096774193,59.5,0.0,16.225806451612904,Canada,2016A000011124,Percent,239.0,units,0.0,v733833,1.0,4.08,2.0,,,,,,,,2019-08-01
Calgary,Three bedroom units,2019,8,1422.0,22.161290322580644,10.248387096774193,59.5,0.0,16.225806451612904,Canada,2016A000011124,Percent,239.0,units,0.0,v733833,1.0,4.08,2.0,,,,,,,,2019-08-01
Calgary,Three bedroom units,2019,8,1255.0,22.161290322580644,10.248387096774193,59.5,0.0,16.225806451612904,Canada,2016A000011124,Percent,239.0,units,0.0,v733833,1.0,4.08,2.0,,,,,,,,2019-08-01
Calgary,Three bedroom units,2019,8,1479.0,22.161290322580644,10.248387096774193,59.5,0.0,16.225806451612904,Canada,2016A000011124,Percent,239.0,units,0.0,v733833,1.0,4.08,2.0,,,,,,,,2019-08-01
Calgary,Three bedroom units,2019,9,1343.0,16.11,6.333333333333333,67.7,34.4,11.246666666666666,Canada,2016A000011124,Percent,239.0,units,0.0,v733833,1.0,4.07,2.0,,,,,,,,2019-09-01
Calgary,Three bedroom units,2019,9,1422.0,16.11,6.333333333333333,67.7,34.4,11.246666666666666,Canada,2016A000011124,Percent,239.0,units,0.0,v733833,1.0,4.07,2.0,,,,,,,,2019-09-01
Calgary,Three bedroom units,2019,9,1255.0,16.11,6.333333333333333,67.7,34.4,11.246666666666666,Canada,2016A000011124,Percent,239.0,units,0.0,v733833,1.0,4.07,2.0,,,,,,,,2019-09-01
Calgary,Three bedroom units,2019,9,1479.0,16.11,6.333333333333333,67.7,34.4,11.246666666666666,Canada,2016A000011124,Percent,239.0,units,0.0,v733833,1.0,4.07,2.0,,,,,,,,2019-09-01
Calgary,Three bedroom units,2019,10,1343.0,8.634889609466844,-3.2294766161419877,14.1,15.8,2.7159839357429716,Canada,2016A000011124,Percent,239.0,units,0.0,v733833,1.0,4.09,2.0,,,,,,,,2019-10-01
Calgary,Three bedroom units,2019,10,1422.0,8.634889609466844,-3.2294766161419877,14.1,15.8,2.7159839357429716,Canada,2016A000011124,Percent,239.0,units,0.0,v733833,1.0,4.09,2.0,,,,,,,,2019-10-01
Calgary,Three bedroom units,2019,10,1255.0,8.634889609466844,-3.2294766161419877,14.1,15.8,2.7159839357429716,Canada,2016A000011124,Percent,239.0,units,0.0,v733833,1.0,4.09,2.0,,,,,,,,2019-10-01
Calgary,Three bedroom units,2019,10,1479.0,8.634889609466844,-3.2294766161419877,14.1,15.8,2.7159839357429716,Canada,2016A000011124,Percent,239.0,units,0.0,v733833,1.0,4.09,2.0,,,,,,,,2019-10-01
Calgary,Three bedroom units,2019,11,1343.0,3.2766666666666664,-7.016666666666667,42.699999999999996,43.400000000000006,-1.8666666666666667,Canada,2016A000011124,Percent,239.0,units,0.0,v733833,1.0,4.09,2.0,,,,,,,,2019-11-01
Calgary,Three bedroom units,2019,11,1422.0,3.2766666666666664,-7.016666666666667,42.699999999999996,43.400000000000006,-1.8666666666666667,Canada,2016A000011124,Percent,239.0,units,0.0,v733833,1.0,4.09,2.0,,,,,,,,2019-11-01
Calgary,Three bedroom units,2019,11,1255.0,3.2766666666666664,-7.016666666666667,42.699999999999996,43.400000000000006,-1.8666666666666667,Canada,2016A000011124,Percent,239.0,units,0.0,v733833,1.0,4.09,2.0,,,,,,,,2019-11-01
Calgary,Three bedroom units,2019,11,1479.0,3.2766666666666664,-7.016666666666667,42.699999999999996,43.400000000000006,-1.8666666666666667,Canada,2016A000011124,Percent,239.0,units,0.0,v733833,1.0,4.09,2.0,,,,,,,,2019-11-01
Calgary,Three bedroom units,2019,12,1343.0,0.20322580645161278,-9.712903225806452,15.6,20.5,-4.761290322580645,Canada,2016A000011124,Percent,239.0,units,0.0,v733833,1.0,4.08,2.0,,,,,,,,2019-12-01
Calgary,Three bedroom units,2019,12,1422.0,0.20322580645161278,-9.712903225806452,15.6,20.5,-4.761290322580645,Canada,2016A000011124,Percent,239.0,units,0.0,v733833,1.0,4.08,2.0,,,,,,,,2019-12-01
Calgary,Three bedroom units,2019,12,1255.0,0.20322580645161278,-9.712903225806452,15.6,20.5,-4.761290322580645,Canada,2016A000011124,Percent,239.0,units,0.0,v733833,1.0,4.08,2.0,,,,,,,,2019-12-01
Calgary,Three bedroom units,2019,12,1479.0,0.20322580645161278,-9.712903225806452,15.6,20.5,-4.761290322580645,Canada,2016A000011124,Percent,239.0,units,0.0,v733833,1.0,4.08,2.0,,,,,,,,2019-12-01
Calgary,Three bedroom units,2020,1,1392.0,-2.974787809887995,-13.242379841948438,3.0,3.9,-8.11949993522477,Canada,2016A000011124,Percent,239.0,units,0.0,v733833,1.0,4.08,2.0,,,,,,,,2020-01-01
Calgary,Three bedroom units,2020,1,1470.0,-2.974787809887995,-13.242379841948438,3.0,3.9,-8.11949993522477,Canada,2016A000011124,Percent,239.0,units,0.0,v733833,1.0,4.08,2.0,,,,,,,,2020-01-01
Calgary,Three bedroom units,2020,1,1296.0,-2.974787809887995,-13.242379841948438,3.0,3.9,-8.11949993522477,Canada,2016A000011124,Percent,239.0,units,0.0,v733833,1.0,4.08,2.0,,,,,,,,2020-01-01
Calgary,Three bedroom units,2020,1,1539.0,-2.974787809887995,-13.242379841948438,3.0,3.9,-8.11949993522477,Canada,2016A000011124,Percent,239.0,units,0.0,v733833,1.0,4.08,2.0,,,,,,,,2020-01-01
Calgary,Three bedroom units,2020,2,1392.0,2.386206896551724,-8.96896551724138,19.9,21.5,-3.3034482758620687,Canada,2016A000011124,Percent,239.0,units,0.0,v733833,1.0,4.08,2.0,,,,,,,,2020-02-01
Calgary,Three bedroom units,2020,2,1470.0,2.386206896551724,-8.96896551724138,19.9,21.5,-3.3034482758620687,Canada,2016A000011124,Percent,239.0,units,0.0,v733833,1.0,4.08,2.0,,,,,,,,2020-02-01
Calgary,Three bedroom units,2020,2,1296.0,2.386206896551724,-8.96896551724138,19.9,21.5,-3.3034482758620687,Canada,2016A000011124,Percent,239.0,units,0.0,v733833,1.0,4.08,2.0,,,,,,,,2020-02-01
Calgary,Three bedroom units,2020,2,1539.0,2.386206896551724,-8.96896551724138,19.9,21.5,-3.3034482758620687,Canada,2016A000011124,Percent,239.0,units,0.0,v733833,1.0,4.08,2.0,,,,,,,,2020-02-01
Calgary,Three bedroom units,2020,3,1392.0,1.6735992868861989,-9.442379841948439,26.400000000000002,28.8,-3.890467677160254,Canada,2016A000011124,Percent,239.0,units,0.0,v733833,1.0,3.9,2.0,,,,,,,,2020-03-01
Calgary,Three bedroom units,2020,3,1470.0,1.6735992868861989,-9.442379841948439,26.400000000000002,28.8,-3.890467677160254,Canada,2016A000011124,Percent,239.0,units,0.0,v733833,1.0,3.9,2.0,,,,,,,,2020-03-01
Calgary,Three bedroom units,2020,3,1296.0,1.6735992868861989,-9.442379841948439,26.400000000000002,28.8,-3.890467677160254,Canada,2016A000011124,Percent,239.0,units,0.0,v733833,1.0,3.9,2.0,,,,,,,,2020-03-01
Calgary,Three bedroom units,2020,3,1539.0,1.6735992868861989,-9.442379841948439,26.400000000000002,28.8,-3.890467677160254,Canada,2016A000011124,Percent,239.0,units,0.0,v733833,1.0,3.9,2.0,,,,,,,,2020-03-01
Calgary,Three bedroom units,2020,4,1392.0,8.143333333333334,-2.8766666666666665,25.900000000000002,22.4,2.646666666666667,Canada,2016A000011124,Percent,239.0,units,0.0,v733833,1.0,3.95,2.0,,,,,,,,2020-04-01
Calgary,Three bedroom units,2020,4,1470.0,8.143333333333334,-2.8766666666666665,25.900000000000002,22.4,2.646666666666667,Canada,2016A000011124,Percent,239.0,units,0.0,v733833,1.0,3.95,2.0,,,,,,,,2020-04-01
Calgary,Three bedroom units,2020,4,1296.0,8.143333333333334,-2.8766666666666665,25.900000000000002,22.4,2.646666666666667,Canada,2016A000011124,Percent,239.0,units,0.0,v733833,1.0,3.95,2.0,,,,,,,,2020-04-01
Calgary,Three bedroom units,2020,4,1539.0,8.143333333333334,-2.8766666666666665,25.900000000000002,22.4,2.646666666666667,Canada,2016A000011124,Percent,239.0,units,0.0,v733833,1.0,3.95,2.0,,,,,,,,2020-04-01
Calgary,Three bedroom units,2020,5,1392.0,15.76774193548387,3.670967741935484,110.6,0.0,9.751612903225807,Canada,2016A000011124,Percent,239.0,units,0.0,v733833,1.0,3.86,2.0,,,,,,,,2020-05-01
Calgary,Three bedroom units,2020,5,1470.0,15.76774193548387,3.670967741935484,110.6,0.0,9.751612903225807,Canada,2016A000011124,Percent,239.0,units,0.0,v733833,1.0,3.86,2.0,,,,,,,,2020-05-01
Calgary,Three bedroom units,2020,5,1296.0,15.76774193548387,3.670967741935484,110.6,0.0,9.751612903225807,Canada,2016A000011124,Percent,239.0,units,0.0,v733833,1.0,3.86,2.0,,,,,,,,2020-05-01
Calgary,Three bedroom units,2020,5,1539.0,15.76774193548387,3.670967741935484,110.6,0.0,9.751612903225807,Canada,2016A000011124,Percent,239.0,units,0.0,v733833,1.0,3.86,2.0,,,,,,,,2020-05-01
Calgary,Three bedroom units,2020,6,1392.0,19.172105192898144,8.099081659973226,171.8,0.0,13.663033467202142,Canada,2016A000011124,Percent,239.0,units,0.0,v733833,1.0,3.77,2.0,,,,,,,,2020-06-01
Calgary,Three bedroom units,2020,6,1470.0,19.172105192898144,8.099081659973226,171.8,0.0,13.663033467202142,Canada,2016A000011124,Percent,239.0,units,0.0,v733833,1.0,3.77,2.0,,,,,,,,2020-06-01
Calgary,Three bedroom units,2020,6,1296.0,19.172105192898144,8.099081659973226,171.8,0.0,13.663033467202142,Canada,2016A000011124,Percent,239.0,units,0.0,v733833,1.0,3.77,2.0,,,,,,,,2020-06-01
Calgary,Three bedroom units,2020,6,1539.0,19.172105192898144,8.099081659973226,171.8,0.0,13.663033467202142,Canada,2016A000011124,Percent,239.0,units,0.0,v733833,1.0,3.77,2.0,,,,,,,,2020-06-01
Calgary,Three bedroom units,2020,7,1392.0,22.014940509256267,10.557175799974091,81.5,0.0,16.312613032776266,Canada,2016A000011124,Percent,239.0,units,0.0,v733833,1.0,3.64,2.0,,,,,,,,2020-07-01
Calgary,Three bedroom units,2020,7,1470.0,22.014940509256267,10.557175799974091,81.5,0.0,16.312613032776266,Canada,2016A000011124,Percent,239.0,units,0.0,v733833,1.0,3.64,2.0,,,,,,,,2020-07-01
Calgary,Three bedroom units,2020,7,1296.0,22.014940509256267,10.557175799974091,81.5,0.0,16.312613032776266,Canada,2016A000011124,Percent,239.0,units,0.0,v733833,1.0,3.64,2.0,,,,,,,,2020-07-01
Calgary,Three bedroom units,2020,7,1539.0,22.014940509256267,10.557175799974091,81.5,0.0,16.312613032776266,Canada,2016A000011124,Percent,239.0,units,0.0,v733833,1.0,3.64,2.0,,,,,,,,2020-07-01
Calgary,Three bedroom units,2020,8,1392.0,24.440746960869173,10.215240316103122,15.0,0.0,17.354548516647235,Canada,2016A000011124,Percent,239.0,units,0.0,v733833,1.0,3.57,2.0,,,,,,,,2020-08-01
Calgary,Three bedroom units,2020,8,1470.0,24.440746960869173,10.215240316103122,15.0,0.0,17.354548516647235,Canada,2016A000011124,Percent,239.0,units,0.0,v733833,1.0,3.57,2.0,,,,,,,,2020-08-01
Calgary,Three bedroom units,2020,8,1296.0,24.440746960869173,10.215240316103122,15.0,0.0,17.354548516647235,Canada,2016A000011124,Percent,239.0,units,0.0,v733833,1.0,3.57,2.0,,,,,,,,2020-08-01
Calgary,Three bedroom units,2020,8,1539.0,24.440746960869173,10.215240316103122,15.0,0.0,17.354548516647235,Canada,2016A000011124,Percent,239.0,units,0.0,v733833,1.0,3.57,2.0,,,,,,,,2020-08-01
Calgary,Three bedroom units,2020,9,1392.0,19.62,6.736666666666666,20.5,0.0,13.2,Canada,2016A000011124,Percent,239.0,units,0.0,v733833,1.0,3.51,2.0,,,,,,,,2020-09-01
Calgary,Three bedroom units,2020,9,1470.0,19.62,6.736666666666666,20.5,0.0,13.2,Canada,2016A000011124,Percent,239.0,units,0.0,v733833,1.0,3.51,2.0,,,,,,,,2020-09-01
Calgary,Three bedroom units,2020,9,1296.0,19.62,6.736666666666666,20.5,0.0,13.2,Canada,2016A000011124,Percent,239.0,units,0.0,v733833,1.0,3.51,2.0,,,,,,,,2020-09-01
Calgary,Three bedroom units,2020,9,1539.0,19.62,6.736666666666666,20.5,0.0,13.2,Canada,2016A000011124,Percent,239.0,units,0.0,v733833,1.0,3.51,2.0,,,,,,,,2020-09-01
Calgary,Three bedroom units,2020,10,1392.0,8.016129032258064,-1.8064516129032258,23.7,27.9,3.109677419354839,Canada,2016A000011124,Percent,239.0,units,0.0,v733833,1.0,3.45,2.0,,,,,,,,2020-10-01
Calgary,Three bedroom units,2020,10,1470.0,8.016129032258064,-1.8064516129032258,23.7,27.9,3.109677419354839,Canada,2016A000011124,Percent,239.0,units,0.0,v733833,1.0,3.45,2.0,,,,,,,,2020-10-01
Calgary,Three bedroom units,2020,10,1296.0,8.016129032258064,-1.8064516129032258,23.7,27.9,3.109677419354839,Canada,2016A000011124,Percent,239.0,units,0.0,v733833,1.0,3.45,2.0,,,,,,,,2020-10-01
Calgary,Three bedroom units,2020,10,1539.0,8.016129032258064,-1.8064516129032258,23.7,27.9,3.109677419354839,Canada,2016A000011124,Percent,239.0,units,0.0,v733833,1.0,3.45,2.0,,,,,,,,2020-10-01
Calgary,Three bedroom units,2020,11,1392.0,5.906666666666666,-6.286666666666666,17.9,18.2,-0.1966666666666666,Canada,2016A000011124,Percent,239.0,units,0.0,v733833,1.0,3.42,2.0,,,,,,,,2020-11-01
Calgary,Three bedroom units,2020,11,1470.0,5.906666666666666,-6.286666666666666,17.9,18.2,-0.1966666666666666,Canada,2016A000011124,Percent,239.0,units,0.0,v733833,1.0,3.42,2.0,,,,,,,,2020-11-01
Calgary,Three bedroom units,2020,11,1296.0,5.906666666666666,-6.286666666666666,17.9,18.2,-0.1966666666666666,Canada,2016A000011124,Percent,239.0,units,0.0,v733833,1.0,3.42,2.0,,,,,,,,2020-11-01
Calgary,Three bedroom units,2020,11,1539.0,5.906666666666666,-6.286666666666666,17.9,18.2,-0.1966666666666666,Canada,2016A000011124,Percent,239.0,units,0.0,v733833,1.0,3.42,2.0,,,,,,,,2020-11-01
Calgary,Three bedroom units,2020,12,1392.0,3.425806451612903,-8.23225806451613,37.5,39.6,-2.4096774193548387,Canada,2016A000011124,Percent,239.0,units,0.0,v733833,1.0,3.34,2.0,,,,,,,,2020-12-01
Calgary,Three bedroom units,2020,12,1470.0,3.425806451612903,-8.23225806451613,37.5,39.6,-2.4096774193548387,Canada,2016A000011124,Percent,239.0,units,0.0,v733833,1.0,3.34,2.0,,,,,,,,2020-12-01
Calgary,Three bedroom units,2020,12,1296.0,3.425806451612903,-8.23225806451613,37.5,39.6,-2.4096774193548387,Canada,2016A000011124,Percent,239.0,units,0.0,v733833,1.0,3.34,2.0,,,,,,,,2020-12-01
Calgary,Three bedroom units,2020,12,1539.0,3.425806451612903,-8.23225806451613,37.5,39.6,-2.4096774193548387,Canada,2016A000011124,Percent,239.0,units,0.0,v733833,1.0,3.34,2.0,,,,,,,,2020-12-01
Calgary,Three bedroom units,2021,1,1431.0,0.9903225806451613,-9.541935483870969,4.4,7.699999999999999,-4.287096774193548,Canada,2016A000011124,Percent,239.0,units,0.0,v733833,1.0,3.3,2.0,6.6,22.0,,,,,,2021-01-01
Calgary,Three bedroom units,2021,1,1507.0,0.9903225806451613,-9.541935483870969,4.4,7.699999999999999,-4.287096774193548,Canada,2016A000011124,Percent,239.0,units,0.0,v733833,1.0,3.3,2.0,6.6,22.0,,,,,,2021-01-01
Calgary,Three bedroom units,2021,1,1347.0,0.9903225806451613,-9.541935483870969,4.4,7.699999999999999,-4.287096774193548,Canada,2016A000011124,Percent,239.0,units,0.0,v733833,1.0,3.3,2.0,6.6,22.0,,,,,,2021-01-01
Calgary,Three bedroom units,2021,1,1584.0,0.9903225806451613,-9.541935483870969,4.4,7.699999999999999,-4.287096774193548,Canada,2016A000011124,Percent,239.0,units,0.0,v733833,1.0,3.3,2.0,6.6,22.0,,,,,,2021-01-01
Calgary,Three bedroom units,2021,2,1431.0,-4.4198309399851246,-14.426475903614458,27.9,33.8,-9.439767641996557,Canada,2016A000011124,Percent,239.0,units,0.0,v733833,1.0,3.25,2.0,6.6,22.0,,,,,,2021-02-01
Calgary,Three bedroom units,2021,2,1507.0,-4.4198309399851246,-14.426475903614458,27.9,33.8,-9.439767641996557,Canada,2016A000011124,Percent,239.0,units,0.0,v733833,1.0,3.25,2.0,6.6,22.0,,,,,,2021-02-01
Calgary,Three bedroom units,2021,2,1347.0,-4.4198309399851246,-14.426475903614458,27.9,33.8,-9.439767641996557,Canada,2016A000011124,Percent,239.0,units,0.0,v733833,1.0,3.25,2.0,6.6,22.0,,,,,,2021-02-01
Calgary,Three bedroom units,2021,2,1584.0,-4.4198309399851246,-14.426475903614458,27.9,33.8,-9.439767641996557,Canada,2016A000011124,Percent,239.0,units,0.0,v733833,1.0,3.25,2.0,6.6,22.0,,,,,,2021-02-01
Calgary,Three bedroom units,2021,3,1431.0,9.23692689291666,-3.5497201710066073,7.4,10.9,2.8608550330353673,Canada,2016A000011124,Percent,239.0,units,0.0,v733833,1.0,3.26,2.0,6.6,22.0,,,,,,2021-03-01
Calgary,Three bedroom units,2021,3,1507.0,9.23692689291666,-3.5497201710066073,7.4,10.9,2.8608550330353673,Canada,2016A000011124,Percent,239.0,units,0.0,v733833,1.0,3.26,2.0,6.6,22.0,,,,,,2021-03-01
Calgary,Three bedroom units,2021,3,1347.0,9.23692689291666,-3.5497201710066073,7.4,10.9,2.8608550330353673,Canada,2016A000011124,Percent,239.0,units,0.0,v733833,1.0,3.26,2.0,6.6,22.0,,,,,,2021-03-01
Calgary,Three bedroom units,2021,3,1584.0,9.23692689291666,-3.5497201710066073,7.4,10.9,2.8608550330353673,Canada,2016A000011124,Percent,239.0,units,0.0,v733833,1.0,3.26,2.0,6.6,22.0,,,,,,2021-03-01
Calgary,Three bedroom units,2021,4,1431.0,12.109385929782405,-2.4071258366800534,10.7,9.9,4.863183400267738,Canada,2016A000011124,Percent,239.0,units,0.0,v733833,1.0,3.25,2.0,6.6,22.0,,,,,,2021-04-01
Calgary,Three bedroom units,2021,4,1507.0,12.109385929782405,-2.4071258366800534,10.7,9.9,4.863183400267738,Canada,2016A000011124,Percent,239.0,units,0.0,v733833,1.0,3.25,2.0,6.6,22.0,,,,,,2021-04-01
Calgary,Three bedroom units,2021,4,1347.0,12.109385929782405,-2.4071258366800534,10.7,9.9,4.863183400267738,Canada,2016A000011124,Percent,239.0,units,0.0,v733833,1.0,3.25,2.0,6.6,22.0,,,,,,2021-04-01
Calgary,Three bedroom units,2021,4,1584.0,12.109385929782405,-2.4071258366800534,10.7,9.9,4.863183400267738,Canada,2016A000011124,Percent,239.0,units,0.0,v733833,1.0,3.25,2.0,6.6,22.0,,,,,,2021-04-01
Calgary,Three bedroom units,2021,5,1431.0,15.257470254628133,3.0672975774063995,35.0,7.8,9.186951677678456,Canada,2016A000011124,Percent,239.0,units,0.0,v733833,1.0,3.25,2.0,6.6,22.0,,,,,,2021-05-01
Calgary,Three bedroom units,2021,5,1507.0,15.257470254628133,3.0672975774063995,35.0,7.8,9.186951677678456,Canada,2016A000011124,Percent,239.0,units,0.0,v733833,1.0,3.25,2.0,6.6,22.0,,,,,,2021-05-01
Calgary,Three bedroom units,2021,5,1347.0,15.257470254628133,3.0672975774063995,35.0,7.8,9.186951677678456,Canada,2016A000011124,Percent,239.0,units,0.0,v733833,1.0,3.25,2.0,6.6,22.0,,,,,,2021-05-01
Calgary,Three bedroom units,2021,5,1584.0,15.257470254628133,3.0672975774063995,35.0,7.8,9.186951677678456,Canada,2016A000011124,Percent,239.0,units,0.0,v733833,1.0,3.25,2.0,6.6,22.0,,,,,,2021-05-01
Calgary,Three bedroom units,2021,6,1431.0,22.804824456013883,8.971955823293172,30.3,0.0,15.919550200803211,Canada,2016A000011124,Percent,239.0,units,0.0,v733833,1.0,3.26,2.0,6.6,22.0,,,,,,2021-06-01
Calgary,Three bedroom units,2021,6,1507.0,22.804824456013883,8.971955823293172,30.3,0.0,15.919550200803211,Canada,2016A000011124,Percent,239.0,units,0.0,v733833,1.0,3.26,2.0,6.6,22.0,,,,,,2021-06-01
Calgary,Three bedroom units,2021,6,1347.0,22.804824456013883,8.971955823293172,30.3,0.0,15.919550200803211,Canada,2016A000011124,Percent,239.0,units,0.0,v733833,1.0,3.26,2.0,6.6,22.0,,,,,,2021-06-01
Calgary,Three bedroom units,2021,6,1584.0,22.804824456013883,8.971955823293172,30.3,0.0,15.919550200803211,Canada,2016A000011124,Percent,239.0,units,0.0,v733833,1.0,3.26,2.0,6.6,22.0,,,,,,2021-06-01
Calgary,Three bedroom units,2021,7,1431.0,26.448387096774194,13.193548387096774,61.9,0.0,19.838709677419356,Canada,2016A000011124,Percent,239.0,units,0.0,v733833,1.0,3.2,2.0,6.6,22.0,,,,,,2021-07-01
Calgary,Three bedroom units,2021,7,1507.0,26.448387096774194,13.193548387096774,61.9,0.0,19.838709677419356,Canada,2016A000011124,Percent,239.0,units,0.0,v733833,1.0,3.2,2.0,6.6,22.0,,,,,,2021-07-01
Calgary,Three bedroom units,2021,7,1347.0,26.448387096774194,13.193548387096774,61.9,0.0,19.838709677419356,Canada,2016A000011124,Percent,239.0,units,0.0,v733833,1.0,3.2,2.0,6.6,22.0,,,,,,2021-07-01
Calgary,Three bedroom units,2021,7,1584.0,26.448387096774194,13.193548387096774,61.9,0.0,19.838709677419356,Canada,2016A000011124,Percent,239.0,units,0.0,v733833,1.0,3.2,2.0,6.6,22.0,,,,,,2021-07-01
Calgary,Three bedroom units,2021,8,1431.0,22.976230831836915,10.205562896748283,76.60000000000001,0.0,16.61906464567949,Canada,2016A000011124,Percent,239.0,units,0.0,v733833,1.0,3.2,2.0,6.6,22.0,,,,,,2021-08-01
Calgary,Three bedroom units,2021,8,1507.0,22.976230831836915,10.205562896748283,76.60000000000001,0.0,16.61906464567949,Canada,2016A000011124,Percent,239.0,units,0.0,v733833,1.0,3.2,2.0,6.6,22.0,,,,,,2021-08-01
Calgary,Three bedroom units,2021,8,1347.0,22.976230831836915,10.205562896748283,76.60000000000001,0.0,16.61906464567949,Canada,2016A000011124,Percent,239.0,units,0.0,v733833,1.0,3.2,2.0,6.6,22.0,,,,,,2021-08-01
Calgary,Three bedroom units,2021,8,1584.0,22.976230831836915,10.205562896748283,76.60000000000001,0.0,16.61906464567949,Canada,2016A000011124,Percent,239.0,units,0.0,v733833,1.0,3.2,2.0,6.6,22.0,,,,,,2021-08-01
Calgary,Three bedroom units,2021,9,1431.0,19.979385929782403,6.242874163319946,16.2,0.0,13.139850066934404,Canada,2016A000011124,Percent,239.0,units,0.0,v733833,1.0,3.22,2.0,6.6,22.0,,,,,,2021-09-01
Calgary,Three bedroom units,2021,9,1507.0,19.979385929782403,6.242874163319946,16.2,0.0,13.139850066934404,Canada,2016A000011124,Percent,239.0,units,0.0,v733833,1.0,3.22,2.0,6.6,22.0,,,,,,2021-09-01
Calgary,Three bedroom units,2021,9,1347.0,19.979385929782403,6.242874163319946,16.2,0.0,13.139850066934404,Canada,2016A000011124,Percent,239.0,units,0.0,v733833,1.0,3.22,2.0,6.6,22.0,,,,,,2021-09-01
Calgary,Three bedroom units,2021,9,1584.0,19.979385929782403,6.242874163319946,16.2,0.0,13.139850066934404,Canada,2016A000011124,Percent,239.0,units,0.0,v733833,1.0,3.22,2.0,6.6,22.0,,,,,,2021-09-01
Calgary,Three bedroom units,2021,10,1431.0,12.37741935483871,-0.732258064516129,25.9,4.2,5.851612903225806,Canada,2016A000011124,Percent,239.0,units,0.0,v733833,1.0,3.29,2.0,6.6,22.0,,,,,,2021-10-01
Calgary,Three bedroom units,2021,10,1507.0,12.37741935483871,-0.732258064516129,25.9,4.2,5.851612903225806,Canada,2016A000011124,Percent,239.0,units,0.0,v733833,1.0,3.29,2.0,6.6,22.0,,,,,,2021-10-01
Calgary,Three bedroom units,2021,10,1347.0,12.37741935483871,-0.732258064516129,25.9,4.2,5.851612903225806,Canada,2016A000011124,Percent,239.0,units,0.0,v733833,1.0,3.29,2.0,6.6,22.0,,,,,,2021-10-01
Calgary,Three bedroom units,2021,10,1584.0,12.37741935483871,-0.732258064516129,25.9,4.2,5.851612903225806,Canada,2016A000011124,Percent,239.0,units,0.0,v733833,1.0,3.29,2.0,6.6,22.0,,,,,,2021-10-01
Calgary,Three bedroom units,2021,11,1431.0,8.406666666666666,-4.6,3.9,3.8,1.91,Canada,2016A000011124,Percent,239.0,units,0.0,v733833,1.0,3.4,2.0,6.6,22.0,,,,,,2021-11-01
Calgary,Three bedroom units,2021,11,1507.0,8.406666666666666,-4.6,3.9,3.8,1.91,Canada,2016A000011124,Percent,239.0,units,0.0,v733833,1.0,3.4,2.0,6.6,22.0,,,,,,2021-11-01
Calgary,Three bedroom units,2021,11,1347.0,8.406666666666666,-4.6,3.9,3.8,1.91,Canada,2016A000011124,Percent,239.0,units,0.0,v733833,1.0,3.4,2.0,6.6,22.0,,,,,,2021-11-01
Calgary,Three bedroom units,2021,11,1584.0,8.406666666666666,-4.6,3.9,3.8,1.91,Canada,2016A000011124,Percent,239.0,units,0.0,v733833,1.0,3.4,2.0,6.6,22.0,,,,,,2021-11-01
Calgary,Three bedroom units,2021,12,1431.0,-6.797368455049285,-16.690766938722632,22.599999999999998,25.5,-11.761435419095738,Canada,2016A000011124,Percent,239.0,units,0.0,v733833,1.0,3.45,2.0,6.6,22.0,,,,,,2021-12-01
Calgary,Three bedroom units,2021,12,1507.0,-6.797368455049285,-16.690766938722632,22.599999999999998,25.5,-11.761435419095738,Canada,2016A000011124,Percent,239.0,units,0.0,v733833,1.0,3.45,2.0,6.6,22.0,,,,,,2021-12-01
Calgary,Three bedroom units,2021,12,1347.0,-6.797368455049285,-16.690766938722632,22.599999999999998,25.5,-11.761435419095738,Canada,2016A000011124,Percent,239.0,units,0.0,v733833,1.0,3.45,2.0,6.6,22.0,,,,,,2021-12-01
Calgary,Three bedroom units,2021,12,1584.0,-6.797368455049285,-16.690766938722632,22.599999999999998,25.5,-11.761435419095738,Canada,2016A000011124,Percent,239.0,units,0.0,v733833,1.0,3.45,2.0,6.6,22.0,,,,,,2021-12-01
Calgary,Three bedroom units,2022,1,1579.0,1.1612903225806455,-11.59032258064516,3.4000000000000004,3.6999999999999997,-5.219354838709678,Canada,2016A000011124,Percent,239.0,units,0.0,v733833,1.0,3.44,2.0,8.0,22.0,,,,,,2022-01-01
Calgary,Three bedroom units,2022,1,1649.0,1.1612903225806455,-11.59032258064516,3.4000000000000004,3.6999999999999997,-5.219354838709678,Canada,2016A000011124,Percent,239.0,units,0.0,v733833,1.0,3.44,2.0,8.0,22.0,,,,,,2022-01-01
Calgary,Three bedroom units,2022,1,1504.0,1.1612903225806455,-11.59032258064516,3.4000000000000004,3.6999999999999997,-5.219354838709678,Canada,2016A000011124,Percent,239.0,units,0.0,v733833,1.0,3.44,2.0,8.0,22.0,,,,,,2022-01-01
Calgary,Three bedroom units,2022,1,1729.0,1.1612903225806455,-11.59032258064516,3.4000000000000004,3.6999999999999997,-5.219354838709678,Canada,2016A000011124,Percent,239.0,units,0.0,v733833,1.0,3.44,2.0,8.0,22.0,,,,,,2022-01-01
Calgary,Three bedroom units,2022,2,1579.0,1.6187968419245953,-9.616253585771657,24.2,32.5,-4.01135685599541,Canada,2016A000011124,Percent,239.0,units,0.0,v733833,1.0,3.58,2.0,8.0,22.0,,,,,,2022-02-01
Calgary,Three bedroom units,2022,2,1649.0,1.6187968419245953,-9.616253585771657,24.2,32.5,-4.01135685599541,Canada,2016A000011124,Percent,239.0,units,0.0,v733833,1.0,3.58,2.0,8.0,22.0,,,,,,2022-02-01
Calgary,Three bedroom units,2022,2,1504.0,1.6187968419245953,-9.616253585771657,24.2,32.5,-4.01135685599541,Canada,2016A000011124,Percent,239.0,units,0.0,v733833,1.0,3.58,2.0,8.0,22.0,,,,,,2022-02-01
Calgary,Three bedroom units,2022,2,1729.0,1.6187968419245953,-9.616253585771657,24.2,32.5,-4.01135685599541,Canada,2016A000011124,Percent,239.0,units,0.0,v733833,1.0,3.58,2.0,8.0,22.0,,,,,,2022-02-01
Calgary,Three bedroom units,2022,3,1579.0,8.664770627979383,-3.7538346936131624,9.3,11.0,2.4734680658116335,Canada,2016A000011124,Percent,239.0,units,0.0,v733833,1.0,3.77,2.0,8.0,22.0,,,,,,2022-03-01
Calgary,Three bedroom units,2022,3,1649.0,8.664770627979383,-3.7538346936131624,9.3,11.0,2.4734680658116335,Canada,2016A000011124,Percent,239.0,units,0.0,v733833,1.0,3.77,2.0,8.0,22.0,,,,,,2022-03-01
Calgary,Three bedroom units,2022,3,1504.0,8.664770627979383,-3.7538346936131624,9.3,11.0,2.4734680658116335,Canada,2016A000011124,Percent,239.0,units,0.0,v733833,1.0,3.77,2.0,8.0,22.0,,,,,,2022-03-01
Calgary,Three bedroom units,2022,3,1729.0,8.664770627979383,-3.7538346936131624,9.3,11.0,2.4734680658116335,Canada,2016A000011124,Percent,239.0,units,0.0,v733833,1.0,3.77,2.0,8.0,22.0,,,,,,2022-03-01
Calgary,Three bedroom units,2022,4,1579.0,7.713333333333334,-3.52,40.6,43.1,2.1133333333333333,Canada,2016A000011124,Percent,239.0,units,0.0,v733833,1.0,4.19,2.0,8.0,22.0,,,,,,2022-04-01
Calgary,Three bedroom units,2022,4,1649.0,7.713333333333334,-3.52,40.6,43.1,2.1133333333333333,Canada,2016A000011124,Percent,239.0,units,0.0,v733833,1.0,4.19,2.0,8.0,22.0,,,,,,2022-04-01
Calgary,Three bedroom units,2022,4,1504.0,7.713333333333334,-3.52,40.6,43.1,2.1133333333333333,Canada,2016A000011124,Percent,239.0,units,0.0,v733833,1.0,4.19,2.0,8.0,22.0,,,,,,2022-04-01
Calgary,Three bedroom units,2022,4,1729.0,7.713333333333334,-3.52,40.6,43.1,2.1133333333333333,Canada,2016A000011124,Percent,239.0,units,0.0,v733833,1.0,4.19,2.0,8.0,22.0,,,,,,2022-04-01
Calgary,Three bedroom units,2022,5,1579.0,15.966553412482076,3.4636274128773157,12.1,1.0,9.735193677937557,Canada,2016A000011124,Percent,239.0,units,0.0,v733833,1.0,4.63,2.0,8.0,22.0,,,,,,2022-05-01
Calgary,Three bedroom units,2022,5,1649.0,15.966553412482076,3.4636274128773157,12.1,1.0,9.735193677937557,Canada,2016A000011124,Percent,239.0,units,0.0,v733833,1.0,4.63,2.0,8.0,22.0,,,,,,2022-05-01
Calgary,Three bedroom units,2022,5,1504.0,15.966553412482076,3.4636274128773157,12.1,1.0,9.735193677937557,Canada,2016A000011124,Percent,239.0,units,0.0,v733833,1.0,4.63,2.0,8.0,22.0,,,,,,2022-05-01
Calgary,Three bedroom units,2022,5,1729.0,15.966553412482076,3.4636274128773157,12.1,1.0,9.735193677937557,Canada,2016A000011124,Percent,239.0,units,0.0,v733833,1.0,4.63,2.0,8.0,22.0,,,,,,2022-05-01
Calgary,Three bedroom units,2022,6,1579.0,19.17877185956481,8.059081659973225,137.9,0.0,13.643033467202143,Canada,2016A000011124,Percent,239.0,units,0.0,v733833,1.0,5.05,2.0,8.0,22.0,,,,,,2022-06-01
Calgary,Three bedroom units,2022,6,1649.0,19.17877185956481,8.059081659973225,137.9,0.0,13.643033467202143,Canada,2016A000011124,Percent,239.0,units,0.0,v733833,1.0,5.05,2.0,8.0,22.0,,,,,,2022-06-01
Calgary,Three bedroom units,2022,6,1504.0,19.17877185956481,8.059081659973225,137.9,0.0,13.643033467202143,Canada,2016A000011124,Percent,239.0,units,0.0,v733833,1.0,5.05,2.0,8.0,22.0,,,,,,2022-06-01
Calgary,Three bedroom units,2022,6,1729.0,19.17877185956481,8.059081659973225,137.9,0.0,13.643033467202143,Canada,2016A000011124,Percent,239.0,units,0.0,v733833,1.0,5.05,2.0,8.0,22.0,,,,,,2022-06-01
Calgary,Three bedroom units,2022,7,1579.0,22.913751986254475,10.594996761238503,64.1,0.0,16.77683896877834,Canada,2016A000011124,Percent,239.0,units,0.0,v733833,1.0,5.51,2.0,8.0,22.0,,,,,,2022-07-01
Calgary,Three bedroom units,2022,7,1649.0,22.913751986254475,10.594996761238503,64.1,0.0,16.77683896877834,Canada,2016A000011124,Percent,239.0,units,0.0,v733833,1.0,5.51,2.0,8.0,22.0,,,,,,2022-07-01
Calgary,Three bedroom units,2022,7,1504.0,22.913751986254475,10.594996761238503,64.1,0.0,16.77683896877834,Canada,2016A000011124,Percent,239.0,units,0.0,v733833,1.0,5.51,2.0,8.0,22.0,,,,,,2022-07-01
Calgary,Three bedroom units,2022,7,1729.0,22.913751986254475,10.594996761238503,64.1,0.0,16.77683896877834,Canada,2016A000011124,Percent,239.0,units,0.0,v733833,1.0,5.51,2.0,8.0,22.0,,,,,,2022-07-01
Calgary,Three bedroom units,2022,8,1579.0,27.19677419354839,12.76774193548387,30.1,0.0,20.006451612903227,Canada,2016A000011124,Percent,239.0,units,0.0,v733833,1.0,5.58,2.0,8.0,22.0,,,,,,2022-08-01
Calgary,Three bedroom units,2022,8,1649.0,27.19677419354839,12.76774193548387,30.1,0.0,20.006451612903227,Canada,2016A000011124,Percent,239.0,units,0.0,v733833,1.0,5.58,2.0,8.0,22.0,,,,,,2022-08-01
Calgary,Three bedroom units,2022,8,1504.0,27.19677419354839,12.76774193548387,30.1,0.0,20.006451612903227,Canada,2016A000011124,Percent,239.0,units,0.0,v733833,1.0,5.58,2.0,8.0,22.0,,,,,,2022-08-01
Calgary,Three bedroom units,2022,8,1729.0,27.19677419354839,12.76774193548387,30.1,0.0,20.006451612903227,Canada,2016A000011124,Percent,239.0,units,0.0,v733833,1.0,5.58,2.0,8.0,22.0,,,,,,2022-08-01
Calgary,Three bedroom units,2022,9,1579.0,22.40666666666667,7.823333333333333,10.8,0.0,15.143333333333334,Canada,2016A000011124,Percent,239.0,units,0.0,v733833,1.0,5.64,2.0,8.0,22.0,,,,,,2022-09-01
Calgary,Three bedroom units,2022,9,1649.0,22.40666666666667,7.823333333333333,10.8,0.0,15.143333333333334,Canada,2016A000011124,Percent,239.0,units,0.0,v733833,1.0,5.64,2.0,8.0,22.0,,,,,,2022-09-01
Calgary,Three bedroom units,2022,9,1504.0,22.40666666666667,7.823333333333333,10.8,0.0,15.143333333333334,Canada,2016A000011124,Percent,239.0,units,0.0,v733833,1.0,5.64,2.0,8.0,22.0,,,,,,2022-09-01
Calgary,Three bedroom units,2022,9,1729.0,22.40666666666667,7.823333333333333,10.8,0.0,15.143333333333334,Canada,2016A000011124,Percent,239.0,units,0.0,v733833,1.0,5.64,2.0,8.0,22.0,,,,,,2022-09-01
Calgary,Three bedroom units,2022,10,1579.0,16.138709677419357,2.0935483870967744,29.300000000000004,24.2,9.135483870967741,Canada,2016A000011124,Percent,239.0,units,0.0,v733833,1.0,5.75,2.0,8.0,22.0,,,,,,2022-10-01
Calgary,Three bedroom units,2022,10,1649.0,16.138709677419357,2.0935483870967744,29.300000000000004,24.2,9.135483870967741,Canada,2016A000011124,Percent,239.0,units,0.0,v733833,1.0,5.75,2.0,8.0,22.0,,,,,,2022-10-01
Calgary,Three bedroom units,2022,10,1504.0,16.138709677419357,2.0935483870967744,29.300000000000004,24.2,9.135483870967741,Canada,2016A000011124,Percent,239.0,units,0.0,v733833,1.0,5.75,2.0,8.0,22.0,,,,,,2022-10-01
Calgary,Three bedroom units,2022,10,1729.0,16.138709677419357,2.0935483870967744,29.300000000000004,24.2,9.135483870967741,Canada,2016A000011124,Percent,239.0,units,0.0,v733833,1.0,5.75,2.0,8.0,22.0,,,,,,2022-10-01
Calgary,Three bedroom units,2022,11,1579.0,-0.6599999999999999,-10.613333333333333,32.5,29.4,-5.653333333333333,Canada,2016A000011124,Percent,239.0,units,0.0,v733833,1.0,5.88,2.0,8.0,22.0,,,,,,2022-11-01
Calgary,Three bedroom units,2022,11,1649.0,-0.6599999999999999,-10.613333333333333,32.5,29.4,-5.653333333333333,Canada,2016A000011124,Percent,239.0,units,0.0,v733833,1.0,5.88,2.0,8.0,22.0,,,,,,2022-11-01
Calgary,Three bedroom units,2022,11,1504.0,-0.6599999999999999,-10.613333333333333,32.5,29.4,-5.653333333333333,Canada,2016A000011124,Percent,239.0,units,0.0,v733833,1.0,5.88,2.0,8.0,22.0,,,,,,2022-11-01
Calgary,Three bedroom units,2022,11,1729.0,-0.6599999999999999,-10.613333333333333,32.5,29.4,-5.653333333333333,Canada,2016A000011124,Percent,239.0,units,0.0,v733833,1.0,5.88,2.0,8.0,22.0,,,,,,2022-11-01
Calgary,Three bedroom units,2022,12,1579.0,-6.132258064516129,-17.325806451612905,19.1,26.1,-11.745161290322581,Canada,2016A000011124,Percent,239.0,units,0.0,v733833,1.0,5.89,2.0,8.0,22.0,,,,,,2022-12-01
Calgary,Three bedroom units,2022,12,1649.0,-6.132258064516129,-17.325806451612905,19.1,26.1,-11.745161290322581,Canada,2016A000011124,Percent,239.0,units,0.0,v733833,1.0,5.89,2.0,8.0,22.0,,,,,,2022-12-01
Calgary,Three bedroom units,2022,12,1504.0,-6.132258064516129,-17.325806451612905,19.1,26.1,-11.745161290322581,Canada,2016A000011124,Percent,239.0,units,0.0,v733833,1.0,5.89,2.0,8.0,22.0,,,,,,2022-12-01
Calgary,Three bedroom units,2022,12,1729.0,-6.132258064516129,-17.325806451612905,19.1,26.1,-11.745161290322581,Canada,2016A000011124,Percent,239.0,units,0.0,v733833,1.0,5.89,2.0,8.0,22.0,,,,,,2022-12-01
Calgary,Three bedroom units,2023,1,1794.0,2.376825093337812,-9.41979919678715,18.3,22.4,-3.532403161031222,Canada,2016A000011124,Percent,239.0,units,0.0,v733833,1.0,5.86,2.0,,,18.0,166.0,55.0,0.0,,2023-01-01
Calgary,Three bedroom units,2023,1,1839.0,2.376825093337812,-9.41979919678715,18.3,22.4,-3.532403161031222,Canada,2016A000011124,Percent,239.0,units,0.0,v733833,1.0,5.86,2.0,,,18.0,166.0,55.0,0.0,,2023-01-01
Calgary,Three bedroom units,2023,1,1749.0,2.376825093337812,-9.41979919678715,18.3,22.4,-3.532403161031222,Canada,2016A000011124,Percent,239.0,units,0.0,v733833,1.0,5.86,2.0,,,18.0,166.0,55.0,0.0,,2023-01-01
Calgary,Three bedroom units,2023,1,1985.0,2.376825093337812,-9.41979919678715,18.3,22.4,-3.532403161031222,Canada,2016A000011124,Percent,239.0,units,0.0,v733833,1.0,5.86,2.0,,,18.0,166.0,55.0,0.0,,2023-01-01
Calgary,Three bedroom units,2023,2,1794.0,0.6428571428571429,-10.714285714285714,29.8,32.1,-5.042857142857143,Canada,2016A000011124,Percent,239.0,units,0.0,v733833,1.0,5.81,2.0,,,18.0,166.0,55.0,0.0,,2023-02-01
Calgary,Three bedroom units,2023,2,1839.0,0.6428571428571429,-10.714285714285714,29.8,32.1,-5.042857142857143,Canada,2016A000011124,Percent,239.0,units,0.0,v733833,1.0,5.81,2.0,,,18.0,166.0,55.0,0.0,,2023-02-01
Calgary,Three bedroom units,2023,2,1749.0,0.6428571428571429,-10.714285714285714,29.8,32.1,-5.042857142857143,Canada,2016A000011124,Percent,239.0,units,0.0,v733833,1.0,5.81,2.0,,,18.0,166.0,55.0,0.0,,2023-02-01
Calgary,Three bedroom units,2023,2,1985.0,0.6428571428571429,-10.714285714285714,29.8,32.1,-5.042857142857143,Canada,2016A000011124,Percent,239.0,units,0.0,v733833,1.0,5.81,2.0,,,18.0,166.0,55.0,0.0,,2023-02-01
Calgary,Three bedroom units,2023,3,1794.0,-1.3419354838709676,-11.619354838709677,19.6,18.1,-6.503225806451613,Canada,2016A000011124,Percent,239.0,units,0.0,v733833,1.0,5.81,2.0,,,18.0,166.0,55.0,0.0,,2023-03-01
Calgary,Three bedroom units,2023,3,1839.0,-1.3419354838709676,-11.619354838709677,19.6,18.1,-6.503225806451613,Canada,2016A000011124,Percent,239.0,units,0.0,v733833,1.0,5.81,2.0,,,18.0,166.0,55.0,0.0,,2023-03-01
Calgary,Three bedroom units,2023,3,1749.0,-1.3419354838709676,-11.619354838709677,19.6,18.1,-6.503225806451613,Canada,2016A000011124,Percent,239.0,units,0.0,v733833,1.0,5.81,2.0,,,18.0,166.0,55.0,0.0,,2023-03-01
Calgary,Three bedroom units,2023,3,1985.0,-1.3419354838709676,-11.619354838709677,19.6,18.1,-6.503225806451613,Canada,2016A000011124,Percent,239.0,units,0.0,v733833,1.0,5.81,2.0,,,18.0,166.0,55.0,0.0,,2023-03-01
Calgary,Three bedroom units,2023,4,1794.0,11.389999999999999,-1.9733333333333334,6.1,3.7,4.716666666666667,Canada,2016A000011124,Percent,239.0,units,0.0,v733833,1.0,5.75,2.0,,,18.0,166.0,55.0,0.0,,2023-04-01
Calgary,Three bedroom units,2023,4,1839.0,11.389999999999999,-1.9733333333333334,6.1,3.7,4.716666666666667,Canada,2016A000011124,Percent,239.0,units,0.0,v733833,1.0,5.75,2.0,,,18.0,166.0,55.0,0.0,,2023-04-01
Calgary,Three bedroom units,2023,4,1749.0,11.389999999999999,-1.9733333333333334,6.1,3.7,4.716666666666667,Canada,2016A000011124,Percent,239.0,units,0.0,v733833,1.0,5.75,2.0,,,18.0,166.0,55.0,0.0,,2023-04-01
Calgary,Three bedroom units,2023,4,1985.0,11.389999999999999,-1.9733333333333334,6.1,3.7,4.716666666666667,Canada,2016A000011124,Percent,239.0,units,0.0,v733833,1.0,5.75,2.0,,,18.0,166.0,55.0,0.0,,2023-04-01
Calgary,Three bedroom units,2023,5,1794.0,22.225806451612904,7.445161290322581,30.4,0.0,14.864516129032259,Canada,2016A000011124,Percent,239.0,units,0.0,v733833,1.0,5.74,2.0,,,18.0,166.0,55.0,0.0,,2023-05-01
Calgary,Three bedroom units,2023,5,1839.0,22.225806451612904,7.445161290322581,30.4,0.0,14.864516129032259,Canada,2016A000011124,Percent,239.0,units,0.0,v733833,1.0,5.74,2.0,,,18.0,166.0,55.0,0.0,,2023-05-01
Calgary,Three bedroom units,2023,5,1749.0,22.225806451612904,7.445161290322581,30.4,0.0,14.864516129032259,Canada,2016A000011124,Percent,239.0,units,0.0,v733833,1.0,5.74,2.0,,,18.0,166.0,55.0,0.0,,2023-05-01
Calgary,Three bedroom units,2023,5,1985.0,22.225806451612904,7.445161290322581,30.4,0.0,14.864516129032259,Canada,2016A000011124,Percent,239.0,units,0.0,v733833,1.0,5.74,2.0,,,18.0,166.0,55.0,0.0,,2023-05-01
Calgary,Three bedroom units,2023,6,1794.0,22.986666666666668,9.51,70.1,0.0,16.27,Canada,2016A000011124,Percent,239.0,units,0.0,v733833,1.0,5.85,2.0,,,18.0,166.0,55.0,0.0,,2023-06-01
Calgary,Three bedroom units,2023,6,1839.0,22.986666666666668,9.51,70.1,0.0,16.27,Canada,2016A000011124,Percent,239.0,units,0.0,v733833,1.0,5.85,2.0,,,18.0,166.0,55.0,0.0,,2023-06-01
Calgary,Three bedroom units,2023,6,1749.0,22.986666666666668,9.51,70.1,0.0,16.27,Canada,2016A000011124,Percent,239.0,units,0.0,v733833,1.0,5.85,2.0,,,18.0,166.0,55.0,0.0,,2023-06-01
Calgary,Three bedroom units,2023,6,1985.0,22.986666666666668,9.51,70.1,0.0,16.27,Canada,2016A000011124,Percent,239.0,units,0.0,v733833,1.0,5.85,2.0,,,18.0,166.0,55.0,0.0,,2023-06-01
Calgary,Three bedroom units,2023,7,1794.0,24.980645161290322,11.47741935483871,42.9,0.0,18.248387096774195,Canada,2016A000011124,Percent,239.0,units,0.0,v733833,1.0,5.99,2.0,,,18.0,166.0,55.0,0.0,,2023-07-01
Calgary,Three bedroom units,2023,7,1839.0,24.980645161290322,11.47741935483871,42.9,0.0,18.248387096774195,Canada,2016A000011124,Percent,239.0,units,0.0,v733833,1.0,5.99,2.0,,,18.0,166.0,55.0,0.0,,2023-07-01
Calgary,Three bedroom units,2023,7,1749.0,24.980645161290322,11.47741935483871,42.9,0.0,18.248387096774195,Canada,2016A000011124,Percent,239.0,units,0.0,v733833,1.0,5.99,2.0,,,18.0,166.0,55.0,0.0,,2023-07-01
Calgary,Three bedroom units,2023,7,1985.0,24.980645161290322,11.47741935483871,42.9,0.0,18.248387096774195,Canada,2016A000011124,Percent,239.0,units,0.0,v733833,1.0,5.99,2.0,,,18.0,166.0,55.0,0.0,,2023-07-01
Calgary,Three bedroom units,2023,8,1794.0,25.432258064516127,11.293548387096775,50.7,0.0,18.39032258064516,Canada,2016A000011124,Percent,239.0,units,0.0,v733833,1.0,6.17,2.0,,,18.0,166.0,55.0,0.0,,2023-08-01
Calgary,Three bedroom units,2023,8,1839.0,25.432258064516127,11.293548387096775,50.7,0.0,18.39032258064516,Canada,2016A000011124,Percent,239.0,units,0.0,v733833,1.0,6.17,2.0,,,18.0,166.0,55.0,0.0,,2023-08-01
Calgary,Three bedroom units,2023,8,1749.0,25.432258064516127,11.293548387096775,50.7,0.0,18.39032258064516,Canada,2016A000011124,Percent,239.0,units,0.0,v733833,1.0,6.17,2.0,,,18.0,166.0,55.0,0.0,,2023-08-01
Calgary,Three bedroom units,2023,8,1985.0,25.432258064516127,11.293548387096775,50.7,0.0,18.39032258064516,Canada,2016A000011124,Percent,239.0,units,0.0,v733833,1.0,6.17,2.0,,,18.0,166.0,55.0,0.0,,2023-08-01
Calgary,Three bedroom units,2023,9,1794.0,19.616666666666667,7.206666666666667,18.8,0.0,13.436666666666667,Canada,2016A000011124,Percent,239.0,units,0.0,v733833,1.0,6.27,2.0,,,18.0,166.0,55.0,0.0,,2023-09-01
Calgary,Three bedroom units,2023,9,1839.0,19.616666666666667,7.206666666666667,18.8,0.0,13.436666666666667,Canada,2016A000011124,Percent,239.0,units,0.0,v733833,1.0,6.27,2.0,,,18.0,166.0,55.0,0.0,,2023-09-01
Calgary,Three bedroom units,2023,9,1749.0,19.616666666666667,7.206666666666667,18.8,0.0,13.436666666666667,Canada,2016A000011124,Percent,239.0,units,0.0,v733833,1.0,6.27,2.0,,,18.0,166.0,55.0,0.0,,2023-09-01
Calgary,Three bedroom units,2023,9,1985.0,19.616666666666667,7.206666666666667,18.8,0.0,13.436666666666667,Canada,2016A000011124,Percent,239.0,units,0.0,v733833,1.0,6.27,2.0,,,18.0,166.0,55.0,0.0,,2023-09-01
Calgary,Three bedroom units,2023,10,1794.0,10.770967741935483,-0.4548387096774195,36.8,16.0,5.17741935483871,Canada,2016A000011124,Percent,239.0,units,0.0,v733833,1.0,6.42,2.0,,,18.0,166.0,55.0,0.0,660046.3562783661,2023-10-01
Calgary,Three bedroom units,2023,10,1839.0,10.770967741935483,-0.4548387096774195,36.8,16.0,5.17741935483871,Canada,2016A000011124,Percent,239.0,units,0.0,v733833,1.0,6.42,2.0,,,18.0,166.0,55.0,0.0,660046.3562783661,2023-10-01
Calgary,Three bedroom units,2023,10,1749.0,10.770967741935483,-0.4548387096774195,36.8,16.0,5.17741935483871,Canada,2016A000011124,Percent,239.0,units,0.0,v733833,1.0,6.42,2.0,,,18.0,166.0,55.0,0.0,660046.3562783661,2023-10-01
Calgary,Three bedroom units,2023,10,1985.0,10.770967741935483,-0.4548387096774195,36.8,16.0,5.17741935483871,Canada,2016A000011124,Percent,239.0,units,0.0,v733833,1.0,6.42,2.0,,,18.0,166.0,55.0,0.0,660046.3562783661,2023-10-01
Calgary,Three bedroom units,2023,11,1794.0,8.086052596449072,-4.11379250334672,3.4000000000000004,5.2,1.996516733601071,Canada,2016A000011124,Percent,239.0,units,0.0,v733833,1.0,6.47,2.0,,,18.0,166.0,55.0,0.0,,2023-11-01
Calgary,Three bedroom units,2023,11,1839.0,8.086052596449072,-4.11379250334672,3.4000000000000004,5.2,1.996516733601071,Canada,2016A000011124,Percent,239.0,units,0.0,v733833,1.0,6.47,2.0,,,18.0,166.0,55.0,0.0,,2023-11-01
Calgary,Three bedroom units,2023,11,1749.0,8.086052596449072,-4.11379250334672,3.4000000000000004,5.2,1.996516733601071,Canada,2016A000011124,Percent,239.0,units,0.0,v733833,1.0,6.47,2.0,,,18.0,166.0,55.0,0.0,,2023-11-01
Calgary,Three bedroom units,2023,11,1985.0,8.086052596449072,-4.11379250334672,3.4000000000000004,5.2,1.996516733601071,Canada,2016A000011124,Percent,239.0,units,0.0,v733833,1.0,6.47,2.0,,,18.0,166.0,55.0,0.0,,2023-11-01
Calgary,Three bedroom units,2023,12,1794.0,5.961290322580646,-4.919354838709677,21.1,21.0,0.5096774193548387,Canada,2016A000011124,Percent,239.0,units,0.0,v733833,1.0,6.39,2.0,,,18.0,166.0,55.0,0.0,,2023-12-01
Calgary,Three bedroom units,2023,12,1839.0,5.961290322580646,-4.919354838709677,21.1,21.0,0.5096774193548387,Canada,2016A000011124,Percent,239.0,units,0.0,v733833,1.0,6.39,2.0,,,18.0,166.0,55.0,0.0,,2023-12-01
Calgary,Three bedroom units,2023,12,1749.0,5.961290322580646,-4.919354838709677,21.1,21.0,0.5096774193548387,Canada,2016A000011124,Percent,239.0,units,0.0,v733833,1.0,6.39,2.0,,,18.0,166.0,55.0,0.0,,2023-12-01
Calgary,Three bedroom units,2023,12,1985.0,5.961290322580646,-4.919354838709677,21.1,21.0,0.5096774193548387,Canada,2016A000011124,Percent,239.0,units,0.0,v733833,1.0,6.39,2.0,,,18.0,166.0,55.0,0.0,,2023-12-01
Calgary,Three bedroom units,2024,1,1977.0,-4.064516129032258,-14.36774193548387,27.900000000000002,28.1,-9.225806451612904,Canada,2016A000011124,Percent,239.0,units,0.0,v733833,1.0,6.31,2.0,,,,,,,,2024-01-01
Calgary,Three bedroom units,2024,1,1979.0,-4.064516129032258,-14.36774193548387,27.900000000000002,28.1,-9.225806451612904,Canada,2016A000011124,Percent,239.0,units,0.0,v733833,1.0,6.31,2.0,,,,,,,,2024-01-01
Calgary,Three bedroom units,2024,1,1975.0,-4.064516129032258,-14.36774193548387,27.900000000000002,28.1,-9.225806451612904,Canada,2016A000011124,Percent,239.0,units,0.0,v733833,1.0,6.31,2.0,,,,,,,,2024-01-01
Calgary,Three bedroom units,2024,1,2229.0,-4.064516129032258,-14.36774193548387,27.900000000000002,28.1,-9.225806451612904,Canada,2016A000011124,Percent,239.0,units,0.0,v733833,1.0,6.31,2.0,,,,,,,,2024-01-01
Calgary,Three bedroom units,2024,2,1977.0,2.299364754947316,-9.334957762082814,18.3,21.200000000000003,-3.538086137654065,Canada,2016A000011124,Percent,239.0,units,0.0,v733833,1.0,6.15,2.0,,,,,,,,2024-02-01
Calgary,Three bedroom units,2024,2,1979.0,2.299364754947316,-9.334957762082814,18.3,21.200000000000003,-3.538086137654065,Canada,2016A000011124,Percent,239.0,units,0.0,v733833,1.0,6.15,2.0,,,,,,,,2024-02-01
Calgary,Three bedroom units,2024,2,1975.0,2.299364754947316,-9.334957762082814,18.3,21.200000000000003,-3.538086137654065,Canada,2016A000011124,Percent,239.0,units,0.0,v733833,1.0,6.15,2.0,,,,,,,,2024-02-01
Calgary,Three bedroom units,2024,2,2229.0,2.299364754947316,-9.334957762082814,18.3,21.200000000000003,-3.538086137654065,Canada,2016A000011124,Percent,239.0,units,0.0,v733833,1.0,6.15,2.0,,,,,,,,2024-02-01
Calgary,Three bedroom units,2024,3,1977.0,0.8483870967741933,-9.135483870967741,57.1,68.4,-4.151612903225806,Canada,2016A000011124,Percent,239.0,units,0.0,v733833,1.0,6.13,2.0,,,,,,,,2024-03-01
Calgary,Three bedroom units,2024,3,1979.0,0.8483870967741933,-9.135483870967741,57.1,68.4,-4.151612903225806,Canada,2016A000011124,Percent,239.0,units,0.0,v733833,1.0,6.13,2.0,,,,,,,,2024-03-01
Calgary,Three bedroom units,2024,3,1975.0,0.8483870967741933,-9.135483870967741,57.1,68.4,-4.151612903225806,Canada,2016A000011124,Percent,239.0,units,0.0,v733833,1.0,6.13,2.0,,,,,,,,2024-03-01
Calgary,Three bedroom units,2024,3,2229.0,0.8483870967741933,-9.135483870967741,57.1,68.4,-4.151612903225806,Canada,2016A000011124,Percent,239.0,units,0.0,v733833,1.0,6.13,2.0,,,,,,,,2024-03-01
Calgary,Three bedroom units,2024,4,1977.0,10.886052596449073,-0.6837925033467201,48.4,32.300000000000004,5.113183400267738,Canada,2016A000011124,Percent,239.0,units,0.0,v733833,1.0,6.08,2.0,,,,,,,,2024-04-01
Calgary,Three bedroom units,2024,4,1979.0,10.886052596449073,-0.6837925033467201,48.4,32.300000000000004,5.113183400267738,Canada,2016A000011124,Percent,239.0,units,0.0,v733833,1.0,6.08,2.0,,,,,,,,2024-04-01
Calgary,Three bedroom units,2024,4,1975.0,10.886052596449073,-0.6837925033467201,48.4,32.300000000000004,5.113183400267738,Canada,2016A000011124,Percent,239.0,units,0.0,v733833,1.0,6.08,2.0,,,,,,,,2024-04-01
Calgary,Three bedroom units,2024,4,2229.0,10.886052596449073,-0.6837925033467201,48.4,32.300000000000004,5.113183400267738,Canada,2016A000011124,Percent,239.0,units,0.0,v733833,1.0,6.08,2.0,,,,,,,,2024-04-01
Calgary,Three bedroom units,2024,5,1977.0,15.235483870967743,3.9935483870967743,61.7,8.8,9.638709677419355,Canada,2016A000011124,Percent,239.0,units,0.0,v733833,1.0,6.05,2.0,,,,,,,,2024-05-01
Calgary,Three bedroom units,2024,5,1979.0,15.235483870967743,3.9935483870967743,61.7,8.8,9.638709677419355,Canada,2016A000011124,Percent,239.0,units,0.0,v733833,1.0,6.05,2.0,,,,,,,,2024-05-01
Calgary,Three bedroom units,2024,5,1975.0,15.235483870967743,3.9935483870967743,61.7,8.8,9.638709677419355,Canada,2016A000011124,Percent,239.0,units,0.0,v733833,1.0,6.05,2.0,,,,,,,,2024-05-01
Calgary,Three bedroom units,2024,5,2229.0,15.235483870967743,3.9935483870967743,61.7,8.8,9.638709677419355,Canada,2016A000011124,Percent,239.0,units,0.0,v733833,1.0,6.05,2.0,,,,,,,,2024-05-01
Calgary,Three bedroom units,2024,6,1977.0,19.970000000000002,7.086666666666667,83.3,0.0,13.556666666666667,Canada,2016A000011124,Percent,239.0,units,0.0,v733833,1.0,5.98,2.0,,,,,,,,2024-06-01
Calgary,Three bedroom units,2024,6,1979.0,19.970000000000002,7.086666666666667,83.3,0.0,13.556666666666667,Canada,2016A000011124,Percent,239.0,units,0.0,v733833,1.0,5.98,2.0,,,,,,,,2024-06-01
Calgary,Three bedroom units,2024,6,1975.0,19.970000000000002,7.086666666666667,83.3,0.0,13.556666666666667,Canada,2016A000011124,Percent,239.0,units,0.0,v733833,1.0,5.98,2.0,,,,,,,,2024-06-01
Calgary,Three bedroom units,2024,6,2229.0,19.970000000000002,7.086666666666667,83.3,0.0,13.556666666666667,Canada,2016A000011124,Percent,239.0,units,0.0,v733833,1.0,5.98,2.0,,,,,,,,2024-06-01
Calgary,Three bedroom units,2024,7,1977.0,26.098811476998204,12.8345951548128,46.0,0.0,19.493258194066588,Canada,2016A000011124,Percent,239.0,units,0.0,v733833,1.0,5.91,2.0,,,,,,,,2024-07-01
Calgary,Three bedroom units,2024,7,1979.0,26.098811476998204,12.8345951548128,46.0,0.0,19.493258194066588,Canada,2016A000011124,Percent,239.0,units,0.0,v733833,1.0,5.91,2.0,,,,,,,,2024-07-01
Calgary,Three bedroom units,2024,7,1975.0,26.098811476998204,12.8345951548128,46.0,0.0,19.493258194066588,Canada,2016A000011124,Percent,239.0,units,0.0,v733833,1.0,5.91,2.0,,,,,,,,2024-07-01
Calgary,Three bedroom units,2024,7,2229.0,26.098811476998204,12.8345951548128,46.0,0.0,19.493258194066588,Canada,2016A000011124,Percent,239.0,units,0.0,v733833,1.0,5.91,2.0,,,,,,,,2024-07-01
Calgary,Three bedroom units,2024,8,1977.0,23.412308964305556,10.338265319341883,86.4,0.0,16.899854903484908,Canada,2016A000011124,Percent,239.0,units,0.0,v733833,1.0,5.73,2.0,,,,,,,,2024-08-01
Calgary,Three bedroom units,2024,8,1979.0,23.412308964305556,10.338265319341883,86.4,0.0,16.899854903484908,Canada,2016A000011124,Percent,239.0,units,0.0,v733833,1.0,5.73,2.0,,,,,,,,2024-08-01
Calgary,Three bedroom units,2024,8,1975.0,23.412308964305556,10.338265319341883,86.4,0.0,16.899854903484908,Canada,2016A000011124,Percent,239.0,units,0.0,v733833,1.0,5.73,2.0,,,,,,,,2024-08-01
Calgary,Three bedroom units,2024,8,2229.0,23.412308964305556,10.338265319341883,86.4,0.0,16.899854903484908,Canada,2016A000011124,Percent,239.0,units,0.0,v733833,1.0,5.73,2.0,,,,,,,,2024-08-01
Calgary,Three bedroom units,2024,9,1977.0,20.56543852623148,7.2590816599732255,74.0,0.0,13.933033467202142,Canada,2016A000011124,Percent,239.0,units,0.0,v733833,1.0,5.55,2.0,,,,,,,,2024-09-01
Calgary,Three bedroom units,2024,9,1979.0,20.56543852623148,7.2590816599732255,74.0,0.0,13.933033467202142,Canada,2016A000011124,Percent,239.0,units,0.0,v733833,1.0,5.55,2.0,,,,,,,,2024-09-01
Calgary,Three bedroom units,2024,9,1975.0,20.56543852623148,7.2590816599732255,74.0,0.0,13.933033467202142,Canada,2016A000011124,Percent,239.0,units,0.0,v733833,1.0,5.55,2.0,,,,,,,,2024-09-01
Calgary,Three bedroom units,2024,9,2229.0,20.56543852623148,7.2590816599732255,74.0,0.0,13.933033467202142,Canada,2016A000011124,Percent,239.0,units,0.0,v733833,1.0,5.55,2.0,,,,,,,,2024-09-01
Calgary,Three bedroom units,2024,10,1977.0,14.016129032258064,0.7258064516129032,0.9,0.6,7.4,Canada,2016A000011124,Percent,239.0,units,0.0,v733833,1.0,5.44,2.0,,,,,,,,2024-10-01
Calgary,Three bedroom units,2024,10,1979.0,14.016129032258064,0.7258064516129032,0.9,0.6,7.4,Canada,2016A000011124,Percent,239.0,units,0.0,v733833,1.0,5.44,2.0,,,,,,,,2024-10-01
Calgary,Three bedroom units,2024,10,1975.0,14.016129032258064,0.7258064516129032,0.9,0.6,7.4,Canada,2016A000011124,Percent,239.0,units,0.0,v733833,1.0,5.44,2.0,,,,,,,,2024-10-01
Calgary,Three bedroom units,2024,10,2229.0,14.016129032258064,0.7258064516129032,0.9,0.6,7.4,Canada,2016A000011124,Percent,239.0,units,0.0,v733833,1.0,5.44,2.0,,,,,,,,2024-10-01
Calgary,Three bedroom units,2024,11,1977.0,1.5360525964490723,-8.05379250334672,38.2,40.0,-3.253483266398929,Canada,2016A000011124,Percent,239.0,units,0.0,v733833,1.0,5.38,2.0,,,,,,,,2024-11-01
Calgary,Three bedroom units,2024,11,1979.0,1.5360525964490723,-8.05379250334672,38.2,40.0,-3.253483266398929,Canada,2016A000011124,Percent,239.0,units,0.0,v733833,1.0,5.38,2.0,,,,,,,,2024-11-01
Calgary,Three bedroom units,2024,11,1975.0,1.5360525964490723,-8.05379250334672,38.2,40.0,-3.253483266398929,Canada,2016A000011124,Percent,239.0,units,0.0,v733833,1.0,5.38,2.0,,,,,,,,2024-11-01
Calgary,Three bedroom units,2024,11,2229.0,1.5360525964490723,-8.05379250334672,38.2,40.0,-3.253483266398929,Canada,2016A000011124,Percent,239.0,units,0.0,v733833,1.0,5.38,2.0,,,,,,,,2024-11-01
Calgary,Three bedroom units,2024,12,1977.0,2.9510186417249087,-7.048831454851665,5.6,6.0,-2.0517579997408992,Canada,2016A000011124,Percent,239.0,units,0.0,v733833,1.0,5.35,2.0,,,,,,,,2024-12-01
Calgary,Three bedroom units,2024,12,1979.0,2.9510186417249087,-7.048831454851665,5.6,6.0,-2.0517579997408992,Canada,2016A000011124,Percent,239.0,units,0.0,v733833,1.0,5.35,2.0,,,,,,,,2024-12-01
Calgary,Three bedroom units,2024,12,1975.0,2.9510186417249087,-7.048831454851665,5.6,6.0,-2.0517579997408992,Canada,2016A000011124,Percent,239.0,units,0.0,v733833,1.0,5.35,2.0,,,,,,,,2024-12-01
Calgary,Three bedroom units,2024,12,2229.0,2.9510186417249087,-7.048831454851665,5.6,6.0,-2.0517579997408992,Canada,2016A000011124,Percent,239.0,units,0.0,v733833,1.0,5.35,2.0,,,,,,,,2024-12-01
Vancouver,Bachelor units,2018,1,1151.0,7.519354838709678,3.1419354838709674,249.4,0.0,5.351612903225806,,,,,,,,,,,8.9,24.0,,,,,,2018-01-01
Vancouver,Bachelor units,2018,1,1470.0,7.519354838709678,3.1419354838709674,249.4,0.0,5.351612903225806,,,,,,,,,,,8.9,24.0,,,,,,2018-01-01
Vancouver,Bachelor units,2018,1,1150.0,7.519354838709678,3.1419354838709674,249.4,0.0,5.351612903225806,,,,,,,,,,,8.9,24.0,,,,,,2018-01-01
Vancouver,Bachelor units,2018,1,1152.0,7.519354838709678,3.1419354838709674,249.4,0.0,5.351612903225806,,,,,,,,,,,8.9,24.0,,,,,,2018-01-01
Vancouver,Bachelor units,2018,2,1151.0,6.089285714285714,0.6071428571428571,105.8,25.8,3.3535714285714286,,,,,,,,,,,8.9,24.0,,,,,,2018-02-01
Vancouver,Bachelor units,2018,2,1470.0,6.089285714285714,0.6071428571428571,105.8,25.8,3.3535714285714286,,,,,,,,,,,8.9,24.0,,,,,,2018-02-01
Vancouver,Bachelor units,2018,2,1150.0,6.089285714285714,0.6071428571428571,105.8,25.8,3.3535714285714286,,,,,,,,,,,8.9,24.0,,,,,,2018-02-01
Vancouver,Bachelor units,2018,2,1152.0,6.089285714285714,0.6071428571428571,105.8,25.8,3.3535714285714286,,,,,,,,,,,8.9,24.0,,,,,,2018-02-01
Vancouver,Bachelor units,2018,3,1151.0,9.538709677419355,2.487096774193548,111.80000000000001,0.0,6.048387096774194,,,,,,,,,,,8.9,24.0,,,,,,2018-03-01
Vancouver,Bachelor units,2018,3,1470.0,9.538709677419355,2.487096774193548,111.80000000000001,0.0,6.048387096774194,,,,,,,,,,,8.9,24.0,,,,,,2018-03-01
Vancouver,Bachelor units,2018,3,1150.0,9.538709677419355,2.487096774193548,111.80000000000001,0.0,6.048387096774194,,,,,,,,,,,8.9,24.0,,,,,,2018-03-01
Vancouver,Bachelor units,2018,3,1152.0,9.538709677419355,2.487096774193548,111.80000000000001,0.0,6.048387096774194,,,,,,,,,,,8.9,24.0,,,,,,2018-03-01
Vancouver,Bachelor units,2018,4,1151.0,12.629999999999999,5.819999999999999,134.8,0.0,9.243333333333334,,,,,,,,,,,8.9,24.0,,,,,,2018-04-01
Vancouver,Bachelor units,2018,4,1470.0,12.629999999999999,5.819999999999999,134.8,0.0,9.243333333333334,,,,,,,,,,,8.9,24.0,,,,,,2018-04-01
Vancouver,Bachelor units,2018,4,1150.0,12.629999999999999,5.819999999999999,134.8,0.0,9.243333333333334,,,,,,,,,,,8.9,24.0,,,,,,2018-04-01
Vancouver,Bachelor units,2018,4,1152.0,12.629999999999999,5.819999999999999,134.8,0.0,9.243333333333334,,,,,,,,,,,8.9,24.0,,,,,,2018-04-01
Vancouver,Bachelor units,2018,5,1151.0,19.15806451612903,10.47741935483871,1.6,0.0,14.845161290322581,,,,,,,,,,,8.9,24.0,,,,,,2018-05-01
Vancouver,Bachelor units,2018,5,1470.0,19.15806451612903,10.47741935483871,1.6,0.0,14.845161290322581,,,,,,,,,,,8.9,24.0,,,,,,2018-05-01
Vancouver,Bachelor units,2018,5,1150.0,19.15806451612903,10.47741935483871,1.6,0.0,14.845161290322581,,,,,,,,,,,8.9,24.0,,,,,,2018-05-01
Vancouver,Bachelor units,2018,5,1152.0,19.15806451612903,10.47741935483871,1.6,0.0,14.845161290322581,,,,,,,,,,,8.9,24.0,,,,,,2018-05-01
Vancouver,Bachelor units,2018,6,1151.0,19.75,12.076666666666666,38.8,0.0,15.936666666666667,,,,,,,,,,,8.9,24.0,,,,,,2018-06-01
Vancouver,Bachelor units,2018,6,1470.0,19.75,12.076666666666666,38.8,0.0,15.936666666666667,,,,,,,,,,,8.9,24.0,,,,,,2018-06-01
Vancouver,Bachelor units,2018,6,1150.0,19.75,12.076666666666666,38.8,0.0,15.936666666666667,,,,,,,,,,,8.9,24.0,,,,,,2018-06-01
Vancouver,Bachelor units,2018,6,1152.0,19.75,12.076666666666666,38.8,0.0,15.936666666666667,,,,,,,,,,,8.9,24.0,,,,,,2018-06-01
Vancouver,Bachelor units,2018,7,1151.0,24.05483870967742,14.138709677419355,5.4,0.0,19.116129032258065,,,,,,,,,,,8.9,24.0,,,,,,2018-07-01
Vancouver,Bachelor units,2018,7,1470.0,24.05483870967742,14.138709677419355,5.4,0.0,19.116129032258065,,,,,,,,,,,8.9,24.0,,,,,,2018-07-01
Vancouver,Bachelor units,2018,7,1150.0,24.05483870967742,14.138709677419355,5.4,0.0,19.116129032258065,,,,,,,,,,,8.9,24.0,,,,,,2018-07-01
Vancouver,Bachelor units,2018,7,1152.0,24.05483870967742,14.138709677419355,5.4,0.0,19.116129032258065,,,,,,,,,,,8.9,24.0,,,,,,2018-07-01
Vancouver,Bachelor units,2018,8,1151.0,22.938709677419357,13.693955776473905,16.2,0.0,18.242331343360068,,,,,,,,,,,8.9,24.0,,,,,,2018-08-01
Vancouver,Bachelor units,2018,8,1470.0,22.938709677419357,13.693955776473905,16.2,0.0,18.242331343360068,,,,,,,,,,,8.9,24.0,,,,,,2018-08-01
Vancouver,Bachelor units,2018,8,1150.0,22.938709677419357,13.693955776473905,16.2,0.0,18.242331343360068,,,,,,,,,,,8.9,24.0,,,,,,2018-08-01
Vancouver,Bachelor units,2018,8,1152.0,22.938709677419357,13.693955776473905,16.2,0.0,18.242331343360068,,,,,,,,,,,8.9,24.0,,,,,,2018-08-01
Vancouver,Bachelor units,2018,9,1151.0,18.226666666666667,10.816666666666666,111.0,0.0,14.55,,,,,,,,,,,8.9,24.0,,,,,,2018-09-01
Vancouver,Bachelor units,2018,9,1470.0,18.226666666666667,10.816666666666666,111.0,0.0,14.55,,,,,,,,,,,8.9,24.0,,,,,,2018-09-01
Vancouver,Bachelor units,2018,9,1150.0,18.226666666666667,10.816666666666666,111.0,0.0,14.55,,,,,,,,,,,8.9,24.0,,,,,,2018-09-01
Vancouver,Bachelor units,2018,9,1152.0,18.226666666666667,10.816666666666666,111.0,0.0,14.55,,,,,,,,,,,8.9,24.0,,,,,,2018-09-01
Vancouver,Bachelor units,2018,10,1151.0,13.770967741935484,5.83225806451613,110.0,0.0,9.832258064516129,,,,,,,,,,,8.9,24.0,,,,,,2018-10-01
Vancouver,Bachelor units,2018,10,1470.0,13.770967741935484,5.83225806451613,110.0,0.0,9.832258064516129,,,,,,,,,,,8.9,24.0,,,,,,2018-10-01
Vancouver,Bachelor units,2018,10,1150.0,13.770967741935484,5.83225806451613,110.0,0.0,9.832258064516129,,,,,,,,,,,8.9,24.0,,,,,,2018-10-01
Vancouver,Bachelor units,2018,10,1152.0,13.770967741935484,5.83225806451613,110.0,0.0,9.832258064516129,,,,,,,,,,,8.9,24.0,,,,,,2018-10-01
Vancouver,Bachelor units,2018,11,1151.0,10.556666666666667,4.513333333333334,203.8,0.0,7.566666666666666,Canada,2016A000011124,Percent,239.0,units,0.0,v733833,1.0,4.38,2.0,8.9,24.0,,,,,,2018-11-01
Vancouver,Bachelor units,2018,11,1470.0,10.556666666666667,4.513333333333334,203.8,0.0,7.566666666666666,Canada,2016A000011124,Percent,239.0,units,0.0,v733833,1.0,4.38,2.0,8.9,24.0,,,,,,2018-11-01
Vancouver,Bachelor units,2018,11,1150.0,10.556666666666667,4.513333333333334,203.8,0.0,7.566666666666666,Canada,2016A000011124,Percent,239.0,units,0.0,v733833,1.0,4.38,2.0,8.9,24.0,,,,,,2018-11-01
Vancouver,Bachelor units,2018,11,1152.0,10.556666666666667,4.513333333333334,203.8,0.0,7.566666666666666,Canada,2016A000011124,Percent,239.0,units,0.0,v733833,1.0,4.38,2.0,8.9,24.0,,,,,,2018-11-01
Vancouver,Bachelor units,2018,12,1151.0,7.687096774193549,2.032258064516129,254.8,0.0,4.877419354838709,Canada,2016A000011124,Percent,239.0,units,0.0,v733833,1.0,4.59,2.0,8.9,24.0,,,,,,2018-12-01
Vancouver,Bachelor units,2018,12,1470.0,7.687096774193549,2.032258064516129,254.8,0.0,4.877419354838709,Canada,2016A000011124,Percent,239.0,units,0.0,v733833,1.0,4.59,2.0,8.9,24.0,,,,,,2018-12-01
Vancouver,Bachelor units,2018,12,1150.0,7.687096774193549,2.032258064516129,254.8,0.0,4.877419354838709,Canada,2016A000011124,Percent,239.0,units,0.0,v733833,1.0,4.59,2.0,8.9,24.0,,,,,,2018-12-01
Vancouver,Bachelor units,2018,12,1152.0,7.687096774193549,2.032258064516129,254.8,0.0,4.877419354838709,Canada,2016A000011124,Percent,239.0,units,0.0,v733833,1.0,4.59,2.0,8.9,24.0,,,,,,2018-12-01
Vancouver,Bachelor units,2019,1,1227.0,7.877419354838709,2.0451612903225804,140.79999999999998,0.0,4.990322580645161,Canada,2016A000011124,Percent,239.0,units,0.0,v733833,1.0,4.59,2.0,,,,,,,,2019-01-01
Vancouver,Bachelor units,2019,1,1344.0,7.877419354838709,2.0451612903225804,140.79999999999998,0.0,4.990322580645161,Canada,2016A000011124,Percent,239.0,units,0.0,v733833,1.0,4.59,2.0,,,,,,,,2019-01-01
Vancouver,Bachelor units,2019,1,1227.0,7.877419354838709,2.0451612903225804,140.79999999999998,0.0,4.990322580645161,Canada,2016A000011124,Percent,239.0,units,0.0,v733833,1.0,4.59,2.0,,,,,,,,2019-01-01
Vancouver,Bachelor units,2019,1,1229.0,7.877419354838709,2.0451612903225804,140.79999999999998,0.0,4.990322580645161,Canada,2016A000011124,Percent,239.0,units,0.0,v733833,1.0,4.59,2.0,,,,,,,,2019-01-01
Vancouver,Bachelor units,2019,2,1227.0,3.8392857142857144,-3.0214285714285714,75.0,32.2,0.4035714285714286,Canada,2016A000011124,Percent,239.0,units,0.0,v733833,1.0,4.52,2.0,,,,,,,,2019-02-01
Vancouver,Bachelor units,2019,2,1344.0,3.8392857142857144,-3.0214285714285714,75.0,32.2,0.4035714285714286,Canada,2016A000011124,Percent,239.0,units,0.0,v733833,1.0,4.52,2.0,,,,,,,,2019-02-01
Vancouver,Bachelor units,2019,2,1227.0,3.8392857142857144,-3.0214285714285714,75.0,32.2,0.4035714285714286,Canada,2016A000011124,Percent,239.0,units,0.0,v733833,1.0,4.52,2.0,,,,,,,,2019-02-01
Vancouver,Bachelor units,2019,2,1229.0,3.8392857142857144,-3.0214285714285714,75.0,32.2,0.4035714285714286,Canada,2016A000011124,Percent,239.0,units,0.0,v733833,1.0,4.52,2.0,,,,,,,,2019-02-01
Vancouver,Bachelor units,2019,3,1227.0,10.587096774193547,1.2741935483870968,31.2,0.0,5.961290322580646,Canada,2016A000011124,Percent,239.0,units,0.0,v733833,1.0,4.44,2.0,,,,,,,,2019-03-01
Vancouver,Bachelor units,2019,3,1344.0,10.587096774193547,1.2741935483870968,31.2,0.0,5.961290322580646,Canada,2016A000011124,Percent,239.0,units,0.0,v733833,1.0,4.44,2.0,,,,,,,,2019-03-01
Vancouver,Bachelor units,2019,3,1227.0,10.587096774193547,1.2741935483870968,31.2,0.0,5.961290322580646,Canada,2016A000011124,Percent,239.0,units,0.0,v733833,1.0,4.44,2.0,,,,,,,,2019-03-01
Vancouver,Bachelor units,2019,3,1229.0,10.587096774193547,1.2741935483870968,31.2,0.0,5.961290322580646,Canada,2016A000011124,Percent,239.0,units,0.0,v733833,1.0,4.44,2.0,,,,,,,,2019-03-01
Vancouver,Bachelor units,2019,4,1227.0,13.1,5.9,110.8,0.0,9.526666666666667,Canada,2016A000011124,Percent,239.0,units,0.0,v733833,1.0,4.33,2.0,,,,,,,,2019-04-01
Vancouver,Bachelor units,2019,4,1344.0,13.1,5.9,110.8,0.0,9.526666666666667,Canada,2016A000011124,Percent,239.0,units,0.0,v733833,1.0,4.33,2.0,,,,,,,,2019-04-01
Vancouver,Bachelor units,2019,4,1227.0,13.1,5.9,110.8,0.0,9.526666666666667,Canada,2016A000011124,Percent,239.0,units,0.0,v733833,1.0,4.33,2.0,,,,,,,,2019-04-01
Vancouver,Bachelor units,2019,4,1229.0,13.1,5.9,110.8,0.0,9.526666666666667,Canada,2016A000011124,Percent,239.0,units,0.0,v733833,1.0,4.33,2.0,,,,,,,,2019-04-01
Vancouver,Bachelor units,2019,5,1227.0,18.358064516129033,9.906451612903227,30.4,0.0,14.154838709677419,Canada,2016A000011124,Percent,239.0,units,0.0,v733833,1.0,4.3,2.0,,,,,,,,2019-05-01
Vancouver,Bachelor units,2019,5,1344.0,18.358064516129033,9.906451612903227,30.4,0.0,14.154838709677419,Canada,2016A000011124,Percent,239.0,units,0.0,v733833,1.0,4.3,2.0,,,,,,,,2019-05-01
Vancouver,Bachelor units,2019,5,1227.0,18.358064516129033,9.906451612903227,30.4,0.0,14.154838709677419,Canada,2016A000011124,Percent,239.0,units,0.0,v733833,1.0,4.3,2.0,,,,,,,,2019-05-01
Vancouver,Bachelor units,2019,5,1229.0,18.358064516129033,9.906451612903227,30.4,0.0,14.154838709677419,Canada,2016A000011124,Percent,239.0,units,0.0,v733833,1.0,4.3,2.0,,,,,,,,2019-05-01
Vancouver,Bachelor units,2019,6,1227.0,21.133333333333333,11.876666666666667,26.200000000000003,0.0,16.526666666666667,Canada,2016A000011124,Percent,239.0,units,0.0,v733833,1.0,4.23,2.0,,,,,,,,2019-06-01
Vancouver,Bachelor units,2019,6,1344.0,21.133333333333333,11.876666666666667,26.200000000000003,0.0,16.526666666666667,Canada,2016A000011124,Percent,239.0,units,0.0,v733833,1.0,4.23,2.0,,,,,,,,2019-06-01
Vancouver,Bachelor units,2019,6,1227.0,21.133333333333333,11.876666666666667,26.200000000000003,0.0,16.526666666666667,Canada,2016A000011124,Percent,239.0,units,0.0,v733833,1.0,4.23,2.0,,,,,,,,2019-06-01
Vancouver,Bachelor units,2019,6,1229.0,21.133333333333333,11.876666666666667,26.200000000000003,0.0,16.526666666666667,Canada,2016A000011124,Percent,239.0,units,0.0,v733833,1.0,4.23,2.0,,,,,,,,2019-06-01
Vancouver,Bachelor units,2019,7,1227.0,22.783870967741933,14.070967741935483,30.8,0.0,18.45483870967742,Canada,2016A000011124,Percent,239.0,units,0.0,v733833,1.0,4.14,2.0,,,,,,,,2019-07-01
Vancouver,Bachelor units,2019,7,1344.0,22.783870967741933,14.070967741935483,30.8,0.0,18.45483870967742,Canada,2016A000011124,Percent,239.0,units,0.0,v733833,1.0,4.14,2.0,,,,,,,,2019-07-01
Vancouver,Bachelor units,2019,7,1227.0,22.783870967741933,14.070967741935483,30.8,0.0,18.45483870967742,Canada,2016A000011124,Percent,239.0,units,0.0,v733833,1.0,4.14,2.0,,,,,,,,2019-07-01
Vancouver,Bachelor units,2019,7,1229.0,22.783870967741933,14.070967741935483,30.8,0.0,18.45483870967742,Canada,2016A000011124,Percent,239.0,units,0.0,v733833,1.0,4.14,2.0,,,,,,,,2019-07-01
Vancouver,Bachelor units,2019,8,1227.0,23.07741935483871,14.170967741935485,25.8,0.0,18.651612903225807,Canada,2016A000011124,Percent,239.0,units,0.0,v733833,1.0,4.08,2.0,,,,,,,,2019-08-01
Vancouver,Bachelor units,2019,8,1344.0,23.07741935483871,14.170967741935485,25.8,0.0,18.651612903225807,Canada,2016A000011124,Percent,239.0,units,0.0,v733833,1.0,4.08,2.0,,,,,,,,2019-08-01
Vancouver,Bachelor units,2019,8,1227.0,23.07741935483871,14.170967741935485,25.8,0.0,18.651612903225807,Canada,2016A000011124,Percent,239.0,units,0.0,v733833,1.0,4.08,2.0,,,,,,,,2019-08-01
Vancouver,Bachelor units,2019,8,1229.0,23.07741935483871,14.170967741935485,25.8,0.0,18.651612903225807,Canada,2016A000011124,Percent,239.0,units,0.0,v733833,1.0,4.08,2.0,,,,,,,,2019-08-01
Vancouver,Bachelor units,2019,9,1227.0,18.903333333333332,12.163333333333332,122.2,0.0,15.556666666666667,Canada,2016A000011124,Percent,239.0,units,0.0,v733833,1.0,4.07,2.0,,,,,,,,2019-09-01
Vancouver,Bachelor units,2019,9,1344.0,18.903333333333332,12.163333333333332,122.2,0.0,15.556666666666667,Canada,2016A000011124,Percent,239.0,units,0.0,v733833,1.0,4.07,2.0,,,,,,,,2019-09-01
Vancouver,Bachelor units,2019,9,1227.0,18.903333333333332,12.163333333333332,122.2,0.0,15.556666666666667,Canada,2016A000011124,Percent,239.0,units,0.0,v733833,1.0,4.07,2.0,,,,,,,,2019-09-01
Vancouver,Bachelor units,2019,9,1229.0,18.903333333333332,12.163333333333332,122.2,0.0,15.556666666666667,Canada,2016A000011124,Percent,239.0,units,0.0,v733833,1.0,4.07,2.0,,,,,,,,2019-09-01
Vancouver,Bachelor units,2019,10,1227.0,12.180645161290323,5.106451612903226,122.6,0.0,8.667741935483871,Canada,2016A000011124,Percent,239.0,units,0.0,v733833,1.0,4.09,2.0,,,,,,,,2019-10-01
Vancouver,Bachelor units,2019,10,1344.0,12.180645161290323,5.106451612903226,122.6,0.0,8.667741935483871,Canada,2016A000011124,Percent,239.0,units,0.0,v733833,1.0,4.09,2.0,,,,,,,,2019-10-01
Vancouver,Bachelor units,2019,10,1227.0,12.180645161290323,5.106451612903226,122.6,0.0,8.667741935483871,Canada,2016A000011124,Percent,239.0,units,0.0,v733833,1.0,4.09,2.0,,,,,,,,2019-10-01
Vancouver,Bachelor units,2019,10,1229.0,12.180645161290323,5.106451612903226,122.6,0.0,8.667741935483871,Canada,2016A000011124,Percent,239.0,units,0.0,v733833,1.0,4.09,2.0,,,,,,,,2019-10-01
Vancouver,Bachelor units,2019,11,1227.0,9.639999999999999,2.033333333333333,85.7,0.0,5.8566666666666665,Canada,2016A000011124,Percent,239.0,units,0.0,v733833,1.0,4.09,2.0,,,,,,,,2019-11-01
Vancouver,Bachelor units,2019,11,1344.0,9.639999999999999,2.033333333333333,85.7,0.0,5.8566666666666665,Canada,2016A000011124,Percent,239.0,units,0.0,v733833,1.0,4.09,2.0,,,,,,,,2019-11-01
Vancouver,Bachelor units,2019,11,1227.0,9.639999999999999,2.033333333333333,85.7,0.0,5.8566666666666665,Canada,2016A000011124,Percent,239.0,units,0.0,v733833,1.0,4.09,2.0,,,,,,,,2019-11-01
Vancouver,Bachelor units,2019,11,1229.0,9.639999999999999,2.033333333333333,85.7,0.0,5.8566666666666665,Canada,2016A000011124,Percent,239.0,units,0.0,v733833,1.0,4.09,2.0,,,,,,,,2019-11-01
Vancouver,Bachelor units,2019,12,1227.0,7.419354838709677,3.2838709677419353,164.2,0.0,5.380645161290323,Canada,2016A000011124,Percent,239.0,units,0.0,v733833,1.0,4.08,2.0,,,,,,,,2019-12-01
Vancouver,Bachelor units,2019,12,1344.0,7.419354838709677,3.2838709677419353,164.2,0.0,5.380645161290323,Canada,2016A000011124,Percent,239.0,units,0.0,v733833,1.0,4.08,2.0,,,,,,,,2019-12-01
Vancouver,Bachelor units,2019,12,1227.0,7.419354838709677,3.2838709677419353,164.2,0.0,5.380645161290323,Canada,2016A000011124,Percent,239.0,units,0.0,v733833,1.0,4.08,2.0,,,,,,,,2019-12-01
Vancouver,Bachelor units,2019,12,1229.0,7.419354838709677,3.2838709677419353,164.2,0.0,5.380645161290323,Canada,2016A000011124,Percent,239.0,units,0.0,v733833,1.0,4.08,2.0,,,,,,,,2019-12-01
Vancouver,Bachelor units,2020,1,1259.0,7.048387096774194,2.167741935483871,256.6,34.6,4.635483870967741,Canada,2016A000011124,Percent,239.0,units,0.0,v733833,1.0,4.08,2.0,,,,,,,,2020-01-01
Vancouver,Bachelor units,2020,1,1549.0,7.048387096774194,2.167741935483871,256.6,34.6,4.635483870967741,Canada,2016A000011124,Percent,239.0,units,0.0,v733833,1.0,4.08,2.0,,,,,,,,2020-01-01
Vancouver,Bachelor units,2020,1,1258.0,7.048387096774194,2.167741935483871,256.6,34.6,4.635483870967741,Canada,2016A000011124,Percent,239.0,units,0.0,v733833,1.0,4.08,2.0,,,,,,,,2020-01-01
Vancouver,Bachelor units,2020,1,1259.0,7.048387096774194,2.167741935483871,256.6,34.6,4.635483870967741,Canada,2016A000011124,Percent,239.0,units,0.0,v733833,1.0,4.08,2.0,,,,,,,,2020-01-01
Vancouver,Bachelor units,2020,2,1259.0,7.551724137931035,1.806896551724138,91.4,10.8,4.703448275862069,Canada,2016A000011124,Percent,239.0,units,0.0,v733833,1.0,4.08,2.0,,,,,,,,2020-02-01
Vancouver,Bachelor units,2020,2,1549.0,7.551724137931035,1.806896551724138,91.4,10.8,4.703448275862069,Canada,2016A000011124,Percent,239.0,units,0.0,v733833,1.0,4.08,2.0,,,,,,,,2020-02-01
Vancouver,Bachelor units,2020,2,1258.0,7.551724137931035,1.806896551724138,91.4,10.8,4.703448275862069,Canada,2016A000011124,Percent,239.0,units,0.0,v733833,1.0,4.08,2.0,,,,,,,,2020-02-01
Vancouver,Bachelor units,2020,2,1259.0,7.551724137931035,1.806896551724138,91.4,10.8,4.703448275862069,Canada,2016A000011124,Percent,239.0,units,0.0,v733833,1.0,4.08,2.0,,,,,,,,2020-02-01
Vancouver,Bachelor units,2020,3,1259.0,9.541888102037419,2.3721899100668735,40.800000000000004,0.0,5.9850585462092285,Canada,2016A000011124,Percent,239.0,units,0.0,v733833,1.0,3.9,2.0,,,,,,,,2020-03-01
Vancouver,Bachelor units,2020,3,1549.0,9.541888102037419,2.3721899100668735,40.800000000000004,0.0,5.9850585462092285,Canada,2016A000011124,Percent,239.0,units,0.0,v733833,1.0,3.9,2.0,,,,,,,,2020-03-01
Vancouver,Bachelor units,2020,3,1258.0,9.541888102037419,2.3721899100668735,40.800000000000004,0.0,5.9850585462092285,Canada,2016A000011124,Percent,239.0,units,0.0,v733833,1.0,3.9,2.0,,,,,,,,2020-03-01
Vancouver,Bachelor units,2020,3,1259.0,9.541888102037419,2.3721899100668735,40.800000000000004,0.0,5.9850585462092285,Canada,2016A000011124,Percent,239.0,units,0.0,v733833,1.0,3.9,2.0,,,,,,,,2020-03-01
Vancouver,Bachelor units,2020,4,1259.0,13.733333333333333,4.8566666666666665,22.8,0.0,9.31,Canada,2016A000011124,Percent,239.0,units,0.0,v733833,1.0,3.95,2.0,,,,,,,,2020-04-01
Vancouver,Bachelor units,2020,4,1549.0,13.733333333333333,4.8566666666666665,22.8,0.0,9.31,Canada,2016A000011124,Percent,239.0,units,0.0,v733833,1.0,3.95,2.0,,,,,,,,2020-04-01
Vancouver,Bachelor units,2020,4,1258.0,13.733333333333333,4.8566666666666665,22.8,0.0,9.31,Canada,2016A000011124,Percent,239.0,units,0.0,v733833,1.0,3.95,2.0,,,,,,,,2020-04-01
Vancouver,Bachelor units,2020,4,1259.0,13.733333333333333,4.8566666666666665,22.8,0.0,9.31,Canada,2016A000011124,Percent,239.0,units,0.0,v733833,1.0,3.95,2.0,,,,,,,,2020-04-01
Vancouver,Bachelor units,2020,5,1259.0,17.809677419354838,9.53225806451613,56.0,0.0,13.693548387096774,Canada,2016A000011124,Percent,239.0,units,0.0,v733833,1.0,3.86,2.0,,,,,,,,2020-05-01
Vancouver,Bachelor units,2020,5,1549.0,17.809677419354838,9.53225806451613,56.0,0.0,13.693548387096774,Canada,2016A000011124,Percent,239.0,units,0.0,v733833,1.0,3.86,2.0,,,,,,,,2020-05-01
Vancouver,Bachelor units,2020,5,1258.0,17.809677419354838,9.53225806451613,56.0,0.0,13.693548387096774,Canada,2016A000011124,Percent,239.0,units,0.0,v733833,1.0,3.86,2.0,,,,,,,,2020-05-01
Vancouver,Bachelor units,2020,5,1259.0,17.809677419354838,9.53225806451613,56.0,0.0,13.693548387096774,Canada,2016A000011124,Percent,239.0,units,0.0,v733833,1.0,3.86,2.0,,,,,,,,2020-05-01
Vancouver,Bachelor units,2020,6,1259.0,19.146666666666665,11.903333333333334,53.2,0.0,15.553333333333335,Canada,2016A000011124,Percent,239.0,units,0.0,v733833,1.0,3.77,2.0,,,,,,,,2020-06-01
Vancouver,Bachelor units,2020,6,1549.0,19.146666666666665,11.903333333333334,53.2,0.0,15.553333333333335,Canada,2016A000011124,Percent,239.0,units,0.0,v733833,1.0,3.77,2.0,,,,,,,,2020-06-01
Vancouver,Bachelor units,2020,6,1258.0,19.146666666666665,11.903333333333334,53.2,0.0,15.553333333333335,Canada,2016A000011124,Percent,239.0,units,0.0,v733833,1.0,3.77,2.0,,,,,,,,2020-06-01
Vancouver,Bachelor units,2020,6,1259.0,19.146666666666665,11.903333333333334,53.2,0.0,15.553333333333335,Canada,2016A000011124,Percent,239.0,units,0.0,v733833,1.0,3.77,2.0,,,,,,,,2020-06-01
Vancouver,Bachelor units,2020,7,1259.0,21.64516129032258,13.348387096774195,27.199999999999996,0.0,17.519354838709678,Canada,2016A000011124,Percent,239.0,units,0.0,v733833,1.0,3.64,2.0,,,,,,,,2020-07-01
Vancouver,Bachelor units,2020,7,1549.0,21.64516129032258,13.348387096774195,27.199999999999996,0.0,17.519354838709678,Canada,2016A000011124,Percent,239.0,units,0.0,v733833,1.0,3.64,2.0,,,,,,,,2020-07-01
Vancouver,Bachelor units,2020,7,1258.0,21.64516129032258,13.348387096774195,27.199999999999996,0.0,17.519354838709678,Canada,2016A000011124,Percent,239.0,units,0.0,v733833,1.0,3.64,2.0,,,,,,,,2020-07-01
Vancouver,Bachelor units,2020,7,1259.0,21.64516129032258,13.348387096774195,27.199999999999996,0.0,17.519354838709678,Canada,2016A000011124,Percent,239.0,units,0.0,v733833,1.0,3.64,2.0,,,,,,,,2020-07-01
Vancouver,Bachelor units,2020,8,1259.0,22.15806451612903,13.625806451612902,46.5,0.0,17.919354838709676,Canada,2016A000011124,Percent,239.0,units,0.0,v733833,1.0,3.57,2.0,,,,,,,,2020-08-01
Vancouver,Bachelor units,2020,8,1549.0,22.15806451612903,13.625806451612902,46.5,0.0,17.919354838709676,Canada,2016A000011124,Percent,239.0,units,0.0,v733833,1.0,3.57,2.0,,,,,,,,2020-08-01
Vancouver,Bachelor units,2020,8,1258.0,22.15806451612903,13.625806451612902,46.5,0.0,17.919354838709676,Canada,2016A000011124,Percent,239.0,units,0.0,v733833,1.0,3.57,2.0,,,,,,,,2020-08-01
Vancouver,Bachelor units,2020,8,1259.0,22.15806451612903,13.625806451612902,46.5,0.0,17.919354838709676,Canada,2016A000011124,Percent,239.0,units,0.0,v733833,1.0,3.57,2.0,,,,,,,,2020-08-01
Vancouver,Bachelor units,2020,9,1259.0,20.186666666666667,12.456666666666667,59.2,0.0,16.356666666666666,Canada,2016A000011124,Percent,239.0,units,0.0,v733833,1.0,3.51,2.0,,,,,,,,2020-09-01
Vancouver,Bachelor units,2020,9,1549.0,20.186666666666667,12.456666666666667,59.2,0.0,16.356666666666666,Canada,2016A000011124,Percent,239.0,units,0.0,v733833,1.0,3.51,2.0,,,,,,,,2020-09-01
Vancouver,Bachelor units,2020,9,1258.0,20.186666666666667,12.456666666666667,59.2,0.0,16.356666666666666,Canada,2016A000011124,Percent,239.0,units,0.0,v733833,1.0,3.51,2.0,,,,,,,,2020-09-01
Vancouver,Bachelor units,2020,9,1259.0,20.186666666666667,12.456666666666667,59.2,0.0,16.356666666666666,Canada,2016A000011124,Percent,239.0,units,0.0,v733833,1.0,3.51,2.0,,,,,,,,2020-09-01
Vancouver,Bachelor units,2020,10,1259.0,13.364516129032259,7.606451612903226,87.5,0.0,10.503225806451614,Canada,2016A000011124,Percent,239.0,units,0.0,v733833,1.0,3.45,2.0,,,,,,,,2020-10-01
Vancouver,Bachelor units,2020,10,1549.0,13.364516129032259,7.606451612903226,87.5,0.0,10.503225806451614,Canada,2016A000011124,Percent,239.0,units,0.0,v733833,1.0,3.45,2.0,,,,,,,,2020-10-01
Vancouver,Bachelor units,2020,10,1258.0,13.364516129032259,7.606451612903226,87.5,0.0,10.503225806451614,Canada,2016A000011124,Percent,239.0,units,0.0,v733833,1.0,3.45,2.0,,,,,,,,2020-10-01
Vancouver,Bachelor units,2020,10,1259.0,13.364516129032259,7.606451612903226,87.5,0.0,10.503225806451614,Canada,2016A000011124,Percent,239.0,units,0.0,v733833,1.0,3.45,2.0,,,,,,,,2020-10-01
Vancouver,Bachelor units,2020,11,1259.0,9.226666666666667,3.7133333333333334,189.3,0.0,6.496666666666667,Canada,2016A000011124,Percent,239.0,units,0.0,v733833,1.0,3.42,2.0,,,,,,,,2020-11-01
Vancouver,Bachelor units,2020,11,1549.0,9.226666666666667,3.7133333333333334,189.3,0.0,6.496666666666667,Canada,2016A000011124,Percent,239.0,units,0.0,v733833,1.0,3.42,2.0,,,,,,,,2020-11-01
Vancouver,Bachelor units,2020,11,1258.0,9.226666666666667,3.7133333333333334,189.3,0.0,6.496666666666667,Canada,2016A000011124,Percent,239.0,units,0.0,v733833,1.0,3.42,2.0,,,,,,,,2020-11-01
Vancouver,Bachelor units,2020,11,1259.0,9.226666666666667,3.7133333333333334,189.3,0.0,6.496666666666667,Canada,2016A000011124,Percent,239.0,units,0.0,v733833,1.0,3.42,2.0,,,,,,,,2020-11-01
Vancouver,Bachelor units,2020,12,1259.0,7.83225806451613,2.52258064516129,209.9,0.0,5.199999999999999,Canada,2016A000011124,Percent,239.0,units,0.0,v733833,1.0,3.34,2.0,,,,,,,,2020-12-01
Vancouver,Bachelor units,2020,12,1549.0,7.83225806451613,2.52258064516129,209.9,0.0,5.199999999999999,Canada,2016A000011124,Percent,239.0,units,0.0,v733833,1.0,3.34,2.0,,,,,,,,2020-12-01
Vancouver,Bachelor units,2020,12,1258.0,7.83225806451613,2.52258064516129,209.9,0.0,5.199999999999999,Canada,2016A000011124,Percent,239.0,units,0.0,v733833,1.0,3.34,2.0,,,,,,,,2020-12-01
Vancouver,Bachelor units,2020,12,1259.0,7.83225806451613,2.52258064516129,209.9,0.0,5.199999999999999,Canada,2016A000011124,Percent,239.0,units,0.0,v733833,1.0,3.34,2.0,,,,,,,,2020-12-01
Vancouver,Bachelor units,2021,1,1302.0,7.82258064516129,2.674193548387097,175.70000000000002,0.0,5.267741935483872,Canada,2016A000011124,Percent,239.0,units,0.0,v733833,1.0,3.3,2.0,8.9,22.0,,,,,,2021-01-01
Vancouver,Bachelor units,2021,1,1488.0,7.82258064516129,2.674193548387097,175.70000000000002,0.0,5.267741935483872,Canada,2016A000011124,Percent,239.0,units,0.0,v733833,1.0,3.3,2.0,8.9,22.0,,,,,,2021-01-01
Vancouver,Bachelor units,2021,1,1301.0,7.82258064516129,2.674193548387097,175.70000000000002,0.0,5.267741935483872,Canada,2016A000011124,Percent,239.0,units,0.0,v733833,1.0,3.3,2.0,8.9,22.0,,,,,,2021-01-01
Vancouver,Bachelor units,2021,1,1302.0,7.82258064516129,2.674193548387097,175.70000000000002,0.0,5.267741935483872,Canada,2016A000011124,Percent,239.0,units,0.0,v733833,1.0,3.3,2.0,8.9,22.0,,,,,,2021-01-01
Vancouver,Bachelor units,2021,2,1302.0,6.082142857142857,0.7107142857142857,83.1,12.600000000000001,3.4107142857142856,Canada,2016A000011124,Percent,239.0,units,0.0,v733833,1.0,3.25,2.0,8.9,22.0,,,,,,2021-02-01
Vancouver,Bachelor units,2021,2,1488.0,6.082142857142857,0.7107142857142857,83.1,12.600000000000001,3.4107142857142856,Canada,2016A000011124,Percent,239.0,units,0.0,v733833,1.0,3.25,2.0,8.9,22.0,,,,,,2021-02-01
Vancouver,Bachelor units,2021,2,1301.0,6.082142857142857,0.7107142857142857,83.1,12.600000000000001,3.4107142857142856,Canada,2016A000011124,Percent,239.0,units,0.0,v733833,1.0,3.25,2.0,8.9,22.0,,,,,,2021-02-01
Vancouver,Bachelor units,2021,2,1302.0,6.082142857142857,0.7107142857142857,83.1,12.600000000000001,3.4107142857142856,Canada,2016A000011124,Percent,239.0,units,0.0,v733833,1.0,3.25,2.0,8.9,22.0,,,,,,2021-02-01
Vancouver,Bachelor units,2021,3,1302.0,9.980645161290322,2.519354838709677,34.0,0.0,6.270967741935484,Canada,2016A000011124,Percent,239.0,units,0.0,v733833,1.0,3.26,2.0,8.9,22.0,,,,,,2021-03-01
Vancouver,Bachelor units,2021,3,1488.0,9.980645161290322,2.519354838709677,34.0,0.0,6.270967741935484,Canada,2016A000011124,Percent,239.0,units,0.0,v733833,1.0,3.26,2.0,8.9,22.0,,,,,,2021-03-01
Vancouver,Bachelor units,2021,3,1301.0,9.980645161290322,2.519354838709677,34.0,0.0,6.270967741935484,Canada,2016A000011124,Percent,239.0,units,0.0,v733833,1.0,3.26,2.0,8.9,22.0,,,,,,2021-03-01
Vancouver,Bachelor units,2021,3,1302.0,9.980645161290322,2.519354838709677,34.0,0.0,6.270967741935484,Canada,2016A000011124,Percent,239.0,units,0.0,v733833,1.0,3.26,2.0,8.9,22.0,,,,,,2021-03-01
Vancouver,Bachelor units,2021,4,1302.0,13.74,4.96,38.0,0.0,9.373333333333333,Canada,2016A000011124,Percent,239.0,units,0.0,v733833,1.0,3.25,2.0,8.9,22.0,,,,,,2021-04-01
Vancouver,Bachelor units,2021,4,1488.0,13.74,4.96,38.0,0.0,9.373333333333333,Canada,2016A000011124,Percent,239.0,units,0.0,v733833,1.0,3.25,2.0,8.9,22.0,,,,,,2021-04-01
Vancouver,Bachelor units,2021,4,1301.0,13.74,4.96,38.0,0.0,9.373333333333333,Canada,2016A000011124,Percent,239.0,units,0.0,v733833,1.0,3.25,2.0,8.9,22.0,,,,,,2021-04-01
Vancouver,Bachelor units,2021,4,1302.0,13.74,4.96,38.0,0.0,9.373333333333333,Canada,2016A000011124,Percent,239.0,units,0.0,v733833,1.0,3.25,2.0,8.9,22.0,,,,,,2021-04-01
Vancouver,Bachelor units,2021,5,1302.0,16.231167001754407,8.545568679699711,30.2,0.0,12.410073278843937,Canada,2016A000011124,Percent,239.0,units,0.0,v733833,1.0,3.25,2.0,8.9,22.0,,,,,,2021-05-01
Vancouver,Bachelor units,2021,5,1488.0,16.231167001754407,8.545568679699711,30.2,0.0,12.410073278843937,Canada,2016A000011124,Percent,239.0,units,0.0,v733833,1.0,3.25,2.0,8.9,22.0,,,,,,2021-05-01
Vancouver,Bachelor units,2021,5,1301.0,16.231167001754407,8.545568679699711,30.2,0.0,12.410073278843937,Canada,2016A000011124,Percent,239.0,units,0.0,v733833,1.0,3.25,2.0,8.9,22.0,,,,,,2021-05-01
Vancouver,Bachelor units,2021,5,1302.0,16.231167001754407,8.545568679699711,30.2,0.0,12.410073278843937,Canada,2016A000011124,Percent,239.0,units,0.0,v733833,1.0,3.25,2.0,8.9,22.0,,,,,,2021-05-01
Vancouver,Bachelor units,2021,6,1302.0,21.871078470292446,12.754175271379403,37.2,0.0,17.337484776277467,Canada,2016A000011124,Percent,239.0,units,0.0,v733833,1.0,3.26,2.0,8.9,22.0,,,,,,2021-06-01
Vancouver,Bachelor units,2021,6,1488.0,21.871078470292446,12.754175271379403,37.2,0.0,17.337484776277467,Canada,2016A000011124,Percent,239.0,units,0.0,v733833,1.0,3.26,2.0,8.9,22.0,,,,,,2021-06-01
Vancouver,Bachelor units,2021,6,1301.0,21.871078470292446,12.754175271379403,37.2,0.0,17.337484776277467,Canada,2016A000011124,Percent,239.0,units,0.0,v733833,1.0,3.26,2.0,8.9,22.0,,,,,,2021-06-01
Vancouver,Bachelor units,2021,6,1302.0,21.871078470292446,12.754175271379403,37.2,0.0,17.337484776277467,Canada,2016A000011124,Percent,239.0,units,0.0,v733833,1.0,3.26,2.0,8.9,22.0,,,,,,2021-06-01
Vancouver,Bachelor units,2021,7,1302.0,24.0258064516129,14.606451612903227,0.0,0.0,19.351612903225806,Canada,2016A000011124,Percent,239.0,units,0.0,v733833,1.0,3.2,2.0,8.9,22.0,,,,,,2021-07-01
Vancouver,Bachelor units,2021,7,1488.0,24.0258064516129,14.606451612903227,0.0,0.0,19.351612903225806,Canada,2016A000011124,Percent,239.0,units,0.0,v733833,1.0,3.2,2.0,8.9,22.0,,,,,,2021-07-01
Vancouver,Bachelor units,2021,7,1301.0,24.0258064516129,14.606451612903227,0.0,0.0,19.351612903225806,Canada,2016A000011124,Percent,239.0,units,0.0,v733833,1.0,3.2,2.0,8.9,22.0,,,,,,2021-07-01
Vancouver,Bachelor units,2021,7,1302.0,24.0258064516129,14.606451612903227,0.0,0.0,19.351612903225806,Canada,2016A000011124,Percent,239.0,units,0.0,v733833,1.0,3.2,2.0,8.9,22.0,,,,,,2021-07-01
Vancouver,Bachelor units,2021,8,1302.0,23.048387096774192,14.612903225806452,36.7,0.0,18.861290322580647,Canada,2016A000011124,Percent,239.0,units,0.0,v733833,1.0,3.2,2.0,8.9,22.0,,,,,,2021-08-01
Vancouver,Bachelor units,2021,8,1488.0,23.048387096774192,14.612903225806452,36.7,0.0,18.861290322580647,Canada,2016A000011124,Percent,239.0,units,0.0,v733833,1.0,3.2,2.0,8.9,22.0,,,,,,2021-08-01
Vancouver,Bachelor units,2021,8,1301.0,23.048387096774192,14.612903225806452,36.7,0.0,18.861290322580647,Canada,2016A000011124,Percent,239.0,units,0.0,v733833,1.0,3.2,2.0,8.9,22.0,,,,,,2021-08-01
Vancouver,Bachelor units,2021,8,1302.0,23.048387096774192,14.612903225806452,36.7,0.0,18.861290322580647,Canada,2016A000011124,Percent,239.0,units,0.0,v733833,1.0,3.2,2.0,8.9,22.0,,,,,,2021-08-01
Vancouver,Bachelor units,2021,9,1302.0,18.586666666666666,11.523333333333333,155.0,0.0,15.076666666666666,Canada,2016A000011124,Percent,239.0,units,0.0,v733833,1.0,3.22,2.0,8.9,22.0,,,,,,2021-09-01
Vancouver,Bachelor units,2021,9,1488.0,18.586666666666666,11.523333333333333,155.0,0.0,15.076666666666666,Canada,2016A000011124,Percent,239.0,units,0.0,v733833,1.0,3.22,2.0,8.9,22.0,,,,,,2021-09-01
Vancouver,Bachelor units,2021,9,1301.0,18.586666666666666,11.523333333333333,155.0,0.0,15.076666666666666,Canada,2016A000011124,Percent,239.0,units,0.0,v733833,1.0,3.22,2.0,8.9,22.0,,,,,,2021-09-01
Vancouver,Bachelor units,2021,9,1302.0,18.586666666666666,11.523333333333333,155.0,0.0,15.076666666666666,Canada,2016A000011124,Percent,239.0,units,0.0,v733833,1.0,3.22,2.0,8.9,22.0,,,,,,2021-09-01
Vancouver,Bachelor units,2021,10,1302.0,12.506451612903225,6.780645161290322,148.4,0.0,9.66451612903226,Canada,2016A000011124,Percent,239.0,units,0.0,v733833,1.0,3.29,2.0,8.9,22.0,,,,,,2021-10-01
Vancouver,Bachelor units,2021,10,1488.0,12.506451612903225,6.780645161290322,148.4,0.0,9.66451612903226,Canada,2016A000011124,Percent,239.0,units,0.0,v733833,1.0,3.29,2.0,8.9,22.0,,,,,,2021-10-01
Vancouver,Bachelor units,2021,10,1301.0,12.506451612903225,6.780645161290322,148.4,0.0,9.66451612903226,Canada,2016A000011124,Percent,239.0,units,0.0,v733833,1.0,3.29,2.0,8.9,22.0,,,,,,2021-10-01
Vancouver,Bachelor units,2021,10,1302.0,12.506451612903225,6.780645161290322,148.4,0.0,9.66451612903226,Canada,2016A000011124,Percent,239.0,units,0.0,v733833,1.0,3.29,2.0,8.9,22.0,,,,,,2021-10-01
Vancouver,Bachelor units,2021,11,1302.0,10.268872568479557,4.900420969023034,312.4,0.0,7.6204090548054015,Canada,2016A000011124,Percent,239.0,units,0.0,v733833,1.0,3.4,2.0,8.9,22.0,,,,,,2021-11-01
Vancouver,Bachelor units,2021,11,1488.0,10.268872568479557,4.900420969023034,312.4,0.0,7.6204090548054015,Canada,2016A000011124,Percent,239.0,units,0.0,v733833,1.0,3.4,2.0,8.9,22.0,,,,,,2021-11-01
Vancouver,Bachelor units,2021,11,1301.0,10.268872568479557,4.900420969023034,312.4,0.0,7.6204090548054015,Canada,2016A000011124,Percent,239.0,units,0.0,v733833,1.0,3.4,2.0,8.9,22.0,,,,,,2021-11-01
Vancouver,Bachelor units,2021,11,1302.0,10.268872568479557,4.900420969023034,312.4,0.0,7.6204090548054015,Canada,2016A000011124,Percent,239.0,units,0.0,v733833,1.0,3.4,2.0,8.9,22.0,,,,,,2021-11-01
Vancouver,Bachelor units,2021,12,1302.0,3.967741935483871,-2.2806451612903227,104.9,35.7,0.8612903225806451,Canada,2016A000011124,Percent,239.0,units,0.0,v733833,1.0,3.45,2.0,8.9,22.0,,,,,,2021-12-01
Vancouver,Bachelor units,2021,12,1488.0,3.967741935483871,-2.2806451612903227,104.9,35.7,0.8612903225806451,Canada,2016A000011124,Percent,239.0,units,0.0,v733833,1.0,3.45,2.0,8.9,22.0,,,,,,2021-12-01
Vancouver,Bachelor units,2021,12,1301.0,3.967741935483871,-2.2806451612903227,104.9,35.7,0.8612903225806451,Canada,2016A000011124,Percent,239.0,units,0.0,v733833,1.0,3.45,2.0,8.9,22.0,,,,,,2021-12-01
Vancouver,Bachelor units,2021,12,1302.0,3.967741935483871,-2.2806451612903227,104.9,35.7,0.8612903225806451,Canada,2016A000011124,Percent,239.0,units,0.0,v733833,1.0,3.45,2.0,8.9,22.0,,,,,,2021-12-01
Vancouver,Bachelor units,2022,1,1378.0,6.45483870967742,1.6258064516129032,147.29999999999998,17.0,4.064516129032258,Canada,2016A000011124,Percent,239.0,units,0.0,v733833,1.0,3.44,2.0,8.1,23.0,,,,,,2022-01-01
Vancouver,Bachelor units,2022,1,1545.0,6.45483870967742,1.6258064516129032,147.29999999999998,17.0,4.064516129032258,Canada,2016A000011124,Percent,239.0,units,0.0,v733833,1.0,3.44,2.0,8.1,23.0,,,,,,2022-01-01
Vancouver,Bachelor units,2022,1,1378.0,6.45483870967742,1.6258064516129032,147.29999999999998,17.0,4.064516129032258,Canada,2016A000011124,Percent,239.0,units,0.0,v733833,1.0,3.44,2.0,8.1,23.0,,,,,,2022-01-01
Vancouver,Bachelor units,2022,1,1380.0,6.45483870967742,1.6258064516129032,147.29999999999998,17.0,4.064516129032258,Canada,2016A000011124,Percent,239.0,units,0.0,v733833,1.0,3.44,2.0,8.1,23.0,,,,,,2022-01-01
Vancouver,Bachelor units,2022,2,1378.0,7.496428571428572,1.1821428571428572,59.7,2.2,4.357142857142857,Canada,2016A000011124,Percent,239.0,units,0.0,v733833,1.0,3.58,2.0,8.1,23.0,,,,,,2022-02-01
Vancouver,Bachelor units,2022,2,1545.0,7.496428571428572,1.1821428571428572,59.7,2.2,4.357142857142857,Canada,2016A000011124,Percent,239.0,units,0.0,v733833,1.0,3.58,2.0,8.1,23.0,,,,,,2022-02-01
Vancouver,Bachelor units,2022,2,1378.0,7.496428571428572,1.1821428571428572,59.7,2.2,4.357142857142857,Canada,2016A000011124,Percent,239.0,units,0.0,v733833,1.0,3.58,2.0,8.1,23.0,,,,,,2022-02-01
Vancouver,Bachelor units,2022,2,1380.0,7.496428571428572,1.1821428571428572,59.7,2.2,4.357142857142857,Canada,2016A000011124,Percent,239.0,units,0.0,v733833,1.0,3.58,2.0,8.1,23.0,,,,,,2022-02-01
Vancouver,Bachelor units,2022,3,1378.0,10.245161290322581,4.193548387096774,153.0,0.0,7.245161290322581,Canada,2016A000011124,Percent,239.0,units,0.0,v733833,1.0,3.77,2.0,8.1,23.0,,,,,,2022-03-01
Vancouver,Bachelor units,2022,3,1545.0,10.245161290322581,4.193548387096774,153.0,0.0,7.245161290322581,Canada,2016A000011124,Percent,239.0,units,0.0,v733833,1.0,3.77,2.0,8.1,23.0,,,,,,2022-03-01
Vancouver,Bachelor units,2022,3,1378.0,10.245161290322581,4.193548387096774,153.0,0.0,7.245161290322581,Canada,2016A000011124,Percent,239.0,units,0.0,v733833,1.0,3.77,2.0,8.1,23.0,,,,,,2022-03-01
Vancouver,Bachelor units,2022,3,1380.0,10.245161290322581,4.193548387096774,153.0,0.0,7.245161290322581,Canada,2016A000011124,Percent,239.0,units,0.0,v733833,1.0,3.77,2.0,8.1,23.0,,,,,,2022-03-01
Vancouver,Bachelor units,2022,4,1378.0,11.78,4.113333333333333,94.60000000000001,0.0,7.9766666666666675,Canada,2016A000011124,Percent,239.0,units,0.0,v733833,1.0,4.19,2.0,8.1,23.0,,,,,,2022-04-01
Vancouver,Bachelor units,2022,4,1545.0,11.78,4.113333333333333,94.60000000000001,0.0,7.9766666666666675,Canada,2016A000011124,Percent,239.0,units,0.0,v733833,1.0,4.19,2.0,8.1,23.0,,,,,,2022-04-01
Vancouver,Bachelor units,2022,4,1378.0,11.78,4.113333333333333,94.60000000000001,0.0,7.9766666666666675,Canada,2016A000011124,Percent,239.0,units,0.0,v733833,1.0,4.19,2.0,8.1,23.0,,,,,,2022-04-01
Vancouver,Bachelor units,2022,4,1380.0,11.78,4.113333333333333,94.60000000000001,0.0,7.9766666666666675,Canada,2016A000011124,Percent,239.0,units,0.0,v733833,1.0,4.19,2.0,8.1,23.0,,,,,,2022-04-01
Vancouver,Bachelor units,2022,5,1378.0,14.80858635659312,8.032665453893259,92.1,0.0,11.442331343360067,Canada,2016A000011124,Percent,239.0,units,0.0,v733833,1.0,4.63,2.0,8.1,23.0,,,,,,2022-05-01
Vancouver,Bachelor units,2022,5,1545.0,14.80858635659312,8.032665453893259,92.1,0.0,11.442331343360067,Canada,2016A000011124,Percent,239.0,units,0.0,v733833,1.0,4.63,2.0,8.1,23.0,,,,,,2022-05-01
Vancouver,Bachelor units,2022,5,1378.0,14.80858635659312,8.032665453893259,92.1,0.0,11.442331343360067,Canada,2016A000011124,Percent,239.0,units,0.0,v733833,1.0,4.63,2.0,8.1,23.0,,,,,,2022-05-01
Vancouver,Bachelor units,2022,5,1380.0,14.80858635659312,8.032665453893259,92.1,0.0,11.442331343360067,Canada,2016A000011124,Percent,239.0,units,0.0,v733833,1.0,4.63,2.0,8.1,23.0,,,,,,2022-05-01
Vancouver,Bachelor units,2022,6,1378.0,19.31,11.853333333333333,69.7,0.0,15.610000000000001,Canada,2016A000011124,Percent,239.0,units,0.0,v733833,1.0,5.05,2.0,8.1,23.0,,,,,,2022-06-01
Vancouver,Bachelor units,2022,6,1545.0,19.31,11.853333333333333,69.7,0.0,15.610000000000001,Canada,2016A000011124,Percent,239.0,units,0.0,v733833,1.0,5.05,2.0,8.1,23.0,,,,,,2022-06-01
Vancouver,Bachelor units,2022,6,1378.0,19.31,11.853333333333333,69.7,0.0,15.610000000000001,Canada,2016A000011124,Percent,239.0,units,0.0,v733833,1.0,5.05,2.0,8.1,23.0,,,,,,2022-06-01
Vancouver,Bachelor units,2022,6,1380.0,19.31,11.853333333333333,69.7,0.0,15.610000000000001,Canada,2016A000011124,Percent,239.0,units,0.0,v733833,1.0,5.05,2.0,8.1,23.0,,,,,,2022-06-01
Vancouver,Bachelor units,2022,7,1378.0,22.60858635659312,14.613310615183583,27.9,0.0,18.632653924005226,Canada,2016A000011124,Percent,239.0,units,0.0,v733833,1.0,5.51,2.0,8.1,23.0,,,,,,2022-07-01
Vancouver,Bachelor units,2022,7,1545.0,22.60858635659312,14.613310615183583,27.9,0.0,18.632653924005226,Canada,2016A000011124,Percent,239.0,units,0.0,v733833,1.0,5.51,2.0,8.1,23.0,,,,,,2022-07-01
Vancouver,Bachelor units,2022,7,1378.0,22.60858635659312,14.613310615183583,27.9,0.0,18.632653924005226,Canada,2016A000011124,Percent,239.0,units,0.0,v733833,1.0,5.51,2.0,8.1,23.0,,,,,,2022-07-01
Vancouver,Bachelor units,2022,7,1380.0,22.60858635659312,14.613310615183583,27.9,0.0,18.632653924005226,Canada,2016A000011124,Percent,239.0,units,0.0,v733833,1.0,5.51,2.0,8.1,23.0,,,,,,2022-07-01
Vancouver,Bachelor units,2022,8,1378.0,23.135436489134193,14.64638345845397,6.4,0.0,18.90763919137052,Canada,2016A000011124,Percent,239.0,units,0.0,v733833,1.0,5.58,2.0,8.1,23.0,,,,,,2022-08-01
Vancouver,Bachelor units,2022,8,1545.0,23.135436489134193,14.64638345845397,6.4,0.0,18.90763919137052,Canada,2016A000011124,Percent,239.0,units,0.0,v733833,1.0,5.58,2.0,8.1,23.0,,,,,,2022-08-01
Vancouver,Bachelor units,2022,8,1378.0,23.135436489134193,14.64638345845397,6.4,0.0,18.90763919137052,Canada,2016A000011124,Percent,239.0,units,0.0,v733833,1.0,5.58,2.0,8.1,23.0,,,,,,2022-08-01
Vancouver,Bachelor units,2022,8,1380.0,23.135436489134193,14.64638345845397,6.4,0.0,18.90763919137052,Canada,2016A000011124,Percent,239.0,units,0.0,v733833,1.0,5.58,2.0,8.1,23.0,,,,,,2022-08-01
Vancouver,Bachelor units,2022,9,1378.0,20.071078470292445,11.180841938046068,7.000000000000001,0.0,15.65748477627747,Canada,2016A000011124,Percent,239.0,units,0.0,v733833,1.0,5.64,2.0,8.1,23.0,,,,,,2022-09-01
Vancouver,Bachelor units,2022,9,1545.0,20.071078470292445,11.180841938046068,7.000000000000001,0.0,15.65748477627747,Canada,2016A000011124,Percent,239.0,units,0.0,v733833,1.0,5.64,2.0,8.1,23.0,,,,,,2022-09-01
Vancouver,Bachelor units,2022,9,1378.0,20.071078470292445,11.180841938046068,7.000000000000001,0.0,15.65748477627747,Canada,2016A000011124,Percent,239.0,units,0.0,v733833,1.0,5.64,2.0,8.1,23.0,,,,,,2022-09-01
Vancouver,Bachelor units,2022,9,1380.0,20.071078470292445,11.180841938046068,7.000000000000001,0.0,15.65748477627747,Canada,2016A000011124,Percent,239.0,units,0.0,v733833,1.0,5.64,2.0,8.1,23.0,,,,,,2022-09-01
Vancouver,Bachelor units,2022,10,1378.0,16.082779904980217,7.858471905506161,88.7,0.0,12.000395859489098,Canada,2016A000011124,Percent,239.0,units,0.0,v733833,1.0,5.75,2.0,8.1,23.0,,,,,,2022-10-01
Vancouver,Bachelor units,2022,10,1545.0,16.082779904980217,7.858471905506161,88.7,0.0,12.000395859489098,Canada,2016A000011124,Percent,239.0,units,0.0,v733833,1.0,5.75,2.0,8.1,23.0,,,,,,2022-10-01
Vancouver,Bachelor units,2022,10,1378.0,16.082779904980217,7.858471905506161,88.7,0.0,12.000395859489098,Canada,2016A000011124,Percent,239.0,units,0.0,v733833,1.0,5.75,2.0,8.1,23.0,,,,,,2022-10-01
Vancouver,Bachelor units,2022,10,1380.0,16.082779904980217,7.858471905506161,88.7,0.0,12.000395859489098,Canada,2016A000011124,Percent,239.0,units,0.0,v733833,1.0,5.75,2.0,8.1,23.0,,,,,,2022-10-01
Vancouver,Bachelor units,2022,11,1378.0,7.483333333333333,0.33333333333333326,113.8,12.0,3.933333333333333,Canada,2016A000011124,Percent,239.0,units,0.0,v733833,1.0,5.88,2.0,8.1,23.0,,,,,,2022-11-01
Vancouver,Bachelor units,2022,11,1545.0,7.483333333333333,0.33333333333333326,113.8,12.0,3.933333333333333,Canada,2016A000011124,Percent,239.0,units,0.0,v733833,1.0,5.88,2.0,8.1,23.0,,,,,,2022-11-01
Vancouver,Bachelor units,2022,11,1378.0,7.483333333333333,0.33333333333333326,113.8,12.0,3.933333333333333,Canada,2016A000011124,Percent,239.0,units,0.0,v733833,1.0,5.88,2.0,8.1,23.0,,,,,,2022-11-01
Vancouver,Bachelor units,2022,11,1380.0,7.483333333333333,0.33333333333333326,113.8,12.0,3.933333333333333,Canada,2016A000011124,Percent,239.0,units,0.0,v733833,1.0,5.88,2.0,8.1,23.0,,,,,,2022-11-01
Vancouver,Bachelor units,2022,12,1378.0,4.138709677419355,-1.3419354838709676,187.8,41.8,1.4064516129032258,Canada,2016A000011124,Percent,239.0,units,0.0,v733833,1.0,5.89,2.0,8.1,23.0,,,,,,2022-12-01
Vancouver,Bachelor units,2022,12,1545.0,4.138709677419355,-1.3419354838709676,187.8,41.8,1.4064516129032258,Canada,2016A000011124,Percent,239.0,units,0.0,v733833,1.0,5.89,2.0,8.1,23.0,,,,,,2022-12-01
Vancouver,Bachelor units,2022,12,1378.0,4.138709677419355,-1.3419354838709676,187.8,41.8,1.4064516129032258,Canada,2016A000011124,Percent,239.0,units,0.0,v733833,1.0,5.89,2.0,8.1,23.0,,,,,,2022-12-01
Vancouver,Bachelor units,2022,12,1380.0,4.138709677419355,-1.3419354838709676,187.8,41.8,1.4064516129032258,Canada,2016A000011124,Percent,239.0,units,0.0,v733833,1.0,5.89,2.0,8.1,23.0,,,,,,2022-12-01
Vancouver,Bachelor units,2023,1,1489.0,7.851612903225806,2.883870967741936,122.69999999999999,2.8,5.387096774193548,Canada,2016A000011124,Percent,239.0,units,0.0,v733833,1.0,5.86,2.0,,,0.0,138.0,42.0,0.0,,2023-01-01
Vancouver,Bachelor units,2023,1,1805.0,7.851612903225806,2.883870967741936,122.69999999999999,2.8,5.387096774193548,Canada,2016A000011124,Percent,239.0,units,0.0,v733833,1.0,5.86,2.0,,,0.0,138.0,42.0,0.0,,2023-01-01
Vancouver,Bachelor units,2023,1,1486.0,7.851612903225806,2.883870967741936,122.69999999999999,2.8,5.387096774193548,Canada,2016A000011124,Percent,239.0,units,0.0,v733833,1.0,5.86,2.0,,,0.0,138.0,42.0,0.0,,2023-01-01
Vancouver,Bachelor units,2023,1,1489.0,7.851612903225806,2.883870967741936,122.69999999999999,2.8,5.387096774193548,Canada,2016A000011124,Percent,239.0,units,0.0,v733833,1.0,5.86,2.0,,,0.0,138.0,42.0,0.0,,2023-01-01
Vancouver,Bachelor units,2023,2,1489.0,6.814285714285715,1.4821428571428572,74.8,26.2,4.171428571428572,Canada,2016A000011124,Percent,239.0,units,0.0,v733833,1.0,5.81,2.0,,,0.0,138.0,42.0,0.0,,2023-02-01
Vancouver,Bachelor units,2023,2,1805.0,6.814285714285715,1.4821428571428572,74.8,26.2,4.171428571428572,Canada,2016A000011124,Percent,239.0,units,0.0,v733833,1.0,5.81,2.0,,,0.0,138.0,42.0,0.0,,2023-02-01
Vancouver,Bachelor units,2023,2,1486.0,6.814285714285715,1.4821428571428572,74.8,26.2,4.171428571428572,Canada,2016A000011124,Percent,239.0,units,0.0,v733833,1.0,5.81,2.0,,,0.0,138.0,42.0,0.0,,2023-02-01
Vancouver,Bachelor units,2023,2,1489.0,6.814285714285715,1.4821428571428572,74.8,26.2,4.171428571428572,Canada,2016A000011124,Percent,239.0,units,0.0,v733833,1.0,5.81,2.0,,,0.0,138.0,42.0,0.0,,2023-02-01
Vancouver,Bachelor units,2023,3,1489.0,9.940844421109247,2.30040738937713,38.4,0.3,6.142331343360065,Canada,2016A000011124,Percent,239.0,units,0.0,v733833,1.0,5.81,2.0,,,0.0,138.0,42.0,0.0,,2023-03-01
Vancouver,Bachelor units,2023,3,1805.0,9.940844421109247,2.30040738937713,38.4,0.3,6.142331343360065,Canada,2016A000011124,Percent,239.0,units,0.0,v733833,1.0,5.81,2.0,,,0.0,138.0,42.0,0.0,,2023-03-01
Vancouver,Bachelor units,2023,3,1486.0,9.940844421109247,2.30040738937713,38.4,0.3,6.142331343360065,Canada,2016A000011124,Percent,239.0,units,0.0,v733833,1.0,5.81,2.0,,,0.0,138.0,42.0,0.0,,2023-03-01
Vancouver,Bachelor units,2023,3,1489.0,9.940844421109247,2.30040738937713,38.4,0.3,6.142331343360065,Canada,2016A000011124,Percent,239.0,units,0.0,v733833,1.0,5.81,2.0,,,0.0,138.0,42.0,0.0,,2023-03-01
Vancouver,Bachelor units,2023,4,1489.0,12.105539235146221,5.043754302356367,99.2,0.4,8.6004090548054,Canada,2016A000011124,Percent,239.0,units,0.0,v733833,1.0,5.75,2.0,,,0.0,138.0,42.0,0.0,,2023-04-01
Vancouver,Bachelor units,2023,4,1805.0,12.105539235146221,5.043754302356367,99.2,0.4,8.6004090548054,Canada,2016A000011124,Percent,239.0,units,0.0,v733833,1.0,5.75,2.0,,,0.0,138.0,42.0,0.0,,2023-04-01
Vancouver,Bachelor units,2023,4,1486.0,12.105539235146221,5.043754302356367,99.2,0.4,8.6004090548054,Canada,2016A000011124,Percent,239.0,units,0.0,v733833,1.0,5.75,2.0,,,0.0,138.0,42.0,0.0,,2023-04-01
Vancouver,Bachelor units,2023,4,1489.0,12.105539235146221,5.043754302356367,99.2,0.4,8.6004090548054,Canada,2016A000011124,Percent,239.0,units,0.0,v733833,1.0,5.75,2.0,,,0.0,138.0,42.0,0.0,,2023-04-01
Vancouver,Bachelor units,2023,5,1489.0,18.817172713186235,10.016943811012323,16.1,0.0,14.442727202849163,Canada,2016A000011124,Percent,239.0,units,0.0,v733833,1.0,5.74,2.0,,,0.0,138.0,42.0,0.0,,2023-05-01
Vancouver,Bachelor units,2023,5,1805.0,18.817172713186235,10.016943811012323,16.1,0.0,14.442727202849163,Canada,2016A000011124,Percent,239.0,units,0.0,v733833,1.0,5.74,2.0,,,0.0,138.0,42.0,0.0,,2023-05-01
Vancouver,Bachelor units,2023,5,1486.0,18.817172713186235,10.016943811012323,16.1,0.0,14.442727202849163,Canada,2016A000011124,Percent,239.0,units,0.0,v733833,1.0,5.74,2.0,,,0.0,138.0,42.0,0.0,,2023-05-01
Vancouver,Bachelor units,2023,5,1489.0,18.817172713186235,10.016943811012323,16.1,0.0,14.442727202849163,Canada,2016A000011124,Percent,239.0,units,0.0,v733833,1.0,5.74,2.0,,,0.0,138.0,42.0,0.0,,2023-05-01
Vancouver,Bachelor units,2023,6,1489.0,20.506666666666668,11.786666666666667,19.9,0.0,16.173333333333332,Canada,2016A000011124,Percent,239.0,units,0.0,v733833,1.0,5.85,2.0,,,0.0,138.0,42.0,0.0,,2023-06-01
Vancouver,Bachelor units,2023,6,1805.0,20.506666666666668,11.786666666666667,19.9,0.0,16.173333333333332,Canada,2016A000011124,Percent,239.0,units,0.0,v733833,1.0,5.85,2.0,,,0.0,138.0,42.0,0.0,,2023-06-01
Vancouver,Bachelor units,2023,6,1486.0,20.506666666666668,11.786666666666667,19.9,0.0,16.173333333333332,Canada,2016A000011124,Percent,239.0,units,0.0,v733833,1.0,5.85,2.0,,,0.0,138.0,42.0,0.0,,2023-06-01
Vancouver,Bachelor units,2023,6,1489.0,20.506666666666668,11.786666666666667,19.9,0.0,16.173333333333332,Canada,2016A000011124,Percent,239.0,units,0.0,v733833,1.0,5.85,2.0,,,0.0,138.0,42.0,0.0,,2023-06-01
Vancouver,Bachelor units,2023,7,1489.0,23.861290322580647,14.093548387096773,20.5,0.0,18.993548387096773,Canada,2016A000011124,Percent,239.0,units,0.0,v733833,1.0,5.99,2.0,,,0.0,138.0,42.0,0.0,,2023-07-01
Vancouver,Bachelor units,2023,7,1805.0,23.861290322580647,14.093548387096773,20.5,0.0,18.993548387096773,Canada,2016A000011124,Percent,239.0,units,0.0,v733833,1.0,5.99,2.0,,,0.0,138.0,42.0,0.0,,2023-07-01
Vancouver,Bachelor units,2023,7,1486.0,23.861290322580647,14.093548387096773,20.5,0.0,18.993548387096773,Canada,2016A000011124,Percent,239.0,units,0.0,v733833,1.0,5.99,2.0,,,0.0,138.0,42.0,0.0,,2023-07-01
Vancouver,Bachelor units,2023,7,1489.0,23.861290322580647,14.093548387096773,20.5,0.0,18.993548387096773,Canada,2016A000011124,Percent,239.0,units,0.0,v733833,1.0,5.99,2.0,,,0.0,138.0,42.0,0.0,,2023-07-01
Vancouver,Bachelor units,2023,8,1489.0,22.63225806451613,14.196774193548388,34.300000000000004,0.0,18.43548387096774,Canada,2016A000011124,Percent,239.0,units,0.0,v733833,1.0,6.17,2.0,,,0.0,138.0,42.0,0.0,,2023-08-01
Vancouver,Bachelor units,2023,8,1805.0,22.63225806451613,14.196774193548388,34.300000000000004,0.0,18.43548387096774,Canada,2016A000011124,Percent,239.0,units,0.0,v733833,1.0,6.17,2.0,,,0.0,138.0,42.0,0.0,,2023-08-01
Vancouver,Bachelor units,2023,8,1486.0,22.63225806451613,14.196774193548388,34.300000000000004,0.0,18.43548387096774,Canada,2016A000011124,Percent,239.0,units,0.0,v733833,1.0,6.17,2.0,,,0.0,138.0,42.0,0.0,,2023-08-01
Vancouver,Bachelor units,2023,8,1489.0,22.63225806451613,14.196774193548388,34.300000000000004,0.0,18.43548387096774,Canada,2016A000011124,Percent,239.0,units,0.0,v733833,1.0,6.17,2.0,,,0.0,138.0,42.0,0.0,,2023-08-01
Vancouver,Bachelor units,2023,9,1489.0,19.346666666666668,11.15,33.300000000000004,0.0,15.276666666666667,Canada,2016A000011124,Percent,239.0,units,0.0,v733833,1.0,6.27,2.0,,,0.0,138.0,42.0,0.0,,2023-09-01
Vancouver,Bachelor units,2023,9,1805.0,19.346666666666668,11.15,33.300000000000004,0.0,15.276666666666667,Canada,2016A000011124,Percent,239.0,units,0.0,v733833,1.0,6.27,2.0,,,0.0,138.0,42.0,0.0,,2023-09-01
Vancouver,Bachelor units,2023,9,1486.0,19.346666666666668,11.15,33.300000000000004,0.0,15.276666666666667,Canada,2016A000011124,Percent,239.0,units,0.0,v733833,1.0,6.27,2.0,,,0.0,138.0,42.0,0.0,,2023-09-01
Vancouver,Bachelor units,2023,9,1489.0,19.346666666666668,11.15,33.300000000000004,0.0,15.276666666666667,Canada,2016A000011124,Percent,239.0,units,0.0,v733833,1.0,6.27,2.0,,,0.0,138.0,42.0,0.0,,2023-09-01
Vancouver,Bachelor units,2023,10,1489.0,14.238709677419354,7.109677419354839,118.2,0.0,10.7,Canada,2016A000011124,Percent,239.0,units,0.0,v733833,1.0,6.42,2.0,,,0.0,138.0,42.0,0.0,1851758.6942771084,2023-10-01
Vancouver,Bachelor units,2023,10,1805.0,14.238709677419354,7.109677419354839,118.2,0.0,10.7,Canada,2016A000011124,Percent,239.0,units,0.0,v733833,1.0,6.42,2.0,,,0.0,138.0,42.0,0.0,1851758.6942771084,2023-10-01
Vancouver,Bachelor units,2023,10,1486.0,14.238709677419354,7.109677419354839,118.2,0.0,10.7,Canada,2016A000011124,Percent,239.0,units,0.0,v733833,1.0,6.42,2.0,,,0.0,138.0,42.0,0.0,1851758.6942771084,2023-10-01
Vancouver,Bachelor units,2023,10,1489.0,14.238709677419354,7.109677419354839,118.2,0.0,10.7,Canada,2016A000011124,Percent,239.0,units,0.0,v733833,1.0,6.42,2.0,,,0.0,138.0,42.0,0.0,1851758.6942771084,2023-10-01
Vancouver,Bachelor units,2023,11,1489.0,9.867745136959112,3.1075086047127347,112.0,0.0,6.507484776277469,Canada,2016A000011124,Percent,239.0,units,0.0,v733833,1.0,6.47,2.0,,,0.0,138.0,42.0,0.0,,2023-11-01
Vancouver,Bachelor units,2023,11,1805.0,9.867745136959112,3.1075086047127347,112.0,0.0,6.507484776277469,Canada,2016A000011124,Percent,239.0,units,0.0,v733833,1.0,6.47,2.0,,,0.0,138.0,42.0,0.0,,2023-11-01
Vancouver,Bachelor units,2023,11,1486.0,9.867745136959112,3.1075086047127347,112.0,0.0,6.507484776277469,Canada,2016A000011124,Percent,239.0,units,0.0,v733833,1.0,6.47,2.0,,,0.0,138.0,42.0,0.0,,2023-11-01
Vancouver,Bachelor units,2023,11,1489.0,9.867745136959112,3.1075086047127347,112.0,0.0,6.507484776277469,Canada,2016A000011124,Percent,239.0,units,0.0,v733833,1.0,6.47,2.0,,,0.0,138.0,42.0,0.0,,2023-11-01
Vancouver,Bachelor units,2023,12,1489.0,9.312903225806451,4.635483870967741,185.1,0.0,7.0,Canada,2016A000011124,Percent,239.0,units,0.0,v733833,1.0,6.39,2.0,,,0.0,138.0,42.0,0.0,,2023-12-01
Vancouver,Bachelor units,2023,12,1805.0,9.312903225806451,4.635483870967741,185.1,0.0,7.0,Canada,2016A000011124,Percent,239.0,units,0.0,v733833,1.0,6.39,2.0,,,0.0,138.0,42.0,0.0,,2023-12-01
Vancouver,Bachelor units,2023,12,1486.0,9.312903225806451,4.635483870967741,185.1,0.0,7.0,Canada,2016A000011124,Percent,239.0,units,0.0,v733833,1.0,6.39,2.0,,,0.0,138.0,42.0,0.0,,2023-12-01
Vancouver,Bachelor units,2023,12,1489.0,9.312903225806451,4.635483870967741,185.1,0.0,7.0,Canada,2016A000011124,Percent,239.0,units,0.0,v733833,1.0,6.39,2.0,,,0.0,138.0,42.0,0.0,,2023-12-01
Vancouver,Bachelor units,2024,1,1576.0,6.891366261573332,1.5653309077865178,259.5,36.8,4.242727202849163,Canada,2016A000011124,Percent,239.0,units,0.0,v733833,1.0,6.31,2.0,,,,,,,,2024-01-01
Vancouver,Bachelor units,2024,1,1785.0,6.891366261573332,1.5653309077865178,259.5,36.8,4.242727202849163,Canada,2016A000011124,Percent,239.0,units,0.0,v733833,1.0,6.31,2.0,,,,,,,,2024-01-01
Vancouver,Bachelor units,2024,1,1575.0,6.891366261573332,1.5653309077865178,259.5,36.8,4.242727202849163,Canada,2016A000011124,Percent,239.0,units,0.0,v733833,1.0,6.31,2.0,,,,,,,,2024-01-01
Vancouver,Bachelor units,2024,1,1577.0,6.891366261573332,1.5653309077865178,259.5,36.8,4.242727202849163,Canada,2016A000011124,Percent,239.0,units,0.0,v733833,1.0,6.31,2.0,,,,,,,,2024-01-01
Vancouver,Bachelor units,2024,2,1576.0,8.871247484634024,2.586642381747966,86.7,1.0,5.76249212566076,Canada,2016A000011124,Percent,239.0,units,0.0,v733833,1.0,6.15,2.0,,,,,,,,2024-02-01
Vancouver,Bachelor units,2024,2,1785.0,8.871247484634024,2.586642381747966,86.7,1.0,5.76249212566076,Canada,2016A000011124,Percent,239.0,units,0.0,v733833,1.0,6.15,2.0,,,,,,,,2024-02-01
Vancouver,Bachelor units,2024,2,1575.0,8.871247484634024,2.586642381747966,86.7,1.0,5.76249212566076,Canada,2016A000011124,Percent,239.0,units,0.0,v733833,1.0,6.15,2.0,,,,,,,,2024-02-01
Vancouver,Bachelor units,2024,2,1577.0,8.871247484634024,2.586642381747966,86.7,1.0,5.76249212566076,Canada,2016A000011124,Percent,239.0,units,0.0,v733833,1.0,6.15,2.0,,,,,,,,2024-02-01
Vancouver,Bachelor units,2024,3,1576.0,10.507495293831399,3.6588792948832918,100.6,3.0,7.113694944784648,Canada,2016A000011124,Percent,239.0,units,0.0,v733833,1.0,6.13,2.0,,,,,,,,2024-03-01
Vancouver,Bachelor units,2024,3,1785.0,10.507495293831399,3.6588792948832918,100.6,3.0,7.113694944784648,Canada,2016A000011124,Percent,239.0,units,0.0,v733833,1.0,6.13,2.0,,,,,,,,2024-03-01
Vancouver,Bachelor units,2024,3,1575.0,10.507495293831399,3.6588792948832918,100.6,3.0,7.113694944784648,Canada,2016A000011124,Percent,239.0,units,0.0,v733833,1.0,6.13,2.0,,,,,,,,2024-03-01
Vancouver,Bachelor units,2024,3,1577.0,10.507495293831399,3.6588792948832918,100.6,3.0,7.113694944784648,Canada,2016A000011124,Percent,239.0,units,0.0,v733833,1.0,6.13,2.0,,,,,,,,2024-03-01
Vancouver,Bachelor units,2024,4,1576.0,13.024411803625778,5.417508604712735,59.7,0.0,9.254151442944135,Canada,2016A000011124,Percent,239.0,units,0.0,v733833,1.0,6.08,2.0,,,,,,,,2024-04-01
Vancouver,Bachelor units,2024,4,1785.0,13.024411803625778,5.417508604712735,59.7,0.0,9.254151442944135,Canada,2016A000011124,Percent,239.0,units,0.0,v733833,1.0,6.08,2.0,,,,,,,,2024-04-01
Vancouver,Bachelor units,2024,4,1575.0,13.024411803625778,5.417508604712735,59.7,0.0,9.254151442944135,Canada,2016A000011124,Percent,239.0,units,0.0,v733833,1.0,6.08,2.0,,,,,,,,2024-04-01
Vancouver,Bachelor units,2024,4,1577.0,13.024411803625778,5.417508604712735,59.7,0.0,9.254151442944135,Canada,2016A000011124,Percent,239.0,units,0.0,v733833,1.0,6.08,2.0,,,,,,,,2024-04-01
Vancouver,Bachelor units,2024,5,1576.0,16.250521840464085,8.42298803453842,53.9,0.0,12.35846037561813,Canada,2016A000011124,Percent,239.0,units,0.0,v733833,1.0,6.05,2.0,,,,,,,,2024-05-01
Vancouver,Bachelor units,2024,5,1785.0,16.250521840464085,8.42298803453842,53.9,0.0,12.35846037561813,Canada,2016A000011124,Percent,239.0,units,0.0,v733833,1.0,6.05,2.0,,,,,,,,2024-05-01
Vancouver,Bachelor units,2024,5,1575.0,16.250521840464085,8.42298803453842,53.9,0.0,12.35846037561813,Canada,2016A000011124,Percent,239.0,units,0.0,v733833,1.0,6.05,2.0,,,,,,,,2024-05-01
Vancouver,Bachelor units,2024,5,1577.0,16.250521840464085,8.42298803453842,53.9,0.0,12.35846037561813,Canada,2016A000011124,Percent,239.0,units,0.0,v733833,1.0,6.05,2.0,,,,,,,,2024-05-01
Vancouver,Bachelor units,2024,6,1576.0,18.579951038772,10.56792957373577,64.1,0.0,14.594560497749537,Canada,2016A000011124,Percent,239.0,units,0.0,v733833,1.0,5.98,2.0,,,,,,,,2024-06-01
Vancouver,Bachelor units,2024,6,1785.0,18.579951038772,10.56792957373577,64.1,0.0,14.594560497749537,Canada,2016A000011124,Percent,239.0,units,0.0,v733833,1.0,5.98,2.0,,,,,,,,2024-06-01
Vancouver,Bachelor units,2024,6,1575.0,18.579951038772,10.56792957373577,64.1,0.0,14.594560497749537,Canada,2016A000011124,Percent,239.0,units,0.0,v733833,1.0,5.98,2.0,,,,,,,,2024-06-01
Vancouver,Bachelor units,2024,6,1577.0,18.579951038772,10.56792957373577,64.1,0.0,14.594560497749537,Canada,2016A000011124,Percent,239.0,units,0.0,v733833,1.0,5.98,2.0,,,,,,,,2024-06-01
Vancouver,Bachelor units,2024,7,1576.0,22.55265658415398,13.797588972302647,19.8,0.0,18.20401752542981,Canada,2016A000011124,Percent,239.0,units,0.0,v733833,1.0,5.91,2.0,,,,,,,,2024-07-01
Vancouver,Bachelor units,2024,7,1785.0,22.55265658415398,13.797588972302647,19.8,0.0,18.20401752542981,Canada,2016A000011124,Percent,239.0,units,0.0,v733833,1.0,5.91,2.0,,,,,,,,2024-07-01
Vancouver,Bachelor units,2024,7,1575.0,22.55265658415398,13.797588972302647,19.8,0.0,18.20401752542981,Canada,2016A000011124,Percent,239.0,units,0.0,v733833,1.0,5.91,2.0,,,,,,,,2024-07-01
Vancouver,Bachelor units,2024,7,1577.0,22.55265658415398,13.797588972302647,19.8,0.0,18.20401752542981,Canada,2016A000011124,Percent,239.0,units,0.0,v733833,1.0,5.91,2.0,,,,,,,,2024-07-01
Vancouver,Bachelor units,2024,8,1576.0,21.639753358347527,13.526621230367162,59.4,0.0,17.613694944784648,Canada,2016A000011124,Percent,239.0,units,0.0,v733833,1.0,5.73,2.0,,,,,,,,2024-08-01
Vancouver,Bachelor units,2024,8,1785.0,21.639753358347527,13.526621230367162,59.4,0.0,17.613694944784648,Canada,2016A000011124,Percent,239.0,units,0.0,v733833,1.0,5.73,2.0,,,,,,,,2024-08-01
Vancouver,Bachelor units,2024,8,1575.0,21.639753358347527,13.526621230367162,59.4,0.0,17.613694944784648,Canada,2016A000011124,Percent,239.0,units,0.0,v733833,1.0,5.73,2.0,,,,,,,,2024-08-01
Vancouver,Bachelor units,2024,8,1577.0,21.639753358347527,13.526621230367162,59.4,0.0,17.613694944784648,Canada,2016A000011124,Percent,239.0,units,0.0,v733833,1.0,5.73,2.0,,,,,,,,2024-08-01
Vancouver,Bachelor units,2024,9,1576.0,18.84,11.766666666666667,54.1,0.0,15.33,Canada,2016A000011124,Percent,239.0,units,0.0,v733833,1.0,5.55,2.0,,,,,,,,2024-09-01
Vancouver,Bachelor units,2024,9,1785.0,18.84,11.766666666666667,54.1,0.0,15.33,Canada,2016A000011124,Percent,239.0,units,0.0,v733833,1.0,5.55,2.0,,,,,,,,2024-09-01
Vancouver,Bachelor units,2024,9,1575.0,18.84,11.766666666666667,54.1,0.0,15.33,Canada,2016A000011124,Percent,239.0,units,0.0,v733833,1.0,5.55,2.0,,,,,,,,2024-09-01
Vancouver,Bachelor units,2024,9,1577.0,18.84,11.766666666666667,54.1,0.0,15.33,Canada,2016A000011124,Percent,239.0,units,0.0,v733833,1.0,5.55,2.0,,,,,,,,2024-09-01
Vancouver,Bachelor units,2024,10,1576.0,13.980645161290322,7.570967741935483,207.39999999999998,0.0,10.8,Canada,2016A000011124,Percent,239.0,units,0.0,v733833,1.0,5.44,2.0,,,,,,,,2024-10-01
Vancouver,Bachelor units,2024,10,1785.0,13.980645161290322,7.570967741935483,207.39999999999998,0.0,10.8,Canada,2016A000011124,Percent,239.0,units,0.0,v733833,1.0,5.44,2.0,,,,,,,,2024-10-01
Vancouver,Bachelor units,2024,10,1575.0,13.980645161290322,7.570967741935483,207.39999999999998,0.0,10.8,Canada,2016A000011124,Percent,239.0,units,0.0,v733833,1.0,5.44,2.0,,,,,,,,2024-10-01
Vancouver,Bachelor units,2024,10,1577.0,13.980645161290322,7.570967741935483,207.39999999999998,0.0,10.8,Canada,2016A000011124,Percent,239.0,units,0.0,v733833,1.0,5.44,2.0,,,,,,,,2024-10-01
Vancouver,Bachelor units,2024,11,1576.0,9.621078470292444,5.214175271379402,207.79999999999998,4.0,7.440818109610802,Canada,2016A000011124,Percent,239.0,units,0.0,v733833,1.0,5.38,2.0,,,,,,,,2024-11-01
Vancouver,Bachelor units,2024,11,1785.0,9.621078470292444,5.214175271379402,207.79999999999998,4.0,7.440818109610802,Canada,2016A000011124,Percent,239.0,units,0.0,v733833,1.0,5.38,2.0,,,,,,,,2024-11-01
Vancouver,Bachelor units,2024,11,1575.0,9.621078470292444,5.214175271379402,207.79999999999998,4.0,7.440818109610802,Canada,2016A000011124,Percent,239.0,units,0.0,v733833,1.0,5.38,2.0,,,,,,,,2024-11-01
Vancouver,Bachelor units,2024,11,1577.0,9.621078470292444,5.214175271379402,207.79999999999998,4.0,7.440818109610802,Canada,2016A000011124,Percent,239.0,units,0.0,v733833,1.0,5.38,2.0,,,,,,,,2024-11-01
Vancouver,Bachelor units,2024,12,1576.0,8.519354838709678,3.164516129032258,194.0,0.0,5.867741935483871,Canada,2016A000011124,Percent,239.0,units,0.0,v733833,1.0,5.35,2.0,,,,,,,,2024-12-01
Vancouver,Bachelor units,2024,12,1785.0,8.519354838709678,3.164516129032258,194.0,0.0,5.867741935483871,Canada,2016A000011124,Percent,239.0,units,0.0,v733833,1.0,5.35,2.0,,,,,,,,2024-12-01
Vancouver,Bachelor units,2024,12,1575.0,8.519354838709678,3.164516129032258,194.0,0.0,5.867741935483871,Canada,2016A000011124,Percent,239.0,units,0.0,v733833,1.0,5.35,2.0,,,,,,,,2024-12-01
Vancouver,Bachelor units,2024,12,1577.0,8.519354838709678,3.164516129032258,194.0,0.0,5.867741935483871,Canada,2016A000011124,Percent,239.0,units,0.0,v733833,1.0,5.35,2.0,,,,,,,,2024-12-01
Vancouver,One bedroom units,2018,1,1306.0,7.519354838709678,3.1419354838709674,249.4,0.0,5.351612903225806,,,,,,,,,,,8.9,24.0,,,,,,2018-01-01
Vancouver,One bedroom units,2018,1,1239.0,7.519354838709678,3.1419354838709674,249.4,0.0,5.351612903225806,,,,,,,,,,,8.9,24.0,,,,,,2018-01-01
Vancouver,One bedroom units,2018,1,1307.0,7.519354838709678,3.1419354838709674,249.4,0.0,5.351612903225806,,,,,,,,,,,8.9,24.0,,,,,,2018-01-01
Vancouver,One bedroom units,2018,1,1309.0,7.519354838709678,3.1419354838709674,249.4,0.0,5.351612903225806,,,,,,,,,,,8.9,24.0,,,,,,2018-01-01
Vancouver,One bedroom units,2018,2,1306.0,6.089285714285714,0.6071428571428571,105.8,25.8,3.3535714285714286,,,,,,,,,,,8.9,24.0,,,,,,2018-02-01
Vancouver,One bedroom units,2018,2,1239.0,6.089285714285714,0.6071428571428571,105.8,25.8,3.3535714285714286,,,,,,,,,,,8.9,24.0,,,,,,2018-02-01
Vancouver,One bedroom units,2018,2,1307.0,6.089285714285714,0.6071428571428571,105.8,25.8,3.3535714285714286,,,,,,,,,,,8.9,24.0,,,,,,2018-02-01
Vancouver,One bedroom units,2018,2,1309.0,6.089285714285714,0.6071428571428571,105.8,25.8,3.3535714285714286,,,,,,,,,,,8.9,24.0,,,,,,2018-02-01
Vancouver,One bedroom units,2018,3,1306.0,9.538709677419355,2.487096774193548,111.80000000000001,0.0,6.048387096774194,,,,,,,,,,,8.9,24.0,,,,,,2018-03-01
Vancouver,One bedroom units,2018,3,1239.0,9.538709677419355,2.487096774193548,111.80000000000001,0.0,6.048387096774194,,,,,,,,,,,8.9,24.0,,,,,,2018-03-01
Vancouver,One bedroom units,2018,3,1307.0,9.538709677419355,2.487096774193548,111.80000000000001,0.0,6.048387096774194,,,,,,,,,,,8.9,24.0,,,,,,2018-03-01
Vancouver,One bedroom units,2018,3,1309.0,9.538709677419355,2.487096774193548,111.80000000000001,0.0,6.048387096774194,,,,,,,,,,,8.9,24.0,,,,,,2018-03-01
Vancouver,One bedroom units,2018,4,1306.0,12.629999999999999,5.819999999999999,134.8,0.0,9.243333333333334,,,,,,,,,,,8.9,24.0,,,,,,2018-04-01
Vancouver,One bedroom units,2018,4,1239.0,12.629999999999999,5.819999999999999,134.8,0.0,9.243333333333334,,,,,,,,,,,8.9,24.0,,,,,,2018-04-01
Vancouver,One bedroom units,2018,4,1307.0,12.629999999999999,5.819999999999999,134.8,0.0,9.243333333333334,,,,,,,,,,,8.9,24.0,,,,,,2018-04-01
Vancouver,One bedroom units,2018,4,1309.0,12.629999999999999,5.819999999999999,134.8,0.0,9.243333333333334,,,,,,,,,,,8.9,24.0,,,,,,2018-04-01
Vancouver,One bedroom units,2018,5,1306.0,19.15806451612903,10.47741935483871,1.6,0.0,14.845161290322581,,,,,,,,,,,8.9,24.0,,,,,,2018-05-01
Vancouver,One bedroom units,2018,5,1239.0,19.15806451612903,10.47741935483871,1.6,0.0,14.845161290322581,,,,,,,,,,,8.9,24.0,,,,,,2018-05-01
Vancouver,One bedroom units,2018,5,1307.0,19.15806451612903,10.47741935483871,1.6,0.0,14.845161290322581,,,,,,,,,,,8.9,24.0,,,,,,2018-05-01
Vancouver,One bedroom units,2018,5,1309.0,19.15806451612903,10.47741935483871,1.6,0.0,14.845161290322581,,,,,,,,,,,8.9,24.0,,,,,,2018-05-01
Vancouver,One bedroom units,2018,6,1306.0,19.75,12.076666666666666,38.8,0.0,15.936666666666667,,,,,,,,,,,8.9,24.0,,,,,,2018-06-01
Vancouver,One bedroom units,2018,6,1239.0,19.75,12.076666666666666,38.8,0.0,15.936666666666667,,,,,,,,,,,8.9,24.0,,,,,,2018-06-01
Vancouver,One bedroom units,2018,6,1307.0,19.75,12.076666666666666,38.8,0.0,15.936666666666667,,,,,,,,,,,8.9,24.0,,,,,,2018-06-01
Vancouver,One bedroom units,2018,6,1309.0,19.75,12.076666666666666,38.8,0.0,15.936666666666667,,,,,,,,,,,8.9,24.0,,,,,,2018-06-01
Vancouver,One bedroom units,2018,7,1306.0,24.05483870967742,14.138709677419355,5.4,0.0,19.116129032258065,,,,,,,,,,,8.9,24.0,,,,,,2018-07-01
Vancouver,One bedroom units,2018,7,1239.0,24.05483870967742,14.138709677419355,5.4,0.0,19.116129032258065,,,,,,,,,,,8.9,24.0,,,,,,2018-07-01
Vancouver,One bedroom units,2018,7,1307.0,24.05483870967742,14.138709677419355,5.4,0.0,19.116129032258065,,,,,,,,,,,8.9,24.0,,,,,,2018-07-01
Vancouver,One bedroom units,2018,7,1309.0,24.05483870967742,14.138709677419355,5.4,0.0,19.116129032258065,,,,,,,,,,,8.9,24.0,,,,,,2018-07-01
Vancouver,One bedroom units,2018,8,1306.0,22.938709677419357,13.693955776473905,16.2,0.0,18.242331343360068,,,,,,,,,,,8.9,24.0,,,,,,2018-08-01
Vancouver,One bedroom units,2018,8,1239.0,22.938709677419357,13.693955776473905,16.2,0.0,18.242331343360068,,,,,,,,,,,8.9,24.0,,,,,,2018-08-01
Vancouver,One bedroom units,2018,8,1307.0,22.938709677419357,13.693955776473905,16.2,0.0,18.242331343360068,,,,,,,,,,,8.9,24.0,,,,,,2018-08-01
Vancouver,One bedroom units,2018,8,1309.0,22.938709677419357,13.693955776473905,16.2,0.0,18.242331343360068,,,,,,,,,,,8.9,24.0,,,,,,2018-08-01
Vancouver,One bedroom units,2018,9,1306.0,18.226666666666667,10.816666666666666,111.0,0.0,14.55,,,,,,,,,,,8.9,24.0,,,,,,2018-09-01
Vancouver,One bedroom units,2018,9,1239.0,18.226666666666667,10.816666666666666,111.0,0.0,14.55,,,,,,,,,,,8.9,24.0,,,,,,2018-09-01
Vancouver,One bedroom units,2018,9,1307.0,18.226666666666667,10.816666666666666,111.0,0.0,14.55,,,,,,,,,,,8.9,24.0,,,,,,2018-09-01
Vancouver,One bedroom units,2018,9,1309.0,18.226666666666667,10.816666666666666,111.0,0.0,14.55,,,,,,,,,,,8.9,24.0,,,,,,2018-09-01
Vancouver,One bedroom units,2018,10,1306.0,13.770967741935484,5.83225806451613,110.0,0.0,9.832258064516129,,,,,,,,,,,8.9,24.0,,,,,,2018-10-01
Vancouver,One bedroom units,2018,10,1239.0,13.770967741935484,5.83225806451613,110.0,0.0,9.832258064516129,,,,,,,,,,,8.9,24.0,,,,,,2018-10-01
Vancouver,One bedroom units,2018,10,1307.0,13.770967741935484,5.83225806451613,110.0,0.0,9.832258064516129,,,,,,,,,,,8.9,24.0,,,,,,2018-10-01
Vancouver,One bedroom units,2018,10,1309.0,13.770967741935484,5.83225806451613,110.0,0.0,9.832258064516129,,,,,,,,,,,8.9,24.0,,,,,,2018-10-01
Vancouver,One bedroom units,2018,11,1306.0,10.556666666666667,4.513333333333334,203.8,0.0,7.566666666666666,Canada,2016A000011124,Percent,239.0,units,0.0,v733833,1.0,4.38,2.0,8.9,24.0,,,,,,2018-11-01
Vancouver,One bedroom units,2018,11,1239.0,10.556666666666667,4.513333333333334,203.8,0.0,7.566666666666666,Canada,2016A000011124,Percent,239.0,units,0.0,v733833,1.0,4.38,2.0,8.9,24.0,,,,,,2018-11-01
Vancouver,One bedroom units,2018,11,1307.0,10.556666666666667,4.513333333333334,203.8,0.0,7.566666666666666,Canada,2016A000011124,Percent,239.0,units,0.0,v733833,1.0,4.38,2.0,8.9,24.0,,,,,,2018-11-01
Vancouver,One bedroom units,2018,11,1309.0,10.556666666666667,4.513333333333334,203.8,0.0,7.566666666666666,Canada,2016A000011124,Percent,239.0,units,0.0,v733833,1.0,4.38,2.0,8.9,24.0,,,,,,2018-11-01
Vancouver,One bedroom units,2018,12,1306.0,7.687096774193549,2.032258064516129,254.8,0.0,4.877419354838709,Canada,2016A000011124,Percent,239.0,units,0.0,v733833,1.0,4.59,2.0,8.9,24.0,,,,,,2018-12-01
Vancouver,One bedroom units,2018,12,1239.0,7.687096774193549,2.032258064516129,254.8,0.0,4.877419354838709,Canada,2016A000011124,Percent,239.0,units,0.0,v733833,1.0,4.59,2.0,8.9,24.0,,,,,,2018-12-01
Vancouver,One bedroom units,2018,12,1307.0,7.687096774193549,2.032258064516129,254.8,0.0,4.877419354838709,Canada,2016A000011124,Percent,239.0,units,0.0,v733833,1.0,4.59,2.0,8.9,24.0,,,,,,2018-12-01
Vancouver,One bedroom units,2018,12,1309.0,7.687096774193549,2.032258064516129,254.8,0.0,4.877419354838709,Canada,2016A000011124,Percent,239.0,units,0.0,v733833,1.0,4.59,2.0,8.9,24.0,,,,,,2018-12-01
Vancouver,One bedroom units,2019,1,1382.0,7.877419354838709,2.0451612903225804,140.79999999999998,0.0,4.990322580645161,Canada,2016A000011124,Percent,239.0,units,0.0,v733833,1.0,4.59,2.0,,,,,,,,2019-01-01
Vancouver,One bedroom units,2019,1,1346.0,7.877419354838709,2.0451612903225804,140.79999999999998,0.0,4.990322580645161,Canada,2016A000011124,Percent,239.0,units,0.0,v733833,1.0,4.59,2.0,,,,,,,,2019-01-01
Vancouver,One bedroom units,2019,1,1382.0,7.877419354838709,2.0451612903225804,140.79999999999998,0.0,4.990322580645161,Canada,2016A000011124,Percent,239.0,units,0.0,v733833,1.0,4.59,2.0,,,,,,,,2019-01-01
Vancouver,One bedroom units,2019,1,1385.0,7.877419354838709,2.0451612903225804,140.79999999999998,0.0,4.990322580645161,Canada,2016A000011124,Percent,239.0,units,0.0,v733833,1.0,4.59,2.0,,,,,,,,2019-01-01
Vancouver,One bedroom units,2019,2,1382.0,3.8392857142857144,-3.0214285714285714,75.0,32.2,0.4035714285714286,Canada,2016A000011124,Percent,239.0,units,0.0,v733833,1.0,4.52,2.0,,,,,,,,2019-02-01
Vancouver,One bedroom units,2019,2,1346.0,3.8392857142857144,-3.0214285714285714,75.0,32.2,0.4035714285714286,Canada,2016A000011124,Percent,239.0,units,0.0,v733833,1.0,4.52,2.0,,,,,,,,2019-02-01
Vancouver,One bedroom units,2019,2,1382.0,3.8392857142857144,-3.0214285714285714,75.0,32.2,0.4035714285714286,Canada,2016A000011124,Percent,239.0,units,0.0,v733833,1.0,4.52,2.0,,,,,,,,2019-02-01
Vancouver,One bedroom units,2019,2,1385.0,3.8392857142857144,-3.0214285714285714,75.0,32.2,0.4035714285714286,Canada,2016A000011124,Percent,239.0,units,0.0,v733833,1.0,4.52,2.0,,,,,,,,2019-02-01
Vancouver,One bedroom units,2019,3,1382.0,10.587096774193547,1.2741935483870968,31.2,0.0,5.961290322580646,Canada,2016A000011124,Percent,239.0,units,0.0,v733833,1.0,4.44,2.0,,,,,,,,2019-03-01
Vancouver,One bedroom units,2019,3,1346.0,10.587096774193547,1.2741935483870968,31.2,0.0,5.961290322580646,Canada,2016A000011124,Percent,239.0,units,0.0,v733833,1.0,4.44,2.0,,,,,,,,2019-03-01
Vancouver,One bedroom units,2019,3,1382.0,10.587096774193547,1.2741935483870968,31.2,0.0,5.961290322580646,Canada,2016A000011124,Percent,239.0,units,0.0,v733833,1.0,4.44,2.0,,,,,,,,2019-03-01
Vancouver,One bedroom units,2019,3,1385.0,10.587096774193547,1.2741935483870968,31.2,0.0,5.961290322580646,Canada,2016A000011124,Percent,239.0,units,0.0,v733833,1.0,4.44,2.0,,,,,,,,2019-03-01
Vancouver,One bedroom units,2019,4,1382.0,13.1,5.9,110.8,0.0,9.526666666666667,Canada,2016A000011124,Percent,239.0,units,0.0,v733833,1.0,4.33,2.0,,,,,,,,2019-04-01
Vancouver,One bedroom units,2019,4,1346.0,13.1,5.9,110.8,0.0,9.526666666666667,Canada,2016A000011124,Percent,239.0,units,0.0,v733833,1.0,4.33,2.0,,,,,,,,2019-04-01
Vancouver,One bedroom units,2019,4,1382.0,13.1,5.9,110.8,0.0,9.526666666666667,Canada,2016A000011124,Percent,239.0,units,0.0,v733833,1.0,4.33,2.0,,,,,,,,2019-04-01
Vancouver,One bedroom units,2019,4,1385.0,13.1,5.9,110.8,0.0,9.526666666666667,Canada,2016A000011124,Percent,239.0,units,0.0,v733833,1.0,4.33,2.0,,,,,,,,2019-04-01
Vancouver,One bedroom units,2019,5,1382.0,18.358064516129033,9.906451612903227,30.4,0.0,14.154838709677419,Canada,2016A000011124,Percent,239.0,units,0.0,v733833,1.0,4.3,2.0,,,,,,,,2019-05-01
Vancouver,One bedroom units,2019,5,1346.0,18.358064516129033,9.906451612903227,30.4,0.0,14.154838709677419,Canada,2016A000011124,Percent,239.0,units,0.0,v733833,1.0,4.3,2.0,,,,,,,,2019-05-01
Vancouver,One bedroom units,2019,5,1382.0,18.358064516129033,9.906451612903227,30.4,0.0,14.154838709677419,Canada,2016A000011124,Percent,239.0,units,0.0,v733833,1.0,4.3,2.0,,,,,,,,2019-05-01
Vancouver,One bedroom units,2019,5,1385.0,18.358064516129033,9.906451612903227,30.4,0.0,14.154838709677419,Canada,2016A000011124,Percent,239.0,units,0.0,v733833,1.0,4.3,2.0,,,,,,,,2019-05-01
Vancouver,One bedroom units,2019,6,1382.0,21.133333333333333,11.876666666666667,26.200000000000003,0.0,16.526666666666667,Canada,2016A000011124,Percent,239.0,units,0.0,v733833,1.0,4.23,2.0,,,,,,,,2019-06-01
Vancouver,One bedroom units,2019,6,1346.0,21.133333333333333,11.876666666666667,26.200000000000003,0.0,16.526666666666667,Canada,2016A000011124,Percent,239.0,units,0.0,v733833,1.0,4.23,2.0,,,,,,,,2019-06-01
Vancouver,One bedroom units,2019,6,1382.0,21.133333333333333,11.876666666666667,26.200000000000003,0.0,16.526666666666667,Canada,2016A000011124,Percent,239.0,units,0.0,v733833,1.0,4.23,2.0,,,,,,,,2019-06-01
Vancouver,One bedroom units,2019,6,1385.0,21.133333333333333,11.876666666666667,26.200000000000003,0.0,16.526666666666667,Canada,2016A000011124,Percent,239.0,units,0.0,v733833,1.0,4.23,2.0,,,,,,,,2019-06-01
Vancouver,One bedroom units,2019,7,1382.0,22.783870967741933,14.070967741935483,30.8,0.0,18.45483870967742,Canada,2016A000011124,Percent,239.0,units,0.0,v733833,1.0,4.14,2.0,,,,,,,,2019-07-01
Vancouver,One bedroom units,2019,7,1346.0,22.783870967741933,14.070967741935483,30.8,0.0,18.45483870967742,Canada,2016A000011124,Percent,239.0,units,0.0,v733833,1.0,4.14,2.0,,,,,,,,2019-07-01
Vancouver,One bedroom units,2019,7,1382.0,22.783870967741933,14.070967741935483,30.8,0.0,18.45483870967742,Canada,2016A000011124,Percent,239.0,units,0.0,v733833,1.0,4.14,2.0,,,,,,,,2019-07-01
Vancouver,One bedroom units,2019,7,1385.0,22.783870967741933,14.070967741935483,30.8,0.0,18.45483870967742,Canada,2016A000011124,Percent,239.0,units,0.0,v733833,1.0,4.14,2.0,,,,,,,,2019-07-01
Vancouver,One bedroom units,2019,8,1382.0,23.07741935483871,14.170967741935485,25.8,0.0,18.651612903225807,Canada,2016A000011124,Percent,239.0,units,0.0,v733833,1.0,4.08,2.0,,,,,,,,2019-08-01
Vancouver,One bedroom units,2019,8,1346.0,23.07741935483871,14.170967741935485,25.8,0.0,18.651612903225807,Canada,2016A000011124,Percent,239.0,units,0.0,v733833,1.0,4.08,2.0,,,,,,,,2019-08-01
Vancouver,One bedroom units,2019,8,1382.0,23.07741935483871,14.170967741935485,25.8,0.0,18.651612903225807,Canada,2016A000011124,Percent,239.0,units,0.0,v733833,1.0,4.08,2.0,,,,,,,,2019-08-01
Vancouver,One bedroom units,2019,8,1385.0,23.07741935483871,14.170967741935485,25.8,0.0,18.651612903225807,Canada,2016A000011124,Percent,239.0,units,0.0,v733833,1.0,4.08,2.0,,,,,,,,2019-08-01
Vancouver,One bedroom units,2019,9,1382.0,18.903333333333332,12.163333333333332,122.2,0.0,15.556666666666667,Canada,2016A000011124,Percent,239.0,units,0.0,v733833,1.0,4.07,2.0,,,,,,,,2019-09-01
Vancouver,One bedroom units,2019,9,1346.0,18.903333333333332,12.163333333333332,122.2,0.0,15.556666666666667,Canada,2016A000011124,Percent,239.0,units,0.0,v733833,1.0,4.07,2.0,,,,,,,,2019-09-01
Vancouver,One bedroom units,2019,9,1382.0,18.903333333333332,12.163333333333332,122.2,0.0,15.556666666666667,Canada,2016A000011124,Percent,239.0,units,0.0,v733833,1.0,4.07,2.0,,,,,,,,2019-09-01
Vancouver,One bedroom units,2019,9,1385.0,18.903333333333332,12.163333333333332,122.2,0.0,15.556666666666667,Canada,2016A000011124,Percent,239.0,units,0.0,v733833,1.0,4.07,2.0,,,,,,,,2019-09-01
Vancouver,One bedroom units,2019,10,1382.0,12.180645161290323,5.106451612903226,122.6,0.0,8.667741935483871,Canada,2016A000011124,Percent,239.0,units,0.0,v733833,1.0,4.09,2.0,,,,,,,,2019-10-01
Vancouver,One bedroom units,2019,10,1346.0,12.180645161290323,5.106451612903226,122.6,0.0,8.667741935483871,Canada,2016A000011124,Percent,239.0,units,0.0,v733833,1.0,4.09,2.0,,,,,,,,2019-10-01
Vancouver,One bedroom units,2019,10,1382.0,12.180645161290323,5.106451612903226,122.6,0.0,8.667741935483871,Canada,2016A000011124,Percent,239.0,units,0.0,v733833,1.0,4.09,2.0,,,,,,,,2019-10-01
Vancouver,One bedroom units,2019,10,1385.0,12.180645161290323,5.106451612903226,122.6,0.0,8.667741935483871,Canada,2016A000011124,Percent,239.0,units,0.0,v733833,1.0,4.09,2.0,,,,,,,,2019-10-01
Vancouver,One bedroom units,2019,11,1382.0,9.639999999999999,2.033333333333333,85.7,0.0,5.8566666666666665,Canada,2016A000011124,Percent,239.0,units,0.0,v733833,1.0,4.09,2.0,,,,,,,,2019-11-01
Vancouver,One bedroom units,2019,11,1346.0,9.639999999999999,2.033333333333333,85.7,0.0,5.8566666666666665,Canada,2016A000011124,Percent,239.0,units,0.0,v733833,1.0,4.09,2.0,,,,,,,,2019-11-01
Vancouver,One bedroom units,2019,11,1382.0,9.639999999999999,2.033333333333333,85.7,0.0,5.8566666666666665,Canada,2016A000011124,Percent,239.0,units,0.0,v733833,1.0,4.09,2.0,,,,,,,,2019-11-01
Vancouver,One bedroom units,2019,11,1385.0,9.639999999999999,2.033333333333333,85.7,0.0,5.8566666666666665,Canada,2016A000011124,Percent,239.0,units,0.0,v733833,1.0,4.09,2.0,,,,,,,,2019-11-01
Vancouver,One bedroom units,2019,12,1382.0,7.419354838709677,3.2838709677419353,164.2,0.0,5.380645161290323,Canada,2016A000011124,Percent,239.0,units,0.0,v733833,1.0,4.08,2.0,,,,,,,,2019-12-01
Vancouver,One bedroom units,2019,12,1346.0,7.419354838709677,3.2838709677419353,164.2,0.0,5.380645161290323,Canada,2016A000011124,Percent,239.0,units,0.0,v733833,1.0,4.08,2.0,,,,,,,,2019-12-01
Vancouver,One bedroom units,2019,12,1382.0,7.419354838709677,3.2838709677419353,164.2,0.0,5.380645161290323,Canada,2016A000011124,Percent,239.0,units,0.0,v733833,1.0,4.08,2.0,,,,,,,,2019-12-01
Vancouver,One bedroom units,2019,12,1385.0,7.419354838709677,3.2838709677419353,164.2,0.0,5.380645161290323,Canada,2016A000011124,Percent,239.0,units,0.0,v733833,1.0,4.08,2.0,,,,,,,,2019-12-01
Vancouver,One bedroom units,2020,1,1415.0,7.048387096774194,2.167741935483871,256.6,34.6,4.635483870967741,Canada,2016A000011124,Percent,239.0,units,0.0,v733833,1.0,4.08,2.0,,,,,,,,2020-01-01
Vancouver,One bedroom units,2020,1,1356.0,7.048387096774194,2.167741935483871,256.6,34.6,4.635483870967741,Canada,2016A000011124,Percent,239.0,units,0.0,v733833,1.0,4.08,2.0,,,,,,,,2020-01-01
Vancouver,One bedroom units,2020,1,1415.0,7.048387096774194,2.167741935483871,256.6,34.6,4.635483870967741,Canada,2016A000011124,Percent,239.0,units,0.0,v733833,1.0,4.08,2.0,,,,,,,,2020-01-01
Vancouver,One bedroom units,2020,1,1418.0,7.048387096774194,2.167741935483871,256.6,34.6,4.635483870967741,Canada,2016A000011124,Percent,239.0,units,0.0,v733833,1.0,4.08,2.0,,,,,,,,2020-01-01
Vancouver,One bedroom units,2020,2,1415.0,7.551724137931035,1.806896551724138,91.4,10.8,4.703448275862069,Canada,2016A000011124,Percent,239.0,units,0.0,v733833,1.0,4.08,2.0,,,,,,,,2020-02-01
Vancouver,One bedroom units,2020,2,1356.0,7.551724137931035,1.806896551724138,91.4,10.8,4.703448275862069,Canada,2016A000011124,Percent,239.0,units,0.0,v733833,1.0,4.08,2.0,,,,,,,,2020-02-01
Vancouver,One bedroom units,2020,2,1415.0,7.551724137931035,1.806896551724138,91.4,10.8,4.703448275862069,Canada,2016A000011124,Percent,239.0,units,0.0,v733833,1.0,4.08,2.0,,,,,,,,2020-02-01
Vancouver,One bedroom units,2020,2,1418.0,7.551724137931035,1.806896551724138,91.4,10.8,4.703448275862069,Canada,2016A000011124,Percent,239.0,units,0.0,v733833,1.0,4.08,2.0,,,,,,,,2020-02-01
Vancouver,One bedroom units,2020,3,1415.0,9.541888102037419,2.3721899100668735,40.800000000000004,0.0,5.9850585462092285,Canada,2016A000011124,Percent,239.0,units,0.0,v733833,1.0,3.9,2.0,,,,,,,,2020-03-01
Vancouver,One bedroom units,2020,3,1356.0,9.541888102037419,2.3721899100668735,40.800000000000004,0.0,5.9850585462092285,Canada,2016A000011124,Percent,239.0,units,0.0,v733833,1.0,3.9,2.0,,,,,,,,2020-03-01
Vancouver,One bedroom units,2020,3,1415.0,9.541888102037419,2.3721899100668735,40.800000000000004,0.0,5.9850585462092285,Canada,2016A000011124,Percent,239.0,units,0.0,v733833,1.0,3.9,2.0,,,,,,,,2020-03-01
Vancouver,One bedroom units,2020,3,1418.0,9.541888102037419,2.3721899100668735,40.800000000000004,0.0,5.9850585462092285,Canada,2016A000011124,Percent,239.0,units,0.0,v733833,1.0,3.9,2.0,,,,,,,,2020-03-01
Vancouver,One bedroom units,2020,4,1415.0,13.733333333333333,4.8566666666666665,22.8,0.0,9.31,Canada,2016A000011124,Percent,239.0,units,0.0,v733833,1.0,3.95,2.0,,,,,,,,2020-04-01
Vancouver,One bedroom units,2020,4,1356.0,13.733333333333333,4.8566666666666665,22.8,0.0,9.31,Canada,2016A000011124,Percent,239.0,units,0.0,v733833,1.0,3.95,2.0,,,,,,,,2020-04-01
Vancouver,One bedroom units,2020,4,1415.0,13.733333333333333,4.8566666666666665,22.8,0.0,9.31,Canada,2016A000011124,Percent,239.0,units,0.0,v733833,1.0,3.95,2.0,,,,,,,,2020-04-01
Vancouver,One bedroom units,2020,4,1418.0,13.733333333333333,4.8566666666666665,22.8,0.0,9.31,Canada,2016A000011124,Percent,239.0,units,0.0,v733833,1.0,3.95,2.0,,,,,,,,2020-04-01
Vancouver,One bedroom units,2020,5,1415.0,17.809677419354838,9.53225806451613,56.0,0.0,13.693548387096774,Canada,2016A000011124,Percent,239.0,units,0.0,v733833,1.0,3.86,2.0,,,,,,,,2020-05-01
Vancouver,One bedroom units,2020,5,1356.0,17.809677419354838,9.53225806451613,56.0,0.0,13.693548387096774,Canada,2016A000011124,Percent,239.0,units,0.0,v733833,1.0,3.86,2.0,,,,,,,,2020-05-01
Vancouver,One bedroom units,2020,5,1415.0,17.809677419354838,9.53225806451613,56.0,0.0,13.693548387096774,Canada,2016A000011124,Percent,239.0,units,0.0,v733833,1.0,3.86,2.0,,,,,,,,2020-05-01
Vancouver,One bedroom units,2020,5,1418.0,17.809677419354838,9.53225806451613,56.0,0.0,13.693548387096774,Canada,2016A000011124,Percent,239.0,units,0.0,v733833,1.0,3.86,2.0,,,,,,,,2020-05-01
Vancouver,One bedroom units,2020,6,1415.0,19.146666666666665,11.903333333333334,53.2,0.0,15.553333333333335,Canada,2016A000011124,Percent,239.0,units,0.0,v733833,1.0,3.77,2.0,,,,,,,,2020-06-01
Vancouver,One bedroom units,2020,6,1356.0,19.146666666666665,11.903333333333334,53.2,0.0,15.553333333333335,Canada,2016A000011124,Percent,239.0,units,0.0,v733833,1.0,3.77,2.0,,,,,,,,2020-06-01
Vancouver,One bedroom units,2020,6,1415.0,19.146666666666665,11.903333333333334,53.2,0.0,15.553333333333335,Canada,2016A000011124,Percent,239.0,units,0.0,v733833,1.0,3.77,2.0,,,,,,,,2020-06-01
Vancouver,One bedroom units,2020,6,1418.0,19.146666666666665,11.903333333333334,53.2,0.0,15.553333333333335,Canada,2016A000011124,Percent,239.0,units,0.0,v733833,1.0,3.77,2.0,,,,,,,,2020-06-01
Vancouver,One bedroom units,2020,7,1415.0,21.64516129032258,13.348387096774195,27.199999999999996,0.0,17.519354838709678,Canada,2016A000011124,Percent,239.0,units,0.0,v733833,1.0,3.64,2.0,,,,,,,,2020-07-01
Vancouver,One bedroom units,2020,7,1356.0,21.64516129032258,13.348387096774195,27.199999999999996,0.0,17.519354838709678,Canada,2016A000011124,Percent,239.0,units,0.0,v733833,1.0,3.64,2.0,,,,,,,,2020-07-01
Vancouver,One bedroom units,2020,7,1415.0,21.64516129032258,13.348387096774195,27.199999999999996,0.0,17.519354838709678,Canada,2016A000011124,Percent,239.0,units,0.0,v733833,1.0,3.64,2.0,,,,,,,,2020-07-01
Vancouver,One bedroom units,2020,7,1418.0,21.64516129032258,13.348387096774195,27.199999999999996,0.0,17.519354838709678,Canada,2016A000011124,Percent,239.0,units,0.0,v733833,1.0,3.64,2.0,,,,,,,,2020-07-01
Vancouver,One bedroom units,2020,8,1415.0,22.15806451612903,13.625806451612902,46.5,0.0,17.919354838709676,Canada,2016A000011124,Percent,239.0,units,0.0,v733833,1.0,3.57,2.0,,,,,,,,2020-08-01
Vancouver,One bedroom units,2020,8,1356.0,22.15806451612903,13.625806451612902,46.5,0.0,17.919354838709676,Canada,2016A000011124,Percent,239.0,units,0.0,v733833,1.0,3.57,2.0,,,,,,,,2020-08-01
Vancouver,One bedroom units,2020,8,1415.0,22.15806451612903,13.625806451612902,46.5,0.0,17.919354838709676,Canada,2016A000011124,Percent,239.0,units,0.0,v733833,1.0,3.57,2.0,,,,,,,,2020-08-01
Vancouver,One bedroom units,2020,8,1418.0,22.15806451612903,13.625806451612902,46.5,0.0,17.919354838709676,Canada,2016A000011124,Percent,239.0,units,0.0,v733833,1.0,3.57,2.0,,,,,,,,2020-08-01
Vancouver,One bedroom units,2020,9,1415.0,20.186666666666667,12.456666666666667,59.2,0.0,16.356666666666666,Canada,2016A000011124,Percent,239.0,units,0.0,v733833,1.0,3.51,2.0,,,,,,,,2020-09-01
Vancouver,One bedroom units,2020,9,1356.0,20.186666666666667,12.456666666666667,59.2,0.0,16.356666666666666,Canada,2016A000011124,Percent,239.0,units,0.0,v733833,1.0,3.51,2.0,,,,,,,,2020-09-01
Vancouver,One bedroom units,2020,9,1415.0,20.186666666666667,12.456666666666667,59.2,0.0,16.356666666666666,Canada,2016A000011124,Percent,239.0,units,0.0,v733833,1.0,3.51,2.0,,,,,,,,2020-09-01
Vancouver,One bedroom units,2020,9,1418.0,20.186666666666667,12.456666666666667,59.2,0.0,16.356666666666666,Canada,2016A000011124,Percent,239.0,units,0.0,v733833,1.0,3.51,2.0,,,,,,,,2020-09-01
Vancouver,One bedroom units,2020,10,1415.0,13.364516129032259,7.606451612903226,87.5,0.0,10.503225806451614,Canada,2016A000011124,Percent,239.0,units,0.0,v733833,1.0,3.45,2.0,,,,,,,,2020-10-01
Vancouver,One bedroom units,2020,10,1356.0,13.364516129032259,7.606451612903226,87.5,0.0,10.503225806451614,Canada,2016A000011124,Percent,239.0,units,0.0,v733833,1.0,3.45,2.0,,,,,,,,2020-10-01
Vancouver,One bedroom units,2020,10,1415.0,13.364516129032259,7.606451612903226,87.5,0.0,10.503225806451614,Canada,2016A000011124,Percent,239.0,units,0.0,v733833,1.0,3.45,2.0,,,,,,,,2020-10-01
Vancouver,One bedroom units,2020,10,1418.0,13.364516129032259,7.606451612903226,87.5,0.0,10.503225806451614,Canada,2016A000011124,Percent,239.0,units,0.0,v733833,1.0,3.45,2.0,,,,,,,,2020-10-01
Vancouver,One bedroom units,2020,11,1415.0,9.226666666666667,3.7133333333333334,189.3,0.0,6.496666666666667,Canada,2016A000011124,Percent,239.0,units,0.0,v733833,1.0,3.42,2.0,,,,,,,,2020-11-01
Vancouver,One bedroom units,2020,11,1356.0,9.226666666666667,3.7133333333333334,189.3,0.0,6.496666666666667,Canada,2016A000011124,Percent,239.0,units,0.0,v733833,1.0,3.42,2.0,,,,,,,,2020-11-01
Vancouver,One bedroom units,2020,11,1415.0,9.226666666666667,3.7133333333333334,189.3,0.0,6.496666666666667,Canada,2016A000011124,Percent,239.0,units,0.0,v733833,1.0,3.42,2.0,,,,,,,,2020-11-01
Vancouver,One bedroom units,2020,11,1418.0,9.226666666666667,3.7133333333333334,189.3,0.0,6.496666666666667,Canada,2016A000011124,Percent,239.0,units,0.0,v733833,1.0,3.42,2.0,,,,,,,,2020-11-01
Vancouver,One bedroom units,2020,12,1415.0,7.83225806451613,2.52258064516129,209.9,0.0,5.199999999999999,Canada,2016A000011124,Percent,239.0,units,0.0,v733833,1.0,3.34,2.0,,,,,,,,2020-12-01
Vancouver,One bedroom units,2020,12,1356.0,7.83225806451613,2.52258064516129,209.9,0.0,5.199999999999999,Canada,2016A000011124,Percent,239.0,units,0.0,v733833,1.0,3.34,2.0,,,,,,,,2020-12-01
Vancouver,One bedroom units,2020,12,1415.0,7.83225806451613,2.52258064516129,209.9,0.0,5.199999999999999,Canada,2016A000011124,Percent,239.0,units,0.0,v733833,1.0,3.34,2.0,,,,,,,,2020-12-01
Vancouver,One bedroom units,2020,12,1418.0,7.83225806451613,2.52258064516129,209.9,0.0,5.199999999999999,Canada,2016A000011124,Percent,239.0,units,0.0,v733833,1.0,3.34,2.0,,,,,,,,2020-12-01
Vancouver,One bedroom units,2021,1,1434.0,7.82258064516129,2.674193548387097,175.70000000000002,0.0,5.267741935483872,Canada,2016A000011124,Percent,239.0,units,0.0,v733833,1.0,3.3,2.0,8.9,22.0,,,,,,2021-01-01
Vancouver,One bedroom units,2021,1,1376.0,7.82258064516129,2.674193548387097,175.70000000000002,0.0,5.267741935483872,Canada,2016A000011124,Percent,239.0,units,0.0,v733833,1.0,3.3,2.0,8.9,22.0,,,,,,2021-01-01
Vancouver,One bedroom units,2021,1,1434.0,7.82258064516129,2.674193548387097,175.70000000000002,0.0,5.267741935483872,Canada,2016A000011124,Percent,239.0,units,0.0,v733833,1.0,3.3,2.0,8.9,22.0,,,,,,2021-01-01
Vancouver,One bedroom units,2021,1,1437.0,7.82258064516129,2.674193548387097,175.70000000000002,0.0,5.267741935483872,Canada,2016A000011124,Percent,239.0,units,0.0,v733833,1.0,3.3,2.0,8.9,22.0,,,,,,2021-01-01
Vancouver,One bedroom units,2021,2,1434.0,6.082142857142857,0.7107142857142857,83.1,12.600000000000001,3.4107142857142856,Canada,2016A000011124,Percent,239.0,units,0.0,v733833,1.0,3.25,2.0,8.9,22.0,,,,,,2021-02-01
Vancouver,One bedroom units,2021,2,1376.0,6.082142857142857,0.7107142857142857,83.1,12.600000000000001,3.4107142857142856,Canada,2016A000011124,Percent,239.0,units,0.0,v733833,1.0,3.25,2.0,8.9,22.0,,,,,,2021-02-01
Vancouver,One bedroom units,2021,2,1434.0,6.082142857142857,0.7107142857142857,83.1,12.600000000000001,3.4107142857142856,Canada,2016A000011124,Percent,239.0,units,0.0,v733833,1.0,3.25,2.0,8.9,22.0,,,,,,2021-02-01
Vancouver,One bedroom units,2021,2,1437.0,6.082142857142857,0.7107142857142857,83.1,12.600000000000001,3.4107142857142856,Canada,2016A000011124,Percent,239.0,units,0.0,v733833,1.0,3.25,2.0,8.9,22.0,,,,,,2021-02-01
Vancouver,One bedroom units,2021,3,1434.0,9.980645161290322,2.519354838709677,34.0,0.0,6.270967741935484,Canada,2016A000011124,Percent,239.0,units,0.0,v733833,1.0,3.26,2.0,8.9,22.0,,,,,,2021-03-01
Vancouver,One bedroom units,2021,3,1376.0,9.980645161290322,2.519354838709677,34.0,0.0,6.270967741935484,Canada,2016A000011124,Percent,239.0,units,0.0,v733833,1.0,3.26,2.0,8.9,22.0,,,,,,2021-03-01
Vancouver,One bedroom units,2021,3,1434.0,9.980645161290322,2.519354838709677,34.0,0.0,6.270967741935484,Canada,2016A000011124,Percent,239.0,units,0.0,v733833,1.0,3.26,2.0,8.9,22.0,,,,,,2021-03-01
Vancouver,One bedroom units,2021,3,1437.0,9.980645161290322,2.519354838709677,34.0,0.0,6.270967741935484,Canada,2016A000011124,Percent,239.0,units,0.0,v733833,1.0,3.26,2.0,8.9,22.0,,,,,,2021-03-01
Vancouver,One bedroom units,2021,4,1434.0,13.74,4.96,38.0,0.0,9.373333333333333,Canada,2016A000011124,Percent,239.0,units,0.0,v733833,1.0,3.25,2.0,8.9,22.0,,,,,,2021-04-01
Vancouver,One bedroom units,2021,4,1376.0,13.74,4.96,38.0,0.0,9.373333333333333,Canada,2016A000011124,Percent,239.0,units,0.0,v733833,1.0,3.25,2.0,8.9,22.0,,,,,,2021-04-01
Vancouver,One bedroom units,2021,4,1434.0,13.74,4.96,38.0,0.0,9.373333333333333,Canada,2016A000011124,Percent,239.0,units,0.0,v733833,1.0,3.25,2.0,8.9,22.0,,,,,,2021-04-01
Vancouver,One bedroom units,2021,4,1437.0,13.74,4.96,38.0,0.0,9.373333333333333,Canada,2016A000011124,Percent,239.0,units,0.0,v733833,1.0,3.25,2.0,8.9,22.0,,,,,,2021-04-01
Vancouver,One bedroom units,2021,5,1434.0,16.231167001754407,8.545568679699711,30.2,0.0,12.410073278843937,Canada,2016A000011124,Percent,239.0,units,0.0,v733833,1.0,3.25,2.0,8.9,22.0,,,,,,2021-05-01
Vancouver,One bedroom units,2021,5,1376.0,16.231167001754407,8.545568679699711,30.2,0.0,12.410073278843937,Canada,2016A000011124,Percent,239.0,units,0.0,v733833,1.0,3.25,2.0,8.9,22.0,,,,,,2021-05-01
Vancouver,One bedroom units,2021,5,1434.0,16.231167001754407,8.545568679699711,30.2,0.0,12.410073278843937,Canada,2016A000011124,Percent,239.0,units,0.0,v733833,1.0,3.25,2.0,8.9,22.0,,,,,,2021-05-01
Vancouver,One bedroom units,2021,5,1437.0,16.231167001754407,8.545568679699711,30.2,0.0,12.410073278843937,Canada,2016A000011124,Percent,239.0,units,0.0,v733833,1.0,3.25,2.0,8.9,22.0,,,,,,2021-05-01
Vancouver,One bedroom units,2021,6,1434.0,21.871078470292446,12.754175271379403,37.2,0.0,17.337484776277467,Canada,2016A000011124,Percent,239.0,units,0.0,v733833,1.0,3.26,2.0,8.9,22.0,,,,,,2021-06-01
Vancouver,One bedroom units,2021,6,1376.0,21.871078470292446,12.754175271379403,37.2,0.0,17.337484776277467,Canada,2016A000011124,Percent,239.0,units,0.0,v733833,1.0,3.26,2.0,8.9,22.0,,,,,,2021-06-01
Vancouver,One bedroom units,2021,6,1434.0,21.871078470292446,12.754175271379403,37.2,0.0,17.337484776277467,Canada,2016A000011124,Percent,239.0,units,0.0,v733833,1.0,3.26,2.0,8.9,22.0,,,,,,2021-06-01
Vancouver,One bedroom units,2021,6,1437.0,21.871078470292446,12.754175271379403,37.2,0.0,17.337484776277467,Canada,2016A000011124,Percent,239.0,units,0.0,v733833,1.0,3.26,2.0,8.9,22.0,,,,,,2021-06-01
Vancouver,One bedroom units,2021,7,1434.0,24.0258064516129,14.606451612903227,0.0,0.0,19.351612903225806,Canada,2016A000011124,Percent,239.0,units,0.0,v733833,1.0,3.2,2.0,8.9,22.0,,,,,,2021-07-01
Vancouver,One bedroom units,2021,7,1376.0,24.0258064516129,14.606451612903227,0.0,0.0,19.351612903225806,Canada,2016A000011124,Percent,239.0,units,0.0,v733833,1.0,3.2,2.0,8.9,22.0,,,,,,2021-07-01
Vancouver,One bedroom units,2021,7,1434.0,24.0258064516129,14.606451612903227,0.0,0.0,19.351612903225806,Canada,2016A000011124,Percent,239.0,units,0.0,v733833,1.0,3.2,2.0,8.9,22.0,,,,,,2021-07-01
Vancouver,One bedroom units,2021,7,1437.0,24.0258064516129,14.606451612903227,0.0,0.0,19.351612903225806,Canada,2016A000011124,Percent,239.0,units,0.0,v733833,1.0,3.2,2.0,8.9,22.0,,,,,,2021-07-01
Vancouver,One bedroom units,2021,8,1434.0,23.048387096774192,14.612903225806452,36.7,0.0,18.861290322580647,Canada,2016A000011124,Percent,239.0,units,0.0,v733833,1.0,3.2,2.0,8.9,22.0,,,,,,2021-08-01
Vancouver,One bedroom units,2021,8,1376.0,23.048387096774192,14.612903225806452,36.7,0.0,18.861290322580647,Canada,2016A000011124,Percent,239.0,units,0.0,v733833,1.0,3.2,2.0,8.9,22.0,,,,,,2021-08-01
Vancouver,One bedroom units,2021,8,1434.0,23.048387096774192,14.612903225806452,36.7,0.0,18.861290322580647,Canada,2016A000011124,Percent,239.0,units,0.0,v733833,1.0,3.2,2.0,8.9,22.0,,,,,,2021-08-01
Vancouver,One bedroom units,2021,8,1437.0,23.048387096774192,14.612903225806452,36.7,0.0,18.861290322580647,Canada,2016A000011124,Percent,239.0,units,0.0,v733833,1.0,3.2,2.0,8.9,22.0,,,,,,2021-08-01
Vancouver,One bedroom units,2021,9,1434.0,18.586666666666666,11.523333333333333,155.0,0.0,15.076666666666666,Canada,2016A000011124,Percent,239.0,units,0.0,v733833,1.0,3.22,2.0,8.9,22.0,,,,,,2021-09-01
Vancouver,One bedroom units,2021,9,1376.0,18.586666666666666,11.523333333333333,155.0,0.0,15.076666666666666,Canada,2016A000011124,Percent,239.0,units,0.0,v733833,1.0,3.22,2.0,8.9,22.0,,,,,,2021-09-01
Vancouver,One bedroom units,2021,9,1434.0,18.586666666666666,11.523333333333333,155.0,0.0,15.076666666666666,Canada,2016A000011124,Percent,239.0,units,0.0,v733833,1.0,3.22,2.0,8.9,22.0,,,,,,2021-09-01
Vancouver,One bedroom units,2021,9,1437.0,18.586666666666666,11.523333333333333,155.0,0.0,15.076666666666666,Canada,2016A000011124,Percent,239.0,units,0.0,v733833,1.0,3.22,2.0,8.9,22.0,,,,,,2021-09-01
Vancouver,One bedroom units,2021,10,1434.0,12.506451612903225,6.780645161290322,148.4,0.0,9.66451612903226,Canada,2016A000011124,Percent,239.0,units,0.0,v733833,1.0,3.29,2.0,8.9,22.0,,,,,,2021-10-01
Vancouver,One bedroom units,2021,10,1376.0,12.506451612903225,6.780645161290322,148.4,0.0,9.66451612903226,Canada,2016A000011124,Percent,239.0,units,0.0,v733833,1.0,3.29,2.0,8.9,22.0,,,,,,2021-10-01
Vancouver,One bedroom units,2021,10,1434.0,12.506451612903225,6.780645161290322,148.4,0.0,9.66451612903226,Canada,2016A000011124,Percent,239.0,units,0.0,v733833,1.0,3.29,2.0,8.9,22.0,,,,,,2021-10-01
Vancouver,One bedroom units,2021,10,1437.0,12.506451612903225,6.780645161290322,148.4,0.0,9.66451612903226,Canada,2016A000011124,Percent,239.0,units,0.0,v733833,1.0,3.29,2.0,8.9,22.0,,,,,,2021-10-01
Vancouver,One bedroom units,2021,11,1434.0,10.268872568479557,4.900420969023034,312.4,0.0,7.6204090548054015,Canada,2016A000011124,Percent,239.0,units,0.0,v733833,1.0,3.4,2.0,8.9,22.0,,,,,,2021-11-01
Vancouver,One bedroom units,2021,11,1376.0,10.268872568479557,4.900420969023034,312.4,0.0,7.6204090548054015,Canada,2016A000011124,Percent,239.0,units,0.0,v733833,1.0,3.4,2.0,8.9,22.0,,,,,,2021-11-01
Vancouver,One bedroom units,2021,11,1434.0,10.268872568479557,4.900420969023034,312.4,0.0,7.6204090548054015,Canada,2016A000011124,Percent,239.0,units,0.0,v733833,1.0,3.4,2.0,8.9,22.0,,,,,,2021-11-01
Vancouver,One bedroom units,2021,11,1437.0,10.268872568479557,4.900420969023034,312.4,0.0,7.6204090548054015,Canada,2016A000011124,Percent,239.0,units,0.0,v733833,1.0,3.4,2.0,8.9,22.0,,,,,,2021-11-01
Vancouver,One bedroom units,2021,12,1434.0,3.967741935483871,-2.2806451612903227,104.9,35.7,0.8612903225806451,Canada,2016A000011124,Percent,239.0,units,0.0,v733833,1.0,3.45,2.0,8.9,22.0,,,,,,2021-12-01
Vancouver,One bedroom units,2021,12,1376.0,3.967741935483871,-2.2806451612903227,104.9,35.7,0.8612903225806451,Canada,2016A000011124,Percent,239.0,units,0.0,v733833,1.0,3.45,2.0,8.9,22.0,,,,,,2021-12-01
Vancouver,One bedroom units,2021,12,1434.0,3.967741935483871,-2.2806451612903227,104.9,35.7,0.8612903225806451,Canada,2016A000011124,Percent,239.0,units,0.0,v733833,1.0,3.45,2.0,8.9,22.0,,,,,,2021-12-01
Vancouver,One bedroom units,2021,12,1437.0,3.967741935483871,-2.2806451612903227,104.9,35.7,0.8612903225806451,Canada,2016A000011124,Percent,239.0,units,0.0,v733833,1.0,3.45,2.0,8.9,22.0,,,,,,2021-12-01
Vancouver,One bedroom units,2022,1,1543.0,6.45483870967742,1.6258064516129032,147.29999999999998,17.0,4.064516129032258,Canada,2016A000011124,Percent,239.0,units,0.0,v733833,1.0,3.44,2.0,8.1,23.0,,,,,,2022-01-01
Vancouver,One bedroom units,2022,1,1658.0,6.45483870967742,1.6258064516129032,147.29999999999998,17.0,4.064516129032258,Canada,2016A000011124,Percent,239.0,units,0.0,v733833,1.0,3.44,2.0,8.1,23.0,,,,,,2022-01-01
Vancouver,One bedroom units,2022,1,1543.0,6.45483870967742,1.6258064516129032,147.29999999999998,17.0,4.064516129032258,Canada,2016A000011124,Percent,239.0,units,0.0,v733833,1.0,3.44,2.0,8.1,23.0,,,,,,2022-01-01
Vancouver,One bedroom units,2022,1,1546.0,6.45483870967742,1.6258064516129032,147.29999999999998,17.0,4.064516129032258,Canada,2016A000011124,Percent,239.0,units,0.0,v733833,1.0,3.44,2.0,8.1,23.0,,,,,,2022-01-01
Vancouver,One bedroom units,2022,2,1543.0,7.496428571428572,1.1821428571428572,59.7,2.2,4.357142857142857,Canada,2016A000011124,Percent,239.0,units,0.0,v733833,1.0,3.58,2.0,8.1,23.0,,,,,,2022-02-01
Vancouver,One bedroom units,2022,2,1658.0,7.496428571428572,1.1821428571428572,59.7,2.2,4.357142857142857,Canada,2016A000011124,Percent,239.0,units,0.0,v733833,1.0,3.58,2.0,8.1,23.0,,,,,,2022-02-01
Vancouver,One bedroom units,2022,2,1543.0,7.496428571428572,1.1821428571428572,59.7,2.2,4.357142857142857,Canada,2016A000011124,Percent,239.0,units,0.0,v733833,1.0,3.58,2.0,8.1,23.0,,,,,,2022-02-01
Vancouver,One bedroom units,2022,2,1546.0,7.496428571428572,1.1821428571428572,59.7,2.2,4.357142857142857,Canada,2016A000011124,Percent,239.0,units,0.0,v733833,1.0,3.58,2.0,8.1,23.0,,,,,,2022-02-01
Vancouver,One bedroom units,2022,3,1543.0,10.245161290322581,4.193548387096774,153.0,0.0,7.245161290322581,Canada,2016A000011124,Percent,239.0,units,0.0,v733833,1.0,3.77,2.0,8.1,23.0,,,,,,2022-03-01
Vancouver,One bedroom units,2022,3,1658.0,10.245161290322581,4.193548387096774,153.0,0.0,7.245161290322581,Canada,2016A000011124,Percent,239.0,units,0.0,v733833,1.0,3.77,2.0,8.1,23.0,,,,,,2022-03-01
Vancouver,One bedroom units,2022,3,1543.0,10.245161290322581,4.193548387096774,153.0,0.0,7.245161290322581,Canada,2016A000011124,Percent,239.0,units,0.0,v733833,1.0,3.77,2.0,8.1,23.0,,,,,,2022-03-01
Vancouver,One bedroom units,2022,3,1546.0,10.245161290322581,4.193548387096774,153.0,0.0,7.245161290322581,Canada,2016A000011124,Percent,239.0,units,0.0,v733833,1.0,3.77,2.0,8.1,23.0,,,,,,2022-03-01
Vancouver,One bedroom units,2022,4,1543.0,11.78,4.113333333333333,94.60000000000001,0.0,7.9766666666666675,Canada,2016A000011124,Percent,239.0,units,0.0,v733833,1.0,4.19,2.0,8.1,23.0,,,,,,2022-04-01
Vancouver,One bedroom units,2022,4,1658.0,11.78,4.113333333333333,94.60000000000001,0.0,7.9766666666666675,Canada,2016A000011124,Percent,239.0,units,0.0,v733833,1.0,4.19,2.0,8.1,23.0,,,,,,2022-04-01
Vancouver,One bedroom units,2022,4,1543.0,11.78,4.113333333333333,94.60000000000001,0.0,7.9766666666666675,Canada,2016A000011124,Percent,239.0,units,0.0,v733833,1.0,4.19,2.0,8.1,23.0,,,,,,2022-04-01
Vancouver,One bedroom units,2022,4,1546.0,11.78,4.113333333333333,94.60000000000001,0.0,7.9766666666666675,Canada,2016A000011124,Percent,239.0,units,0.0,v733833,1.0,4.19,2.0,8.1,23.0,,,,,,2022-04-01
Vancouver,One bedroom units,2022,5,1543.0,14.80858635659312,8.032665453893259,92.1,0.0,11.442331343360067,Canada,2016A000011124,Percent,239.0,units,0.0,v733833,1.0,4.63,2.0,8.1,23.0,,,,,,2022-05-01
Vancouver,One bedroom units,2022,5,1658.0,14.80858635659312,8.032665453893259,92.1,0.0,11.442331343360067,Canada,2016A000011124,Percent,239.0,units,0.0,v733833,1.0,4.63,2.0,8.1,23.0,,,,,,2022-05-01
Vancouver,One bedroom units,2022,5,1543.0,14.80858635659312,8.032665453893259,92.1,0.0,11.442331343360067,Canada,2016A000011124,Percent,239.0,units,0.0,v733833,1.0,4.63,2.0,8.1,23.0,,,,,,2022-05-01
Vancouver,One bedroom units,2022,5,1546.0,14.80858635659312,8.032665453893259,92.1,0.0,11.442331343360067,Canada,2016A000011124,Percent,239.0,units,0.0,v733833,1.0,4.63,2.0,8.1,23.0,,,,,,2022-05-01
Vancouver,One bedroom units,2022,6,1543.0,19.31,11.853333333333333,69.7,0.0,15.610000000000001,Canada,2016A000011124,Percent,239.0,units,0.0,v733833,1.0,5.05,2.0,8.1,23.0,,,,,,2022-06-01
Vancouver,One bedroom units,2022,6,1658.0,19.31,11.853333333333333,69.7,0.0,15.610000000000001,Canada,2016A000011124,Percent,239.0,units,0.0,v733833,1.0,5.05,2.0,8.1,23.0,,,,,,2022-06-01
Vancouver,One bedroom units,2022,6,1543.0,19.31,11.853333333333333,69.7,0.0,15.610000000000001,Canada,2016A000011124,Percent,239.0,units,0.0,v733833,1.0,5.05,2.0,8.1,23.0,,,,,,2022-06-01
Vancouver,One bedroom units,2022,6,1546.0,19.31,11.853333333333333,69.7,0.0,15.610000000000001,Canada,2016A000011124,Percent,239.0,units,0.0,v733833,1.0,5.05,2.0,8.1,23.0,,,,,,2022-06-01
Vancouver,One bedroom units,2022,7,1543.0,22.60858635659312,14.613310615183583,27.9,0.0,18.632653924005226,Canada,2016A000011124,Percent,239.0,units,0.0,v733833,1.0,5.51,2.0,8.1,23.0,,,,,,2022-07-01
Vancouver,One bedroom units,2022,7,1658.0,22.60858635659312,14.613310615183583,27.9,0.0,18.632653924005226,Canada,2016A000011124,Percent,239.0,units,0.0,v733833,1.0,5.51,2.0,8.1,23.0,,,,,,2022-07-01
Vancouver,One bedroom units,2022,7,1543.0,22.60858635659312,14.613310615183583,27.9,0.0,18.632653924005226,Canada,2016A000011124,Percent,239.0,units,0.0,v733833,1.0,5.51,2.0,8.1,23.0,,,,,,2022-07-01
Vancouver,One bedroom units,2022,7,1546.0,22.60858635659312,14.613310615183583,27.9,0.0,18.632653924005226,Canada,2016A000011124,Percent,239.0,units,0.0,v733833,1.0,5.51,2.0,8.1,23.0,,,,,,2022-07-01
Vancouver,One bedroom units,2022,8,1543.0,23.135436489134193,14.64638345845397,6.4,0.0,18.90763919137052,Canada,2016A000011124,Percent,239.0,units,0.0,v733833,1.0,5.58,2.0,8.1,23.0,,,,,,2022-08-01
Vancouver,One bedroom units,2022,8,1658.0,23.135436489134193,14.64638345845397,6.4,0.0,18.90763919137052,Canada,2016A000011124,Percent,239.0,units,0.0,v733833,1.0,5.58,2.0,8.1,23.0,,,,,,2022-08-01
Vancouver,One bedroom units,2022,8,1543.0,23.135436489134193,14.64638345845397,6.4,0.0,18.90763919137052,Canada,2016A000011124,Percent,239.0,units,0.0,v733833,1.0,5.58,2.0,8.1,23.0,,,,,,2022-08-01
Vancouver,One bedroom units,2022,8,1546.0,23.135436489134193,14.64638345845397,6.4,0.0,18.90763919137052,Canada,2016A000011124,Percent,239.0,units,0.0,v733833,1.0,5.58,2.0,8.1,23.0,,,,,,2022-08-01
Vancouver,One bedroom units,2022,9,1543.0,20.071078470292445,11.180841938046068,7.000000000000001,0.0,15.65748477627747,Canada,2016A000011124,Percent,239.0,units,0.0,v733833,1.0,5.64,2.0,8.1,23.0,,,,,,2022-09-01
Vancouver,One bedroom units,2022,9,1658.0,20.071078470292445,11.180841938046068,7.000000000000001,0.0,15.65748477627747,Canada,2016A000011124,Percent,239.0,units,0.0,v733833,1.0,5.64,2.0,8.1,23.0,,,,,,2022-09-01
Vancouver,One bedroom units,2022,9,1543.0,20.071078470292445,11.180841938046068,7.000000000000001,0.0,15.65748477627747,Canada,2016A000011124,Percent,239.0,units,0.0,v733833,1.0,5.64,2.0,8.1,23.0,,,,,,2022-09-01
Vancouver,One bedroom units,2022,9,1546.0,20.071078470292445,11.180841938046068,7.000000000000001,0.0,15.65748477627747,Canada,2016A000011124,Percent,239.0,units,0.0,v733833,1.0,5.64,2.0,8.1,23.0,,,,,,2022-09-01
Vancouver,One bedroom units,2022,10,1543.0,16.082779904980217,7.858471905506161,88.7,0.0,12.000395859489098,Canada,2016A000011124,Percent,239.0,units,0.0,v733833,1.0,5.75,2.0,8.1,23.0,,,,,,2022-10-01
Vancouver,One bedroom units,2022,10,1658.0,16.082779904980217,7.858471905506161,88.7,0.0,12.000395859489098,Canada,2016A000011124,Percent,239.0,units,0.0,v733833,1.0,5.75,2.0,8.1,23.0,,,,,,2022-10-01
Vancouver,One bedroom units,2022,10,1543.0,16.082779904980217,7.858471905506161,88.7,0.0,12.000395859489098,Canada,2016A000011124,Percent,239.0,units,0.0,v733833,1.0,5.75,2.0,8.1,23.0,,,,,,2022-10-01
Vancouver,One bedroom units,2022,10,1546.0,16.082779904980217,7.858471905506161,88.7,0.0,12.000395859489098,Canada,2016A000011124,Percent,239.0,units,0.0,v733833,1.0,5.75,2.0,8.1,23.0,,,,,,2022-10-01
Vancouver,One bedroom units,2022,11,1543.0,7.483333333333333,0.33333333333333326,113.8,12.0,3.933333333333333,Canada,2016A000011124,Percent,239.0,units,0.0,v733833,1.0,5.88,2.0,8.1,23.0,,,,,,2022-11-01
Vancouver,One bedroom units,2022,11,1658.0,7.483333333333333,0.33333333333333326,113.8,12.0,3.933333333333333,Canada,2016A000011124,Percent,239.0,units,0.0,v733833,1.0,5.88,2.0,8.1,23.0,,,,,,2022-11-01
Vancouver,One bedroom units,2022,11,1543.0,7.483333333333333,0.33333333333333326,113.8,12.0,3.933333333333333,Canada,2016A000011124,Percent,239.0,units,0.0,v733833,1.0,5.88,2.0,8.1,23.0,,,,,,2022-11-01
Vancouver,One bedroom units,2022,11,1546.0,7.483333333333333,0.33333333333333326,113.8,12.0,3.933333333333333,Canada,2016A000011124,Percent,239.0,units,0.0,v733833,1.0,5.88,2.0,8.1,23.0,,,,,,2022-11-01
Vancouver,One bedroom units,2022,12,1543.0,4.138709677419355,-1.3419354838709676,187.8,41.8,1.4064516129032258,Canada,2016A000011124,Percent,239.0,units,0.0,v733833,1.0,5.89,2.0,8.1,23.0,,,,,,2022-12-01
Vancouver,One bedroom units,2022,12,1658.0,4.138709677419355,-1.3419354838709676,187.8,41.8,1.4064516129032258,Canada,2016A000011124,Percent,239.0,units,0.0,v733833,1.0,5.89,2.0,8.1,23.0,,,,,,2022-12-01
Vancouver,One bedroom units,2022,12,1543.0,4.138709677419355,-1.3419354838709676,187.8,41.8,1.4064516129032258,Canada,2016A000011124,Percent,239.0,units,0.0,v733833,1.0,5.89,2.0,8.1,23.0,,,,,,2022-12-01
Vancouver,One bedroom units,2022,12,1546.0,4.138709677419355,-1.3419354838709676,187.8,41.8,1.4064516129032258,Canada,2016A000011124,Percent,239.0,units,0.0,v733833,1.0,5.89,2.0,8.1,23.0,,,,,,2022-12-01
Vancouver,One bedroom units,2023,1,1697.0,7.851612903225806,2.883870967741936,122.69999999999999,2.8,5.387096774193548,Canada,2016A000011124,Percent,239.0,units,0.0,v733833,1.0,5.86,2.0,,,0.0,138.0,42.0,0.0,,2023-01-01
Vancouver,One bedroom units,2023,1,2102.0,7.851612903225806,2.883870967741936,122.69999999999999,2.8,5.387096774193548,Canada,2016A000011124,Percent,239.0,units,0.0,v733833,1.0,5.86,2.0,,,0.0,138.0,42.0,0.0,,2023-01-01
Vancouver,One bedroom units,2023,1,1696.0,7.851612903225806,2.883870967741936,122.69999999999999,2.8,5.387096774193548,Canada,2016A000011124,Percent,239.0,units,0.0,v733833,1.0,5.86,2.0,,,0.0,138.0,42.0,0.0,,2023-01-01
Vancouver,One bedroom units,2023,1,1700.0,7.851612903225806,2.883870967741936,122.69999999999999,2.8,5.387096774193548,Canada,2016A000011124,Percent,239.0,units,0.0,v733833,1.0,5.86,2.0,,,0.0,138.0,42.0,0.0,,2023-01-01
Vancouver,One bedroom units,2023,2,1697.0,6.814285714285715,1.4821428571428572,74.8,26.2,4.171428571428572,Canada,2016A000011124,Percent,239.0,units,0.0,v733833,1.0,5.81,2.0,,,0.0,138.0,42.0,0.0,,2023-02-01
Vancouver,One bedroom units,2023,2,2102.0,6.814285714285715,1.4821428571428572,74.8,26.2,4.171428571428572,Canada,2016A000011124,Percent,239.0,units,0.0,v733833,1.0,5.81,2.0,,,0.0,138.0,42.0,0.0,,2023-02-01
Vancouver,One bedroom units,2023,2,1696.0,6.814285714285715,1.4821428571428572,74.8,26.2,4.171428571428572,Canada,2016A000011124,Percent,239.0,units,0.0,v733833,1.0,5.81,2.0,,,0.0,138.0,42.0,0.0,,2023-02-01
Vancouver,One bedroom units,2023,2,1700.0,6.814285714285715,1.4821428571428572,74.8,26.2,4.171428571428572,Canada,2016A000011124,Percent,239.0,units,0.0,v733833,1.0,5.81,2.0,,,0.0,138.0,42.0,0.0,,2023-02-01
Vancouver,One bedroom units,2023,3,1697.0,9.940844421109247,2.30040738937713,38.4,0.3,6.142331343360065,Canada,2016A000011124,Percent,239.0,units,0.0,v733833,1.0,5.81,2.0,,,0.0,138.0,42.0,0.0,,2023-03-01
Vancouver,One bedroom units,2023,3,2102.0,9.940844421109247,2.30040738937713,38.4,0.3,6.142331343360065,Canada,2016A000011124,Percent,239.0,units,0.0,v733833,1.0,5.81,2.0,,,0.0,138.0,42.0,0.0,,2023-03-01
Vancouver,One bedroom units,2023,3,1696.0,9.940844421109247,2.30040738937713,38.4,0.3,6.142331343360065,Canada,2016A000011124,Percent,239.0,units,0.0,v733833,1.0,5.81,2.0,,,0.0,138.0,42.0,0.0,,2023-03-01
Vancouver,One bedroom units,2023,3,1700.0,9.940844421109247,2.30040738937713,38.4,0.3,6.142331343360065,Canada,2016A000011124,Percent,239.0,units,0.0,v733833,1.0,5.81,2.0,,,0.0,138.0,42.0,0.0,,2023-03-01
Vancouver,One bedroom units,2023,4,1697.0,12.105539235146221,5.043754302356367,99.2,0.4,8.6004090548054,Canada,2016A000011124,Percent,239.0,units,0.0,v733833,1.0,5.75,2.0,,,0.0,138.0,42.0,0.0,,2023-04-01
Vancouver,One bedroom units,2023,4,2102.0,12.105539235146221,5.043754302356367,99.2,0.4,8.6004090548054,Canada,2016A000011124,Percent,239.0,units,0.0,v733833,1.0,5.75,2.0,,,0.0,138.0,42.0,0.0,,2023-04-01
Vancouver,One bedroom units,2023,4,1696.0,12.105539235146221,5.043754302356367,99.2,0.4,8.6004090548054,Canada,2016A000011124,Percent,239.0,units,0.0,v733833,1.0,5.75,2.0,,,0.0,138.0,42.0,0.0,,2023-04-01
Vancouver,One bedroom units,2023,4,1700.0,12.105539235146221,5.043754302356367,99.2,0.4,8.6004090548054,Canada,2016A000011124,Percent,239.0,units,0.0,v733833,1.0,5.75,2.0,,,0.0,138.0,42.0,0.0,,2023-04-01
Vancouver,One bedroom units,2023,5,1697.0,18.817172713186235,10.016943811012323,16.1,0.0,14.442727202849163,Canada,2016A000011124,Percent,239.0,units,0.0,v733833,1.0,5.74,2.0,,,0.0,138.0,42.0,0.0,,2023-05-01
Vancouver,One bedroom units,2023,5,2102.0,18.817172713186235,10.016943811012323,16.1,0.0,14.442727202849163,Canada,2016A000011124,Percent,239.0,units,0.0,v733833,1.0,5.74,2.0,,,0.0,138.0,42.0,0.0,,2023-05-01
Vancouver,One bedroom units,2023,5,1696.0,18.817172713186235,10.016943811012323,16.1,0.0,14.442727202849163,Canada,2016A000011124,Percent,239.0,units,0.0,v733833,1.0,5.74,2.0,,,0.0,138.0,42.0,0.0,,2023-05-01
Vancouver,One bedroom units,2023,5,1700.0,18.817172713186235,10.016943811012323,16.1,0.0,14.442727202849163,Canada,2016A000011124,Percent,239.0,units,0.0,v733833,1.0,5.74,2.0,,,0.0,138.0,42.0,0.0,,2023-05-01
Vancouver,One bedroom units,2023,6,1697.0,20.506666666666668,11.786666666666667,19.9,0.0,16.173333333333332,Canada,2016A000011124,Percent,239.0,units,0.0,v733833,1.0,5.85,2.0,,,0.0,138.0,42.0,0.0,,2023-06-01
Vancouver,One bedroom units,2023,6,2102.0,20.506666666666668,11.786666666666667,19.9,0.0,16.173333333333332,Canada,2016A000011124,Percent,239.0,units,0.0,v733833,1.0,5.85,2.0,,,0.0,138.0,42.0,0.0,,2023-06-01
Vancouver,One bedroom units,2023,6,1696.0,20.506666666666668,11.786666666666667,19.9,0.0,16.173333333333332,Canada,2016A000011124,Percent,239.0,units,0.0,v733833,1.0,5.85,2.0,,,0.0,138.0,42.0,0.0,,2023-06-01
Vancouver,One bedroom units,2023,6,1700.0,20.506666666666668,11.786666666666667,19.9,0.0,16.173333333333332,Canada,2016A000011124,Percent,239.0,units,0.0,v733833,1.0,5.85,2.0,,,0.0,138.0,42.0,0.0,,2023-06-01
Vancouver,One bedroom units,2023,7,1697.0,23.861290322580647,14.093548387096773,20.5,0.0,18.993548387096773,Canada,2016A000011124,Percent,239.0,units,0.0,v733833,1.0,5.99,2.0,,,0.0,138.0,42.0,0.0,,2023-07-01
Vancouver,One bedroom units,2023,7,2102.0,23.861290322580647,14.093548387096773,20.5,0.0,18.993548387096773,Canada,2016A000011124,Percent,239.0,units,0.0,v733833,1.0,5.99,2.0,,,0.0,138.0,42.0,0.0,,2023-07-01
Vancouver,One bedroom units,2023,7,1696.0,23.861290322580647,14.093548387096773,20.5,0.0,18.993548387096773,Canada,2016A000011124,Percent,239.0,units,0.0,v733833,1.0,5.99,2.0,,,0.0,138.0,42.0,0.0,,2023-07-01
Vancouver,One bedroom units,2023,7,1700.0,23.861290322580647,14.093548387096773,20.5,0.0,18.993548387096773,Canada,2016A000011124,Percent,239.0,units,0.0,v733833,1.0,5.99,2.0,,,0.0,138.0,42.0,0.0,,2023-07-01
Vancouver,One bedroom units,2023,8,1697.0,22.63225806451613,14.196774193548388,34.300000000000004,0.0,18.43548387096774,Canada,2016A000011124,Percent,239.0,units,0.0,v733833,1.0,6.17,2.0,,,0.0,138.0,42.0,0.0,,2023-08-01
Vancouver,One bedroom units,2023,8,2102.0,22.63225806451613,14.196774193548388,34.300000000000004,0.0,18.43548387096774,Canada,2016A000011124,Percent,239.0,units,0.0,v733833,1.0,6.17,2.0,,,0.0,138.0,42.0,0.0,,2023-08-01
Vancouver,One bedroom units,2023,8,1696.0,22.63225806451613,14.196774193548388,34.300000000000004,0.0,18.43548387096774,Canada,2016A000011124,Percent,239.0,units,0.0,v733833,1.0,6.17,2.0,,,0.0,138.0,42.0,0.0,,2023-08-01
Vancouver,One bedroom units,2023,8,1700.0,22.63225806451613,14.196774193548388,34.300000000000004,0.0,18.43548387096774,Canada,2016A000011124,Percent,239.0,units,0.0,v733833,1.0,6.17,2.0,,,0.0,138.0,42.0,0.0,,2023-08-01
Vancouver,One bedroom units,2023,9,1697.0,19.346666666666668,11.15,33.300000000000004,0.0,15.276666666666667,Canada,2016A000011124,Percent,239.0,units,0.0,v733833,1.0,6.27,2.0,,,0.0,138.0,42.0,0.0,,2023-09-01
Vancouver,One bedroom units,2023,9,2102.0,19.346666666666668,11.15,33.300000000000004,0.0,15.276666666666667,Canada,2016A000011124,Percent,239.0,units,0.0,v733833,1.0,6.27,2.0,,,0.0,138.0,42.0,0.0,,2023-09-01
Vancouver,One bedroom units,2023,9,1696.0,19.346666666666668,11.15,33.300000000000004,0.0,15.276666666666667,Canada,2016A000011124,Percent,239.0,units,0.0,v733833,1.0,6.27,2.0,,,0.0,138.0,42.0,0.0,,2023-09-01
Vancouver,One bedroom units,2023,9,1700.0,19.346666666666668,11.15,33.300000000000004,0.0,15.276666666666667,Canada,2016A000011124,Percent,239.0,units,0.0,v733833,1.0,6.27,2.0,,,0.0,138.0,42.0,0.0,,2023-09-01
Vancouver,One bedroom units,2023,10,1697.0,14.238709677419354,7.109677419354839,118.2,0.0,10.7,Canada,2016A000011124,Percent,239.0,units,0.0,v733833,1.0,6.42,2.0,,,0.0,138.0,42.0,0.0,1851758.6942771084,2023-10-01
Vancouver,One bedroom units,2023,10,2102.0,14.238709677419354,7.109677419354839,118.2,0.0,10.7,Canada,2016A000011124,Percent,239.0,units,0.0,v733833,1.0,6.42,2.0,,,0.0,138.0,42.0,0.0,1851758.6942771084,2023-10-01
Vancouver,One bedroom units,2023,10,1696.0,14.238709677419354,7.109677419354839,118.2,0.0,10.7,Canada,2016A000011124,Percent,239.0,units,0.0,v733833,1.0,6.42,2.0,,,0.0,138.0,42.0,0.0,1851758.6942771084,2023-10-01
Vancouver,One bedroom units,2023,10,1700.0,14.238709677419354,7.109677419354839,118.2,0.0,10.7,Canada,2016A000011124,Percent,239.0,units,0.0,v733833,1.0,6.42,2.0,,,0.0,138.0,42.0,0.0,1851758.6942771084,2023-10-01
Vancouver,One bedroom units,2023,11,1697.0,9.867745136959112,3.1075086047127347,112.0,0.0,6.507484776277469,Canada,2016A000011124,Percent,239.0,units,0.0,v733833,1.0,6.47,2.0,,,0.0,138.0,42.0,0.0,,2023-11-01
Vancouver,One bedroom units,2023,11,2102.0,9.867745136959112,3.1075086047127347,112.0,0.0,6.507484776277469,Canada,2016A000011124,Percent,239.0,units,0.0,v733833,1.0,6.47,2.0,,,0.0,138.0,42.0,0.0,,2023-11-01
Vancouver,One bedroom units,2023,11,1696.0,9.867745136959112,3.1075086047127347,112.0,0.0,6.507484776277469,Canada,2016A000011124,Percent,239.0,units,0.0,v733833,1.0,6.47,2.0,,,0.0,138.0,42.0,0.0,,2023-11-01
Vancouver,One bedroom units,2023,11,1700.0,9.867745136959112,3.1075086047127347,112.0,0.0,6.507484776277469,Canada,2016A000011124,Percent,239.0,units,0.0,v733833,1.0,6.47,2.0,,,0.0,138.0,42.0,0.0,,2023-11-01
Vancouver,One bedroom units,2023,12,1697.0,9.312903225806451,4.635483870967741,185.1,0.0,7.0,Canada,2016A000011124,Percent,239.0,units,0.0,v733833,1.0,6.39,2.0,,,0.0,138.0,42.0,0.0,,2023-12-01
Vancouver,One bedroom units,2023,12,2102.0,9.312903225806451,4.635483870967741,185.1,0.0,7.0,Canada,2016A000011124,Percent,239.0,units,0.0,v733833,1.0,6.39,2.0,,,0.0,138.0,42.0,0.0,,2023-12-01
Vancouver,One bedroom units,2023,12,1696.0,9.312903225806451,4.635483870967741,185.1,0.0,7.0,Canada,2016A000011124,Percent,239.0,units,0.0,v733833,1.0,6.39,2.0,,,0.0,138.0,42.0,0.0,,2023-12-01
Vancouver,One bedroom units,2023,12,1700.0,9.312903225806451,4.635483870967741,185.1,0.0,7.0,Canada,2016A000011124,Percent,239.0,units,0.0,v733833,1.0,6.39,2.0,,,0.0,138.0,42.0,0.0,,2023-12-01
Vancouver,One bedroom units,2024,1,1769.0,6.891366261573332,1.5653309077865178,259.5,36.8,4.242727202849163,Canada,2016A000011124,Percent,239.0,units,0.0,v733833,1.0,6.31,2.0,,,,,,,,2024-01-01
Vancouver,One bedroom units,2024,1,1434.0,6.891366261573332,1.5653309077865178,259.5,36.8,4.242727202849163,Canada,2016A000011124,Percent,239.0,units,0.0,v733833,1.0,6.31,2.0,,,,,,,,2024-01-01
Vancouver,One bedroom units,2024,1,1769.0,6.891366261573332,1.5653309077865178,259.5,36.8,4.242727202849163,Canada,2016A000011124,Percent,239.0,units,0.0,v733833,1.0,6.31,2.0,,,,,,,,2024-01-01
Vancouver,One bedroom units,2024,1,1771.0,6.891366261573332,1.5653309077865178,259.5,36.8,4.242727202849163,Canada,2016A000011124,Percent,239.0,units,0.0,v733833,1.0,6.31,2.0,,,,,,,,2024-01-01
Vancouver,One bedroom units,2024,2,1769.0,8.871247484634024,2.586642381747966,86.7,1.0,5.76249212566076,Canada,2016A000011124,Percent,239.0,units,0.0,v733833,1.0,6.15,2.0,,,,,,,,2024-02-01
Vancouver,One bedroom units,2024,2,1434.0,8.871247484634024,2.586642381747966,86.7,1.0,5.76249212566076,Canada,2016A000011124,Percent,239.0,units,0.0,v733833,1.0,6.15,2.0,,,,,,,,2024-02-01
Vancouver,One bedroom units,2024,2,1769.0,8.871247484634024,2.586642381747966,86.7,1.0,5.76249212566076,Canada,2016A000011124,Percent,239.0,units,0.0,v733833,1.0,6.15,2.0,,,,,,,,2024-02-01
Vancouver,One bedroom units,2024,2,1771.0,8.871247484634024,2.586642381747966,86.7,1.0,5.76249212566076,Canada,2016A000011124,Percent,239.0,units,0.0,v733833,1.0,6.15,2.0,,,,,,,,2024-02-01
Vancouver,One bedroom units,2024,3,1769.0,10.507495293831399,3.6588792948832918,100.6,3.0,7.113694944784648,Canada,2016A000011124,Percent,239.0,units,0.0,v733833,1.0,6.13,2.0,,,,,,,,2024-03-01
Vancouver,One bedroom units,2024,3,1434.0,10.507495293831399,3.6588792948832918,100.6,3.0,7.113694944784648,Canada,2016A000011124,Percent,239.0,units,0.0,v733833,1.0,6.13,2.0,,,,,,,,2024-03-01
Vancouver,One bedroom units,2024,3,1769.0,10.507495293831399,3.6588792948832918,100.6,3.0,7.113694944784648,Canada,2016A000011124,Percent,239.0,units,0.0,v733833,1.0,6.13,2.0,,,,,,,,2024-03-01
Vancouver,One bedroom units,2024,3,1771.0,10.507495293831399,3.6588792948832918,100.6,3.0,7.113694944784648,Canada,2016A000011124,Percent,239.0,units,0.0,v733833,1.0,6.13,2.0,,,,,,,,2024-03-01
Vancouver,One bedroom units,2024,4,1769.0,13.024411803625778,5.417508604712735,59.7,0.0,9.254151442944135,Canada,2016A000011124,Percent,239.0,units,0.0,v733833,1.0,6.08,2.0,,,,,,,,2024-04-01
Vancouver,One bedroom units,2024,4,1434.0,13.024411803625778,5.417508604712735,59.7,0.0,9.254151442944135,Canada,2016A000011124,Percent,239.0,units,0.0,v733833,1.0,6.08,2.0,,,,,,,,2024-04-01
Vancouver,One bedroom units,2024,4,1769.0,13.024411803625778,5.417508604712735,59.7,0.0,9.254151442944135,Canada,2016A000011124,Percent,239.0,units,0.0,v733833,1.0,6.08,2.0,,,,,,,,2024-04-01
Vancouver,One bedroom units,2024,4,1771.0,13.024411803625778,5.417508604712735,59.7,0.0,9.254151442944135,Canada,2016A000011124,Percent,239.0,units,0.0,v733833,1.0,6.08,2.0,,,,,,,,2024-04-01
Vancouver,One bedroom units,2024,5,1769.0,16.250521840464085,8.42298803453842,53.9,0.0,12.35846037561813,Canada,2016A000011124,Percent,239.0,units,0.0,v733833,1.0,6.05,2.0,,,,,,,,2024-05-01
Vancouver,One bedroom units,2024,5,1434.0,16.250521840464085,8.42298803453842,53.9,0.0,12.35846037561813,Canada,2016A000011124,Percent,239.0,units,0.0,v733833,1.0,6.05,2.0,,,,,,,,2024-05-01
Vancouver,One bedroom units,2024,5,1769.0,16.250521840464085,8.42298803453842,53.9,0.0,12.35846037561813,Canada,2016A000011124,Percent,239.0,units,0.0,v733833,1.0,6.05,2.0,,,,,,,,2024-05-01
Vancouver,One bedroom units,2024,5,1771.0,16.250521840464085,8.42298803453842,53.9,0.0,12.35846037561813,Canada,2016A000011124,Percent,239.0,units,0.0,v733833,1.0,6.05,2.0,,,,,,,,2024-05-01
Vancouver,One bedroom units,2024,6,1769.0,18.579951038772,10.56792957373577,64.1,0.0,14.594560497749537,Canada,2016A000011124,Percent,239.0,units,0.0,v733833,1.0,5.98,2.0,,,,,,,,2024-06-01
Vancouver,One bedroom units,2024,6,1434.0,18.579951038772,10.56792957373577,64.1,0.0,14.594560497749537,Canada,2016A000011124,Percent,239.0,units,0.0,v733833,1.0,5.98,2.0,,,,,,,,2024-06-01
Vancouver,One bedroom units,2024,6,1769.0,18.579951038772,10.56792957373577,64.1,0.0,14.594560497749537,Canada,2016A000011124,Percent,239.0,units,0.0,v733833,1.0,5.98,2.0,,,,,,,,2024-06-01
Vancouver,One bedroom units,2024,6,1771.0,18.579951038772,10.56792957373577,64.1,0.0,14.594560497749537,Canada,2016A000011124,Percent,239.0,units,0.0,v733833,1.0,5.98,2.0,,,,,,,,2024-06-01
Vancouver,One bedroom units,2024,7,1769.0,22.55265658415398,13.797588972302647,19.8,0.0,18.20401752542981,Canada,2016A000011124,Percent,239.0,units,0.0,v733833,1.0,5.91,2.0,,,,,,,,2024-07-01
Vancouver,One bedroom units,2024,7,1434.0,22.55265658415398,13.797588972302647,19.8,0.0,18.20401752542981,Canada,2016A000011124,Percent,239.0,units,0.0,v733833,1.0,5.91,2.0,,,,,,,,2024-07-01
Vancouver,One bedroom units,2024,7,1769.0,22.55265658415398,13.797588972302647,19.8,0.0,18.20401752542981,Canada,2016A000011124,Percent,239.0,units,0.0,v733833,1.0,5.91,2.0,,,,,,,,2024-07-01
Vancouver,One bedroom units,2024,7,1771.0,22.55265658415398,13.797588972302647,19.8,0.0,18.20401752542981,Canada,2016A000011124,Percent,239.0,units,0.0,v733833,1.0,5.91,2.0,,,,,,,,2024-07-01
Vancouver,One bedroom units,2024,8,1769.0,21.639753358347527,13.526621230367162,59.4,0.0,17.613694944784648,Canada,2016A000011124,Percent,239.0,units,0.0,v733833,1.0,5.73,2.0,,,,,,,,2024-08-01
Vancouver,One bedroom units,2024,8,1434.0,21.639753358347527,13.526621230367162,59.4,0.0,17.613694944784648,Canada,2016A000011124,Percent,239.0,units,0.0,v733833,1.0,5.73,2.0,,,,,,,,2024-08-01
Vancouver,One bedroom units,2024,8,1769.0,21.639753358347527,13.526621230367162,59.4,0.0,17.613694944784648,Canada,2016A000011124,Percent,239.0,units,0.0,v733833,1.0,5.73,2.0,,,,,,,,2024-08-01
Vancouver,One bedroom units,2024,8,1771.0,21.639753358347527,13.526621230367162,59.4,0.0,17.613694944784648,Canada,2016A000011124,Percent,239.0,units,0.0,v733833,1.0,5.73,2.0,,,,,,,,2024-08-01
Vancouver,One bedroom units,2024,9,1769.0,18.84,11.766666666666667,54.1,0.0,15.33,Canada,2016A000011124,Percent,239.0,units,0.0,v733833,1.0,5.55,2.0,,,,,,,,2024-09-01
Vancouver,One bedroom units,2024,9,1434.0,18.84,11.766666666666667,54.1,0.0,15.33,Canada,2016A000011124,Percent,239.0,units,0.0,v733833,1.0,5.55,2.0,,,,,,,,2024-09-01
Vancouver,One bedroom units,2024,9,1769.0,18.84,11.766666666666667,54.1,0.0,15.33,Canada,2016A000011124,Percent,239.0,units,0.0,v733833,1.0,5.55,2.0,,,,,,,,2024-09-01
Vancouver,One bedroom units,2024,9,1771.0,18.84,11.766666666666667,54.1,0.0,15.33,Canada,2016A000011124,Percent,239.0,units,0.0,v733833,1.0,5.55,2.0,,,,,,,,2024-09-01
Vancouver,One bedroom units,2024,10,1769.0,13.980645161290322,7.570967741935483,207.39999999999998,0.0,10.8,Canada,2016A000011124,Percent,239.0,units,0.0,v733833,1.0,5.44,2.0,,,,,,,,2024-10-01
Vancouver,One bedroom units,2024,10,1434.0,13.980645161290322,7.570967741935483,207.39999999999998,0.0,10.8,Canada,2016A000011124,Percent,239.0,units,0.0,v733833,1.0,5.44,2.0,,,,,,,,2024-10-01
Vancouver,One bedroom units,2024,10,1769.0,13.980645161290322,7.570967741935483,207.39999999999998,0.0,10.8,Canada,2016A000011124,Percent,239.0,units,0.0,v733833,1.0,5.44,2.0,,,,,,,,2024-10-01
Vancouver,One bedroom units,2024,10,1771.0,13.980645161290322,7.570967741935483,207.39999999999998,0.0,10.8,Canada,2016A000011124,Percent,239.0,units,0.0,v733833,1.0,5.44,2.0,,,,,,,,2024-10-01
Vancouver,One bedroom units,2024,11,1769.0,9.621078470292444,5.214175271379402,207.79999999999998,4.0,7.440818109610802,Canada,2016A000011124,Percent,239.0,units,0.0,v733833,1.0,5.38,2.0,,,,,,,,2024-11-01
Vancouver,One bedroom units,2024,11,1434.0,9.621078470292444,5.214175271379402,207.79999999999998,4.0,7.440818109610802,Canada,2016A000011124,Percent,239.0,units,0.0,v733833,1.0,5.38,2.0,,,,,,,,2024-11-01
Vancouver,One bedroom units,2024,11,1769.0,9.621078470292444,5.214175271379402,207.79999999999998,4.0,7.440818109610802,Canada,2016A000011124,Percent,239.0,units,0.0,v733833,1.0,5.38,2.0,,,,,,,,2024-11-01
Vancouver,One bedroom units,2024,11,1771.0,9.621078470292444,5.214175271379402,207.79999999999998,4.0,7.440818109610802,Canada,2016A000011124,Percent,239.0,units,0.0,v733833,1.0,5.38,2.0,,,,,,,,2024-11-01
Vancouver,One bedroom units,2024,12,1769.0,8.519354838709678,3.164516129032258,194.0,0.0,5.867741935483871,Canada,2016A000011124,Percent,239.0,units,0.0,v733833,1.0,5.35,2.0,,,,,,,,2024-12-01
Vancouver,One bedroom units,2024,12,1434.0,8.519354838709678,3.164516129032258,194.0,0.0,5.867741935483871,Canada,2016A000011124,Percent,239.0,units,0.0,v733833,1.0,5.35,2.0,,,,,,,,2024-12-01
Vancouver,One bedroom units,2024,12,1769.0,8.519354838709678,3.164516129032258,194.0,0.0,5.867741935483871,Canada,2016A000011124,Percent,239.0,units,0.0,v733833,1.0,5.35,2.0,,,,,,,,2024-12-01
Vancouver,One bedroom units,2024,12,1771.0,8.519354838709678,3.164516129032258,194.0,0.0,5.867741935483871,Canada,2016A000011124,Percent,239.0,units,0.0,v733833,1.0,5.35,2.0,,,,,,,,2024-12-01
Vancouver,Two bedroom units,2018,1,1652.0,7.519354838709678,3.1419354838709674,249.4,0.0,5.351612903225806,,,,,,,,,,,8.9,24.0,,,,,,2018-01-01
Vancouver,Two bedroom units,2018,1,1756.0,7.519354838709678,3.1419354838709674,249.4,0.0,5.351612903225806,,,,,,,,,,,8.9,24.0,,,,,,2018-01-01
Vancouver,Two bedroom units,2018,1,1649.0,7.519354838709678,3.1419354838709674,249.4,0.0,5.351612903225806,,,,,,,,,,,8.9,24.0,,,,,,2018-01-01
Vancouver,Two bedroom units,2018,1,1651.0,7.519354838709678,3.1419354838709674,249.4,0.0,5.351612903225806,,,,,,,,,,,8.9,24.0,,,,,,2018-01-01
Vancouver,Two bedroom units,2018,2,1652.0,6.089285714285714,0.6071428571428571,105.8,25.8,3.3535714285714286,,,,,,,,,,,8.9,24.0,,,,,,2018-02-01
Vancouver,Two bedroom units,2018,2,1756.0,6.089285714285714,0.6071428571428571,105.8,25.8,3.3535714285714286,,,,,,,,,,,8.9,24.0,,,,,,2018-02-01
Vancouver,Two bedroom units,2018,2,1649.0,6.089285714285714,0.6071428571428571,105.8,25.8,3.3535714285714286,,,,,,,,,,,8.9,24.0,,,,,,2018-02-01
Vancouver,Two bedroom units,2018,2,1651.0,6.089285714285714,0.6071428571428571,105.8,25.8,3.3535714285714286,,,,,,,,,,,8.9,24.0,,,,,,2018-02-01
Vancouver,Two bedroom units,2018,3,1652.0,9.538709677419355,2.487096774193548,111.80000000000001,0.0,6.048387096774194,,,,,,,,,,,8.9,24.0,,,,,,2018-03-01
Vancouver,Two bedroom units,2018,3,1756.0,9.538709677419355,2.487096774193548,111.80000000000001,0.0,6.048387096774194,,,,,,,,,,,8.9,24.0,,,,,,2018-03-01
Vancouver,Two bedroom units,2018,3,1649.0,9.538709677419355,2.487096774193548,111.80000000000001,0.0,6.048387096774194,,,,,,,,,,,8.9,24.0,,,,,,2018-03-01
Vancouver,Two bedroom units,2018,3,1651.0,9.538709677419355,2.487096774193548,111.80000000000001,0.0,6.048387096774194,,,,,,,,,,,8.9,24.0,,,,,,2018-03-01
Vancouver,Two bedroom units,2018,4,1652.0,12.629999999999999,5.819999999999999,134.8,0.0,9.243333333333334,,,,,,,,,,,8.9,24.0,,,,,,2018-04-01
Vancouver,Two bedroom units,2018,4,1756.0,12.629999999999999,5.819999999999999,134.8,0.0,9.243333333333334,,,,,,,,,,,8.9,24.0,,,,,,2018-04-01
Vancouver,Two bedroom units,2018,4,1649.0,12.629999999999999,5.819999999999999,134.8,0.0,9.243333333333334,,,,,,,,,,,8.9,24.0,,,,,,2018-04-01
Vancouver,Two bedroom units,2018,4,1651.0,12.629999999999999,5.819999999999999,134.8,0.0,9.243333333333334,,,,,,,,,,,8.9,24.0,,,,,,2018-04-01
Vancouver,Two bedroom units,2018,5,1652.0,19.15806451612903,10.47741935483871,1.6,0.0,14.845161290322581,,,,,,,,,,,8.9,24.0,,,,,,2018-05-01
Vancouver,Two bedroom units,2018,5,1756.0,19.15806451612903,10.47741935483871,1.6,0.0,14.845161290322581,,,,,,,,,,,8.9,24.0,,,,,,2018-05-01
Vancouver,Two bedroom units,2018,5,1649.0,19.15806451612903,10.47741935483871,1.6,0.0,14.845161290322581,,,,,,,,,,,8.9,24.0,,,,,,2018-05-01
Vancouver,Two bedroom units,2018,5,1651.0,19.15806451612903,10.47741935483871,1.6,0.0,14.845161290322581,,,,,,,,,,,8.9,24.0,,,,,,2018-05-01
Vancouver,Two bedroom units,2018,6,1652.0,19.75,12.076666666666666,38.8,0.0,15.936666666666667,,,,,,,,,,,8.9,24.0,,,,,,2018-06-01
Vancouver,Two bedroom units,2018,6,1756.0,19.75,12.076666666666666,38.8,0.0,15.936666666666667,,,,,,,,,,,8.9,24.0,,,,,,2018-06-01
Vancouver,Two bedroom units,2018,6,1649.0,19.75,12.076666666666666,38.8,0.0,15.936666666666667,,,,,,,,,,,8.9,24.0,,,,,,2018-06-01
Vancouver,Two bedroom units,2018,6,1651.0,19.75,12.076666666666666,38.8,0.0,15.936666666666667,,,,,,,,,,,8.9,24.0,,,,,,2018-06-01
Vancouver,Two bedroom units,2018,7,1652.0,24.05483870967742,14.138709677419355,5.4,0.0,19.116129032258065,,,,,,,,,,,8.9,24.0,,,,,,2018-07-01
Vancouver,Two bedroom units,2018,7,1756.0,24.05483870967742,14.138709677419355,5.4,0.0,19.116129032258065,,,,,,,,,,,8.9,24.0,,,,,,2018-07-01
Vancouver,Two bedroom units,2018,7,1649.0,24.05483870967742,14.138709677419355,5.4,0.0,19.116129032258065,,,,,,,,,,,8.9,24.0,,,,,,2018-07-01
Vancouver,Two bedroom units,2018,7,1651.0,24.05483870967742,14.138709677419355,5.4,0.0,19.116129032258065,,,,,,,,,,,8.9,24.0,,,,,,2018-07-01
Vancouver,Two bedroom units,2018,8,1652.0,22.938709677419357,13.693955776473905,16.2,0.0,18.242331343360068,,,,,,,,,,,8.9,24.0,,,,,,2018-08-01
Vancouver,Two bedroom units,2018,8,1756.0,22.938709677419357,13.693955776473905,16.2,0.0,18.242331343360068,,,,,,,,,,,8.9,24.0,,,,,,2018-08-01
Vancouver,Two bedroom units,2018,8,1649.0,22.938709677419357,13.693955776473905,16.2,0.0,18.242331343360068,,,,,,,,,,,8.9,24.0,,,,,,2018-08-01
Vancouver,Two bedroom units,2018,8,1651.0,22.938709677419357,13.693955776473905,16.2,0.0,18.242331343360068,,,,,,,,,,,8.9,24.0,,,,,,2018-08-01
Vancouver,Two bedroom units,2018,9,1652.0,18.226666666666667,10.816666666666666,111.0,0.0,14.55,,,,,,,,,,,8.9,24.0,,,,,,2018-09-01
Vancouver,Two bedroom units,2018,9,1756.0,18.226666666666667,10.816666666666666,111.0,0.0,14.55,,,,,,,,,,,8.9,24.0,,,,,,2018-09-01
Vancouver,Two bedroom units,2018,9,1649.0,18.226666666666667,10.816666666666666,111.0,0.0,14.55,,,,,,,,,,,8.9,24.0,,,,,,2018-09-01
Vancouver,Two bedroom units,2018,9,1651.0,18.226666666666667,10.816666666666666,111.0,0.0,14.55,,,,,,,,,,,8.9,24.0,,,,,,2018-09-01
Vancouver,Two bedroom units,2018,10,1652.0,13.770967741935484,5.83225806451613,110.0,0.0,9.832258064516129,,,,,,,,,,,8.9,24.0,,,,,,2018-10-01
Vancouver,Two bedroom units,2018,10,1756.0,13.770967741935484,5.83225806451613,110.0,0.0,9.832258064516129,,,,,,,,,,,8.9,24.0,,,,,,2018-10-01
Vancouver,Two bedroom units,2018,10,1649.0,13.770967741935484,5.83225806451613,110.0,0.0,9.832258064516129,,,,,,,,,,,8.9,24.0,,,,,,2018-10-01
Vancouver,Two bedroom units,2018,10,1651.0,13.770967741935484,5.83225806451613,110.0,0.0,9.832258064516129,,,,,,,,,,,8.9,24.0,,,,,,2018-10-01
Vancouver,Two bedroom units,2018,11,1652.0,10.556666666666667,4.513333333333334,203.8,0.0,7.566666666666666,Canada,2016A000011124,Percent,239.0,units,0.0,v733833,1.0,4.38,2.0,8.9,24.0,,,,,,2018-11-01
Vancouver,Two bedroom units,2018,11,1756.0,10.556666666666667,4.513333333333334,203.8,0.0,7.566666666666666,Canada,2016A000011124,Percent,239.0,units,0.0,v733833,1.0,4.38,2.0,8.9,24.0,,,,,,2018-11-01
Vancouver,Two bedroom units,2018,11,1649.0,10.556666666666667,4.513333333333334,203.8,0.0,7.566666666666666,Canada,2016A000011124,Percent,239.0,units,0.0,v733833,1.0,4.38,2.0,8.9,24.0,,,,,,2018-11-01
Vancouver,Two bedroom units,2018,11,1651.0,10.556666666666667,4.513333333333334,203.8,0.0,7.566666666666666,Canada,2016A000011124,Percent,239.0,units,0.0,v733833,1.0,4.38,2.0,8.9,24.0,,,,,,2018-11-01
Vancouver,Two bedroom units,2018,12,1652.0,7.687096774193549,2.032258064516129,254.8,0.0,4.877419354838709,Canada,2016A000011124,Percent,239.0,units,0.0,v733833,1.0,4.59,2.0,8.9,24.0,,,,,,2018-12-01
Vancouver,Two bedroom units,2018,12,1756.0,7.687096774193549,2.032258064516129,254.8,0.0,4.877419354838709,Canada,2016A000011124,Percent,239.0,units,0.0,v733833,1.0,4.59,2.0,8.9,24.0,,,,,,2018-12-01
Vancouver,Two bedroom units,2018,12,1649.0,7.687096774193549,2.032258064516129,254.8,0.0,4.877419354838709,Canada,2016A000011124,Percent,239.0,units,0.0,v733833,1.0,4.59,2.0,8.9,24.0,,,,,,2018-12-01
Vancouver,Two bedroom units,2018,12,1651.0,7.687096774193549,2.032258064516129,254.8,0.0,4.877419354838709,Canada,2016A000011124,Percent,239.0,units,0.0,v733833,1.0,4.59,2.0,8.9,24.0,,,,,,2018-12-01
Vancouver,Two bedroom units,2019,1,1752.0,7.877419354838709,2.0451612903225804,140.79999999999998,0.0,4.990322580645161,Canada,2016A000011124,Percent,239.0,units,0.0,v733833,1.0,4.59,2.0,,,,,,,,2019-01-01
Vancouver,Two bedroom units,2019,1,1881.0,7.877419354838709,2.0451612903225804,140.79999999999998,0.0,4.990322580645161,Canada,2016A000011124,Percent,239.0,units,0.0,v733833,1.0,4.59,2.0,,,,,,,,2019-01-01
Vancouver,Two bedroom units,2019,1,1748.0,7.877419354838709,2.0451612903225804,140.79999999999998,0.0,4.990322580645161,Canada,2016A000011124,Percent,239.0,units,0.0,v733833,1.0,4.59,2.0,,,,,,,,2019-01-01
Vancouver,Two bedroom units,2019,1,1750.0,7.877419354838709,2.0451612903225804,140.79999999999998,0.0,4.990322580645161,Canada,2016A000011124,Percent,239.0,units,0.0,v733833,1.0,4.59,2.0,,,,,,,,2019-01-01
Vancouver,Two bedroom units,2019,2,1752.0,3.8392857142857144,-3.0214285714285714,75.0,32.2,0.4035714285714286,Canada,2016A000011124,Percent,239.0,units,0.0,v733833,1.0,4.52,2.0,,,,,,,,2019-02-01
Vancouver,Two bedroom units,2019,2,1881.0,3.8392857142857144,-3.0214285714285714,75.0,32.2,0.4035714285714286,Canada,2016A000011124,Percent,239.0,units,0.0,v733833,1.0,4.52,2.0,,,,,,,,2019-02-01
Vancouver,Two bedroom units,2019,2,1748.0,3.8392857142857144,-3.0214285714285714,75.0,32.2,0.4035714285714286,Canada,2016A000011124,Percent,239.0,units,0.0,v733833,1.0,4.52,2.0,,,,,,,,2019-02-01
Vancouver,Two bedroom units,2019,2,1750.0,3.8392857142857144,-3.0214285714285714,75.0,32.2,0.4035714285714286,Canada,2016A000011124,Percent,239.0,units,0.0,v733833,1.0,4.52,2.0,,,,,,,,2019-02-01
Vancouver,Two bedroom units,2019,3,1752.0,10.587096774193547,1.2741935483870968,31.2,0.0,5.961290322580646,Canada,2016A000011124,Percent,239.0,units,0.0,v733833,1.0,4.44,2.0,,,,,,,,2019-03-01
Vancouver,Two bedroom units,2019,3,1881.0,10.587096774193547,1.2741935483870968,31.2,0.0,5.961290322580646,Canada,2016A000011124,Percent,239.0,units,0.0,v733833,1.0,4.44,2.0,,,,,,,,2019-03-01
Vancouver,Two bedroom units,2019,3,1748.0,10.587096774193547,1.2741935483870968,31.2,0.0,5.961290322580646,Canada,2016A000011124,Percent,239.0,units,0.0,v733833,1.0,4.44,2.0,,,,,,,,2019-03-01
Vancouver,Two bedroom units,2019,3,1750.0,10.587096774193547,1.2741935483870968,31.2,0.0,5.961290322580646,Canada,2016A000011124,Percent,239.0,units,0.0,v733833,1.0,4.44,2.0,,,,,,,,2019-03-01
Vancouver,Two bedroom units,2019,4,1752.0,13.1,5.9,110.8,0.0,9.526666666666667,Canada,2016A000011124,Percent,239.0,units,0.0,v733833,1.0,4.33,2.0,,,,,,,,2019-04-01
Vancouver,Two bedroom units,2019,4,1881.0,13.1,5.9,110.8,0.0,9.526666666666667,Canada,2016A000011124,Percent,239.0,units,0.0,v733833,1.0,4.33,2.0,,,,,,,,2019-04-01
Vancouver,Two bedroom units,2019,4,1748.0,13.1,5.9,110.8,0.0,9.526666666666667,Canada,2016A000011124,Percent,239.0,units,0.0,v733833,1.0,4.33,2.0,,,,,,,,2019-04-01
Vancouver,Two bedroom units,2019,4,1750.0,13.1,5.9,110.8,0.0,9.526666666666667,Canada,2016A000011124,Percent,239.0,units,0.0,v733833,1.0,4.33,2.0,,,,,,,,2019-04-01
Vancouver,Two bedroom units,2019,5,1752.0,18.358064516129033,9.906451612903227,30.4,0.0,14.154838709677419,Canada,2016A000011124,Percent,239.0,units,0.0,v733833,1.0,4.3,2.0,,,,,,,,2019-05-01
Vancouver,Two bedroom units,2019,5,1881.0,18.358064516129033,9.906451612903227,30.4,0.0,14.154838709677419,Canada,2016A000011124,Percent,239.0,units,0.0,v733833,1.0,4.3,2.0,,,,,,,,2019-05-01
Vancouver,Two bedroom units,2019,5,1748.0,18.358064516129033,9.906451612903227,30.4,0.0,14.154838709677419,Canada,2016A000011124,Percent,239.0,units,0.0,v733833,1.0,4.3,2.0,,,,,,,,2019-05-01
Vancouver,Two bedroom units,2019,5,1750.0,18.358064516129033,9.906451612903227,30.4,0.0,14.154838709677419,Canada,2016A000011124,Percent,239.0,units,0.0,v733833,1.0,4.3,2.0,,,,,,,,2019-05-01
Vancouver,Two bedroom units,2019,6,1752.0,21.133333333333333,11.876666666666667,26.200000000000003,0.0,16.526666666666667,Canada,2016A000011124,Percent,239.0,units,0.0,v733833,1.0,4.23,2.0,,,,,,,,2019-06-01
Vancouver,Two bedroom units,2019,6,1881.0,21.133333333333333,11.876666666666667,26.200000000000003,0.0,16.526666666666667,Canada,2016A000011124,Percent,239.0,units,0.0,v733833,1.0,4.23,2.0,,,,,,,,2019-06-01
Vancouver,Two bedroom units,2019,6,1748.0,21.133333333333333,11.876666666666667,26.200000000000003,0.0,16.526666666666667,Canada,2016A000011124,Percent,239.0,units,0.0,v733833,1.0,4.23,2.0,,,,,,,,2019-06-01
Vancouver,Two bedroom units,2019,6,1750.0,21.133333333333333,11.876666666666667,26.200000000000003,0.0,16.526666666666667,Canada,2016A000011124,Percent,239.0,units,0.0,v733833,1.0,4.23,2.0,,,,,,,,2019-06-01
Vancouver,Two bedroom units,2019,7,1752.0,22.783870967741933,14.070967741935483,30.8,0.0,18.45483870967742,Canada,2016A000011124,Percent,239.0,units,0.0,v733833,1.0,4.14,2.0,,,,,,,,2019-07-01
Vancouver,Two bedroom units,2019,7,1881.0,22.783870967741933,14.070967741935483,30.8,0.0,18.45483870967742,Canada,2016A000011124,Percent,239.0,units,0.0,v733833,1.0,4.14,2.0,,,,,,,,2019-07-01
Vancouver,Two bedroom units,2019,7,1748.0,22.783870967741933,14.070967741935483,30.8,0.0,18.45483870967742,Canada,2016A000011124,Percent,239.0,units,0.0,v733833,1.0,4.14,2.0,,,,,,,,2019-07-01
Vancouver,Two bedroom units,2019,7,1750.0,22.783870967741933,14.070967741935483,30.8,0.0,18.45483870967742,Canada,2016A000011124,Percent,239.0,units,0.0,v733833,1.0,4.14,2.0,,,,,,,,2019-07-01
Vancouver,Two bedroom units,2019,8,1752.0,23.07741935483871,14.170967741935485,25.8,0.0,18.651612903225807,Canada,2016A000011124,Percent,239.0,units,0.0,v733833,1.0,4.08,2.0,,,,,,,,2019-08-01
Vancouver,Two bedroom units,2019,8,1881.0,23.07741935483871,14.170967741935485,25.8,0.0,18.651612903225807,Canada,2016A000011124,Percent,239.0,units,0.0,v733833,1.0,4.08,2.0,,,,,,,,2019-08-01
Vancouver,Two bedroom units,2019,8,1748.0,23.07741935483871,14.170967741935485,25.8,0.0,18.651612903225807,Canada,2016A000011124,Percent,239.0,units,0.0,v733833,1.0,4.08,2.0,,,,,,,,2019-08-01
Vancouver,Two bedroom units,2019,8,1750.0,23.07741935483871,14.170967741935485,25.8,0.0,18.651612903225807,Canada,2016A000011124,Percent,239.0,units,0.0,v733833,1.0,4.08,2.0,,,,,,,,2019-08-01
Vancouver,Two bedroom units,2019,9,1752.0,18.903333333333332,12.163333333333332,122.2,0.0,15.556666666666667,Canada,2016A000011124,Percent,239.0,units,0.0,v733833,1.0,4.07,2.0,,,,,,,,2019-09-01
Vancouver,Two bedroom units,2019,9,1881.0,18.903333333333332,12.163333333333332,122.2,0.0,15.556666666666667,Canada,2016A000011124,Percent,239.0,units,0.0,v733833,1.0,4.07,2.0,,,,,,,,2019-09-01
Vancouver,Two bedroom units,2019,9,1748.0,18.903333333333332,12.163333333333332,122.2,0.0,15.556666666666667,Canada,2016A000011124,Percent,239.0,units,0.0,v733833,1.0,4.07,2.0,,,,,,,,2019-09-01
Vancouver,Two bedroom units,2019,9,1750.0,18.903333333333332,12.163333333333332,122.2,0.0,15.556666666666667,Canada,2016A000011124,Percent,239.0,units,0.0,v733833,1.0,4.07,2.0,,,,,,,,2019-09-01
Vancouver,Two bedroom units,2019,10,1752.0,12.180645161290323,5.106451612903226,122.6,0.0,8.667741935483871,Canada,2016A000011124,Percent,239.0,units,0.0,v733833,1.0,4.09,2.0,,,,,,,,2019-10-01
Vancouver,Two bedroom units,2019,10,1881.0,12.180645161290323,5.106451612903226,122.6,0.0,8.667741935483871,Canada,2016A000011124,Percent,239.0,units,0.0,v733833,1.0,4.09,2.0,,,,,,,,2019-10-01
Vancouver,Two bedroom units,2019,10,1748.0,12.180645161290323,5.106451612903226,122.6,0.0,8.667741935483871,Canada,2016A000011124,Percent,239.0,units,0.0,v733833,1.0,4.09,2.0,,,,,,,,2019-10-01
Vancouver,Two bedroom units,2019,10,1750.0,12.180645161290323,5.106451612903226,122.6,0.0,8.667741935483871,Canada,2016A000011124,Percent,239.0,units,0.0,v733833,1.0,4.09,2.0,,,,,,,,2019-10-01
Vancouver,Two bedroom units,2019,11,1752.0,9.639999999999999,2.033333333333333,85.7,0.0,5.8566666666666665,Canada,2016A000011124,Percent,239.0,units,0.0,v733833,1.0,4.09,2.0,,,,,,,,2019-11-01
Vancouver,Two bedroom units,2019,11,1881.0,9.639999999999999,2.033333333333333,85.7,0.0,5.8566666666666665,Canada,2016A000011124,Percent,239.0,units,0.0,v733833,1.0,4.09,2.0,,,,,,,,2019-11-01
Vancouver,Two bedroom units,2019,11,1748.0,9.639999999999999,2.033333333333333,85.7,0.0,5.8566666666666665,Canada,2016A000011124,Percent,239.0,units,0.0,v733833,1.0,4.09,2.0,,,,,,,,2019-11-01
Vancouver,Two bedroom units,2019,11,1750.0,9.639999999999999,2.033333333333333,85.7,0.0,5.8566666666666665,Canada,2016A000011124,Percent,239.0,units,0.0,v733833,1.0,4.09,2.0,,,,,,,,2019-11-01
Vancouver,Two bedroom units,2019,12,1752.0,7.419354838709677,3.2838709677419353,164.2,0.0,5.380645161290323,Canada,2016A000011124,Percent,239.0,units,0.0,v733833,1.0,4.08,2.0,,,,,,,,2019-12-01
Vancouver,Two bedroom units,2019,12,1881.0,7.419354838709677,3.2838709677419353,164.2,0.0,5.380645161290323,Canada,2016A000011124,Percent,239.0,units,0.0,v733833,1.0,4.08,2.0,,,,,,,,2019-12-01
Vancouver,Two bedroom units,2019,12,1748.0,7.419354838709677,3.2838709677419353,164.2,0.0,5.380645161290323,Canada,2016A000011124,Percent,239.0,units,0.0,v733833,1.0,4.08,2.0,,,,,,,,2019-12-01
Vancouver,Two bedroom units,2019,12,1750.0,7.419354838709677,3.2838709677419353,164.2,0.0,5.380645161290323,Canada,2016A000011124,Percent,239.0,units,0.0,v733833,1.0,4.08,2.0,,,,,,,,2019-12-01
Vancouver,Two bedroom units,2020,1,1799.0,7.048387096774194,2.167741935483871,256.6,34.6,4.635483870967741,Canada,2016A000011124,Percent,239.0,units,0.0,v733833,1.0,4.08,2.0,,,,,,,,2020-01-01
Vancouver,Two bedroom units,2020,1,2106.0,7.048387096774194,2.167741935483871,256.6,34.6,4.635483870967741,Canada,2016A000011124,Percent,239.0,units,0.0,v733833,1.0,4.08,2.0,,,,,,,,2020-01-01
Vancouver,Two bedroom units,2020,1,1792.0,7.048387096774194,2.167741935483871,256.6,34.6,4.635483870967741,Canada,2016A000011124,Percent,239.0,units,0.0,v733833,1.0,4.08,2.0,,,,,,,,2020-01-01
Vancouver,Two bedroom units,2020,1,1793.0,7.048387096774194,2.167741935483871,256.6,34.6,4.635483870967741,Canada,2016A000011124,Percent,239.0,units,0.0,v733833,1.0,4.08,2.0,,,,,,,,2020-01-01
Vancouver,Two bedroom units,2020,2,1799.0,7.551724137931035,1.806896551724138,91.4,10.8,4.703448275862069,Canada,2016A000011124,Percent,239.0,units,0.0,v733833,1.0,4.08,2.0,,,,,,,,2020-02-01
Vancouver,Two bedroom units,2020,2,2106.0,7.551724137931035,1.806896551724138,91.4,10.8,4.703448275862069,Canada,2016A000011124,Percent,239.0,units,0.0,v733833,1.0,4.08,2.0,,,,,,,,2020-02-01
Vancouver,Two bedroom units,2020,2,1792.0,7.551724137931035,1.806896551724138,91.4,10.8,4.703448275862069,Canada,2016A000011124,Percent,239.0,units,0.0,v733833,1.0,4.08,2.0,,,,,,,,2020-02-01
Vancouver,Two bedroom units,2020,2,1793.0,7.551724137931035,1.806896551724138,91.4,10.8,4.703448275862069,Canada,2016A000011124,Percent,239.0,units,0.0,v733833,1.0,4.08,2.0,,,,,,,,2020-02-01
Vancouver,Two bedroom units,2020,3,1799.0,9.541888102037419,2.3721899100668735,40.800000000000004,0.0,5.9850585462092285,Canada,2016A000011124,Percent,239.0,units,0.0,v733833,1.0,3.9,2.0,,,,,,,,2020-03-01
Vancouver,Two bedroom units,2020,3,2106.0,9.541888102037419,2.3721899100668735,40.800000000000004,0.0,5.9850585462092285,Canada,2016A000011124,Percent,239.0,units,0.0,v733833,1.0,3.9,2.0,,,,,,,,2020-03-01
Vancouver,Two bedroom units,2020,3,1792.0,9.541888102037419,2.3721899100668735,40.800000000000004,0.0,5.9850585462092285,Canada,2016A000011124,Percent,239.0,units,0.0,v733833,1.0,3.9,2.0,,,,,,,,2020-03-01
Vancouver,Two bedroom units,2020,3,1793.0,9.541888102037419,2.3721899100668735,40.800000000000004,0.0,5.9850585462092285,Canada,2016A000011124,Percent,239.0,units,0.0,v733833,1.0,3.9,2.0,,,,,,,,2020-03-01
Vancouver,Two bedroom units,2020,4,1799.0,13.733333333333333,4.8566666666666665,22.8,0.0,9.31,Canada,2016A000011124,Percent,239.0,units,0.0,v733833,1.0,3.95,2.0,,,,,,,,2020-04-01
Vancouver,Two bedroom units,2020,4,2106.0,13.733333333333333,4.8566666666666665,22.8,0.0,9.31,Canada,2016A000011124,Percent,239.0,units,0.0,v733833,1.0,3.95,2.0,,,,,,,,2020-04-01
Vancouver,Two bedroom units,2020,4,1792.0,13.733333333333333,4.8566666666666665,22.8,0.0,9.31,Canada,2016A000011124,Percent,239.0,units,0.0,v733833,1.0,3.95,2.0,,,,,,,,2020-04-01
Vancouver,Two bedroom units,2020,4,1793.0,13.733333333333333,4.8566666666666665,22.8,0.0,9.31,Canada,2016A000011124,Percent,239.0,units,0.0,v733833,1.0,3.95,2.0,,,,,,,,2020-04-01
Vancouver,Two bedroom units,2020,5,1799.0,17.809677419354838,9.53225806451613,56.0,0.0,13.693548387096774,Canada,2016A000011124,Percent,239.0,units,0.0,v733833,1.0,3.86,2.0,,,,,,,,2020-05-01
Vancouver,Two bedroom units,2020,5,2106.0,17.809677419354838,9.53225806451613,56.0,0.0,13.693548387096774,Canada,2016A000011124,Percent,239.0,units,0.0,v733833,1.0,3.86,2.0,,,,,,,,2020-05-01
Vancouver,Two bedroom units,2020,5,1792.0,17.809677419354838,9.53225806451613,56.0,0.0,13.693548387096774,Canada,2016A000011124,Percent,239.0,units,0.0,v733833,1.0,3.86,2.0,,,,,,,,2020-05-01
Vancouver,Two bedroom units,2020,5,1793.0,17.809677419354838,9.53225806451613,56.0,0.0,13.693548387096774,Canada,2016A000011124,Percent,239.0,units,0.0,v733833,1.0,3.86,2.0,,,,,,,,2020-05-01
Vancouver,Two bedroom units,2020,6,1799.0,19.146666666666665,11.903333333333334,53.2,0.0,15.553333333333335,Canada,2016A000011124,Percent,239.0,units,0.0,v733833,1.0,3.77,2.0,,,,,,,,2020-06-01
Vancouver,Two bedroom units,2020,6,2106.0,19.146666666666665,11.903333333333334,53.2,0.0,15.553333333333335,Canada,2016A000011124,Percent,239.0,units,0.0,v733833,1.0,3.77,2.0,,,,,,,,2020-06-01
Vancouver,Two bedroom units,2020,6,1792.0,19.146666666666665,11.903333333333334,53.2,0.0,15.553333333333335,Canada,2016A000011124,Percent,239.0,units,0.0,v733833,1.0,3.77,2.0,,,,,,,,2020-06-01
Vancouver,Two bedroom units,2020,6,1793.0,19.146666666666665,11.903333333333334,53.2,0.0,15.553333333333335,Canada,2016A000011124,Percent,239.0,units,0.0,v733833,1.0,3.77,2.0,,,,,,,,2020-06-01
Vancouver,Two bedroom units,2020,7,1799.0,21.64516129032258,13.348387096774195,27.199999999999996,0.0,17.519354838709678,Canada,2016A000011124,Percent,239.0,units,0.0,v733833,1.0,3.64,2.0,,,,,,,,2020-07-01
Vancouver,Two bedroom units,2020,7,2106.0,21.64516129032258,13.348387096774195,27.199999999999996,0.0,17.519354838709678,Canada,2016A000011124,Percent,239.0,units,0.0,v733833,1.0,3.64,2.0,,,,,,,,2020-07-01
Vancouver,Two bedroom units,2020,7,1792.0,21.64516129032258,13.348387096774195,27.199999999999996,0.0,17.519354838709678,Canada,2016A000011124,Percent,239.0,units,0.0,v733833,1.0,3.64,2.0,,,,,,,,2020-07-01
Vancouver,Two bedroom units,2020,7,1793.0,21.64516129032258,13.348387096774195,27.199999999999996,0.0,17.519354838709678,Canada,2016A000011124,Percent,239.0,units,0.0,v733833,1.0,3.64,2.0,,,,,,,,2020-07-01
Vancouver,Two bedroom units,2020,8,1799.0,22.15806451612903,13.625806451612902,46.5,0.0,17.919354838709676,Canada,2016A000011124,Percent,239.0,units,0.0,v733833,1.0,3.57,2.0,,,,,,,,2020-08-01
Vancouver,Two bedroom units,2020,8,2106.0,22.15806451612903,13.625806451612902,46.5,0.0,17.919354838709676,Canada,2016A000011124,Percent,239.0,units,0.0,v733833,1.0,3.57,2.0,,,,,,,,2020-08-01
Vancouver,Two bedroom units,2020,8,1792.0,22.15806451612903,13.625806451612902,46.5,0.0,17.919354838709676,Canada,2016A000011124,Percent,239.0,units,0.0,v733833,1.0,3.57,2.0,,,,,,,,2020-08-01
Vancouver,Two bedroom units,2020,8,1793.0,22.15806451612903,13.625806451612902,46.5,0.0,17.919354838709676,Canada,2016A000011124,Percent,239.0,units,0.0,v733833,1.0,3.57,2.0,,,,,,,,2020-08-01
Vancouver,Two bedroom units,2020,9,1799.0,20.186666666666667,12.456666666666667,59.2,0.0,16.356666666666666,Canada,2016A000011124,Percent,239.0,units,0.0,v733833,1.0,3.51,2.0,,,,,,,,2020-09-01
Vancouver,Two bedroom units,2020,9,2106.0,20.186666666666667,12.456666666666667,59.2,0.0,16.356666666666666,Canada,2016A000011124,Percent,239.0,units,0.0,v733833,1.0,3.51,2.0,,,,,,,,2020-09-01
Vancouver,Two bedroom units,2020,9,1792.0,20.186666666666667,12.456666666666667,59.2,0.0,16.356666666666666,Canada,2016A000011124,Percent,239.0,units,0.0,v733833,1.0,3.51,2.0,,,,,,,,2020-09-01
Vancouver,Two bedroom units,2020,9,1793.0,20.186666666666667,12.456666666666667,59.2,0.0,16.356666666666666,Canada,2016A000011124,Percent,239.0,units,0.0,v733833,1.0,3.51,2.0,,,,,,,,2020-09-01
Vancouver,Two bedroom units,2020,10,1799.0,13.364516129032259,7.606451612903226,87.5,0.0,10.503225806451614,Canada,2016A000011124,Percent,239.0,units,0.0,v733833,1.0,3.45,2.0,,,,,,,,2020-10-01
Vancouver,Two bedroom units,2020,10,2106.0,13.364516129032259,7.606451612903226,87.5,0.0,10.503225806451614,Canada,2016A000011124,Percent,239.0,units,0.0,v733833,1.0,3.45,2.0,,,,,,,,2020-10-01
Vancouver,Two bedroom units,2020,10,1792.0,13.364516129032259,7.606451612903226,87.5,0.0,10.503225806451614,Canada,2016A000011124,Percent,239.0,units,0.0,v733833,1.0,3.45,2.0,,,,,,,,2020-10-01
Vancouver,Two bedroom units,2020,10,1793.0,13.364516129032259,7.606451612903226,87.5,0.0,10.503225806451614,Canada,2016A000011124,Percent,239.0,units,0.0,v733833,1.0,3.45,2.0,,,,,,,,2020-10-01
Vancouver,Two bedroom units,2020,11,1799.0,9.226666666666667,3.7133333333333334,189.3,0.0,6.496666666666667,Canada,2016A000011124,Percent,239.0,units,0.0,v733833,1.0,3.42,2.0,,,,,,,,2020-11-01
Vancouver,Two bedroom units,2020,11,2106.0,9.226666666666667,3.7133333333333334,189.3,0.0,6.496666666666667,Canada,2016A000011124,Percent,239.0,units,0.0,v733833,1.0,3.42,2.0,,,,,,,,2020-11-01
Vancouver,Two bedroom units,2020,11,1792.0,9.226666666666667,3.7133333333333334,189.3,0.0,6.496666666666667,Canada,2016A000011124,Percent,239.0,units,0.0,v733833,1.0,3.42,2.0,,,,,,,,2020-11-01
Vancouver,Two bedroom units,2020,11,1793.0,9.226666666666667,3.7133333333333334,189.3,0.0,6.496666666666667,Canada,2016A000011124,Percent,239.0,units,0.0,v733833,1.0,3.42,2.0,,,,,,,,2020-11-01
Vancouver,Two bedroom units,2020,12,1799.0,7.83225806451613,2.52258064516129,209.9,0.0,5.199999999999999,Canada,2016A000011124,Percent,239.0,units,0.0,v733833,1.0,3.34,2.0,,,,,,,,2020-12-01
Vancouver,Two bedroom units,2020,12,2106.0,7.83225806451613,2.52258064516129,209.9,0.0,5.199999999999999,Canada,2016A000011124,Percent,239.0,units,0.0,v733833,1.0,3.34,2.0,,,,,,,,2020-12-01
Vancouver,Two bedroom units,2020,12,1792.0,7.83225806451613,2.52258064516129,209.9,0.0,5.199999999999999,Canada,2016A000011124,Percent,239.0,units,0.0,v733833,1.0,3.34,2.0,,,,,,,,2020-12-01
Vancouver,Two bedroom units,2020,12,1793.0,7.83225806451613,2.52258064516129,209.9,0.0,5.199999999999999,Canada,2016A000011124,Percent,239.0,units,0.0,v733833,1.0,3.34,2.0,,,,,,,,2020-12-01
Vancouver,Two bedroom units,2021,1,1830.0,7.82258064516129,2.674193548387097,175.70000000000002,0.0,5.267741935483872,Canada,2016A000011124,Percent,239.0,units,0.0,v733833,1.0,3.3,2.0,8.9,22.0,,,,,,2021-01-01
Vancouver,Two bedroom units,2021,1,2048.0,7.82258064516129,2.674193548387097,175.70000000000002,0.0,5.267741935483872,Canada,2016A000011124,Percent,239.0,units,0.0,v733833,1.0,3.3,2.0,8.9,22.0,,,,,,2021-01-01
Vancouver,Two bedroom units,2021,1,1824.0,7.82258064516129,2.674193548387097,175.70000000000002,0.0,5.267741935483872,Canada,2016A000011124,Percent,239.0,units,0.0,v733833,1.0,3.3,2.0,8.9,22.0,,,,,,2021-01-01
Vancouver,Two bedroom units,2021,1,1828.0,7.82258064516129,2.674193548387097,175.70000000000002,0.0,5.267741935483872,Canada,2016A000011124,Percent,239.0,units,0.0,v733833,1.0,3.3,2.0,8.9,22.0,,,,,,2021-01-01
Vancouver,Two bedroom units,2021,2,1830.0,6.082142857142857,0.7107142857142857,83.1,12.600000000000001,3.4107142857142856,Canada,2016A000011124,Percent,239.0,units,0.0,v733833,1.0,3.25,2.0,8.9,22.0,,,,,,2021-02-01
Vancouver,Two bedroom units,2021,2,2048.0,6.082142857142857,0.7107142857142857,83.1,12.600000000000001,3.4107142857142856,Canada,2016A000011124,Percent,239.0,units,0.0,v733833,1.0,3.25,2.0,8.9,22.0,,,,,,2021-02-01
Vancouver,Two bedroom units,2021,2,1824.0,6.082142857142857,0.7107142857142857,83.1,12.600000000000001,3.4107142857142856,Canada,2016A000011124,Percent,239.0,units,0.0,v733833,1.0,3.25,2.0,8.9,22.0,,,,,,2021-02-01
Vancouver,Two bedroom units,2021,2,1828.0,6.082142857142857,0.7107142857142857,83.1,12.600000000000001,3.4107142857142856,Canada,2016A000011124,Percent,239.0,units,0.0,v733833,1.0,3.25,2.0,8.9,22.0,,,,,,2021-02-01
Vancouver,Two bedroom units,2021,3,1830.0,9.980645161290322,2.519354838709677,34.0,0.0,6.270967741935484,Canada,2016A000011124,Percent,239.0,units,0.0,v733833,1.0,3.26,2.0,8.9,22.0,,,,,,2021-03-01
Vancouver,Two bedroom units,2021,3,2048.0,9.980645161290322,2.519354838709677,34.0,0.0,6.270967741935484,Canada,2016A000011124,Percent,239.0,units,0.0,v733833,1.0,3.26,2.0,8.9,22.0,,,,,,2021-03-01
Vancouver,Two bedroom units,2021,3,1824.0,9.980645161290322,2.519354838709677,34.0,0.0,6.270967741935484,Canada,2016A000011124,Percent,239.0,units,0.0,v733833,1.0,3.26,2.0,8.9,22.0,,,,,,2021-03-01
Vancouver,Two bedroom units,2021,3,1828.0,9.980645161290322,2.519354838709677,34.0,0.0,6.270967741935484,Canada,2016A000011124,Percent,239.0,units,0.0,v733833,1.0,3.26,2.0,8.9,22.0,,,,,,2021-03-01
Vancouver,Two bedroom units,2021,4,1830.0,13.74,4.96,38.0,0.0,9.373333333333333,Canada,2016A000011124,Percent,239.0,units,0.0,v733833,1.0,3.25,2.0,8.9,22.0,,,,,,2021-04-01
Vancouver,Two bedroom units,2021,4,2048.0,13.74,4.96,38.0,0.0,9.373333333333333,Canada,2016A000011124,Percent,239.0,units,0.0,v733833,1.0,3.25,2.0,8.9,22.0,,,,,,2021-04-01
Vancouver,Two bedroom units,2021,4,1824.0,13.74,4.96,38.0,0.0,9.373333333333333,Canada,2016A000011124,Percent,239.0,units,0.0,v733833,1.0,3.25,2.0,8.9,22.0,,,,,,2021-04-01
Vancouver,Two bedroom units,2021,4,1828.0,13.74,4.96,38.0,0.0,9.373333333333333,Canada,2016A000011124,Percent,239.0,units,0.0,v733833,1.0,3.25,2.0,8.9,22.0,,,,,,2021-04-01
Vancouver,Two bedroom units,2021,5,1830.0,16.231167001754407,8.545568679699711,30.2,0.0,12.410073278843937,Canada,2016A000011124,Percent,239.0,units,0.0,v733833,1.0,3.25,2.0,8.9,22.0,,,,,,2021-05-01
Vancouver,Two bedroom units,2021,5,2048.0,16.231167001754407,8.545568679699711,30.2,0.0,12.410073278843937,Canada,2016A000011124,Percent,239.0,units,0.0,v733833,1.0,3.25,2.0,8.9,22.0,,,,,,2021-05-01
Vancouver,Two bedroom units,2021,5,1824.0,16.231167001754407,8.545568679699711,30.2,0.0,12.410073278843937,Canada,2016A000011124,Percent,239.0,units,0.0,v733833,1.0,3.25,2.0,8.9,22.0,,,,,,2021-05-01
Vancouver,Two bedroom units,2021,5,1828.0,16.231167001754407,8.545568679699711,30.2,0.0,12.410073278843937,Canada,2016A000011124,Percent,239.0,units,0.0,v733833,1.0,3.25,2.0,8.9,22.0,,,,,,2021-05-01
Vancouver,Two bedroom units,2021,6,1830.0,21.871078470292446,12.754175271379403,37.2,0.0,17.337484776277467,Canada,2016A000011124,Percent,239.0,units,0.0,v733833,1.0,3.26,2.0,8.9,22.0,,,,,,2021-06-01
Vancouver,Two bedroom units,2021,6,2048.0,21.871078470292446,12.754175271379403,37.2,0.0,17.337484776277467,Canada,2016A000011124,Percent,239.0,units,0.0,v733833,1.0,3.26,2.0,8.9,22.0,,,,,,2021-06-01
Vancouver,Two bedroom units,2021,6,1824.0,21.871078470292446,12.754175271379403,37.2,0.0,17.337484776277467,Canada,2016A000011124,Percent,239.0,units,0.0,v733833,1.0,3.26,2.0,8.9,22.0,,,,,,2021-06-01
Vancouver,Two bedroom units,2021,6,1828.0,21.871078470292446,12.754175271379403,37.2,0.0,17.337484776277467,Canada,2016A000011124,Percent,239.0,units,0.0,v733833,1.0,3.26,2.0,8.9,22.0,,,,,,2021-06-01
Vancouver,Two bedroom units,2021,7,1830.0,24.0258064516129,14.606451612903227,0.0,0.0,19.351612903225806,Canada,2016A000011124,Percent,239.0,units,0.0,v733833,1.0,3.2,2.0,8.9,22.0,,,,,,2021-07-01
Vancouver,Two bedroom units,2021,7,2048.0,24.0258064516129,14.606451612903227,0.0,0.0,19.351612903225806,Canada,2016A000011124,Percent,239.0,units,0.0,v733833,1.0,3.2,2.0,8.9,22.0,,,,,,2021-07-01
Vancouver,Two bedroom units,2021,7,1824.0,24.0258064516129,14.606451612903227,0.0,0.0,19.351612903225806,Canada,2016A000011124,Percent,239.0,units,0.0,v733833,1.0,3.2,2.0,8.9,22.0,,,,,,2021-07-01
Vancouver,Two bedroom units,2021,7,1828.0,24.0258064516129,14.606451612903227,0.0,0.0,19.351612903225806,Canada,2016A000011124,Percent,239.0,units,0.0,v733833,1.0,3.2,2.0,8.9,22.0,,,,,,2021-07-01
Vancouver,Two bedroom units,2021,8,1830.0,23.048387096774192,14.612903225806452,36.7,0.0,18.861290322580647,Canada,2016A000011124,Percent,239.0,units,0.0,v733833,1.0,3.2,2.0,8.9,22.0,,,,,,2021-08-01
Vancouver,Two bedroom units,2021,8,2048.0,23.048387096774192,14.612903225806452,36.7,0.0,18.861290322580647,Canada,2016A000011124,Percent,239.0,units,0.0,v733833,1.0,3.2,2.0,8.9,22.0,,,,,,2021-08-01
Vancouver,Two bedroom units,2021,8,1824.0,23.048387096774192,14.612903225806452,36.7,0.0,18.861290322580647,Canada,2016A000011124,Percent,239.0,units,0.0,v733833,1.0,3.2,2.0,8.9,22.0,,,,,,2021-08-01
Vancouver,Two bedroom units,2021,8,1828.0,23.048387096774192,14.612903225806452,36.7,0.0,18.861290322580647,Canada,2016A000011124,Percent,239.0,units,0.0,v733833,1.0,3.2,2.0,8.9,22.0,,,,,,2021-08-01
Vancouver,Two bedroom units,2021,9,1830.0,18.586666666666666,11.523333333333333,155.0,0.0,15.076666666666666,Canada,2016A000011124,Percent,239.0,units,0.0,v733833,1.0,3.22,2.0,8.9,22.0,,,,,,2021-09-01
Vancouver,Two bedroom units,2021,9,2048.0,18.586666666666666,11.523333333333333,155.0,0.0,15.076666666666666,Canada,2016A000011124,Percent,239.0,units,0.0,v733833,1.0,3.22,2.0,8.9,22.0,,,,,,2021-09-01
Vancouver,Two bedroom units,2021,9,1824.0,18.586666666666666,11.523333333333333,155.0,0.0,15.076666666666666,Canada,2016A000011124,Percent,239.0,units,0.0,v733833,1.0,3.22,2.0,8.9,22.0,,,,,,2021-09-01
Vancouver,Two bedroom units,2021,9,1828.0,18.586666666666666,11.523333333333333,155.0,0.0,15.076666666666666,Canada,2016A000011124,Percent,239.0,units,0.0,v733833,1.0,3.22,2.0,8.9,22.0,,,,,,2021-09-01
Vancouver,Two bedroom units,2021,10,1830.0,12.506451612903225,6.780645161290322,148.4,0.0,9.66451612903226,Canada,2016A000011124,Percent,239.0,units,0.0,v733833,1.0,3.29,2.0,8.9,22.0,,,,,,2021-10-01
Vancouver,Two bedroom units,2021,10,2048.0,12.506451612903225,6.780645161290322,148.4,0.0,9.66451612903226,Canada,2016A000011124,Percent,239.0,units,0.0,v733833,1.0,3.29,2.0,8.9,22.0,,,,,,2021-10-01
Vancouver,Two bedroom units,2021,10,1824.0,12.506451612903225,6.780645161290322,148.4,0.0,9.66451612903226,Canada,2016A000011124,Percent,239.0,units,0.0,v733833,1.0,3.29,2.0,8.9,22.0,,,,,,2021-10-01
Vancouver,Two bedroom units,2021,10,1828.0,12.506451612903225,6.780645161290322,148.4,0.0,9.66451612903226,Canada,2016A000011124,Percent,239.0,units,0.0,v733833,1.0,3.29,2.0,8.9,22.0,,,,,,2021-10-01
Vancouver,Two bedroom units,2021,11,1830.0,10.268872568479557,4.900420969023034,312.4,0.0,7.6204090548054015,Canada,2016A000011124,Percent,239.0,units,0.0,v733833,1.0,3.4,2.0,8.9,22.0,,,,,,2021-11-01
Vancouver,Two bedroom units,2021,11,2048.0,10.268872568479557,4.900420969023034,312.4,0.0,7.6204090548054015,Canada,2016A000011124,Percent,239.0,units,0.0,v733833,1.0,3.4,2.0,8.9,22.0,,,,,,2021-11-01
Vancouver,Two bedroom units,2021,11,1824.0,10.268872568479557,4.900420969023034,312.4,0.0,7.6204090548054015,Canada,2016A000011124,Percent,239.0,units,0.0,v733833,1.0,3.4,2.0,8.9,22.0,,,,,,2021-11-01
Vancouver,Two bedroom units,2021,11,1828.0,10.268872568479557,4.900420969023034,312.4,0.0,7.6204090548054015,Canada,2016A000011124,Percent,239.0,units,0.0,v733833,1.0,3.4,2.0,8.9,22.0,,,,,,2021-11-01
Vancouver,Two bedroom units,2021,12,1830.0,3.967741935483871,-2.2806451612903227,104.9,35.7,0.8612903225806451,Canada,2016A000011124,Percent,239.0,units,0.0,v733833,1.0,3.45,2.0,8.9,22.0,,,,,,2021-12-01
Vancouver,Two bedroom units,2021,12,2048.0,3.967741935483871,-2.2806451612903227,104.9,35.7,0.8612903225806451,Canada,2016A000011124,Percent,239.0,units,0.0,v733833,1.0,3.45,2.0,8.9,22.0,,,,,,2021-12-01
Vancouver,Two bedroom units,2021,12,1824.0,3.967741935483871,-2.2806451612903227,104.9,35.7,0.8612903225806451,Canada,2016A000011124,Percent,239.0,units,0.0,v733833,1.0,3.45,2.0,8.9,22.0,,,,,,2021-12-01
Vancouver,Two bedroom units,2021,12,1828.0,3.967741935483871,-2.2806451612903227,104.9,35.7,0.8612903225806451,Canada,2016A000011124,Percent,239.0,units,0.0,v733833,1.0,3.45,2.0,8.9,22.0,,,,,,2021-12-01
Vancouver,Two bedroom units,2022,1,2009.0,6.45483870967742,1.6258064516129032,147.29999999999998,17.0,4.064516129032258,Canada,2016A000011124,Percent,239.0,units,0.0,v733833,1.0,3.44,2.0,8.1,23.0,,,,,,2022-01-01
Vancouver,Two bedroom units,2022,1,2392.0,6.45483870967742,1.6258064516129032,147.29999999999998,17.0,4.064516129032258,Canada,2016A000011124,Percent,239.0,units,0.0,v733833,1.0,3.44,2.0,8.1,23.0,,,,,,2022-01-01
Vancouver,Two bedroom units,2022,1,2002.0,6.45483870967742,1.6258064516129032,147.29999999999998,17.0,4.064516129032258,Canada,2016A000011124,Percent,239.0,units,0.0,v733833,1.0,3.44,2.0,8.1,23.0,,,,,,2022-01-01
Vancouver,Two bedroom units,2022,1,2005.0,6.45483870967742,1.6258064516129032,147.29999999999998,17.0,4.064516129032258,Canada,2016A000011124,Percent,239.0,units,0.0,v733833,1.0,3.44,2.0,8.1,23.0,,,,,,2022-01-01
Vancouver,Two bedroom units,2022,2,2009.0,7.496428571428572,1.1821428571428572,59.7,2.2,4.357142857142857,Canada,2016A000011124,Percent,239.0,units,0.0,v733833,1.0,3.58,2.0,8.1,23.0,,,,,,2022-02-01
Vancouver,Two bedroom units,2022,2,2392.0,7.496428571428572,1.1821428571428572,59.7,2.2,4.357142857142857,Canada,2016A000011124,Percent,239.0,units,0.0,v733833,1.0,3.58,2.0,8.1,23.0,,,,,,2022-02-01
Vancouver,Two bedroom units,2022,2,2002.0,7.496428571428572,1.1821428571428572,59.7,2.2,4.357142857142857,Canada,2016A000011124,Percent,239.0,units,0.0,v733833,1.0,3.58,2.0,8.1,23.0,,,,,,2022-02-01
Vancouver,Two bedroom units,2022,2,2005.0,7.496428571428572,1.1821428571428572,59.7,2.2,4.357142857142857,Canada,2016A000011124,Percent,239.0,units,0.0,v733833,1.0,3.58,2.0,8.1,23.0,,,,,,2022-02-01
Vancouver,Two bedroom units,2022,3,2009.0,10.245161290322581,4.193548387096774,153.0,0.0,7.245161290322581,Canada,2016A000011124,Percent,239.0,units,0.0,v733833,1.0,3.77,2.0,8.1,23.0,,,,,,2022-03-01
Vancouver,Two bedroom units,2022,3,2392.0,10.245161290322581,4.193548387096774,153.0,0.0,7.245161290322581,Canada,2016A000011124,Percent,239.0,units,0.0,v733833,1.0,3.77,2.0,8.1,23.0,,,,,,2022-03-01
Vancouver,Two bedroom units,2022,3,2002.0,10.245161290322581,4.193548387096774,153.0,0.0,7.245161290322581,Canada,2016A000011124,Percent,239.0,units,0.0,v733833,1.0,3.77,2.0,8.1,23.0,,,,,,2022-03-01
Vancouver,Two bedroom units,2022,3,2005.0,10.245161290322581,4.193548387096774,153.0,0.0,7.245161290322581,Canada,2016A000011124,Percent,239.0,units,0.0,v733833,1.0,3.77,2.0,8.1,23.0,,,,,,2022-03-01
Vancouver,Two bedroom units,2022,4,2009.0,11.78,4.113333333333333,94.60000000000001,0.0,7.9766666666666675,Canada,2016A000011124,Percent,239.0,units,0.0,v733833,1.0,4.19,2.0,8.1,23.0,,,,,,2022-04-01
Vancouver,Two bedroom units,2022,4,2392.0,11.78,4.113333333333333,94.60000000000001,0.0,7.9766666666666675,Canada,2016A000011124,Percent,239.0,units,0.0,v733833,1.0,4.19,2.0,8.1,23.0,,,,,,2022-04-01
Vancouver,Two bedroom units,2022,4,2002.0,11.78,4.113333333333333,94.60000000000001,0.0,7.9766666666666675,Canada,2016A000011124,Percent,239.0,units,0.0,v733833,1.0,4.19,2.0,8.1,23.0,,,,,,2022-04-01
Vancouver,Two bedroom units,2022,4,2005.0,11.78,4.113333333333333,94.60000000000001,0.0,7.9766666666666675,Canada,2016A000011124,Percent,239.0,units,0.0,v733833,1.0,4.19,2.0,8.1,23.0,,,,,,2022-04-01
Vancouver,Two bedroom units,2022,5,2009.0,14.80858635659312,8.032665453893259,92.1,0.0,11.442331343360067,Canada,2016A000011124,Percent,239.0,units,0.0,v733833,1.0,4.63,2.0,8.1,23.0,,,,,,2022-05-01
Vancouver,Two bedroom units,2022,5,2392.0,14.80858635659312,8.032665453893259,92.1,0.0,11.442331343360067,Canada,2016A000011124,Percent,239.0,units,0.0,v733833,1.0,4.63,2.0,8.1,23.0,,,,,,2022-05-01
Vancouver,Two bedroom units,2022,5,2002.0,14.80858635659312,8.032665453893259,92.1,0.0,11.442331343360067,Canada,2016A000011124,Percent,239.0,units,0.0,v733833,1.0,4.63,2.0,8.1,23.0,,,,,,2022-05-01
Vancouver,Two bedroom units,2022,5,2005.0,14.80858635659312,8.032665453893259,92.1,0.0,11.442331343360067,Canada,2016A000011124,Percent,239.0,units,0.0,v733833,1.0,4.63,2.0,8.1,23.0,,,,,,2022-05-01
Vancouver,Two bedroom units,2022,6,2009.0,19.31,11.853333333333333,69.7,0.0,15.610000000000001,Canada,2016A000011124,Percent,239.0,units,0.0,v733833,1.0,5.05,2.0,8.1,23.0,,,,,,2022-06-01
Vancouver,Two bedroom units,2022,6,2392.0,19.31,11.853333333333333,69.7,0.0,15.610000000000001,Canada,2016A000011124,Percent,239.0,units,0.0,v733833,1.0,5.05,2.0,8.1,23.0,,,,,,2022-06-01
Vancouver,Two bedroom units,2022,6,2002.0,19.31,11.853333333333333,69.7,0.0,15.610000000000001,Canada,2016A000011124,Percent,239.0,units,0.0,v733833,1.0,5.05,2.0,8.1,23.0,,,,,,2022-06-01
Vancouver,Two bedroom units,2022,6,2005.0,19.31,11.853333333333333,69.7,0.0,15.610000000000001,Canada,2016A000011124,Percent,239.0,units,0.0,v733833,1.0,5.05,2.0,8.1,23.0,,,,,,2022-06-01
Vancouver,Two bedroom units,2022,7,2009.0,22.60858635659312,14.613310615183583,27.9,0.0,18.632653924005226,Canada,2016A000011124,Percent,239.0,units,0.0,v733833,1.0,5.51,2.0,8.1,23.0,,,,,,2022-07-01
Vancouver,Two bedroom units,2022,7,2392.0,22.60858635659312,14.613310615183583,27.9,0.0,18.632653924005226,Canada,2016A000011124,Percent,239.0,units,0.0,v733833,1.0,5.51,2.0,8.1,23.0,,,,,,2022-07-01
Vancouver,Two bedroom units,2022,7,2002.0,22.60858635659312,14.613310615183583,27.9,0.0,18.632653924005226,Canada,2016A000011124,Percent,239.0,units,0.0,v733833,1.0,5.51,2.0,8.1,23.0,,,,,,2022-07-01
Vancouver,Two bedroom units,2022,7,2005.0,22.60858635659312,14.613310615183583,27.9,0.0,18.632653924005226,Canada,2016A000011124,Percent,239.0,units,0.0,v733833,1.0,5.51,2.0,8.1,23.0,,,,,,2022-07-01
Vancouver,Two bedroom units,2022,8,2009.0,23.135436489134193,14.64638345845397,6.4,0.0,18.90763919137052,Canada,2016A000011124,Percent,239.0,units,0.0,v733833,1.0,5.58,2.0,8.1,23.0,,,,,,2022-08-01
Vancouver,Two bedroom units,2022,8,2392.0,23.135436489134193,14.64638345845397,6.4,0.0,18.90763919137052,Canada,2016A000011124,Percent,239.0,units,0.0,v733833,1.0,5.58,2.0,8.1,23.0,,,,,,2022-08-01
Vancouver,Two bedroom units,2022,8,2002.0,23.135436489134193,14.64638345845397,6.4,0.0,18.90763919137052,Canada,2016A000011124,Percent,239.0,units,0.0,v733833,1.0,5.58,2.0,8.1,23.0,,,,,,2022-08-01
Vancouver,Two bedroom units,2022,8,2005.0,23.135436489134193,14.64638345845397,6.4,0.0,18.90763919137052,Canada,2016A000011124,Percent,239.0,units,0.0,v733833,1.0,5.58,2.0,8.1,23.0,,,,,,2022-08-01
Vancouver,Two bedroom units,2022,9,2009.0,20.071078470292445,11.180841938046068,7.000000000000001,0.0,15.65748477627747,Canada,2016A000011124,Percent,239.0,units,0.0,v733833,1.0,5.64,2.0,8.1,23.0,,,,,,2022-09-01
Vancouver,Two bedroom units,2022,9,2392.0,20.071078470292445,11.180841938046068,7.000000000000001,0.0,15.65748477627747,Canada,2016A000011124,Percent,239.0,units,0.0,v733833,1.0,5.64,2.0,8.1,23.0,,,,,,2022-09-01
Vancouver,Two bedroom units,2022,9,2002.0,20.071078470292445,11.180841938046068,7.000000000000001,0.0,15.65748477627747,Canada,2016A000011124,Percent,239.0,units,0.0,v733833,1.0,5.64,2.0,8.1,23.0,,,,,,2022-09-01
Vancouver,Two bedroom units,2022,9,2005.0,20.071078470292445,11.180841938046068,7.000000000000001,0.0,15.65748477627747,Canada,2016A000011124,Percent,239.0,units,0.0,v733833,1.0,5.64,2.0,8.1,23.0,,,,,,2022-09-01
Vancouver,Two bedroom units,2022,10,2009.0,16.082779904980217,7.858471905506161,88.7,0.0,12.000395859489098,Canada,2016A000011124,Percent,239.0,units,0.0,v733833,1.0,5.75,2.0,8.1,23.0,,,,,,2022-10-01
Vancouver,Two bedroom units,2022,10,2392.0,16.082779904980217,7.858471905506161,88.7,0.0,12.000395859489098,Canada,2016A000011124,Percent,239.0,units,0.0,v733833,1.0,5.75,2.0,8.1,23.0,,,,,,2022-10-01
Vancouver,Two bedroom units,2022,10,2002.0,16.082779904980217,7.858471905506161,88.7,0.0,12.000395859489098,Canada,2016A000011124,Percent,239.0,units,0.0,v733833,1.0,5.75,2.0,8.1,23.0,,,,,,2022-10-01
Vancouver,Two bedroom units,2022,10,2005.0,16.082779904980217,7.858471905506161,88.7,0.0,12.000395859489098,Canada,2016A000011124,Percent,239.0,units,0.0,v733833,1.0,5.75,2.0,8.1,23.0,,,,,,2022-10-01
Vancouver,Two bedroom units,2022,11,2009.0,7.483333333333333,0.33333333333333326,113.8,12.0,3.933333333333333,Canada,2016A000011124,Percent,239.0,units,0.0,v733833,1.0,5.88,2.0,8.1,23.0,,,,,,2022-11-01
Vancouver,Two bedroom units,2022,11,2392.0,7.483333333333333,0.33333333333333326,113.8,12.0,3.933333333333333,Canada,2016A000011124,Percent,239.0,units,0.0,v733833,1.0,5.88,2.0,8.1,23.0,,,,,,2022-11-01
Vancouver,Two bedroom units,2022,11,2002.0,7.483333333333333,0.33333333333333326,113.8,12.0,3.933333333333333,Canada,2016A000011124,Percent,239.0,units,0.0,v733833,1.0,5.88,2.0,8.1,23.0,,,,,,2022-11-01
Vancouver,Two bedroom units,2022,11,2005.0,7.483333333333333,0.33333333333333326,113.8,12.0,3.933333333333333,Canada,2016A000011124,Percent,239.0,units,0.0,v733833,1.0,5.88,2.0,8.1,23.0,,,,,,2022-11-01
Vancouver,Two bedroom units,2022,12,2009.0,4.138709677419355,-1.3419354838709676,187.8,41.8,1.4064516129032258,Canada,2016A000011124,Percent,239.0,units,0.0,v733833,1.0,5.89,2.0,8.1,23.0,,,,,,2022-12-01
Vancouver,Two bedroom units,2022,12,2392.0,4.138709677419355,-1.3419354838709676,187.8,41.8,1.4064516129032258,Canada,2016A000011124,Percent,239.0,units,0.0,v733833,1.0,5.89,2.0,8.1,23.0,,,,,,2022-12-01
Vancouver,Two bedroom units,2022,12,2002.0,4.138709677419355,-1.3419354838709676,187.8,41.8,1.4064516129032258,Canada,2016A000011124,Percent,239.0,units,0.0,v733833,1.0,5.89,2.0,8.1,23.0,,,,,,2022-12-01
Vancouver,Two bedroom units,2022,12,2005.0,4.138709677419355,-1.3419354838709676,187.8,41.8,1.4064516129032258,Canada,2016A000011124,Percent,239.0,units,0.0,v733833,1.0,5.89,2.0,8.1,23.0,,,,,,2022-12-01
Vancouver,Two bedroom units,2023,1,2187.0,7.851612903225806,2.883870967741936,122.69999999999999,2.8,5.387096774193548,Canada,2016A000011124,Percent,239.0,units,0.0,v733833,1.0,5.86,2.0,,,0.0,138.0,42.0,0.0,,2023-01-01
Vancouver,Two bedroom units,2023,1,2478.0,7.851612903225806,2.883870967741936,122.69999999999999,2.8,5.387096774193548,Canada,2016A000011124,Percent,239.0,units,0.0,v733833,1.0,5.86,2.0,,,0.0,138.0,42.0,0.0,,2023-01-01
Vancouver,Two bedroom units,2023,1,2181.0,7.851612903225806,2.883870967741936,122.69999999999999,2.8,5.387096774193548,Canada,2016A000011124,Percent,239.0,units,0.0,v733833,1.0,5.86,2.0,,,0.0,138.0,42.0,0.0,,2023-01-01
Vancouver,Two bedroom units,2023,1,2186.0,7.851612903225806,2.883870967741936,122.69999999999999,2.8,5.387096774193548,Canada,2016A000011124,Percent,239.0,units,0.0,v733833,1.0,5.86,2.0,,,0.0,138.0,42.0,0.0,,2023-01-01
Vancouver,Two bedroom units,2023,2,2187.0,6.814285714285715,1.4821428571428572,74.8,26.2,4.171428571428572,Canada,2016A000011124,Percent,239.0,units,0.0,v733833,1.0,5.81,2.0,,,0.0,138.0,42.0,0.0,,2023-02-01
Vancouver,Two bedroom units,2023,2,2478.0,6.814285714285715,1.4821428571428572,74.8,26.2,4.171428571428572,Canada,2016A000011124,Percent,239.0,units,0.0,v733833,1.0,5.81,2.0,,,0.0,138.0,42.0,0.0,,2023-02-01
Vancouver,Two bedroom units,2023,2,2181.0,6.814285714285715,1.4821428571428572,74.8,26.2,4.171428571428572,Canada,2016A000011124,Percent,239.0,units,0.0,v733833,1.0,5.81,2.0,,,0.0,138.0,42.0,0.0,,2023-02-01
Vancouver,Two bedroom units,2023,2,2186.0,6.814285714285715,1.4821428571428572,74.8,26.2,4.171428571428572,Canada,2016A000011124,Percent,239.0,units,0.0,v733833,1.0,5.81,2.0,,,0.0,138.0,42.0,0.0,,2023-02-01
Vancouver,Two bedroom units,2023,3,2187.0,9.940844421109247,2.30040738937713,38.4,0.3,6.142331343360065,Canada,2016A000011124,Percent,239.0,units,0.0,v733833,1.0,5.81,2.0,,,0.0,138.0,42.0,0.0,,2023-03-01
Vancouver,Two bedroom units,2023,3,2478.0,9.940844421109247,2.30040738937713,38.4,0.3,6.142331343360065,Canada,2016A000011124,Percent,239.0,units,0.0,v733833,1.0,5.81,2.0,,,0.0,138.0,42.0,0.0,,2023-03-01
Vancouver,Two bedroom units,2023,3,2181.0,9.940844421109247,2.30040738937713,38.4,0.3,6.142331343360065,Canada,2016A000011124,Percent,239.0,units,0.0,v733833,1.0,5.81,2.0,,,0.0,138.0,42.0,0.0,,2023-03-01
Vancouver,Two bedroom units,2023,3,2186.0,9.940844421109247,2.30040738937713,38.4,0.3,6.142331343360065,Canada,2016A000011124,Percent,239.0,units,0.0,v733833,1.0,5.81,2.0,,,0.0,138.0,42.0,0.0,,2023-03-01
Vancouver,Two bedroom units,2023,4,2187.0,12.105539235146221,5.043754302356367,99.2,0.4,8.6004090548054,Canada,2016A000011124,Percent,239.0,units,0.0,v733833,1.0,5.75,2.0,,,0.0,138.0,42.0,0.0,,2023-04-01
Vancouver,Two bedroom units,2023,4,2478.0,12.105539235146221,5.043754302356367,99.2,0.4,8.6004090548054,Canada,2016A000011124,Percent,239.0,units,0.0,v733833,1.0,5.75,2.0,,,0.0,138.0,42.0,0.0,,2023-04-01
Vancouver,Two bedroom units,2023,4,2181.0,12.105539235146221,5.043754302356367,99.2,0.4,8.6004090548054,Canada,2016A000011124,Percent,239.0,units,0.0,v733833,1.0,5.75,2.0,,,0.0,138.0,42.0,0.0,,2023-04-01
Vancouver,Two bedroom units,2023,4,2186.0,12.105539235146221,5.043754302356367,99.2,0.4,8.6004090548054,Canada,2016A000011124,Percent,239.0,units,0.0,v733833,1.0,5.75,2.0,,,0.0,138.0,42.0,0.0,,2023-04-01
Vancouver,Two bedroom units,2023,5,2187.0,18.817172713186235,10.016943811012323,16.1,0.0,14.442727202849163,Canada,2016A000011124,Percent,239.0,units,0.0,v733833,1.0,5.74,2.0,,,0.0,138.0,42.0,0.0,,2023-05-01
Vancouver,Two bedroom units,2023,5,2478.0,18.817172713186235,10.016943811012323,16.1,0.0,14.442727202849163,Canada,2016A000011124,Percent,239.0,units,0.0,v733833,1.0,5.74,2.0,,,0.0,138.0,42.0,0.0,,2023-05-01
Vancouver,Two bedroom units,2023,5,2181.0,18.817172713186235,10.016943811012323,16.1,0.0,14.442727202849163,Canada,2016A000011124,Percent,239.0,units,0.0,v733833,1.0,5.74,2.0,,,0.0,138.0,42.0,0.0,,2023-05-01
Vancouver,Two bedroom units,2023,5,2186.0,18.817172713186235,10.016943811012323,16.1,0.0,14.442727202849163,Canada,2016A000011124,Percent,239.0,units,0.0,v733833,1.0,5.74,2.0,,,0.0,138.0,42.0,0.0,,2023-05-01
Vancouver,Two bedroom units,2023,6,2187.0,20.506666666666668,11.786666666666667,19.9,0.0,16.173333333333332,Canada,2016A000011124,Percent,239.0,units,0.0,v733833,1.0,5.85,2.0,,,0.0,138.0,42.0,0.0,,2023-06-01
Vancouver,Two bedroom units,2023,6,2478.0,20.506666666666668,11.786666666666667,19.9,0.0,16.173333333333332,Canada,2016A000011124,Percent,239.0,units,0.0,v733833,1.0,5.85,2.0,,,0.0,138.0,42.0,0.0,,2023-06-01
Vancouver,Two bedroom units,2023,6,2181.0,20.506666666666668,11.786666666666667,19.9,0.0,16.173333333333332,Canada,2016A000011124,Percent,239.0,units,0.0,v733833,1.0,5.85,2.0,,,0.0,138.0,42.0,0.0,,2023-06-01
Vancouver,Two bedroom units,2023,6,2186.0,20.506666666666668,11.786666666666667,19.9,0.0,16.173333333333332,Canada,2016A000011124,Percent,239.0,units,0.0,v733833,1.0,5.85,2.0,,,0.0,138.0,42.0,0.0,,2023-06-01
Vancouver,Two bedroom units,2023,7,2187.0,23.861290322580647,14.093548387096773,20.5,0.0,18.993548387096773,Canada,2016A000011124,Percent,239.0,units,0.0,v733833,1.0,5.99,2.0,,,0.0,138.0,42.0,0.0,,2023-07-01
Vancouver,Two bedroom units,2023,7,2478.0,23.861290322580647,14.093548387096773,20.5,0.0,18.993548387096773,Canada,2016A000011124,Percent,239.0,units,0.0,v733833,1.0,5.99,2.0,,,0.0,138.0,42.0,0.0,,2023-07-01
Vancouver,Two bedroom units,2023,7,2181.0,23.861290322580647,14.093548387096773,20.5,0.0,18.993548387096773,Canada,2016A000011124,Percent,239.0,units,0.0,v733833,1.0,5.99,2.0,,,0.0,138.0,42.0,0.0,,2023-07-01
Vancouver,Two bedroom units,2023,7,2186.0,23.861290322580647,14.093548387096773,20.5,0.0,18.993548387096773,Canada,2016A000011124,Percent,239.0,units,0.0,v733833,1.0,5.99,2.0,,,0.0,138.0,42.0,0.0,,2023-07-01
Vancouver,Two bedroom units,2023,8,2187.0,22.63225806451613,14.196774193548388,34.300000000000004,0.0,18.43548387096774,Canada,2016A000011124,Percent,239.0,units,0.0,v733833,1.0,6.17,2.0,,,0.0,138.0,42.0,0.0,,2023-08-01
Vancouver,Two bedroom units,2023,8,2478.0,22.63225806451613,14.196774193548388,34.300000000000004,0.0,18.43548387096774,Canada,2016A000011124,Percent,239.0,units,0.0,v733833,1.0,6.17,2.0,,,0.0,138.0,42.0,0.0,,2023-08-01
Vancouver,Two bedroom units,2023,8,2181.0,22.63225806451613,14.196774193548388,34.300000000000004,0.0,18.43548387096774,Canada,2016A000011124,Percent,239.0,units,0.0,v733833,1.0,6.17,2.0,,,0.0,138.0,42.0,0.0,,2023-08-01
Vancouver,Two bedroom units,2023,8,2186.0,22.63225806451613,14.196774193548388,34.300000000000004,0.0,18.43548387096774,Canada,2016A000011124,Percent,239.0,units,0.0,v733833,1.0,6.17,2.0,,,0.0,138.0,42.0,0.0,,2023-08-01
Vancouver,Two bedroom units,2023,9,2187.0,19.346666666666668,11.15,33.300000000000004,0.0,15.276666666666667,Canada,2016A000011124,Percent,239.0,units,0.0,v733833,1.0,6.27,2.0,,,0.0,138.0,42.0,0.0,,2023-09-01
Vancouver,Two bedroom units,2023,9,2478.0,19.346666666666668,11.15,33.300000000000004,0.0,15.276666666666667,Canada,2016A000011124,Percent,239.0,units,0.0,v733833,1.0,6.27,2.0,,,0.0,138.0,42.0,0.0,,2023-09-01
Vancouver,Two bedroom units,2023,9,2181.0,19.346666666666668,11.15,33.300000000000004,0.0,15.276666666666667,Canada,2016A000011124,Percent,239.0,units,0.0,v733833,1.0,6.27,2.0,,,0.0,138.0,42.0,0.0,,2023-09-01
Vancouver,Two bedroom units,2023,9,2186.0,19.346666666666668,11.15,33.300000000000004,0.0,15.276666666666667,Canada,2016A000011124,Percent,239.0,units,0.0,v733833,1.0,6.27,2.0,,,0.0,138.0,42.0,0.0,,2023-09-01
Vancouver,Two bedroom units,2023,10,2187.0,14.238709677419354,7.109677419354839,118.2,0.0,10.7,Canada,2016A000011124,Percent,239.0,units,0.0,v733833,1.0,6.42,2.0,,,0.0,138.0,42.0,0.0,1851758.6942771084,2023-10-01
Vancouver,Two bedroom units,2023,10,2478.0,14.238709677419354,7.109677419354839,118.2,0.0,10.7,Canada,2016A000011124,Percent,239.0,units,0.0,v733833,1.0,6.42,2.0,,,0.0,138.0,42.0,0.0,1851758.6942771084,2023-10-01
Vancouver,Two bedroom units,2023,10,2181.0,14.238709677419354,7.109677419354839,118.2,0.0,10.7,Canada,2016A000011124,Percent,239.0,units,0.0,v733833,1.0,6.42,2.0,,,0.0,138.0,42.0,0.0,1851758.6942771084,2023-10-01
Vancouver,Two bedroom units,2023,10,2186.0,14.238709677419354,7.109677419354839,118.2,0.0,10.7,Canada,2016A000011124,Percent,239.0,units,0.0,v733833,1.0,6.42,2.0,,,0.0,138.0,42.0,0.0,1851758.6942771084,2023-10-01
Vancouver,Two bedroom units,2023,11,2187.0,9.867745136959112,3.1075086047127347,112.0,0.0,6.507484776277469,Canada,2016A000011124,Percent,239.0,units,0.0,v733833,1.0,6.47,2.0,,,0.0,138.0,42.0,0.0,,2023-11-01
Vancouver,Two bedroom units,2023,11,2478.0,9.867745136959112,3.1075086047127347,112.0,0.0,6.507484776277469,Canada,2016A000011124,Percent,239.0,units,0.0,v733833,1.0,6.47,2.0,,,0.0,138.0,42.0,0.0,,2023-11-01
Vancouver,Two bedroom units,2023,11,2181.0,9.867745136959112,3.1075086047127347,112.0,0.0,6.507484776277469,Canada,2016A000011124,Percent,239.0,units,0.0,v733833,1.0,6.47,2.0,,,0.0,138.0,42.0,0.0,,2023-11-01
Vancouver,Two bedroom units,2023,11,2186.0,9.867745136959112,3.1075086047127347,112.0,0.0,6.507484776277469,Canada,2016A000011124,Percent,239.0,units,0.0,v733833,1.0,6.47,2.0,,,0.0,138.0,42.0,0.0,,2023-11-01
Vancouver,Two bedroom units,2023,12,2187.0,9.312903225806451,4.635483870967741,185.1,0.0,7.0,Canada,2016A000011124,Percent,239.0,units,0.0,v733833,1.0,6.39,2.0,,,0.0,138.0,42.0,0.0,,2023-12-01
Vancouver,Two bedroom units,2023,12,2478.0,9.312903225806451,4.635483870967741,185.1,0.0,7.0,Canada,2016A000011124,Percent,239.0,units,0.0,v733833,1.0,6.39,2.0,,,0.0,138.0,42.0,0.0,,2023-12-01
Vancouver,Two bedroom units,2023,12,2181.0,9.312903225806451,4.635483870967741,185.1,0.0,7.0,Canada,2016A000011124,Percent,239.0,units,0.0,v733833,1.0,6.39,2.0,,,0.0,138.0,42.0,0.0,,2023-12-01
Vancouver,Two bedroom units,2023,12,2186.0,9.312903225806451,4.635483870967741,185.1,0.0,7.0,Canada,2016A000011124,Percent,239.0,units,0.0,v733833,1.0,6.39,2.0,,,0.0,138.0,42.0,0.0,,2023-12-01
Vancouver,Two bedroom units,2024,1,2313.0,6.891366261573332,1.5653309077865178,259.5,36.8,4.242727202849163,Canada,2016A000011124,Percent,239.0,units,0.0,v733833,1.0,6.31,2.0,,,,,,,,2024-01-01
Vancouver,Two bedroom units,2024,1,2269.0,6.891366261573332,1.5653309077865178,259.5,36.8,4.242727202849163,Canada,2016A000011124,Percent,239.0,units,0.0,v733833,1.0,6.31,2.0,,,,,,,,2024-01-01
Vancouver,Two bedroom units,2024,1,2314.0,6.891366261573332,1.5653309077865178,259.5,36.8,4.242727202849163,Canada,2016A000011124,Percent,239.0,units,0.0,v733833,1.0,6.31,2.0,,,,,,,,2024-01-01
Vancouver,Two bedroom units,2024,1,2315.0,6.891366261573332,1.5653309077865178,259.5,36.8,4.242727202849163,Canada,2016A000011124,Percent,239.0,units,0.0,v733833,1.0,6.31,2.0,,,,,,,,2024-01-01
Vancouver,Two bedroom units,2024,2,2313.0,8.871247484634024,2.586642381747966,86.7,1.0,5.76249212566076,Canada,2016A000011124,Percent,239.0,units,0.0,v733833,1.0,6.15,2.0,,,,,,,,2024-02-01
Vancouver,Two bedroom units,2024,2,2269.0,8.871247484634024,2.586642381747966,86.7,1.0,5.76249212566076,Canada,2016A000011124,Percent,239.0,units,0.0,v733833,1.0,6.15,2.0,,,,,,,,2024-02-01
Vancouver,Two bedroom units,2024,2,2314.0,8.871247484634024,2.586642381747966,86.7,1.0,5.76249212566076,Canada,2016A000011124,Percent,239.0,units,0.0,v733833,1.0,6.15,2.0,,,,,,,,2024-02-01
Vancouver,Two bedroom units,2024,2,2315.0,8.871247484634024,2.586642381747966,86.7,1.0,5.76249212566076,Canada,2016A000011124,Percent,239.0,units,0.0,v733833,1.0,6.15,2.0,,,,,,,,2024-02-01
Vancouver,Two bedroom units,2024,3,2313.0,10.507495293831399,3.6588792948832918,100.6,3.0,7.113694944784648,Canada,2016A000011124,Percent,239.0,units,0.0,v733833,1.0,6.13,2.0,,,,,,,,2024-03-01
Vancouver,Two bedroom units,2024,3,2269.0,10.507495293831399,3.6588792948832918,100.6,3.0,7.113694944784648,Canada,2016A000011124,Percent,239.0,units,0.0,v733833,1.0,6.13,2.0,,,,,,,,2024-03-01
Vancouver,Two bedroom units,2024,3,2314.0,10.507495293831399,3.6588792948832918,100.6,3.0,7.113694944784648,Canada,2016A000011124,Percent,239.0,units,0.0,v733833,1.0,6.13,2.0,,,,,,,,2024-03-01
Vancouver,Two bedroom units,2024,3,2315.0,10.507495293831399,3.6588792948832918,100.6,3.0,7.113694944784648,Canada,2016A000011124,Percent,239.0,units,0.0,v733833,1.0,6.13,2.0,,,,,,,,2024-03-01
Vancouver,Two bedroom units,2024,4,2313.0,13.024411803625778,5.417508604712735,59.7,0.0,9.254151442944135,Canada,2016A000011124,Percent,239.0,units,0.0,v733833,1.0,6.08,2.0,,,,,,,,2024-04-01
Vancouver,Two bedroom units,2024,4,2269.0,13.024411803625778,5.417508604712735,59.7,0.0,9.254151442944135,Canada,2016A000011124,Percent,239.0,units,0.0,v733833,1.0,6.08,2.0,,,,,,,,2024-04-01
Vancouver,Two bedroom units,2024,4,2314.0,13.024411803625778,5.417508604712735,59.7,0.0,9.254151442944135,Canada,2016A000011124,Percent,239.0,units,0.0,v733833,1.0,6.08,2.0,,,,,,,,2024-04-01
Vancouver,Two bedroom units,2024,4,2315.0,13.024411803625778,5.417508604712735,59.7,0.0,9.254151442944135,Canada,2016A000011124,Percent,239.0,units,0.0,v733833,1.0,6.08,2.0,,,,,,,,2024-04-01
Vancouver,Two bedroom units,2024,5,2313.0,16.250521840464085,8.42298803453842,53.9,0.0,12.35846037561813,Canada,2016A000011124,Percent,239.0,units,0.0,v733833,1.0,6.05,2.0,,,,,,,,2024-05-01
Vancouver,Two bedroom units,2024,5,2269.0,16.250521840464085,8.42298803453842,53.9,0.0,12.35846037561813,Canada,2016A000011124,Percent,239.0,units,0.0,v733833,1.0,6.05,2.0,,,,,,,,2024-05-01
Vancouver,Two bedroom units,2024,5,2314.0,16.250521840464085,8.42298803453842,53.9,0.0,12.35846037561813,Canada,2016A000011124,Percent,239.0,units,0.0,v733833,1.0,6.05,2.0,,,,,,,,2024-05-01
Vancouver,Two bedroom units,2024,5,2315.0,16.250521840464085,8.42298803453842,53.9,0.0,12.35846037561813,Canada,2016A000011124,Percent,239.0,units,0.0,v733833,1.0,6.05,2.0,,,,,,,,2024-05-01
Vancouver,Two bedroom units,2024,6,2313.0,18.579951038772,10.56792957373577,64.1,0.0,14.594560497749537,Canada,2016A000011124,Percent,239.0,units,0.0,v733833,1.0,5.98,2.0,,,,,,,,2024-06-01
Vancouver,Two bedroom units,2024,6,2269.0,18.579951038772,10.56792957373577,64.1,0.0,14.594560497749537,Canada,2016A000011124,Percent,239.0,units,0.0,v733833,1.0,5.98,2.0,,,,,,,,2024-06-01
Vancouver,Two bedroom units,2024,6,2314.0,18.579951038772,10.56792957373577,64.1,0.0,14.594560497749537,Canada,2016A000011124,Percent,239.0,units,0.0,v733833,1.0,5.98,2.0,,,,,,,,2024-06-01
Vancouver,Two bedroom units,2024,6,2315.0,18.579951038772,10.56792957373577,64.1,0.0,14.594560497749537,Canada,2016A000011124,Percent,239.0,units,0.0,v733833,1.0,5.98,2.0,,,,,,,,2024-06-01
Vancouver,Two bedroom units,2024,7,2313.0,22.55265658415398,13.797588972302647,19.8,0.0,18.20401752542981,Canada,2016A000011124,Percent,239.0,units,0.0,v733833,1.0,5.91,2.0,,,,,,,,2024-07-01
Vancouver,Two bedroom units,2024,7,2269.0,22.55265658415398,13.797588972302647,19.8,0.0,18.20401752542981,Canada,2016A000011124,Percent,239.0,units,0.0,v733833,1.0,5.91,2.0,,,,,,,,2024-07-01
Vancouver,Two bedroom units,2024,7,2314.0,22.55265658415398,13.797588972302647,19.8,0.0,18.20401752542981,Canada,2016A000011124,Percent,239.0,units,0.0,v733833,1.0,5.91,2.0,,,,,,,,2024-07-01
Vancouver,Two bedroom units,2024,7,2315.0,22.55265658415398,13.797588972302647,19.8,0.0,18.20401752542981,Canada,2016A000011124,Percent,239.0,units,0.0,v733833,1.0,5.91,2.0,,,,,,,,2024-07-01
Vancouver,Two bedroom units,2024,8,2313.0,21.639753358347527,13.526621230367162,59.4,0.0,17.613694944784648,Canada,2016A000011124,Percent,239.0,units,0.0,v733833,1.0,5.73,2.0,,,,,,,,2024-08-01
Vancouver,Two bedroom units,2024,8,2269.0,21.639753358347527,13.526621230367162,59.4,0.0,17.613694944784648,Canada,2016A000011124,Percent,239.0,units,0.0,v733833,1.0,5.73,2.0,,,,,,,,2024-08-01
Vancouver,Two bedroom units,2024,8,2314.0,21.639753358347527,13.526621230367162,59.4,0.0,17.613694944784648,Canada,2016A000011124,Percent,239.0,units,0.0,v733833,1.0,5.73,2.0,,,,,,,,2024-08-01
Vancouver,Two bedroom units,2024,8,2315.0,21.639753358347527,13.526621230367162,59.4,0.0,17.613694944784648,Canada,2016A000011124,Percent,239.0,units,0.0,v733833,1.0,5.73,2.0,,,,,,,,2024-08-01
Vancouver,Two bedroom units,2024,9,2313.0,18.84,11.766666666666667,54.1,0.0,15.33,Canada,2016A000011124,Percent,239.0,units,0.0,v733833,1.0,5.55,2.0,,,,,,,,2024-09-01
Vancouver,Two bedroom units,2024,9,2269.0,18.84,11.766666666666667,54.1,0.0,15.33,Canada,2016A000011124,Percent,239.0,units,0.0,v733833,1.0,5.55,2.0,,,,,,,,2024-09-01
Vancouver,Two bedroom units,2024,9,2314.0,18.84,11.766666666666667,54.1,0.0,15.33,Canada,2016A000011124,Percent,239.0,units,0.0,v733833,1.0,5.55,2.0,,,,,,,,2024-09-01
Vancouver,Two bedroom units,2024,9,2315.0,18.84,11.766666666666667,54.1,0.0,15.33,Canada,2016A000011124,Percent,239.0,units,0.0,v733833,1.0,5.55,2.0,,,,,,,,2024-09-01
Vancouver,Two bedroom units,2024,10,2313.0,13.980645161290322,7.570967741935483,207.39999999999998,0.0,10.8,Canada,2016A000011124,Percent,239.0,units,0.0,v733833,1.0,5.44,2.0,,,,,,,,2024-10-01
Vancouver,Two bedroom units,2024,10,2269.0,13.980645161290322,7.570967741935483,207.39999999999998,0.0,10.8,Canada,2016A000011124,Percent,239.0,units,0.0,v733833,1.0,5.44,2.0,,,,,,,,2024-10-01
Vancouver,Two bedroom units,2024,10,2314.0,13.980645161290322,7.570967741935483,207.39999999999998,0.0,10.8,Canada,2016A000011124,Percent,239.0,units,0.0,v733833,1.0,5.44,2.0,,,,,,,,2024-10-01
Vancouver,Two bedroom units,2024,10,2315.0,13.980645161290322,7.570967741935483,207.39999999999998,0.0,10.8,Canada,2016A000011124,Percent,239.0,units,0.0,v733833,1.0,5.44,2.0,,,,,,,,2024-10-01
Vancouver,Two bedroom units,2024,11,2313.0,9.621078470292444,5.214175271379402,207.79999999999998,4.0,7.440818109610802,Canada,2016A000011124,Percent,239.0,units,0.0,v733833,1.0,5.38,2.0,,,,,,,,2024-11-01
Vancouver,Two bedroom units,2024,11,2269.0,9.621078470292444,5.214175271379402,207.79999999999998,4.0,7.440818109610802,Canada,2016A000011124,Percent,239.0,units,0.0,v733833,1.0,5.38,2.0,,,,,,,,2024-11-01
Vancouver,Two bedroom units,2024,11,2314.0,9.621078470292444,5.214175271379402,207.79999999999998,4.0,7.440818109610802,Canada,2016A000011124,Percent,239.0,units,0.0,v733833,1.0,5.38,2.0,,,,,,,,2024-11-01
Vancouver,Two bedroom units,2024,11,2315.0,9.621078470292444,5.214175271379402,207.79999999999998,4.0,7.440818109610802,Canada,2016A000011124,Percent,239.0,units,0.0,v733833,1.0,5.38,2.0,,,,,,,,2024-11-01
Vancouver,Two bedroom units,2024,12,2313.0,8.519354838709678,3.164516129032258,194.0,0.0,5.867741935483871,Canada,2016A000011124,Percent,239.0,units,0.0,v733833,1.0,5.35,2.0,,,,,,,,2024-12-01
Vancouver,Two bedroom units,2024,12,2269.0,8.519354838709678,3.164516129032258,194.0,0.0,5.867741935483871,Canada,2016A000011124,Percent,239.0,units,0.0,v733833,1.0,5.35,2.0,,,,,,,,2024-12-01
Vancouver,Two bedroom units,2024,12,2314.0,8.519354838709678,3.164516129032258,194.0,0.0,5.867741935483871,Canada,2016A000011124,Percent,239.0,units,0.0,v733833,1.0,5.35,2.0,,,,,,,,2024-12-01
Vancouver,Two bedroom units,2024,12,2315.0,8.519354838709678,3.164516129032258,194.0,0.0,5.867741935483871,Canada,2016A000011124,Percent,239.0,units,0.0,v733833,1.0,5.35,2.0,,,,,,,,2024-12-01
Vancouver,Three bedroom units,2018,1,1845.0,7.519354838709678,3.1419354838709674,249.4,0.0,5.351612903225806,,,,,,,,,,,8.9,24.0,,,,,,2018-01-01
Vancouver,Three bedroom units,2018,1,1755.0,7.519354838709678,3.1419354838709674,249.4,0.0,5.351612903225806,,,,,,,,,,,8.9,24.0,,,,,,2018-01-01
Vancouver,Three bedroom units,2018,1,1921.0,7.519354838709678,3.1419354838709674,249.4,0.0,5.351612903225806,,,,,,,,,,,8.9,24.0,,,,,,2018-01-01
Vancouver,Three bedroom units,2018,1,1934.0,7.519354838709678,3.1419354838709674,249.4,0.0,5.351612903225806,,,,,,,,,,,8.9,24.0,,,,,,2018-01-01
Vancouver,Three bedroom units,2018,2,1845.0,6.089285714285714,0.6071428571428571,105.8,25.8,3.3535714285714286,,,,,,,,,,,8.9,24.0,,,,,,2018-02-01
Vancouver,Three bedroom units,2018,2,1755.0,6.089285714285714,0.6071428571428571,105.8,25.8,3.3535714285714286,,,,,,,,,,,8.9,24.0,,,,,,2018-02-01
Vancouver,Three bedroom units,2018,2,1921.0,6.089285714285714,0.6071428571428571,105.8,25.8,3.3535714285714286,,,,,,,,,,,8.9,24.0,,,,,,2018-02-01
Vancouver,Three bedroom units,2018,2,1934.0,6.089285714285714,0.6071428571428571,105.8,25.8,3.3535714285714286,,,,,,,,,,,8.9,24.0,,,,,,2018-02-01
Vancouver,Three bedroom units,2018,3,1845.0,9.538709677419355,2.487096774193548,111.80000000000001,0.0,6.048387096774194,,,,,,,,,,,8.9,24.0,,,,,,2018-03-01
Vancouver,Three bedroom units,2018,3,1755.0,9.538709677419355,2.487096774193548,111.80000000000001,0.0,6.048387096774194,,,,,,,,,,,8.9,24.0,,,,,,2018-03-01
Vancouver,Three bedroom units,2018,3,1921.0,9.538709677419355,2.487096774193548,111.80000000000001,0.0,6.048387096774194,,,,,,,,,,,8.9,24.0,,,,,,2018-03-01
Vancouver,Three bedroom units,2018,3,1934.0,9.538709677419355,2.487096774193548,111.80000000000001,0.0,6.048387096774194,,,,,,,,,,,8.9,24.0,,,,,,2018-03-01
Vancouver,Three bedroom units,2018,4,1845.0,12.629999999999999,5.819999999999999,134.8,0.0,9.243333333333334,,,,,,,,,,,8.9,24.0,,,,,,2018-04-01
Vancouver,Three bedroom units,2018,4,1755.0,12.629999999999999,5.819999999999999,134.8,0.0,9.243333333333334,,,,,,,,,,,8.9,24.0,,,,,,2018-04-01
Vancouver,Three bedroom units,2018,4,1921.0,12.629999999999999,5.819999999999999,134.8,0.0,9.243333333333334,,,,,,,,,,,8.9,24.0,,,,,,2018-04-01
Vancouver,Three bedroom units,2018,4,1934.0,12.629999999999999,5.819999999999999,134.8,0.0,9.243333333333334,,,,,,,,,,,8.9,24.0,,,,,,2018-04-01
Vancouver,Three bedroom units,2018,5,1845.0,19.15806451612903,10.47741935483871,1.6,0.0,14.845161290322581,,,,,,,,,,,8.9,24.0,,,,,,2018-05-01
Vancouver,Three bedroom units,2018,5,1755.0,19.15806451612903,10.47741935483871,1.6,0.0,14.845161290322581,,,,,,,,,,,8.9,24.0,,,,,,2018-05-01
Vancouver,Three bedroom units,2018,5,1921.0,19.15806451612903,10.47741935483871,1.6,0.0,14.845161290322581,,,,,,,,,,,8.9,24.0,,,,,,2018-05-01
Vancouver,Three bedroom units,2018,5,1934.0,19.15806451612903,10.47741935483871,1.6,0.0,14.845161290322581,,,,,,,,,,,8.9,24.0,,,,,,2018-05-01
Vancouver,Three bedroom units,2018,6,1845.0,19.75,12.076666666666666,38.8,0.0,15.936666666666667,,,,,,,,,,,8.9,24.0,,,,,,2018-06-01
Vancouver,Three bedroom units,2018,6,1755.0,19.75,12.076666666666666,38.8,0.0,15.936666666666667,,,,,,,,,,,8.9,24.0,,,,,,2018-06-01
Vancouver,Three bedroom units,2018,6,1921.0,19.75,12.076666666666666,38.8,0.0,15.936666666666667,,,,,,,,,,,8.9,24.0,,,,,,2018-06-01
Vancouver,Three bedroom units,2018,6,1934.0,19.75,12.076666666666666,38.8,0.0,15.936666666666667,,,,,,,,,,,8.9,24.0,,,,,,2018-06-01
Vancouver,Three bedroom units,2018,7,1845.0,24.05483870967742,14.138709677419355,5.4,0.0,19.116129032258065,,,,,,,,,,,8.9,24.0,,,,,,2018-07-01
Vancouver,Three bedroom units,2018,7,1755.0,24.05483870967742,14.138709677419355,5.4,0.0,19.116129032258065,,,,,,,,,,,8.9,24.0,,,,,,2018-07-01
Vancouver,Three bedroom units,2018,7,1921.0,24.05483870967742,14.138709677419355,5.4,0.0,19.116129032258065,,,,,,,,,,,8.9,24.0,,,,,,2018-07-01
Vancouver,Three bedroom units,2018,7,1934.0,24.05483870967742,14.138709677419355,5.4,0.0,19.116129032258065,,,,,,,,,,,8.9,24.0,,,,,,2018-07-01
Vancouver,Three bedroom units,2018,8,1845.0,22.938709677419357,13.693955776473905,16.2,0.0,18.242331343360068,,,,,,,,,,,8.9,24.0,,,,,,2018-08-01
Vancouver,Three bedroom units,2018,8,1755.0,22.938709677419357,13.693955776473905,16.2,0.0,18.242331343360068,,,,,,,,,,,8.9,24.0,,,,,,2018-08-01
Vancouver,Three bedroom units,2018,8,1921.0,22.938709677419357,13.693955776473905,16.2,0.0,18.242331343360068,,,,,,,,,,,8.9,24.0,,,,,,2018-08-01
Vancouver,Three bedroom units,2018,8,1934.0,22.938709677419357,13.693955776473905,16.2,0.0,18.242331343360068,,,,,,,,,,,8.9,24.0,,,,,,2018-08-01
Vancouver,Three bedroom units,2018,9,1845.0,18.226666666666667,10.816666666666666,111.0,0.0,14.55,,,,,,,,,,,8.9,24.0,,,,,,2018-09-01
Vancouver,Three bedroom units,2018,9,1755.0,18.226666666666667,10.816666666666666,111.0,0.0,14.55,,,,,,,,,,,8.9,24.0,,,,,,2018-09-01
Vancouver,Three bedroom units,2018,9,1921.0,18.226666666666667,10.816666666666666,111.0,0.0,14.55,,,,,,,,,,,8.9,24.0,,,,,,2018-09-01
Vancouver,Three bedroom units,2018,9,1934.0,18.226666666666667,10.816666666666666,111.0,0.0,14.55,,,,,,,,,,,8.9,24.0,,,,,,2018-09-01
Vancouver,Three bedroom units,2018,10,1845.0,13.770967741935484,5.83225806451613,110.0,0.0,9.832258064516129,,,,,,,,,,,8.9,24.0,,,,,,2018-10-01
Vancouver,Three bedroom units,2018,10,1755.0,13.770967741935484,5.83225806451613,110.0,0.0,9.832258064516129,,,,,,,,,,,8.9,24.0,,,,,,2018-10-01
Vancouver,Three bedroom units,2018,10,1921.0,13.770967741935484,5.83225806451613,110.0,0.0,9.832258064516129,,,,,,,,,,,8.9,24.0,,,,,,2018-10-01
Vancouver,Three bedroom units,2018,10,1934.0,13.770967741935484,5.83225806451613,110.0,0.0,9.832258064516129,,,,,,,,,,,8.9,24.0,,,,,,2018-10-01
Vancouver,Three bedroom units,2018,11,1845.0,10.556666666666667,4.513333333333334,203.8,0.0,7.566666666666666,Canada,2016A000011124,Percent,239.0,units,0.0,v733833,1.0,4.38,2.0,8.9,24.0,,,,,,2018-11-01
Vancouver,Three bedroom units,2018,11,1755.0,10.556666666666667,4.513333333333334,203.8,0.0,7.566666666666666,Canada,2016A000011124,Percent,239.0,units,0.0,v733833,1.0,4.38,2.0,8.9,24.0,,,,,,2018-11-01
Vancouver,Three bedroom units,2018,11,1921.0,10.556666666666667,4.513333333333334,203.8,0.0,7.566666666666666,Canada,2016A000011124,Percent,239.0,units,0.0,v733833,1.0,4.38,2.0,8.9,24.0,,,,,,2018-11-01
Vancouver,Three bedroom units,2018,11,1934.0,10.556666666666667,4.513333333333334,203.8,0.0,7.566666666666666,Canada,2016A000011124,Percent,239.0,units,0.0,v733833,1.0,4.38,2.0,8.9,24.0,,,,,,2018-11-01
Vancouver,Three bedroom units,2018,12,1845.0,7.687096774193549,2.032258064516129,254.8,0.0,4.877419354838709,Canada,2016A000011124,Percent,239.0,units,0.0,v733833,1.0,4.59,2.0,8.9,24.0,,,,,,2018-12-01
Vancouver,Three bedroom units,2018,12,1755.0,7.687096774193549,2.032258064516129,254.8,0.0,4.877419354838709,Canada,2016A000011124,Percent,239.0,units,0.0,v733833,1.0,4.59,2.0,8.9,24.0,,,,,,2018-12-01
Vancouver,Three bedroom units,2018,12,1921.0,7.687096774193549,2.032258064516129,254.8,0.0,4.877419354838709,Canada,2016A000011124,Percent,239.0,units,0.0,v733833,1.0,4.59,2.0,8.9,24.0,,,,,,2018-12-01
Vancouver,Three bedroom units,2018,12,1934.0,7.687096774193549,2.032258064516129,254.8,0.0,4.877419354838709,Canada,2016A000011124,Percent,239.0,units,0.0,v733833,1.0,4.59,2.0,8.9,24.0,,,,,,2018-12-01
Vancouver,Three bedroom units,2019,1,1990.0,7.877419354838709,2.0451612903225804,140.79999999999998,0.0,4.990322580645161,Canada,2016A000011124,Percent,239.0,units,0.0,v733833,1.0,4.59,2.0,,,,,,,,2019-01-01
Vancouver,Three bedroom units,2019,1,1907.0,7.877419354838709,2.0451612903225804,140.79999999999998,0.0,4.990322580645161,Canada,2016A000011124,Percent,239.0,units,0.0,v733833,1.0,4.59,2.0,,,,,,,,2019-01-01
Vancouver,Three bedroom units,2019,1,2063.0,7.877419354838709,2.0451612903225804,140.79999999999998,0.0,4.990322580645161,Canada,2016A000011124,Percent,239.0,units,0.0,v733833,1.0,4.59,2.0,,,,,,,,2019-01-01
Vancouver,Three bedroom units,2019,1,2076.0,7.877419354838709,2.0451612903225804,140.79999999999998,0.0,4.990322580645161,Canada,2016A000011124,Percent,239.0,units,0.0,v733833,1.0,4.59,2.0,,,,,,,,2019-01-01
Vancouver,Three bedroom units,2019,2,1990.0,3.8392857142857144,-3.0214285714285714,75.0,32.2,0.4035714285714286,Canada,2016A000011124,Percent,239.0,units,0.0,v733833,1.0,4.52,2.0,,,,,,,,2019-02-01
Vancouver,Three bedroom units,2019,2,1907.0,3.8392857142857144,-3.0214285714285714,75.0,32.2,0.4035714285714286,Canada,2016A000011124,Percent,239.0,units,0.0,v733833,1.0,4.52,2.0,,,,,,,,2019-02-01
Vancouver,Three bedroom units,2019,2,2063.0,3.8392857142857144,-3.0214285714285714,75.0,32.2,0.4035714285714286,Canada,2016A000011124,Percent,239.0,units,0.0,v733833,1.0,4.52,2.0,,,,,,,,2019-02-01
Vancouver,Three bedroom units,2019,2,2076.0,3.8392857142857144,-3.0214285714285714,75.0,32.2,0.4035714285714286,Canada,2016A000011124,Percent,239.0,units,0.0,v733833,1.0,4.52,2.0,,,,,,,,2019-02-01
Vancouver,Three bedroom units,2019,3,1990.0,10.587096774193547,1.2741935483870968,31.2,0.0,5.961290322580646,Canada,2016A000011124,Percent,239.0,units,0.0,v733833,1.0,4.44,2.0,,,,,,,,2019-03-01
Vancouver,Three bedroom units,2019,3,1907.0,10.587096774193547,1.2741935483870968,31.2,0.0,5.961290322580646,Canada,2016A000011124,Percent,239.0,units,0.0,v733833,1.0,4.44,2.0,,,,,,,,2019-03-01
Vancouver,Three bedroom units,2019,3,2063.0,10.587096774193547,1.2741935483870968,31.2,0.0,5.961290322580646,Canada,2016A000011124,Percent,239.0,units,0.0,v733833,1.0,4.44,2.0,,,,,,,,2019-03-01
Vancouver,Three bedroom units,2019,3,2076.0,10.587096774193547,1.2741935483870968,31.2,0.0,5.961290322580646,Canada,2016A000011124,Percent,239.0,units,0.0,v733833,1.0,4.44,2.0,,,,,,,,2019-03-01
Vancouver,Three bedroom units,2019,4,1990.0,13.1,5.9,110.8,0.0,9.526666666666667,Canada,2016A000011124,Percent,239.0,units,0.0,v733833,1.0,4.33,2.0,,,,,,,,2019-04-01
Vancouver,Three bedroom units,2019,4,1907.0,13.1,5.9,110.8,0.0,9.526666666666667,Canada,2016A000011124,Percent,239.0,units,0.0,v733833,1.0,4.33,2.0,,,,,,,,2019-04-01
Vancouver,Three bedroom units,2019,4,2063.0,13.1,5.9,110.8,0.0,9.526666666666667,Canada,2016A000011124,Percent,239.0,units,0.0,v733833,1.0,4.33,2.0,,,,,,,,2019-04-01
Vancouver,Three bedroom units,2019,4,2076.0,13.1,5.9,110.8,0.0,9.526666666666667,Canada,2016A000011124,Percent,239.0,units,0.0,v733833,1.0,4.33,2.0,,,,,,,,2019-04-01
Vancouver,Three bedroom units,2019,5,1990.0,18.358064516129033,9.906451612903227,30.4,0.0,14.154838709677419,Canada,2016A000011124,Percent,239.0,units,0.0,v733833,1.0,4.3,2.0,,,,,,,,2019-05-01
Vancouver,Three bedroom units,2019,5,1907.0,18.358064516129033,9.906451612903227,30.4,0.0,14.154838709677419,Canada,2016A000011124,Percent,239.0,units,0.0,v733833,1.0,4.3,2.0,,,,,,,,2019-05-01
Vancouver,Three bedroom units,2019,5,2063.0,18.358064516129033,9.906451612903227,30.4,0.0,14.154838709677419,Canada,2016A000011124,Percent,239.0,units,0.0,v733833,1.0,4.3,2.0,,,,,,,,2019-05-01
Vancouver,Three bedroom units,2019,5,2076.0,18.358064516129033,9.906451612903227,30.4,0.0,14.154838709677419,Canada,2016A000011124,Percent,239.0,units,0.0,v733833,1.0,4.3,2.0,,,,,,,,2019-05-01
Vancouver,Three bedroom units,2019,6,1990.0,21.133333333333333,11.876666666666667,26.200000000000003,0.0,16.526666666666667,Canada,2016A000011124,Percent,239.0,units,0.0,v733833,1.0,4.23,2.0,,,,,,,,2019-06-01
Vancouver,Three bedroom units,2019,6,1907.0,21.133333333333333,11.876666666666667,26.200000000000003,0.0,16.526666666666667,Canada,2016A000011124,Percent,239.0,units,0.0,v733833,1.0,4.23,2.0,,,,,,,,2019-06-01
Vancouver,Three bedroom units,2019,6,2063.0,21.133333333333333,11.876666666666667,26.200000000000003,0.0,16.526666666666667,Canada,2016A000011124,Percent,239.0,units,0.0,v733833,1.0,4.23,2.0,,,,,,,,2019-06-01
Vancouver,Three bedroom units,2019,6,2076.0,21.133333333333333,11.876666666666667,26.200000000000003,0.0,16.526666666666667,Canada,2016A000011124,Percent,239.0,units,0.0,v733833,1.0,4.23,2.0,,,,,,,,2019-06-01
Vancouver,Three bedroom units,2019,7,1990.0,22.783870967741933,14.070967741935483,30.8,0.0,18.45483870967742,Canada,2016A000011124,Percent,239.0,units,0.0,v733833,1.0,4.14,2.0,,,,,,,,2019-07-01
Vancouver,Three bedroom units,2019,7,1907.0,22.783870967741933,14.070967741935483,30.8,0.0,18.45483870967742,Canada,2016A000011124,Percent,239.0,units,0.0,v733833,1.0,4.14,2.0,,,,,,,,2019-07-01
Vancouver,Three bedroom units,2019,7,2063.0,22.783870967741933,14.070967741935483,30.8,0.0,18.45483870967742,Canada,2016A000011124,Percent,239.0,units,0.0,v733833,1.0,4.14,2.0,,,,,,,,2019-07-01
Vancouver,Three bedroom units,2019,7,2076.0,22.783870967741933,14.070967741935483,30.8,0.0,18.45483870967742,Canada,2016A000011124,Percent,239.0,units,0.0,v733833,1.0,4.14,2.0,,,,,,,,2019-07-01
Vancouver,Three bedroom units,2019,8,1990.0,23.07741935483871,14.170967741935485,25.8,0.0,18.651612903225807,Canada,2016A000011124,Percent,239.0,units,0.0,v733833,1.0,4.08,2.0,,,,,,,,2019-08-01
Vancouver,Three bedroom units,2019,8,1907.0,23.07741935483871,14.170967741935485,25.8,0.0,18.651612903225807,Canada,2016A000011124,Percent,239.0,units,0.0,v733833,1.0,4.08,2.0,,,,,,,,2019-08-01
Vancouver,Three bedroom units,2019,8,2063.0,23.07741935483871,14.170967741935485,25.8,0.0,18.651612903225807,Canada,2016A000011124,Percent,239.0,units,0.0,v733833,1.0,4.08,2.0,,,,,,,,2019-08-01
Vancouver,Three bedroom units,2019,8,2076.0,23.07741935483871,14.170967741935485,25.8,0.0,18.651612903225807,Canada,2016A000011124,Percent,239.0,units,0.0,v733833,1.0,4.08,2.0,,,,,,,,2019-08-01
Vancouver,Three bedroom units,2019,9,1990.0,18.903333333333332,12.163333333333332,122.2,0.0,15.556666666666667,Canada,2016A000011124,Percent,239.0,units,0.0,v733833,1.0,4.07,2.0,,,,,,,,2019-09-01
Vancouver,Three bedroom units,2019,9,1907.0,18.903333333333332,12.163333333333332,122.2,0.0,15.556666666666667,Canada,2016A000011124,Percent,239.0,units,0.0,v733833,1.0,4.07,2.0,,,,,,,,2019-09-01
Vancouver,Three bedroom units,2019,9,2063.0,18.903333333333332,12.163333333333332,122.2,0.0,15.556666666666667,Canada,2016A000011124,Percent,239.0,units,0.0,v733833,1.0,4.07,2.0,,,,,,,,2019-09-01
Vancouver,Three bedroom units,2019,9,2076.0,18.903333333333332,12.163333333333332,122.2,0.0,15.556666666666667,Canada,2016A000011124,Percent,239.0,units,0.0,v733833,1.0,4.07,2.0,,,,,,,,2019-09-01
Vancouver,Three bedroom units,2019,10,1990.0,12.180645161290323,5.106451612903226,122.6,0.0,8.667741935483871,Canada,2016A000011124,Percent,239.0,units,0.0,v733833,1.0,4.09,2.0,,,,,,,,2019-10-01
Vancouver,Three bedroom units,2019,10,1907.0,12.180645161290323,5.106451612903226,122.6,0.0,8.667741935483871,Canada,2016A000011124,Percent,239.0,units,0.0,v733833,1.0,4.09,2.0,,,,,,,,2019-10-01
Vancouver,Three bedroom units,2019,10,2063.0,12.180645161290323,5.106451612903226,122.6,0.0,8.667741935483871,Canada,2016A000011124,Percent,239.0,units,0.0,v733833,1.0,4.09,2.0,,,,,,,,2019-10-01
Vancouver,Three bedroom units,2019,10,2076.0,12.180645161290323,5.106451612903226,122.6,0.0,8.667741935483871,Canada,2016A000011124,Percent,239.0,units,0.0,v733833,1.0,4.09,2.0,,,,,,,,2019-10-01
Vancouver,Three bedroom units,2019,11,1990.0,9.639999999999999,2.033333333333333,85.7,0.0,5.8566666666666665,Canada,2016A000011124,Percent,239.0,units,0.0,v733833,1.0,4.09,2.0,,,,,,,,2019-11-01
Vancouver,Three bedroom units,2019,11,1907.0,9.639999999999999,2.033333333333333,85.7,0.0,5.8566666666666665,Canada,2016A000011124,Percent,239.0,units,0.0,v733833,1.0,4.09,2.0,,,,,,,,2019-11-01
Vancouver,Three bedroom units,2019,11,2063.0,9.639999999999999,2.033333333333333,85.7,0.0,5.8566666666666665,Canada,2016A000011124,Percent,239.0,units,0.0,v733833,1.0,4.09,2.0,,,,,,,,2019-11-01
Vancouver,Three bedroom units,2019,11,2076.0,9.639999999999999,2.033333333333333,85.7,0.0,5.8566666666666665,Canada,2016A000011124,Percent,239.0,units,0.0,v733833,1.0,4.09,2.0,,,,,,,,2019-11-01
Vancouver,Three bedroom units,2019,12,1990.0,7.419354838709677,3.2838709677419353,164.2,0.0,5.380645161290323,Canada,2016A000011124,Percent,239.0,units,0.0,v733833,1.0,4.08,2.0,,,,,,,,2019-12-01
Vancouver,Three bedroom units,2019,12,1907.0,7.419354838709677,3.2838709677419353,164.2,0.0,5.380645161290323,Canada,2016A000011124,Percent,239.0,units,0.0,v733833,1.0,4.08,2.0,,,,,,,,2019-12-01
Vancouver,Three bedroom units,2019,12,2063.0,7.419354838709677,3.2838709677419353,164.2,0.0,5.380645161290323,Canada,2016A000011124,Percent,239.0,units,0.0,v733833,1.0,4.08,2.0,,,,,,,,2019-12-01
Vancouver,Three bedroom units,2019,12,2076.0,7.419354838709677,3.2838709677419353,164.2,0.0,5.380645161290323,Canada,2016A000011124,Percent,239.0,units,0.0,v733833,1.0,4.08,2.0,,,,,,,,2019-12-01
Vancouver,Three bedroom units,2020,1,2078.0,7.048387096774194,2.167741935483871,256.6,34.6,4.635483870967741,Canada,2016A000011124,Percent,239.0,units,0.0,v733833,1.0,4.08,2.0,,,,,,,,2020-01-01
Vancouver,Three bedroom units,2020,1,1940.0,7.048387096774194,2.167741935483871,256.6,34.6,4.635483870967741,Canada,2016A000011124,Percent,239.0,units,0.0,v733833,1.0,4.08,2.0,,,,,,,,2020-01-01
Vancouver,Three bedroom units,2020,1,2206.0,7.048387096774194,2.167741935483871,256.6,34.6,4.635483870967741,Canada,2016A000011124,Percent,239.0,units,0.0,v733833,1.0,4.08,2.0,,,,,,,,2020-01-01
Vancouver,Three bedroom units,2020,1,2222.0,7.048387096774194,2.167741935483871,256.6,34.6,4.635483870967741,Canada,2016A000011124,Percent,239.0,units,0.0,v733833,1.0,4.08,2.0,,,,,,,,2020-01-01
Vancouver,Three bedroom units,2020,2,2078.0,7.551724137931035,1.806896551724138,91.4,10.8,4.703448275862069,Canada,2016A000011124,Percent,239.0,units,0.0,v733833,1.0,4.08,2.0,,,,,,,,2020-02-01
Vancouver,Three bedroom units,2020,2,1940.0,7.551724137931035,1.806896551724138,91.4,10.8,4.703448275862069,Canada,2016A000011124,Percent,239.0,units,0.0,v733833,1.0,4.08,2.0,,,,,,,,2020-02-01
Vancouver,Three bedroom units,2020,2,2206.0,7.551724137931035,1.806896551724138,91.4,10.8,4.703448275862069,Canada,2016A000011124,Percent,239.0,units,0.0,v733833,1.0,4.08,2.0,,,,,,,,2020-02-01
Vancouver,Three bedroom units,2020,2,2222.0,7.551724137931035,1.806896551724138,91.4,10.8,4.703448275862069,Canada,2016A000011124,Percent,239.0,units,0.0,v733833,1.0,4.08,2.0,,,,,,,,2020-02-01
Vancouver,Three bedroom units,2020,3,2078.0,9.541888102037419,2.3721899100668735,40.800000000000004,0.0,5.9850585462092285,Canada,2016A000011124,Percent,239.0,units,0.0,v733833,1.0,3.9,2.0,,,,,,,,2020-03-01
Vancouver,Three bedroom units,2020,3,1940.0,9.541888102037419,2.3721899100668735,40.800000000000004,0.0,5.9850585462092285,Canada,2016A000011124,Percent,239.0,units,0.0,v733833,1.0,3.9,2.0,,,,,,,,2020-03-01
Vancouver,Three bedroom units,2020,3,2206.0,9.541888102037419,2.3721899100668735,40.800000000000004,0.0,5.9850585462092285,Canada,2016A000011124,Percent,239.0,units,0.0,v733833,1.0,3.9,2.0,,,,,,,,2020-03-01
Vancouver,Three bedroom units,2020,3,2222.0,9.541888102037419,2.3721899100668735,40.800000000000004,0.0,5.9850585462092285,Canada,2016A000011124,Percent,239.0,units,0.0,v733833,1.0,3.9,2.0,,,,,,,,2020-03-01
Vancouver,Three bedroom units,2020,4,2078.0,13.733333333333333,4.8566666666666665,22.8,0.0,9.31,Canada,2016A000011124,Percent,239.0,units,0.0,v733833,1.0,3.95,2.0,,,,,,,,2020-04-01
Vancouver,Three bedroom units,2020,4,1940.0,13.733333333333333,4.8566666666666665,22.8,0.0,9.31,Canada,2016A000011124,Percent,239.0,units,0.0,v733833,1.0,3.95,2.0,,,,,,,,2020-04-01
Vancouver,Three bedroom units,2020,4,2206.0,13.733333333333333,4.8566666666666665,22.8,0.0,9.31,Canada,2016A000011124,Percent,239.0,units,0.0,v733833,1.0,3.95,2.0,,,,,,,,2020-04-01
Vancouver,Three bedroom units,2020,4,2222.0,13.733333333333333,4.8566666666666665,22.8,0.0,9.31,Canada,2016A000011124,Percent,239.0,units,0.0,v733833,1.0,3.95,2.0,,,,,,,,2020-04-01
Vancouver,Three bedroom units,2020,5,2078.0,17.809677419354838,9.53225806451613,56.0,0.0,13.693548387096774,Canada,2016A000011124,Percent,239.0,units,0.0,v733833,1.0,3.86,2.0,,,,,,,,2020-05-01
Vancouver,Three bedroom units,2020,5,1940.0,17.809677419354838,9.53225806451613,56.0,0.0,13.693548387096774,Canada,2016A000011124,Percent,239.0,units,0.0,v733833,1.0,3.86,2.0,,,,,,,,2020-05-01
Vancouver,Three bedroom units,2020,5,2206.0,17.809677419354838,9.53225806451613,56.0,0.0,13.693548387096774,Canada,2016A000011124,Percent,239.0,units,0.0,v733833,1.0,3.86,2.0,,,,,,,,2020-05-01
Vancouver,Three bedroom units,2020,5,2222.0,17.809677419354838,9.53225806451613,56.0,0.0,13.693548387096774,Canada,2016A000011124,Percent,239.0,units,0.0,v733833,1.0,3.86,2.0,,,,,,,,2020-05-01
Vancouver,Three bedroom units,2020,6,2078.0,19.146666666666665,11.903333333333334,53.2,0.0,15.553333333333335,Canada,2016A000011124,Percent,239.0,units,0.0,v733833,1.0,3.77,2.0,,,,,,,,2020-06-01
Vancouver,Three bedroom units,2020,6,1940.0,19.146666666666665,11.903333333333334,53.2,0.0,15.553333333333335,Canada,2016A000011124,Percent,239.0,units,0.0,v733833,1.0,3.77,2.0,,,,,,,,2020-06-01
Vancouver,Three bedroom units,2020,6,2206.0,19.146666666666665,11.903333333333334,53.2,0.0,15.553333333333335,Canada,2016A000011124,Percent,239.0,units,0.0,v733833,1.0,3.77,2.0,,,,,,,,2020-06-01
Vancouver,Three bedroom units,2020,6,2222.0,19.146666666666665,11.903333333333334,53.2,0.0,15.553333333333335,Canada,2016A000011124,Percent,239.0,units,0.0,v733833,1.0,3.77,2.0,,,,,,,,2020-06-01
Vancouver,Three bedroom units,2020,7,2078.0,21.64516129032258,13.348387096774195,27.199999999999996,0.0,17.519354838709678,Canada,2016A000011124,Percent,239.0,units,0.0,v733833,1.0,3.64,2.0,,,,,,,,2020-07-01
Vancouver,Three bedroom units,2020,7,1940.0,21.64516129032258,13.348387096774195,27.199999999999996,0.0,17.519354838709678,Canada,2016A000011124,Percent,239.0,units,0.0,v733833,1.0,3.64,2.0,,,,,,,,2020-07-01
Vancouver,Three bedroom units,2020,7,2206.0,21.64516129032258,13.348387096774195,27.199999999999996,0.0,17.519354838709678,Canada,2016A000011124,Percent,239.0,units,0.0,v733833,1.0,3.64,2.0,,,,,,,,2020-07-01
Vancouver,Three bedroom units,2020,7,2222.0,21.64516129032258,13.348387096774195,27.199999999999996,0.0,17.519354838709678,Canada,2016A000011124,Percent,239.0,units,0.0,v733833,1.0,3.64,2.0,,,,,,,,2020-07-01
Vancouver,Three bedroom units,2020,8,2078.0,22.15806451612903,13.625806451612902,46.5,0.0,17.919354838709676,Canada,2016A000011124,Percent,239.0,units,0.0,v733833,1.0,3.57,2.0,,,,,,,,2020-08-01
Vancouver,Three bedroom units,2020,8,1940.0,22.15806451612903,13.625806451612902,46.5,0.0,17.919354838709676,Canada,2016A000011124,Percent,239.0,units,0.0,v733833,1.0,3.57,2.0,,,,,,,,2020-08-01
Vancouver,Three bedroom units,2020,8,2206.0,22.15806451612903,13.625806451612902,46.5,0.0,17.919354838709676,Canada,2016A000011124,Percent,239.0,units,0.0,v733833,1.0,3.57,2.0,,,,,,,,2020-08-01
Vancouver,Three bedroom units,2020,8,2222.0,22.15806451612903,13.625806451612902,46.5,0.0,17.919354838709676,Canada,2016A000011124,Percent,239.0,units,0.0,v733833,1.0,3.57,2.0,,,,,,,,2020-08-01
Vancouver,Three bedroom units,2020,9,2078.0,20.186666666666667,12.456666666666667,59.2,0.0,16.356666666666666,Canada,2016A000011124,Percent,239.0,units,0.0,v733833,1.0,3.51,2.0,,,,,,,,2020-09-01
Vancouver,Three bedroom units,2020,9,1940.0,20.186666666666667,12.456666666666667,59.2,0.0,16.356666666666666,Canada,2016A000011124,Percent,239.0,units,0.0,v733833,1.0,3.51,2.0,,,,,,,,2020-09-01
Vancouver,Three bedroom units,2020,9,2206.0,20.186666666666667,12.456666666666667,59.2,0.0,16.356666666666666,Canada,2016A000011124,Percent,239.0,units,0.0,v733833,1.0,3.51,2.0,,,,,,,,2020-09-01
Vancouver,Three bedroom units,2020,9,2222.0,20.186666666666667,12.456666666666667,59.2,0.0,16.356666666666666,Canada,2016A000011124,Percent,239.0,units,0.0,v733833,1.0,3.51,2.0,,,,,,,,2020-09-01
Vancouver,Three bedroom units,2020,10,2078.0,13.364516129032259,7.606451612903226,87.5,0.0,10.503225806451614,Canada,2016A000011124,Percent,239.0,units,0.0,v733833,1.0,3.45,2.0,,,,,,,,2020-10-01
Vancouver,Three bedroom units,2020,10,1940.0,13.364516129032259,7.606451612903226,87.5,0.0,10.503225806451614,Canada,2016A000011124,Percent,239.0,units,0.0,v733833,1.0,3.45,2.0,,,,,,,,2020-10-01
Vancouver,Three bedroom units,2020,10,2206.0,13.364516129032259,7.606451612903226,87.5,0.0,10.503225806451614,Canada,2016A000011124,Percent,239.0,units,0.0,v733833,1.0,3.45,2.0,,,,,,,,2020-10-01
Vancouver,Three bedroom units,2020,10,2222.0,13.364516129032259,7.606451612903226,87.5,0.0,10.503225806451614,Canada,2016A000011124,Percent,239.0,units,0.0,v733833,1.0,3.45,2.0,,,,,,,,2020-10-01
Vancouver,Three bedroom units,2020,11,2078.0,9.226666666666667,3.7133333333333334,189.3,0.0,6.496666666666667,Canada,2016A000011124,Percent,239.0,units,0.0,v733833,1.0,3.42,2.0,,,,,,,,2020-11-01
Vancouver,Three bedroom units,2020,11,1940.0,9.226666666666667,3.7133333333333334,189.3,0.0,6.496666666666667,Canada,2016A000011124,Percent,239.0,units,0.0,v733833,1.0,3.42,2.0,,,,,,,,2020-11-01
Vancouver,Three bedroom units,2020,11,2206.0,9.226666666666667,3.7133333333333334,189.3,0.0,6.496666666666667,Canada,2016A000011124,Percent,239.0,units,0.0,v733833,1.0,3.42,2.0,,,,,,,,2020-11-01
Vancouver,Three bedroom units,2020,11,2222.0,9.226666666666667,3.7133333333333334,189.3,0.0,6.496666666666667,Canada,2016A000011124,Percent,239.0,units,0.0,v733833,1.0,3.42,2.0,,,,,,,,2020-11-01
Vancouver,Three bedroom units,2020,12,2078.0,7.83225806451613,2.52258064516129,209.9,0.0,5.199999999999999,Canada,2016A000011124,Percent,239.0,units,0.0,v733833,1.0,3.34,2.0,,,,,,,,2020-12-01
Vancouver,Three bedroom units,2020,12,1940.0,7.83225806451613,2.52258064516129,209.9,0.0,5.199999999999999,Canada,2016A000011124,Percent,239.0,units,0.0,v733833,1.0,3.34,2.0,,,,,,,,2020-12-01
Vancouver,Three bedroom units,2020,12,2206.0,7.83225806451613,2.52258064516129,209.9,0.0,5.199999999999999,Canada,2016A000011124,Percent,239.0,units,0.0,v733833,1.0,3.34,2.0,,,,,,,,2020-12-01
Vancouver,Three bedroom units,2020,12,2222.0,7.83225806451613,2.52258064516129,209.9,0.0,5.199999999999999,Canada,2016A000011124,Percent,239.0,units,0.0,v733833,1.0,3.34,2.0,,,,,,,,2020-12-01
Vancouver,Three bedroom units,2021,1,2211.0,7.82258064516129,2.674193548387097,175.70000000000002,0.0,5.267741935483872,Canada,2016A000011124,Percent,239.0,units,0.0,v733833,1.0,3.3,2.0,8.9,22.0,,,,,,2021-01-01
Vancouver,Three bedroom units,2021,1,2020.0,7.82258064516129,2.674193548387097,175.70000000000002,0.0,5.267741935483872,Canada,2016A000011124,Percent,239.0,units,0.0,v733833,1.0,3.3,2.0,8.9,22.0,,,,,,2021-01-01
Vancouver,Three bedroom units,2021,1,2326.0,7.82258064516129,2.674193548387097,175.70000000000002,0.0,5.267741935483872,Canada,2016A000011124,Percent,239.0,units,0.0,v733833,1.0,3.3,2.0,8.9,22.0,,,,,,2021-01-01
Vancouver,Three bedroom units,2021,1,2323.0,7.82258064516129,2.674193548387097,175.70000000000002,0.0,5.267741935483872,Canada,2016A000011124,Percent,239.0,units,0.0,v733833,1.0,3.3,2.0,8.9,22.0,,,,,,2021-01-01
Vancouver,Three bedroom units,2021,2,2211.0,6.082142857142857,0.7107142857142857,83.1,12.600000000000001,3.4107142857142856,Canada,2016A000011124,Percent,239.0,units,0.0,v733833,1.0,3.25,2.0,8.9,22.0,,,,,,2021-02-01
Vancouver,Three bedroom units,2021,2,2020.0,6.082142857142857,0.7107142857142857,83.1,12.600000000000001,3.4107142857142856,Canada,2016A000011124,Percent,239.0,units,0.0,v733833,1.0,3.25,2.0,8.9,22.0,,,,,,2021-02-01
Vancouver,Three bedroom units,2021,2,2326.0,6.082142857142857,0.7107142857142857,83.1,12.600000000000001,3.4107142857142856,Canada,2016A000011124,Percent,239.0,units,0.0,v733833,1.0,3.25,2.0,8.9,22.0,,,,,,2021-02-01
Vancouver,Three bedroom units,2021,2,2323.0,6.082142857142857,0.7107142857142857,83.1,12.600000000000001,3.4107142857142856,Canada,2016A000011124,Percent,239.0,units,0.0,v733833,1.0,3.25,2.0,8.9,22.0,,,,,,2021-02-01
Vancouver,Three bedroom units,2021,3,2211.0,9.980645161290322,2.519354838709677,34.0,0.0,6.270967741935484,Canada,2016A000011124,Percent,239.0,units,0.0,v733833,1.0,3.26,2.0,8.9,22.0,,,,,,2021-03-01
Vancouver,Three bedroom units,2021,3,2020.0,9.980645161290322,2.519354838709677,34.0,0.0,6.270967741935484,Canada,2016A000011124,Percent,239.0,units,0.0,v733833,1.0,3.26,2.0,8.9,22.0,,,,,,2021-03-01
Vancouver,Three bedroom units,2021,3,2326.0,9.980645161290322,2.519354838709677,34.0,0.0,6.270967741935484,Canada,2016A000011124,Percent,239.0,units,0.0,v733833,1.0,3.26,2.0,8.9,22.0,,,,,,2021-03-01
Vancouver,Three bedroom units,2021,3,2323.0,9.980645161290322,2.519354838709677,34.0,0.0,6.270967741935484,Canada,2016A000011124,Percent,239.0,units,0.0,v733833,1.0,3.26,2.0,8.9,22.0,,,,,,2021-03-01
Vancouver,Three bedroom units,2021,4,2211.0,13.74,4.96,38.0,0.0,9.373333333333333,Canada,2016A000011124,Percent,239.0,units,0.0,v733833,1.0,3.25,2.0,8.9,22.0,,,,,,2021-04-01
Vancouver,Three bedroom units,2021,4,2020.0,13.74,4.96,38.0,0.0,9.373333333333333,Canada,2016A000011124,Percent,239.0,units,0.0,v733833,1.0,3.25,2.0,8.9,22.0,,,,,,2021-04-01
Vancouver,Three bedroom units,2021,4,2326.0,13.74,4.96,38.0,0.0,9.373333333333333,Canada,2016A000011124,Percent,239.0,units,0.0,v733833,1.0,3.25,2.0,8.9,22.0,,,,,,2021-04-01
Vancouver,Three bedroom units,2021,4,2323.0,13.74,4.96,38.0,0.0,9.373333333333333,Canada,2016A000011124,Percent,239.0,units,0.0,v733833,1.0,3.25,2.0,8.9,22.0,,,,,,2021-04-01
Vancouver,Three bedroom units,2021,5,2211.0,16.231167001754407,8.545568679699711,30.2,0.0,12.410073278843937,Canada,2016A000011124,Percent,239.0,units,0.0,v733833,1.0,3.25,2.0,8.9,22.0,,,,,,2021-05-01
Vancouver,Three bedroom units,2021,5,2020.0,16.231167001754407,8.545568679699711,30.2,0.0,12.410073278843937,Canada,2016A000011124,Percent,239.0,units,0.0,v733833,1.0,3.25,2.0,8.9,22.0,,,,,,2021-05-01
Vancouver,Three bedroom units,2021,5,2326.0,16.231167001754407,8.545568679699711,30.2,0.0,12.410073278843937,Canada,2016A000011124,Percent,239.0,units,0.0,v733833,1.0,3.25,2.0,8.9,22.0,,,,,,2021-05-01
Vancouver,Three bedroom units,2021,5,2323.0,16.231167001754407,8.545568679699711,30.2,0.0,12.410073278843937,Canada,2016A000011124,Percent,239.0,units,0.0,v733833,1.0,3.25,2.0,8.9,22.0,,,,,,2021-05-01
Vancouver,Three bedroom units,2021,6,2211.0,21.871078470292446,12.754175271379403,37.2,0.0,17.337484776277467,Canada,2016A000011124,Percent,239.0,units,0.0,v733833,1.0,3.26,2.0,8.9,22.0,,,,,,2021-06-01
Vancouver,Three bedroom units,2021,6,2020.0,21.871078470292446,12.754175271379403,37.2,0.0,17.337484776277467,Canada,2016A000011124,Percent,239.0,units,0.0,v733833,1.0,3.26,2.0,8.9,22.0,,,,,,2021-06-01
Vancouver,Three bedroom units,2021,6,2326.0,21.871078470292446,12.754175271379403,37.2,0.0,17.337484776277467,Canada,2016A000011124,Percent,239.0,units,0.0,v733833,1.0,3.26,2.0,8.9,22.0,,,,,,2021-06-01
Vancouver,Three bedroom units,2021,6,2323.0,21.871078470292446,12.754175271379403,37.2,0.0,17.337484776277467,Canada,2016A000011124,Percent,239.0,units,0.0,v733833,1.0,3.26,2.0,8.9,22.0,,,,,,2021-06-01
Vancouver,Three bedroom units,2021,7,2211.0,24.0258064516129,14.606451612903227,0.0,0.0,19.351612903225806,Canada,2016A000011124,Percent,239.0,units,0.0,v733833,1.0,3.2,2.0,8.9,22.0,,,,,,2021-07-01
Vancouver,Three bedroom units,2021,7,2020.0,24.0258064516129,14.606451612903227,0.0,0.0,19.351612903225806,Canada,2016A000011124,Percent,239.0,units,0.0,v733833,1.0,3.2,2.0,8.9,22.0,,,,,,2021-07-01
Vancouver,Three bedroom units,2021,7,2326.0,24.0258064516129,14.606451612903227,0.0,0.0,19.351612903225806,Canada,2016A000011124,Percent,239.0,units,0.0,v733833,1.0,3.2,2.0,8.9,22.0,,,,,,2021-07-01
Vancouver,Three bedroom units,2021,7,2323.0,24.0258064516129,14.606451612903227,0.0,0.0,19.351612903225806,Canada,2016A000011124,Percent,239.0,units,0.0,v733833,1.0,3.2,2.0,8.9,22.0,,,,,,2021-07-01
Vancouver,Three bedroom units,2021,8,2211.0,23.048387096774192,14.612903225806452,36.7,0.0,18.861290322580647,Canada,2016A000011124,Percent,239.0,units,0.0,v733833,1.0,3.2,2.0,8.9,22.0,,,,,,2021-08-01
Vancouver,Three bedroom units,2021,8,2020.0,23.048387096774192,14.612903225806452,36.7,0.0,18.861290322580647,Canada,2016A000011124,Percent,239.0,units,0.0,v733833,1.0,3.2,2.0,8.9,22.0,,,,,,2021-08-01
Vancouver,Three bedroom units,2021,8,2326.0,23.048387096774192,14.612903225806452,36.7,0.0,18.861290322580647,Canada,2016A000011124,Percent,239.0,units,0.0,v733833,1.0,3.2,2.0,8.9,22.0,,,,,,2021-08-01
Vancouver,Three bedroom units,2021,8,2323.0,23.048387096774192,14.612903225806452,36.7,0.0,18.861290322580647,Canada,2016A000011124,Percent,239.0,units,0.0,v733833,1.0,3.2,2.0,8.9,22.0,,,,,,2021-08-01
Vancouver,Three bedroom units,2021,9,2211.0,18.586666666666666,11.523333333333333,155.0,0.0,15.076666666666666,Canada,2016A000011124,Percent,239.0,units,0.0,v733833,1.0,3.22,2.0,8.9,22.0,,,,,,2021-09-01
Vancouver,Three bedroom units,2021,9,2020.0,18.586666666666666,11.523333333333333,155.0,0.0,15.076666666666666,Canada,2016A000011124,Percent,239.0,units,0.0,v733833,1.0,3.22,2.0,8.9,22.0,,,,,,2021-09-01
Vancouver,Three bedroom units,2021,9,2326.0,18.586666666666666,11.523333333333333,155.0,0.0,15.076666666666666,Canada,2016A000011124,Percent,239.0,units,0.0,v733833,1.0,3.22,2.0,8.9,22.0,,,,,,2021-09-01
Vancouver,Three bedroom units,2021,9,2323.0,18.586666666666666,11.523333333333333,155.0,0.0,15.076666666666666,Canada,2016A000011124,Percent,239.0,units,0.0,v733833,1.0,3.22,2.0,8.9,22.0,,,,,,2021-09-01
Vancouver,Three bedroom units,2021,10,2211.0,12.506451612903225,6.780645161290322,148.4,0.0,9.66451612903226,Canada,2016A000011124,Percent,239.0,units,0.0,v733833,1.0,3.29,2.0,8.9,22.0,,,,,,2021-10-01
Vancouver,Three bedroom units,2021,10,2020.0,12.506451612903225,6.780645161290322,148.4,0.0,9.66451612903226,Canada,2016A000011124,Percent,239.0,units,0.0,v733833,1.0,3.29,2.0,8.9,22.0,,,,,,2021-10-01
Vancouver,Three bedroom units,2021,10,2326.0,12.506451612903225,6.780645161290322,148.4,0.0,9.66451612903226,Canada,2016A000011124,Percent,239.0,units,0.0,v733833,1.0,3.29,2.0,8.9,22.0,,,,,,2021-10-01
Vancouver,Three bedroom units,2021,10,2323.0,12.506451612903225,6.780645161290322,148.4,0.0,9.66451612903226,Canada,2016A000011124,Percent,239.0,units,0.0,v733833,1.0,3.29,2.0,8.9,22.0,,,,,,2021-10-01
Vancouver,Three bedroom units,2021,11,2211.0,10.268872568479557,4.900420969023034,312.4,0.0,7.6204090548054015,Canada,2016A000011124,Percent,239.0,units,0.0,v733833,1.0,3.4,2.0,8.9,22.0,,,,,,2021-11-01
Vancouver,Three bedroom units,2021,11,2020.0,10.268872568479557,4.900420969023034,312.4,0.0,7.6204090548054015,Canada,2016A000011124,Percent,239.0,units,0.0,v733833,1.0,3.4,2.0,8.9,22.0,,,,,,2021-11-01
Vancouver,Three bedroom units,2021,11,2326.0,10.268872568479557,4.900420969023034,312.4,0.0,7.6204090548054015,Canada,2016A000011124,Percent,239.0,units,0.0,v733833,1.0,3.4,2.0,8.9,22.0,,,,,,2021-11-01
Vancouver,Three bedroom units,2021,11,2323.0,10.268872568479557,4.900420969023034,312.4,0.0,7.6204090548054015,Canada,2016A000011124,Percent,239.0,units,0.0,v733833,1.0,3.4,2.0,8.9,22.0,,,,,,2021-11-01
Vancouver,Three bedroom units,2021,12,2211.0,3.967741935483871,-2.2806451612903227,104.9,35.7,0.8612903225806451,Canada,2016A000011124,Percent,239.0,units,0.0,v733833,1.0,3.45,2.0,8.9,22.0,,,,,,2021-12-01
Vancouver,Three bedroom units,2021,12,2020.0,3.967741935483871,-2.2806451612903227,104.9,35.7,0.8612903225806451,Canada,2016A000011124,Percent,239.0,units,0.0,v733833,1.0,3.45,2.0,8.9,22.0,,,,,,2021-12-01
Vancouver,Three bedroom units,2021,12,2326.0,3.967741935483871,-2.2806451612903227,104.9,35.7,0.8612903225806451,Canada,2016A000011124,Percent,239.0,units,0.0,v733833,1.0,3.45,2.0,8.9,22.0,,,,,,2021-12-01
Vancouver,Three bedroom units,2021,12,2323.0,3.967741935483871,-2.2806451612903227,104.9,35.7,0.8612903225806451,Canada,2016A000011124,Percent,239.0,units,0.0,v733833,1.0,3.45,2.0,8.9,22.0,,,,,,2021-12-01
Vancouver,Three bedroom units,2022,1,2441.0,6.45483870967742,1.6258064516129032,147.29999999999998,17.0,4.064516129032258,Canada,2016A000011124,Percent,239.0,units,0.0,v733833,1.0,3.44,2.0,8.1,23.0,,,,,,2022-01-01
Vancouver,Three bedroom units,2022,1,2284.0,6.45483870967742,1.6258064516129032,147.29999999999998,17.0,4.064516129032258,Canada,2016A000011124,Percent,239.0,units,0.0,v733833,1.0,3.44,2.0,8.1,23.0,,,,,,2022-01-01
Vancouver,Three bedroom units,2022,1,2511.0,6.45483870967742,1.6258064516129032,147.29999999999998,17.0,4.064516129032258,Canada,2016A000011124,Percent,239.0,units,0.0,v733833,1.0,3.44,2.0,8.1,23.0,,,,,,2022-01-01
Vancouver,Three bedroom units,2022,1,2516.0,6.45483870967742,1.6258064516129032,147.29999999999998,17.0,4.064516129032258,Canada,2016A000011124,Percent,239.0,units,0.0,v733833,1.0,3.44,2.0,8.1,23.0,,,,,,2022-01-01
Vancouver,Three bedroom units,2022,2,2441.0,7.496428571428572,1.1821428571428572,59.7,2.2,4.357142857142857,Canada,2016A000011124,Percent,239.0,units,0.0,v733833,1.0,3.58,2.0,8.1,23.0,,,,,,2022-02-01
Vancouver,Three bedroom units,2022,2,2284.0,7.496428571428572,1.1821428571428572,59.7,2.2,4.357142857142857,Canada,2016A000011124,Percent,239.0,units,0.0,v733833,1.0,3.58,2.0,8.1,23.0,,,,,,2022-02-01
Vancouver,Three bedroom units,2022,2,2511.0,7.496428571428572,1.1821428571428572,59.7,2.2,4.357142857142857,Canada,2016A000011124,Percent,239.0,units,0.0,v733833,1.0,3.58,2.0,8.1,23.0,,,,,,2022-02-01
Vancouver,Three bedroom units,2022,2,2516.0,7.496428571428572,1.1821428571428572,59.7,2.2,4.357142857142857,Canada,2016A000011124,Percent,239.0,units,0.0,v733833,1.0,3.58,2.0,8.1,23.0,,,,,,2022-02-01
Vancouver,Three bedroom units,2022,3,2441.0,10.245161290322581,4.193548387096774,153.0,0.0,7.245161290322581,Canada,2016A000011124,Percent,239.0,units,0.0,v733833,1.0,3.77,2.0,8.1,23.0,,,,,,2022-03-01
Vancouver,Three bedroom units,2022,3,2284.0,10.245161290322581,4.193548387096774,153.0,0.0,7.245161290322581,Canada,2016A000011124,Percent,239.0,units,0.0,v733833,1.0,3.77,2.0,8.1,23.0,,,,,,2022-03-01
Vancouver,Three bedroom units,2022,3,2511.0,10.245161290322581,4.193548387096774,153.0,0.0,7.245161290322581,Canada,2016A000011124,Percent,239.0,units,0.0,v733833,1.0,3.77,2.0,8.1,23.0,,,,,,2022-03-01
Vancouver,Three bedroom units,2022,3,2516.0,10.245161290322581,4.193548387096774,153.0,0.0,7.245161290322581,Canada,2016A000011124,Percent,239.0,units,0.0,v733833,1.0,3.77,2.0,8.1,23.0,,,,,,2022-03-01
Vancouver,Three bedroom units,2022,4,2441.0,11.78,4.113333333333333,94.60000000000001,0.0,7.9766666666666675,Canada,2016A000011124,Percent,239.0,units,0.0,v733833,1.0,4.19,2.0,8.1,23.0,,,,,,2022-04-01
Vancouver,Three bedroom units,2022,4,2284.0,11.78,4.113333333333333,94.60000000000001,0.0,7.9766666666666675,Canada,2016A000011124,Percent,239.0,units,0.0,v733833,1.0,4.19,2.0,8.1,23.0,,,,,,2022-04-01
Vancouver,Three bedroom units,2022,4,2511.0,11.78,4.113333333333333,94.60000000000001,0.0,7.9766666666666675,Canada,2016A000011124,Percent,239.0,units,0.0,v733833,1.0,4.19,2.0,8.1,23.0,,,,,,2022-04-01
Vancouver,Three bedroom units,2022,4,2516.0,11.78,4.113333333333333,94.60000000000001,0.0,7.9766666666666675,Canada,2016A000011124,Percent,239.0,units,0.0,v733833,1.0,4.19,2.0,8.1,23.0,,,,,,2022-04-01
Vancouver,Three bedroom units,2022,5,2441.0,14.80858635659312,8.032665453893259,92.1,0.0,11.442331343360067,Canada,2016A000011124,Percent,239.0,units,0.0,v733833,1.0,4.63,2.0,8.1,23.0,,,,,,2022-05-01
Vancouver,Three bedroom units,2022,5,2284.0,14.80858635659312,8.032665453893259,92.1,0.0,11.442331343360067,Canada,2016A000011124,Percent,239.0,units,0.0,v733833,1.0,4.63,2.0,8.1,23.0,,,,,,2022-05-01
Vancouver,Three bedroom units,2022,5,2511.0,14.80858635659312,8.032665453893259,92.1,0.0,11.442331343360067,Canada,2016A000011124,Percent,239.0,units,0.0,v733833,1.0,4.63,2.0,8.1,23.0,,,,,,2022-05-01
Vancouver,Three bedroom units,2022,5,2516.0,14.80858635659312,8.032665453893259,92.1,0.0,11.442331343360067,Canada,2016A000011124,Percent,239.0,units,0.0,v733833,1.0,4.63,2.0,8.1,23.0,,,,,,2022-05-01
Vancouver,Three bedroom units,2022,6,2441.0,19.31,11.853333333333333,69.7,0.0,15.610000000000001,Canada,2016A000011124,Percent,239.0,units,0.0,v733833,1.0,5.05,2.0,8.1,23.0,,,,,,2022-06-01
Vancouver,Three bedroom units,2022,6,2284.0,19.31,11.853333333333333,69.7,0.0,15.610000000000001,Canada,2016A000011124,Percent,239.0,units,0.0,v733833,1.0,5.05,2.0,8.1,23.0,,,,,,2022-06-01
Vancouver,Three bedroom units,2022,6,2511.0,19.31,11.853333333333333,69.7,0.0,15.610000000000001,Canada,2016A000011124,Percent,239.0,units,0.0,v733833,1.0,5.05,2.0,8.1,23.0,,,,,,2022-06-01
Vancouver,Three bedroom units,2022,6,2516.0,19.31,11.853333333333333,69.7,0.0,15.610000000000001,Canada,2016A000011124,Percent,239.0,units,0.0,v733833,1.0,5.05,2.0,8.1,23.0,,,,,,2022-06-01
Vancouver,Three bedroom units,2022,7,2441.0,22.60858635659312,14.613310615183583,27.9,0.0,18.632653924005226,Canada,2016A000011124,Percent,239.0,units,0.0,v733833,1.0,5.51,2.0,8.1,23.0,,,,,,2022-07-01
Vancouver,Three bedroom units,2022,7,2284.0,22.60858635659312,14.613310615183583,27.9,0.0,18.632653924005226,Canada,2016A000011124,Percent,239.0,units,0.0,v733833,1.0,5.51,2.0,8.1,23.0,,,,,,2022-07-01
Vancouver,Three bedroom units,2022,7,2511.0,22.60858635659312,14.613310615183583,27.9,0.0,18.632653924005226,Canada,2016A000011124,Percent,239.0,units,0.0,v733833,1.0,5.51,2.0,8.1,23.0,,,,,,2022-07-01
Vancouver,Three bedroom units,2022,7,2516.0,22.60858635659312,14.613310615183583,27.9,0.0,18.632653924005226,Canada,2016A000011124,Percent,239.0,units,0.0,v733833,1.0,5.51,2.0,8.1,23.0,,,,,,2022-07-01
Vancouver,Three bedroom units,2022,8,2441.0,23.135436489134193,14.64638345845397,6.4,0.0,18.90763919137052,Canada,2016A000011124,Percent,239.0,units,0.0,v733833,1.0,5.58,2.0,8.1,23.0,,,,,,2022-08-01
Vancouver,Three bedroom units,2022,8,2284.0,23.135436489134193,14.64638345845397,6.4,0.0,18.90763919137052,Canada,2016A000011124,Percent,239.0,units,0.0,v733833,1.0,5.58,2.0,8.1,23.0,,,,,,2022-08-01
Vancouver,Three bedroom units,2022,8,2511.0,23.135436489134193,14.64638345845397,6.4,0.0,18.90763919137052,Canada,2016A000011124,Percent,239.0,units,0.0,v733833,1.0,5.58,2.0,8.1,23.0,,,,,,2022-08-01
Vancouver,Three bedroom units,2022,8,2516.0,23.135436489134193,14.64638345845397,6.4,0.0,18.90763919137052,Canada,2016A000011124,Percent,239.0,units,0.0,v733833,1.0,5.58,2.0,8.1,23.0,,,,,,2022-08-01
Vancouver,Three bedroom units,2022,9,2441.0,20.071078470292445,11.180841938046068,7.000000000000001,0.0,15.65748477627747,Canada,2016A000011124,Percent,239.0,units,0.0,v733833,1.0,5.64,2.0,8.1,23.0,,,,,,2022-09-01
Vancouver,Three bedroom units,2022,9,2284.0,20.071078470292445,11.180841938046068,7.000000000000001,0.0,15.65748477627747,Canada,2016A000011124,Percent,239.0,units,0.0,v733833,1.0,5.64,2.0,8.1,23.0,,,,,,2022-09-01
Vancouver,Three bedroom units,2022,9,2511.0,20.071078470292445,11.180841938046068,7.000000000000001,0.0,15.65748477627747,Canada,2016A000011124,Percent,239.0,units,0.0,v733833,1.0,5.64,2.0,8.1,23.0,,,,,,2022-09-01
Vancouver,Three bedroom units,2022,9,2516.0,20.071078470292445,11.180841938046068,7.000000000000001,0.0,15.65748477627747,Canada,2016A000011124,Percent,239.0,units,0.0,v733833,1.0,5.64,2.0,8.1,23.0,,,,,,2022-09-01
Vancouver,Three bedroom units,2022,10,2441.0,16.082779904980217,7.858471905506161,88.7,0.0,12.000395859489098,Canada,2016A000011124,Percent,239.0,units,0.0,v733833,1.0,5.75,2.0,8.1,23.0,,,,,,2022-10-01
Vancouver,Three bedroom units,2022,10,2284.0,16.082779904980217,7.858471905506161,88.7,0.0,12.000395859489098,Canada,2016A000011124,Percent,239.0,units,0.0,v733833,1.0,5.75,2.0,8.1,23.0,,,,,,2022-10-01
Vancouver,Three bedroom units,2022,10,2511.0,16.082779904980217,7.858471905506161,88.7,0.0,12.000395859489098,Canada,2016A000011124,Percent,239.0,units,0.0,v733833,1.0,5.75,2.0,8.1,23.0,,,,,,2022-10-01
Vancouver,Three bedroom units,2022,10,2516.0,16.082779904980217,7.858471905506161,88.7,0.0,12.000395859489098,Canada,2016A000011124,Percent,239.0,units,0.0,v733833,1.0,5.75,2.0,8.1,23.0,,,,,,2022-10-01
Vancouver,Three bedroom units,2022,11,2441.0,7.483333333333333,0.33333333333333326,113.8,12.0,3.933333333333333,Canada,2016A000011124,Percent,239.0,units,0.0,v733833,1.0,5.88,2.0,8.1,23.0,,,,,,2022-11-01
Vancouver,Three bedroom units,2022,11,2284.0,7.483333333333333,0.33333333333333326,113.8,12.0,3.933333333333333,Canada,2016A000011124,Percent,239.0,units,0.0,v733833,1.0,5.88,2.0,8.1,23.0,,,,,,2022-11-01
Vancouver,Three bedroom units,2022,11,2511.0,7.483333333333333,0.33333333333333326,113.8,12.0,3.933333333333333,Canada,2016A000011124,Percent,239.0,units,0.0,v733833,1.0,5.88,2.0,8.1,23.0,,,,,,2022-11-01
Vancouver,Three bedroom units,2022,11,2516.0,7.483333333333333,0.33333333333333326,113.8,12.0,3.933333333333333,Canada,2016A000011124,Percent,239.0,units,0.0,v733833,1.0,5.88,2.0,8.1,23.0,,,,,,2022-11-01
Vancouver,Three bedroom units,2022,12,2441.0,4.138709677419355,-1.3419354838709676,187.8,41.8,1.4064516129032258,Canada,2016A000011124,Percent,239.0,units,0.0,v733833,1.0,5.89,2.0,8.1,23.0,,,,,,2022-12-01
Vancouver,Three bedroom units,2022,12,2284.0,4.138709677419355,-1.3419354838709676,187.8,41.8,1.4064516129032258,Canada,2016A000011124,Percent,239.0,units,0.0,v733833,1.0,5.89,2.0,8.1,23.0,,,,,,2022-12-01
Vancouver,Three bedroom units,2022,12,2511.0,4.138709677419355,-1.3419354838709676,187.8,41.8,1.4064516129032258,Canada,2016A000011124,Percent,239.0,units,0.0,v733833,1.0,5.89,2.0,8.1,23.0,,,,,,2022-12-01
Vancouver,Three bedroom units,2022,12,2516.0,4.138709677419355,-1.3419354838709676,187.8,41.8,1.4064516129032258,Canada,2016A000011124,Percent,239.0,units,0.0,v733833,1.0,5.89,2.0,8.1,23.0,,,,,,2022-12-01
Vancouver,Three bedroom units,2023,1,2477.0,7.851612903225806,2.883870967741936,122.69999999999999,2.8,5.387096774193548,Canada,2016A000011124,Percent,239.0,units,0.0,v733833,1.0,5.86,2.0,,,0.0,138.0,42.0,0.0,,2023-01-01
Vancouver,Three bedroom units,2023,1,2306.0,7.851612903225806,2.883870967741936,122.69999999999999,2.8,5.387096774193548,Canada,2016A000011124,Percent,239.0,units,0.0,v733833,1.0,5.86,2.0,,,0.0,138.0,42.0,0.0,,2023-01-01
Vancouver,Three bedroom units,2023,1,2547.0,7.851612903225806,2.883870967741936,122.69999999999999,2.8,5.387096774193548,Canada,2016A000011124,Percent,239.0,units,0.0,v733833,1.0,5.86,2.0,,,0.0,138.0,42.0,0.0,,2023-01-01
Vancouver,Three bedroom units,2023,1,2545.0,7.851612903225806,2.883870967741936,122.69999999999999,2.8,5.387096774193548,Canada,2016A000011124,Percent,239.0,units,0.0,v733833,1.0,5.86,2.0,,,0.0,138.0,42.0,0.0,,2023-01-01
Vancouver,Three bedroom units,2023,2,2477.0,6.814285714285715,1.4821428571428572,74.8,26.2,4.171428571428572,Canada,2016A000011124,Percent,239.0,units,0.0,v733833,1.0,5.81,2.0,,,0.0,138.0,42.0,0.0,,2023-02-01
Vancouver,Three bedroom units,2023,2,2306.0,6.814285714285715,1.4821428571428572,74.8,26.2,4.171428571428572,Canada,2016A000011124,Percent,239.0,units,0.0,v733833,1.0,5.81,2.0,,,0.0,138.0,42.0,0.0,,2023-02-01
Vancouver,Three bedroom units,2023,2,2547.0,6.814285714285715,1.4821428571428572,74.8,26.2,4.171428571428572,Canada,2016A000011124,Percent,239.0,units,0.0,v733833,1.0,5.81,2.0,,,0.0,138.0,42.0,0.0,,2023-02-01
Vancouver,Three bedroom units,2023,2,2545.0,6.814285714285715,1.4821428571428572,74.8,26.2,4.171428571428572,Canada,2016A000011124,Percent,239.0,units,0.0,v733833,1.0,5.81,2.0,,,0.0,138.0,42.0,0.0,,2023-02-01
Vancouver,Three bedroom units,2023,3,2477.0,9.940844421109247,2.30040738937713,38.4,0.3,6.142331343360065,Canada,2016A000011124,Percent,239.0,units,0.0,v733833,1.0,5.81,2.0,,,0.0,138.0,42.0,0.0,,2023-03-01
Vancouver,Three bedroom units,2023,3,2306.0,9.940844421109247,2.30040738937713,38.4,0.3,6.142331343360065,Canada,2016A000011124,Percent,239.0,units,0.0,v733833,1.0,5.81,2.0,,,0.0,138.0,42.0,0.0,,2023-03-01
Vancouver,Three bedroom units,2023,3,2547.0,9.940844421109247,2.30040738937713,38.4,0.3,6.142331343360065,Canada,2016A000011124,Percent,239.0,units,0.0,v733833,1.0,5.81,2.0,,,0.0,138.0,42.0,0.0,,2023-03-01
Vancouver,Three bedroom units,2023,3,2545.0,9.940844421109247,2.30040738937713,38.4,0.3,6.142331343360065,Canada,2016A000011124,Percent,239.0,units,0.0,v733833,1.0,5.81,2.0,,,0.0,138.0,42.0,0.0,,2023-03-01
Vancouver,Three bedroom units,2023,4,2477.0,12.105539235146221,5.043754302356367,99.2,0.4,8.6004090548054,Canada,2016A000011124,Percent,239.0,units,0.0,v733833,1.0,5.75,2.0,,,0.0,138.0,42.0,0.0,,2023-04-01
Vancouver,Three bedroom units,2023,4,2306.0,12.105539235146221,5.043754302356367,99.2,0.4,8.6004090548054,Canada,2016A000011124,Percent,239.0,units,0.0,v733833,1.0,5.75,2.0,,,0.0,138.0,42.0,0.0,,2023-04-01
Vancouver,Three bedroom units,2023,4,2547.0,12.105539235146221,5.043754302356367,99.2,0.4,8.6004090548054,Canada,2016A000011124,Percent,239.0,units,0.0,v733833,1.0,5.75,2.0,,,0.0,138.0,42.0,0.0,,2023-04-01
Vancouver,Three bedroom units,2023,4,2545.0,12.105539235146221,5.043754302356367,99.2,0.4,8.6004090548054,Canada,2016A000011124,Percent,239.0,units,0.0,v733833,1.0,5.75,2.0,,,0.0,138.0,42.0,0.0,,2023-04-01
Vancouver,Three bedroom units,2023,5,2477.0,18.817172713186235,10.016943811012323,16.1,0.0,14.442727202849163,Canada,2016A000011124,Percent,239.0,units,0.0,v733833,1.0,5.74,2.0,,,0.0,138.0,42.0,0.0,,2023-05-01
Vancouver,Three bedroom units,2023,5,2306.0,18.817172713186235,10.016943811012323,16.1,0.0,14.442727202849163,Canada,2016A000011124,Percent,239.0,units,0.0,v733833,1.0,5.74,2.0,,,0.0,138.0,42.0,0.0,,2023-05-01
Vancouver,Three bedroom units,2023,5,2547.0,18.817172713186235,10.016943811012323,16.1,0.0,14.442727202849163,Canada,2016A000011124,Percent,239.0,units,0.0,v733833,1.0,5.74,2.0,,,0.0,138.0,42.0,0.0,,2023-05-01
Vancouver,Three bedroom units,2023,5,2545.0,18.817172713186235,10.016943811012323,16.1,0.0,14.442727202849163,Canada,2016A000011124,Percent,239.0,units,0.0,v733833,1.0,5.74,2.0,,,0.0,138.0,42.0,0.0,,2023-05-01
Vancouver,Three bedroom units,2023,6,2477.0,20.506666666666668,11.786666666666667,19.9,0.0,16.173333333333332,Canada,2016A000011124,Percent,239.0,units,0.0,v733833,1.0,5.85,2.0,,,0.0,138.0,42.0,0.0,,2023-06-01
Vancouver,Three bedroom units,2023,6,2306.0,20.506666666666668,11.786666666666667,19.9,0.0,16.173333333333332,Canada,2016A000011124,Percent,239.0,units,0.0,v733833,1.0,5.85,2.0,,,0.0,138.0,42.0,0.0,,2023-06-01
Vancouver,Three bedroom units,2023,6,2547.0,20.506666666666668,11.786666666666667,19.9,0.0,16.173333333333332,Canada,2016A000011124,Percent,239.0,units,0.0,v733833,1.0,5.85,2.0,,,0.0,138.0,42.0,0.0,,2023-06-01
Vancouver,Three bedroom units,2023,6,2545.0,20.506666666666668,11.786666666666667,19.9,0.0,16.173333333333332,Canada,2016A000011124,Percent,239.0,units,0.0,v733833,1.0,5.85,2.0,,,0.0,138.0,42.0,0.0,,2023-06-01
Vancouver,Three bedroom units,2023,7,2477.0,23.861290322580647,14.093548387096773,20.5,0.0,18.993548387096773,Canada,2016A000011124,Percent,239.0,units,0.0,v733833,1.0,5.99,2.0,,,0.0,138.0,42.0,0.0,,2023-07-01
Vancouver,Three bedroom units,2023,7,2306.0,23.861290322580647,14.093548387096773,20.5,0.0,18.993548387096773,Canada,2016A000011124,Percent,239.0,units,0.0,v733833,1.0,5.99,2.0,,,0.0,138.0,42.0,0.0,,2023-07-01
Vancouver,Three bedroom units,2023,7,2547.0,23.861290322580647,14.093548387096773,20.5,0.0,18.993548387096773,Canada,2016A000011124,Percent,239.0,units,0.0,v733833,1.0,5.99,2.0,,,0.0,138.0,42.0,0.0,,2023-07-01
Vancouver,Three bedroom units,2023,7,2545.0,23.861290322580647,14.093548387096773,20.5,0.0,18.993548387096773,Canada,2016A000011124,Percent,239.0,units,0.0,v733833,1.0,5.99,2.0,,,0.0,138.0,42.0,0.0,,2023-07-01
Vancouver,Three bedroom units,2023,8,2477.0,22.63225806451613,14.196774193548388,34.300000000000004,0.0,18.43548387096774,Canada,2016A000011124,Percent,239.0,units,0.0,v733833,1.0,6.17,2.0,,,0.0,138.0,42.0,0.0,,2023-08-01
Vancouver,Three bedroom units,2023,8,2306.0,22.63225806451613,14.196774193548388,34.300000000000004,0.0,18.43548387096774,Canada,2016A000011124,Percent,239.0,units,0.0,v733833,1.0,6.17,2.0,,,0.0,138.0,42.0,0.0,,2023-08-01
Vancouver,Three bedroom units,2023,8,2547.0,22.63225806451613,14.196774193548388,34.300000000000004,0.0,18.43548387096774,Canada,2016A000011124,Percent,239.0,units,0.0,v733833,1.0,6.17,2.0,,,0.0,138.0,42.0,0.0,,2023-08-01
Vancouver,Three bedroom units,2023,8,2545.0,22.63225806451613,14.196774193548388,34.300000000000004,0.0,18.43548387096774,Canada,2016A000011124,Percent,239.0,units,0.0,v733833,1.0,6.17,2.0,,,0.0,138.0,42.0,0.0,,2023-08-01
Vancouver,Three bedroom units,2023,9,2477.0,19.346666666666668,11.15,33.300000000000004,0.0,15.276666666666667,Canada,2016A000011124,Percent,239.0,units,0.0,v733833,1.0,6.27,2.0,,,0.0,138.0,42.0,0.0,,2023-09-01
Vancouver,Three bedroom units,2023,9,2306.0,19.346666666666668,11.15,33.300000000000004,0.0,15.276666666666667,Canada,2016A000011124,Percent,239.0,units,0.0,v733833,1.0,6.27,2.0,,,0.0,138.0,42.0,0.0,,2023-09-01
Vancouver,Three bedroom units,2023,9,2547.0,19.346666666666668,11.15,33.300000000000004,0.0,15.276666666666667,Canada,2016A000011124,Percent,239.0,units,0.0,v733833,1.0,6.27,2.0,,,0.0,138.0,42.0,0.0,,2023-09-01
Vancouver,Three bedroom units,2023,9,2545.0,19.346666666666668,11.15,33.300000000000004,0.0,15.276666666666667,Canada,2016A000011124,Percent,239.0,units,0.0,v733833,1.0,6.27,2.0,,,0.0,138.0,42.0,0.0,,2023-09-01
Vancouver,Three bedroom units,2023,10,2477.0,14.238709677419354,7.109677419354839,118.2,0.0,10.7,Canada,2016A000011124,Percent,239.0,units,0.0,v733833,1.0,6.42,2.0,,,0.0,138.0,42.0,0.0,1851758.6942771084,2023-10-01
Vancouver,Three bedroom units,2023,10,2306.0,14.238709677419354,7.109677419354839,118.2,0.0,10.7,Canada,2016A000011124,Percent,239.0,units,0.0,v733833,1.0,6.42,2.0,,,0.0,138.0,42.0,0.0,1851758.6942771084,2023-10-01
Vancouver,Three bedroom units,2023,10,2547.0,14.238709677419354,7.109677419354839,118.2,0.0,10.7,Canada,2016A000011124,Percent,239.0,units,0.0,v733833,1.0,6.42,2.0,,,0.0,138.0,42.0,0.0,1851758.6942771084,2023-10-01
Vancouver,Three bedroom units,2023,10,2545.0,14.238709677419354,7.109677419354839,118.2,0.0,10.7,Canada,2016A000011124,Percent,239.0,units,0.0,v733833,1.0,6.42,2.0,,,0.0,138.0,42.0,0.0,1851758.6942771084,2023-10-01
Vancouver,Three bedroom units,2023,11,2477.0,9.867745136959112,3.1075086047127347,112.0,0.0,6.507484776277469,Canada,2016A000011124,Percent,239.0,units,0.0,v733833,1.0,6.47,2.0,,,0.0,138.0,42.0,0.0,,2023-11-01
Vancouver,Three bedroom units,2023,11,2306.0,9.867745136959112,3.1075086047127347,112.0,0.0,6.507484776277469,Canada,2016A000011124,Percent,239.0,units,0.0,v733833,1.0,6.47,2.0,,,0.0,138.0,42.0,0.0,,2023-11-01
Vancouver,Three bedroom units,2023,11,2547.0,9.867745136959112,3.1075086047127347,112.0,0.0,6.507484776277469,Canada,2016A000011124,Percent,239.0,units,0.0,v733833,1.0,6.47,2.0,,,0.0,138.0,42.0,0.0,,2023-11-01
Vancouver,Three bedroom units,2023,11,2545.0,9.867745136959112,3.1075086047127347,112.0,0.0,6.507484776277469,Canada,2016A000011124,Percent,239.0,units,0.0,v733833,1.0,6.47,2.0,,,0.0,138.0,42.0,0.0,,2023-11-01
Vancouver,Three bedroom units,2023,12,2477.0,9.312903225806451,4.635483870967741,185.1,0.0,7.0,Canada,2016A000011124,Percent,239.0,units,0.0,v733833,1.0,6.39,2.0,,,0.0,138.0,42.0,0.0,,2023-12-01
Vancouver,Three bedroom units,2023,12,2306.0,9.312903225806451,4.635483870967741,185.1,0.0,7.0,Canada,2016A000011124,Percent,239.0,units,0.0,v733833,1.0,6.39,2.0,,,0.0,138.0,42.0,0.0,,2023-12-01
Vancouver,Three bedroom units,2023,12,2547.0,9.312903225806451,4.635483870967741,185.1,0.0,7.0,Canada,2016A000011124,Percent,239.0,units,0.0,v733833,1.0,6.39,2.0,,,0.0,138.0,42.0,0.0,,2023-12-01
Vancouver,Three bedroom units,2023,12,2545.0,9.312903225806451,4.635483870967741,185.1,0.0,7.0,Canada,2016A000011124,Percent,239.0,units,0.0,v733833,1.0,6.39,2.0,,,0.0,138.0,42.0,0.0,,2023-12-01
Vancouver,Three bedroom units,2024,1,2744.0,6.891366261573332,1.5653309077865178,259.5,36.8,4.242727202849163,Canada,2016A000011124,Percent,239.0,units,0.0,v733833,1.0,6.31,2.0,,,,,,,,2024-01-01
Vancouver,Three bedroom units,2024,1,2174.0,6.891366261573332,1.5653309077865178,259.5,36.8,4.242727202849163,Canada,2016A000011124,Percent,239.0,units,0.0,v733833,1.0,6.31,2.0,,,,,,,,2024-01-01
Vancouver,Three bedroom units,2024,1,2942.0,6.891366261573332,1.5653309077865178,259.5,36.8,4.242727202849163,Canada,2016A000011124,Percent,239.0,units,0.0,v733833,1.0,6.31,2.0,,,,,,,,2024-01-01
Vancouver,Three bedroom units,2024,1,2961.0,6.891366261573332,1.5653309077865178,259.5,36.8,4.242727202849163,Canada,2016A000011124,Percent,239.0,units,0.0,v733833,1.0,6.31,2.0,,,,,,,,2024-01-01
Vancouver,Three bedroom units,2024,2,2744.0,8.871247484634024,2.586642381747966,86.7,1.0,5.76249212566076,Canada,2016A000011124,Percent,239.0,units,0.0,v733833,1.0,6.15,2.0,,,,,,,,2024-02-01
Vancouver,Three bedroom units,2024,2,2174.0,8.871247484634024,2.586642381747966,86.7,1.0,5.76249212566076,Canada,2016A000011124,Percent,239.0,units,0.0,v733833,1.0,6.15,2.0,,,,,,,,2024-02-01
Vancouver,Three bedroom units,2024,2,2942.0,8.871247484634024,2.586642381747966,86.7,1.0,5.76249212566076,Canada,2016A000011124,Percent,239.0,units,0.0,v733833,1.0,6.15,2.0,,,,,,,,2024-02-01
Vancouver,Three bedroom units,2024,2,2961.0,8.871247484634024,2.586642381747966,86.7,1.0,5.76249212566076,Canada,2016A000011124,Percent,239.0,units,0.0,v733833,1.0,6.15,2.0,,,,,,,,2024-02-01
Vancouver,Three bedroom units,2024,3,2744.0,10.507495293831399,3.6588792948832918,100.6,3.0,7.113694944784648,Canada,2016A000011124,Percent,239.0,units,0.0,v733833,1.0,6.13,2.0,,,,,,,,2024-03-01
Vancouver,Three bedroom units,2024,3,2174.0,10.507495293831399,3.6588792948832918,100.6,3.0,7.113694944784648,Canada,2016A000011124,Percent,239.0,units,0.0,v733833,1.0,6.13,2.0,,,,,,,,2024-03-01
Vancouver,Three bedroom units,2024,3,2942.0,10.507495293831399,3.6588792948832918,100.6,3.0,7.113694944784648,Canada,2016A000011124,Percent,239.0,units,0.0,v733833,1.0,6.13,2.0,,,,,,,,2024-03-01
Vancouver,Three bedroom units,2024,3,2961.0,10.507495293831399,3.6588792948832918,100.6,3.0,7.113694944784648,Canada,2016A000011124,Percent,239.0,units,0.0,v733833,1.0,6.13,2.0,,,,,,,,2024-03-01
Vancouver,Three bedroom units,2024,4,2744.0,13.024411803625778,5.417508604712735,59.7,0.0,9.254151442944135,Canada,2016A000011124,Percent,239.0,units,0.0,v733833,1.0,6.08,2.0,,,,,,,,2024-04-01
Vancouver,Three bedroom units,2024,4,2174.0,13.024411803625778,5.417508604712735,59.7,0.0,9.254151442944135,Canada,2016A000011124,Percent,239.0,units,0.0,v733833,1.0,6.08,2.0,,,,,,,,2024-04-01
Vancouver,Three bedroom units,2024,4,2942.0,13.024411803625778,5.417508604712735,59.7,0.0,9.254151442944135,Canada,2016A000011124,Percent,239.0,units,0.0,v733833,1.0,6.08,2.0,,,,,,,,2024-04-01
Vancouver,Three bedroom units,2024,4,2961.0,13.024411803625778,5.417508604712735,59.7,0.0,9.254151442944135,Canada,2016A000011124,Percent,239.0,units,0.0,v733833,1.0,6.08,2.0,,,,,,,,2024-04-01
Vancouver,Three bedroom units,2024,5,2744.0,16.250521840464085,8.42298803453842,53.9,0.0,12.35846037561813,Canada,2016A000011124,Percent,239.0,units,0.0,v733833,1.0,6.05,2.0,,,,,,,,2024-05-01
Vancouver,Three bedroom units,2024,5,2174.0,16.250521840464085,8.42298803453842,53.9,0.0,12.35846037561813,Canada,2016A000011124,Percent,239.0,units,0.0,v733833,1.0,6.05,2.0,,,,,,,,2024-05-01
Vancouver,Three bedroom units,2024,5,2942.0,16.250521840464085,8.42298803453842,53.9,0.0,12.35846037561813,Canada,2016A000011124,Percent,239.0,units,0.0,v733833,1.0,6.05,2.0,,,,,,,,2024-05-01
Vancouver,Three bedroom units,2024,5,2961.0,16.250521840464085,8.42298803453842,53.9,0.0,12.35846037561813,Canada,2016A000011124,Percent,239.0,units,0.0,v733833,1.0,6.05,2.0,,,,,,,,2024-05-01
Vancouver,Three bedroom units,2024,6,2744.0,18.579951038772,10.56792957373577,64.1,0.0,14.594560497749537,Canada,2016A000011124,Percent,239.0,units,0.0,v733833,1.0,5.98,2.0,,,,,,,,2024-06-01
Vancouver,Three bedroom units,2024,6,2174.0,18.579951038772,10.56792957373577,64.1,0.0,14.594560497749537,Canada,2016A000011124,Percent,239.0,units,0.0,v733833,1.0,5.98,2.0,,,,,,,,2024-06-01
Vancouver,Three bedroom units,2024,6,2942.0,18.579951038772,10.56792957373577,64.1,0.0,14.594560497749537,Canada,2016A000011124,Percent,239.0,units,0.0,v733833,1.0,5.98,2.0,,,,,,,,2024-06-01
Vancouver,Three bedroom units,2024,6,2961.0,18.579951038772,10.56792957373577,64.1,0.0,14.594560497749537,Canada,2016A000011124,Percent,239.0,units,0.0,v733833,1.0,5.98,2.0,,,,,,,,2024-06-01
Vancouver,Three bedroom units,2024,7,2744.0,22.55265658415398,13.797588972302647,19.8,0.0,18.20401752542981,Canada,2016A000011124,Percent,239.0,units,0.0,v733833,1.0,5.91,2.0,,,,,,,,2024-07-01
Vancouver,Three bedroom units,2024,7,2174.0,22.55265658415398,13.797588972302647,19.8,0.0,18.20401752542981,Canada,2016A000011124,Percent,239.0,units,0.0,v733833,1.0,5.91,2.0,,,,,,,,2024-07-01
Vancouver,Three bedroom units,2024,7,2942.0,22.55265658415398,13.797588972302647,19.8,0.0,18.20401752542981,Canada,2016A000011124,Percent,239.0,units,0.0,v733833,1.0,5.91,2.0,,,,,,,,2024-07-01
Vancouver,Three bedroom units,2024,7,2961.0,22.55265658415398,13.797588972302647,19.8,0.0,18.20401752542981,Canada,2016A000011124,Percent,239.0,units,0.0,v733833,1.0,5.91,2.0,,,,,,,,2024-07-01
Vancouver,Three bedroom units,2024,8,2744.0,21.639753358347527,13.526621230367162,59.4,0.0,17.613694944784648,Canada,2016A000011124,Percent,239.0,units,0.0,v733833,1.0,5.73,2.0,,,,,,,,2024-08-01
Vancouver,Three bedroom units,2024,8,2174.0,21.639753358347527,13.526621230367162,59.4,0.0,17.613694944784648,Canada,2016A000011124,Percent,239.0,units,0.0,v733833,1.0,5.73,2.0,,,,,,,,2024-08-01
Vancouver,Three bedroom units,2024,8,2942.0,21.639753358347527,13.526621230367162,59.4,0.0,17.613694944784648,Canada,2016A000011124,Percent,239.0,units,0.0,v733833,1.0,5.73,2.0,,,,,,,,2024-08-01
Vancouver,Three bedroom units,2024,8,2961.0,21.639753358347527,13.526621230367162,59.4,0.0,17.613694944784648,Canada,2016A000011124,Percent,239.0,units,0.0,v733833,1.0,5.73,2.0,,,,,,,,2024-08-01
Vancouver,Three bedroom units,2024,9,2744.0,18.84,11.766666666666667,54.1,0.0,15.33,Canada,2016A000011124,Percent,239.0,units,0.0,v733833,1.0,5.55,2.0,,,,,,,,2024-09-01
Vancouver,Three bedroom units,2024,9,2174.0,18.84,11.766666666666667,54.1,0.0,15.33,Canada,2016A000011124,Percent,239.0,units,0.0,v733833,1.0,5.55,2.0,,,,,,,,2024-09-01
Vancouver,Three bedroom units,2024,9,2942.0,18.84,11.766666666666667,54.1,0.0,15.33,Canada,2016A000011124,Percent,239.0,units,0.0,v733833,1.0,5.55,2.0,,,,,,,,2024-09-01
Vancouver,Three bedroom units,2024,9,2961.0,18.84,11.766666666666667,54.1,0.0,15.33,Canada,2016A000011124,Percent,239.0,units,0.0,v733833,1.0,5.55,2.0,,,,,,,,2024-09-01
Vancouver,Three bedroom units,2024,10,2744.0,13.980645161290322,7.570967741935483,207.39999999999998,0.0,10.8,Canada,2016A000011124,Percent,239.0,units,0.0,v733833,1.0,5.44,2.0,,,,,,,,2024-10-01
Vancouver,Three bedroom units,2024,10,2174.0,13.980645161290322,7.570967741935483,207.39999999999998,0.0,10.8,Canada,2016A000011124,Percent,239.0,units,0.0,v733833,1.0,5.44,2.0,,,,,,,,2024-10-01
Vancouver,Three bedroom units,2024,10,2942.0,13.980645161290322,7.570967741935483,207.39999999999998,0.0,10.8,Canada,2016A000011124,Percent,239.0,units,0.0,v733833,1.0,5.44,2.0,,,,,,,,2024-10-01
Vancouver,Three bedroom units,2024,10,2961.0,13.980645161290322,7.570967741935483,207.39999999999998,0.0,10.8,Canada,2016A000011124,Percent,239.0,units,0.0,v733833,1.0,5.44,2.0,,,,,,,,2024-10-01
Vancouver,Three bedroom units,2024,11,2744.0,9.621078470292444,5.214175271379402,207.79999999999998,4.0,7.440818109610802,Canada,2016A000011124,Percent,239.0,units,0.0,v733833,1.0,5.38,2.0,,,,,,,,2024-11-01
Vancouver,Three bedroom units,2024,11,2174.0,9.621078470292444,5.214175271379402,207.79999999999998,4.0,7.440818109610802,Canada,2016A000011124,Percent,239.0,units,0.0,v733833,1.0,5.38,2.0,,,,,,,,2024-11-01
Vancouver,Three bedroom units,2024,11,2942.0,9.621078470292444,5.214175271379402,207.79999999999998,4.0,7.440818109610802,Canada,2016A000011124,Percent,239.0,units,0.0,v733833,1.0,5.38,2.0,,,,,,,,2024-11-01
Vancouver,Three bedroom units,2024,11,2961.0,9.621078470292444,5.214175271379402,207.79999999999998,4.0,7.440818109610802,Canada,2016A000011124,Percent,239.0,units,0.0,v733833,1.0,5.38,2.0,,,,,,,,2024-11-01
Vancouver,Three bedroom units,2024,12,2744.0,8.519354838709678,3.164516129032258,194.0,0.0,5.867741935483871,Canada,2016A000011124,Percent,239.0,units,0.0,v733833,1.0,5.35,2.0,,,,,,,,2024-12-01
Vancouver,Three bedroom units,2024,12,2174.0,8.519354838709678,3.164516129032258,194.0,0.0,5.867741935483871,Canada,2016A000011124,Percent,239.0,units,0.0,v733833,1.0,5.35,2.0,,,,,,,,2024-12-01
Vancouver,Three bedroom units,2024,12,2942.0,8.519354838709678,3.164516129032258,194.0,0.0,5.867741935483871,Canada,2016A000011124,Percent,239.0,units,0.0,v733833,1.0,5.35,2.0,,,,,,,,2024-12-01
Vancouver,Three bedroom units,2024,12,2961.0,8.519354838709678,3.164516129032258,194.0,0.0,5.867741935483871,Canada,2016A000011124,Percent,239.0,units,0.0,v733833,1.0,5.35,2.0,,,,,,,,2024-12-01
