businessoperator,detailurl,streetnumber,street,totaloutstanding,totalunits,geom,geolocalarea,geo_point_2d,violation_rate,city
Central City Foundation,http://app.vancouver.ca/RPS_Net/Default.aspx?num=404&street=ABBOTT%20STREET,404,ABBOTT STREET,5,71.0,"{""coordinates"":[-123.10713559,49.2816849],""type"":""Point""}",Downtown,"49.2816849, -123.10713559",0.07042253421940092,Vancouver
Provincial Rental Housing Corporation,http://app.vancouver.ca/RPS_Net/Default.aspx?num=525&street=ABBOTT%20STREET,525,ABBOTT STREET,1,108.0,"{""coordinates"":[-123.1081018,49.28083259],""type"":""Point""}",Downtown,"49.28083259, -123.1081018",0.009259259173525379,Vancouver
0707892 BC Ltd,http://app.vancouver.ca/RPS_Net/Default.aspx?num=320&street=ABBOTT%20STREET,320,ABBOTT STREET,1,60.0,"{""coordinates"":[-123.10664756,49.28261413],""type"":""Point""}",Downtown,"49.28261413, -123.10664756",0.016666666388888893,Vancouver
Heritage House Holdings Ltd,http://app.vancouver.ca/RPS_Net/Default.aspx?num=455&street=ABBOTT%20STREET,455,ABBOTT STREET,1,109.0,"{""coordinates"":[-123.10777511,49.28139465],""type"":""Point""}",Downtown,"49.28139465, -123.10777511",0.009174311842437506,Vancouver
PHS Community Services Society,http://app.vancouver.ca/RPS_Net/Default.aspx?num=351&street=ABBOTT%20STREET,351,ABBOTT STREET,2,125.0,"{""coordinates"":[-123.10807734,49.28271565],""type"":""Point""}",Downtown,"49.28271565, -123.10807734",0.015999999872,Vancouver
0730235 BC Ltd,http://app.vancouver.ca/RPS_Net/Default.aspx?num=1683&street=ADANAC%20STREET,1683,ADANAC STREET,7,21.0,"{""coordinates"":[-123.07088549,49.27782724],""type"":""Point""}",Grandview-Woodland,"49.27782724, -123.07088549",0.3333333174603182,Vancouver
Lily Jang,http://app.vancouver.ca/RPS_Net/Default.aspx?num=1785&street=ADANAC%20STREET,1785,ADANAC STREET,1,5.0,"{""coordinates"":[-123.06878722,49.27780288],""type"":""Point""}",Grandview-Woodland,"49.27780288, -123.06878722",0.199999960000008,Vancouver
0763658 BC Ltd,http://app.vancouver.ca/RPS_Net/Default.aspx?num=1050&street=ALBERNI%20STREET,1050,ALBERNI STREET,1,17.0,"{""coordinates"":[-123.12330459,49.28465803],""type"":""Point""}",West End,"49.28465803, -123.12330459",0.05882352595155729,Vancouver
Atira Women's Resource Society,http://app.vancouver.ca/RPS_Net/Default.aspx?num=334&street=ALEXANDER%20STREET,334,ALEXANDER STREET,2,21.0,"{""coordinates"":[-123.09673373,49.28377753],""type"":""Point""}",Strathcona,"49.28377753, -123.09673373",0.09523809070294806,Vancouver
1078022 BC Ltd,http://app.vancouver.ca/RPS_Net/Default.aspx?num=610&street=ALEXANDER%20STREET,610,ALEXANDER STREET,6,46.0,"{""coordinates"":[-123.0910891,49.28367106],""type"":""Point""}",Strathcona,"49.28367106, -123.0910891",0.13043477977315696,Vancouver
THE VETERANS MEMORIAL HOUSING SOCIETY,http://app.vancouver.ca/RPS_Net/Default.aspx?num=310&street=ALEXANDER%20STREET,310,ALEXANDER STREET,7,133.0,"{""coordinates"":[-123.0973628,49.28378914],""type"":""Point""}",Strathcona,"49.28378914, -123.0973628",0.052631578551642265,Vancouver
Atira Women's Resource Society,http://app.vancouver.ca/RPS_Net/Default.aspx?num=362&street=ALEXANDER%20STREET,362,ALEXANDER STREET,2,37.0,"{""coordinates"":[-123.09569679,49.28375815],""type"":""Point""}",Strathcona,"49.28375815, -123.09569679",0.054054052593133714,Vancouver
Lookout Housing and Health Society,http://app.vancouver.ca/RPS_Net/Default.aspx?num=510&street=ALEXANDER%20STREET,510,ALEXANDER STREET,1,37.0,"{""coordinates"":[-123.09262135,49.2837058],""type"":""Point""}",Strathcona,"49.2837058, -123.09262135",0.027027026296566857,Vancouver
Catalyst Community Developments Society,http://app.vancouver.ca/RPS_Net/Default.aspx?num=5688&street=ASH%20STREET,5688,ASH STREET,1,24.0,"{""coordinates"":[-123.11745393,49.23387959],""type"":""Point""}",South Cambie,"49.23387959, -123.11745393",0.041666664930555625,Vancouver
Dorset Place Apartment Ltd,http://app.vancouver.ca/RPS_Net/Default.aspx?num=5614&street=BALSAM%20STREET,5614,BALSAM STREET,2,40.0,"{""coordinates"":[-123.16091718,49.23570078],""type"":""Point""}",Arbutus Ridge,"49.23570078, -123.16091718",0.04999999875000003,Vancouver
1107013 BC Ltd,http://app.vancouver.ca/RPS_Net/Default.aspx?num=5410&street=BALSAM%20STREET,5410,BALSAM STREET,5,33.0,"{""coordinates"":[-123.16085432,49.23730968],""type"":""Point""}",Arbutus Ridge,"49.23730968, -123.16085432",0.15151514692378343,Vancouver
Balsam Holdings Ltd,http://app.vancouver.ca/RPS_Net/Default.aspx?num=5455&street=BALSAM%20STREET,5455,BALSAM STREET,6,87.0,"{""coordinates"":[-123.16164309,49.23776103],""type"":""Point""}",Arbutus Ridge,"49.23776103, -123.16164309",0.06896551644867223,Vancouver
1081976 BC Ltd,http://app.vancouver.ca/RPS_Net/Default.aspx?num=1531&street=BARCLAY%20STREET,1531,BARCLAY STREET,1,21.0,"{""coordinates"":[-123.1335502,49.28782857],""type"":""Point""}",West End,"49.28782857, -123.1335502",0.04761904535147403,Vancouver
YHY Enterprises Ltd,http://app.vancouver.ca/RPS_Net/Default.aspx?num=1549&street=BARCLAY%20STREET,1549,BARCLAY STREET,2,21.0,"{""coordinates"":[-123.13375131,49.28795517],""type"":""Point""}",West End,"49.28795517, -123.13375131",0.09523809070294806,Vancouver
Hampton Royale Apts Ltd,http://app.vancouver.ca/RPS_Net/Default.aspx?num=1650&street=BARCLAY%20STREET,1650,BARCLAY STREET,5,29.0,"{""coordinates"":[-123.13550095,49.28833902],""type"":""Point""}",West End,"49.28833902, -123.13550095",0.17241378715814526,Vancouver
Tang Realty Development Corp,http://app.vancouver.ca/RPS_Net/Default.aspx?num=1865&street=BARCLAY%20STREET,1865,BARCLAY STREET,1,40.0,"{""coordinates"":[-123.13827675,49.29088725],""type"":""Point""}",West End,"49.29088725, -123.13827675",0.024999999375000016,Vancouver
1368874 BC Ltd,http://app.vancouver.ca/RPS_Net/Default.aspx?num=1901&street=BARCLAY%20STREET,1901,BARCLAY STREET,3,30.0,"{""coordinates"":[-123.1390663,49.29139589],""type"":""Point""}",West End,"49.29139589, -123.1390663",0.09999999666666677,Vancouver
Razgul Holdings Ltd,http://app.vancouver.ca/RPS_Net/Default.aspx?num=2010&street=BARCLAY%20STREET,2010,BARCLAY STREET,3,39.0,"{""coordinates"":[-123.14105362,49.29193546],""type"":""Point""}",West End,"49.29193546, -123.14105362",0.0769230749506904,Vancouver
Darfo Investments Corp,http://app.vancouver.ca/RPS_Net/Default.aspx?num=1231&street=BARCLAY%20STREET,1231,BARCLAY STREET,1,21.0,"{""coordinates"":[-123.129431,49.28515228],""type"":""Point""}",West End,"49.28515228, -123.129431",0.04761904535147403,Vancouver
Wesik Construction Ltd & J Sutt Construction Ltd,http://app.vancouver.ca/RPS_Net/Default.aspx?num=1234&street=BARCLAY%20STREET,1234,BARCLAY STREET,1,90.0,"{""coordinates"":[-123.12998482,49.28477205],""type"":""Point""}",West End,"49.28477205, -123.12998482",0.011111110987654323,Vancouver
PAL VANCOUVER,http://app.vancouver.ca/RPS_Net/Default.aspx?num=1616&street=BAYSHORE%20DRIVE,1616,BAYSHORE DRIVE,7,110.0,"{""coordinates"":[-123.13013452,49.29150308],""type"":""Point""}",Downtown,"49.29150308, -123.13013452",0.06363636305785125,Vancouver
Bonniehon Enterprises Ltd,http://app.vancouver.ca/RPS_Net/Default.aspx?num=1395&street=BEACH%20AVENUE,1395,BEACH AVENUE,2,91.0,"{""coordinates"":[-123.13902871,49.28163305],""type"":""Point""}",West End,"49.28163305, -123.13902871",0.021978021736505256,Vancouver
Fan-Frazer Holdings Ltd,http://app.vancouver.ca/RPS_Net/Default.aspx?num=851&street=BIDWELL%20STREET,851,BIDWELL STREET,1,24.0,"{""coordinates"":[-123.13484894,49.29006101],""type"":""Point""}",West End,"49.29006101, -123.13484894",0.041666664930555625,Vancouver
Feliz Enterprises Ltd,http://app.vancouver.ca/RPS_Net/Default.aspx?num=1255&street=BIDWELL%20STREET,1255,BIDWELL STREET,5,266.0,"{""coordinates"":[-123.14162228,49.28609826],""type"":""Point""}",West End,"49.28609826, -123.14162228",0.018796992410537623,Vancouver
TKT Holdings (Canada) Ltd,http://app.vancouver.ca/RPS_Net/Default.aspx?num=2148&street=BLENHEIM%20STREET,2148,BLENHEIM STREET,1,5.0,"{""coordinates"":[-123.17741425,49.2669157],""type"":""Point""}",Kitsilano,"49.2669157, -123.17741425",0.199999960000008,Vancouver
Norman Estates Ltd,http://app.vancouver.ca/RPS_Net/Default.aspx?num=2210&street=BLENHEIM%20STREET,2210,BLENHEIM STREET,5,8.0,"{""coordinates"":[-123.17749312,49.26651978],""type"":""Point""}",Kitsilano,"49.26651978, -123.17749312",0.6249999218750099,Vancouver
S A H Properties Ltd,http://app.vancouver.ca/RPS_Net/Default.aspx?num=1091&street=BROUGHTON%20STREET,1091,BROUGHTON STREET,2,40.0,"{""coordinates"":[-123.13466392,49.28501806],""type"":""Point""}",West End,"49.28501806, -123.13466392",0.04999999875000003,Vancouver
1112 Broughton Holdings Ltd,http://app.vancouver.ca/RPS_Net/Default.aspx?num=1112&street=BROUGHTON%20STREET,1112,BROUGHTON STREET,3,22.0,"{""coordinates"":[-123.1347758,49.28444854],""type"":""Point""}",West End,"49.28444854, -123.1347758",0.13636363016528952,Vancouver
GMH 1203 Broughton Ltd,http://app.vancouver.ca/RPS_Net/Default.aspx?num=1203&street=BROUGHTON%20STREET,1203,BROUGHTON STREET,4,40.0,"{""coordinates"":[-123.13679531,49.28361279],""type"":""Point""}",West End,"49.28361279, -123.13679531",0.09999999750000006,Vancouver
The Vancouver Broadway Housing Society,http://app.vancouver.ca/RPS_Net/Default.aspx?num=650&street=BUCKETWHEEL,650,BUCKETWHEEL,1,45.0,"{""coordinates"":[-123.11818965,49.26769092],""type"":""Point""}",Fairview,"49.26769092, -123.11818965",0.022222221728395074,Vancouver
Canadian Hostelling Association BC Region,http://app.vancouver.ca/RPS_Net/Default.aspx?num=1114&street=BURNABY%20STREET,1114,BURNABY STREET,1,225.0,"{""coordinates"":[-123.13286314,49.27966636],""type"":""Point""}",West End,"49.27966636, -123.13286314",0.004444444424691358,Vancouver
Paul Y Mansion (Paul Mansion),http://app.vancouver.ca/RPS_Net/Default.aspx?num=1150&street=BURNABY%20STREET,1150,BURNABY STREET,3,176.0,"{""coordinates"":[-123.13413389,49.28049467],""type"":""Point""}",West End,"49.28049467, -123.13413389",0.017045454448605373,Vancouver
1250 Burnaby Street (Horizon) Ltd,http://app.vancouver.ca/RPS_Net/Default.aspx?num=1250&street=BURNABY%20STREET,1250,BURNABY STREET,6,54.0,"{""coordinates"":[-123.13560811,49.28147047],""type"":""Point""}",West End,"49.28147047, -123.13560811",0.11111110905349798,Vancouver
John Rusko & Regina Rusko & Robert Rusko,http://app.vancouver.ca/RPS_Net/Default.aspx?num=1141&street=BURNABY%20STREET,1141,BURNABY STREET,2,40.0,"{""coordinates"":[-123.13297953,49.28049511],""type"":""Point""}",West End,"49.28049511, -123.13297953",0.04999999875000003,Vancouver
Concord International Lands Ltd,http://app.vancouver.ca/RPS_Net/Default.aspx?num=1065&street=BURNABY%20STREET,1065,BURNABY STREET,1,15.0,"{""coordinates"":[-123.13159282,49.27960459],""type"":""Point""}",West End,"49.27960459, -123.13159282",0.06666666222222252,Vancouver
Vanca Holdings Ltd,http://app.vancouver.ca/RPS_Net/Default.aspx?num=1365&street=BURNABY%20STREET,1365,BURNABY STREET,3,8.0,"{""coordinates"":[-123.13667519,49.28289917],""type"":""Point""}",West End,"49.28289917, -123.13667519",0.3749999531250059,Vancouver
Belmont Bute 990 Holdings Inc,http://app.vancouver.ca/RPS_Net/Default.aspx?num=990&street=BUTE%20STREET,990,BUTE STREET,1,36.0,"{""coordinates"":[-123.12970105,49.28394886],""type"":""Point""}",West End,"49.28394886, -123.12970105",0.027777777006172864,Vancouver
Huntly Investments Ltd,http://app.vancouver.ca/RPS_Net/Default.aspx?num=601&street=BUTE%20STREET,601,BUTE STREET,3,23.0,"{""coordinates"":[-123.12466408,49.28778196],""type"":""Point""}",Downtown,"49.28778196, -123.12466408",0.1304347769376184,Vancouver
1299362 BC Ltd,http://app.vancouver.ca/RPS_Net/Default.aspx?num=8427&street=CAMBIE%20STREET,8427,CAMBIE STREET,1,15.0,"{""coordinates"":[-123.11780355,49.20907327],""type"":""Point""}",Marpole,"49.20907327, -123.11780355",0.06666666222222252,Vancouver
Danny's Inn Ltd,http://app.vancouver.ca/RPS_Net/Default.aspx?num=317&street=CAMBIE%20STREET,317,CAMBIE STREET,2,18.0,"{""coordinates"":[-123.109504,49.28323298],""type"":""Point""}",Downtown,"49.28323298, -123.109504",0.11111110493827195,Vancouver
Intercity Developments Ltd,http://app.vancouver.ca/RPS_Net/Default.aspx?num=5550&street=CAMBIE%20STREET,5550,CAMBIE STREET,1,60.0,"{""coordinates"":[-123.11557327,49.23499935],""type"":""Point""}",Riley Park,"49.23499935, -123.11557327",0.016666666388888893,Vancouver
ELMO SOUP HOLDINGS LTD,http://app.vancouver.ca/RPS_Net/Default.aspx?num=425&street=CAMPBELL%20AVENUE,425,CAMPBELL AVENUE,3,20.0,"{""coordinates"":[-123.08507538,49.2804689],""type"":""Point""}",Strathcona,"49.2804689, -123.08507538",0.14999999250000037,Vancouver
Guerino Rasman & Julianna Rasman,http://app.vancouver.ca/RPS_Net/Default.aspx?num=974&street=CARDERO%20STREET,974,CARDERO STREET,3,6.0,"{""coordinates"":[-123.13509577,49.28725467],""type"":""Point""}",West End,"49.28725467, -123.13509577",0.49999991666668053,Vancouver
Derik Ventures Ltd,http://app.vancouver.ca/RPS_Net/Default.aspx?num=843&street=CARDERO%20STREET,843,CARDERO STREET,3,39.0,"{""coordinates"":[-123.13328409,49.28904188],""type"":""Point""}",West End,"49.28904188, -123.13328409",0.0769230749506904,Vancouver
Guerino Rasman & Julianna Rasman,http://app.vancouver.ca/RPS_Net/Default.aspx?num=962&street=CARDERO%20STREET,962,CARDERO STREET,1,7.0,"{""coordinates"":[-123.13490361,49.28738307],""type"":""Point""}",West End,"49.28738307, -123.13490361",0.1428571224489825,Vancouver
Guerino Rasman & Julianna Rasman,http://app.vancouver.ca/RPS_Net/Default.aspx?num=968&street=CARDERO%20STREET,968,CARDERO STREET,3,7.0,"{""coordinates"":[-123.13500038,49.28731865],""type"":""Point""}",West End,"49.28731865, -123.13500038",0.4285713673469475,Vancouver
331750 BC Ltd,http://app.vancouver.ca/RPS_Net/Default.aspx?num=1225&street=CARDERO%20STREET,1225,CARDERO STREET,3,169.0,"{""coordinates"":[-123.13957785,49.2854097],""type"":""Point""}",West End,"49.2854097, -123.13957785",0.01775147918490249,Vancouver
Millenium Carrall Properties Ltd,http://app.vancouver.ca/RPS_Net/Default.aspx?num=333&street=CARRALL%20STREET,333,CARRALL STREET,1,37.0,"{""coordinates"":[-123.1046469,49.28190311],""type"":""Point""}",Downtown,"49.28190311, -123.1046469",0.027027026296566857,Vancouver
PHS Community Services Society,http://app.vancouver.ca/RPS_Net/Default.aspx?num=412&street=CARRALL%20STREET,412,CARRALL STREET,2,44.0,"{""coordinates"":[-123.10415426,49.28111243],""type"":""Point""}",Downtown,"49.28111243, -123.10415426",0.04545454442148763,Vancouver
Jordan Development Corporation Ltd,http://app.vancouver.ca/RPS_Net/Default.aspx?num=8655&street=CARTIER%20STREET,8655,CARTIER STREET,1,32.0,"{""coordinates"":[-123.13812072,49.20814624],""type"":""Point""}",Marpole,"49.20814624, -123.13812072",0.031249999023437534,Vancouver
Cartier Management Ltd,http://app.vancouver.ca/RPS_Net/Default.aspx?num=8725&street=CARTIER%20STREET,8725,CARTIER STREET,3,7.0,"{""coordinates"":[-123.13816824,49.20646],""type"":""Point""}",Marpole,"49.20646, -123.13816824",0.4285713673469475,Vancouver
Gerda H Fandrich & Helmut E Fandrich,http://app.vancouver.ca/RPS_Net/Default.aspx?num=8632&street=CARTIER%20STREET,8632,CARTIER STREET,4,10.0,"{""coordinates"":[-123.13726576,49.20812973],""type"":""Point""}",Marpole,"49.20812973, -123.13726576",0.39999996000000404,Vancouver
Sharma Family Holdings Ltd,http://app.vancouver.ca/RPS_Net/Default.aspx?num=8644&street=CARTIER%20STREET,8644,CARTIER STREET,1,11.0,"{""coordinates"":[-123.1372717,49.20799345],""type"":""Point""}",Marpole,"49.20799345, -123.1372717",0.09090908264462885,Vancouver
ACJ1016 Holdings Ltd,http://app.vancouver.ca/RPS_Net/Default.aspx?num=8680&street=CARTIER%20STREET,8680,CARTIER STREET,3,10.0,"{""coordinates"":[-123.13727698,49.20758056],""type"":""Point""}",Marpole,"49.20758056, -123.13727698",0.299999970000003,Vancouver
473881 BC LTD,http://app.vancouver.ca/RPS_Net/Default.aspx?num=1472&street=CHARLES%20STREET,1472,CHARLES STREET,3,16.0,"{""coordinates"":[-123.07428732,49.27281667],""type"":""Point""}",Grandview-Woodland,"49.27281667, -123.07428732",0.18749998828125072,Vancouver
Hyung Moon Kim (Hyung Kim),http://app.vancouver.ca/RPS_Net/Default.aspx?num=1708&street=CHARLES%20STREET,1708,CHARLES STREET,3,14.0,"{""coordinates"":[-123.06917565,49.27289892],""type"":""Point""}",Grandview-Woodland,"49.27289892, -123.06917565",0.21428569897959293,Vancouver
EMV Holdings Corp,http://app.vancouver.ca/RPS_Net/Default.aspx?num=930&street=CHILCO%20STREET,930,CHILCO STREET,1,29.0,"{""coordinates"":[-123.1400431,49.29202753],""type"":""Point""}",West End,"49.29202753, -123.1400431",0.034482757431629055,Vancouver
Armando Ferreira,http://app.vancouver.ca/RPS_Net/Default.aspx?num=2308&street=CLARK%20DRIVE,2308,CLARK DRIVE,3,5.0,"{""coordinates"":[-123.07708649,49.26404447],""type"":""Point""}",Grandview-Woodland,"49.26404447, -123.07708649",0.599999880000024,Vancouver
Persepolis Investments Inc,http://app.vancouver.ca/RPS_Net/Default.aspx?num=351&street=COLUMBIA%20STREET,351,COLUMBIA STREET,3,27.0,"{""coordinates"":[-123.1024617,49.2816793],""type"":""Point""}",Downtown,"49.2816793, -123.1024617",0.11111110699588492,Vancouver
Ali's Property Ltd,http://app.vancouver.ca/RPS_Net/Default.aspx?num=412&street=COLUMBIA%20STREET,412,COLUMBIA STREET,1,7.0,"{""coordinates"":[-123.10209829,49.28113543],""type"":""Point""}",Downtown,"49.28113543, -123.10209829",0.1428571224489825,Vancouver
Yin Ping Benevolent Society of Canada,http://app.vancouver.ca/RPS_Net/Default.aspx?num=414&street=COLUMBIA%20STREET,414,COLUMBIA STREET,1,15.0,"{""coordinates"":[-123.10210977,49.28103602],""type"":""Point""}",Downtown,"49.28103602, -123.10210977",0.06666666222222252,Vancouver
673854 BC Ltd,http://app.vancouver.ca/RPS_Net/Default.aspx?num=2615&street=COLUMBIA%20STREET,2615,COLUMBIA STREET,2,13.0,"{""coordinates"":[-123.10984221,49.26197789],""type"":""Point""}",Mount Pleasant,"49.26197789, -123.10984221",0.15384614201183525,Vancouver
Kwok Hing Louie & Daisy Louie,http://app.vancouver.ca/RPS_Net/Default.aspx?num=1965&street=COMMERCIAL%20DRIVE,1965,COMMERCIAL DRIVE,1,6.0,"{""coordinates"":[-123.07003857,49.26727419],""type"":""Point""}",Grandview-Woodland,"49.26727419, -123.07003857",0.16666663888889352,Vancouver
631 Commercial Drive Holdings Ltd,http://app.vancouver.ca/RPS_Net/Default.aspx?num=633&street=COMMERCIAL%20DRIVE,633,COMMERCIAL DRIVE,1,6.0,"{""coordinates"":[-123.07074744,49.2788454],""type"":""Point""}",Grandview-Woodland,"49.2788454, -123.07074744",0.16666663888889352,Vancouver
FCCZ Investment Ltd.,http://app.vancouver.ca/RPS_Net/Default.aspx?num=1316&street=COMMERCIAL%20DRIVE,1316,COMMERCIAL DRIVE,3,5.0,"{""coordinates"":[-123.06917948,49.27269518],""type"":""Point""}",Grandview-Woodland,"49.27269518, -123.06917948",0.599999880000024,Vancouver
Hudsonmorris (3427 Commercial) Projects Corp,http://app.vancouver.ca/RPS_Net/Default.aspx?num=3427&street=COMMERCIAL%20STREET,3427,COMMERCIAL STREET,5,8.0,"{""coordinates"":[-123.06839379,49.25387472],""type"":""Point""}",Kensington-Cedar Cottage,"49.25387472, -123.06839379",0.6249999218750099,Vancouver
Dicata (Commercial Street) Limited Partnership,http://app.vancouver.ca/RPS_Net/Default.aspx?num=3607&street=COMMERCIAL%20STREET,3607,COMMERCIAL STREET,5,10.0,"{""coordinates"":[-123.06846251,49.25233156],""type"":""Point""}",Kensington-Cedar Cottage,"49.25233156, -123.06846251",0.499999950000005,Vancouver
Andrew Priatel & John Priatel,http://app.vancouver.ca/RPS_Net/Default.aspx?num=1075&street=COMOX%20STREET,1075,COMOX STREET,1,87.0,"{""coordinates"":[-123.12801526,49.28146361],""type"":""Point""}",West End,"49.28146361, -123.12801526",0.01149425274144537,Vancouver
Daysgoneby.org Land Stewards Ltd,http://app.vancouver.ca/RPS_Net/Default.aspx?num=1717&street=COMOX%20STREET,1717,COMOX STREET,1,23.0,"{""coordinates"":[-123.13796381,49.2880357],""type"":""Point""}",West End,"49.2880357, -123.13796381",0.04347825897920613,Vancouver
Five Mile Holdings Ltd,http://app.vancouver.ca/RPS_Net/Default.aspx?num=2033&street=COMOX%20STREET,2033,COMOX STREET,1,91.0,"{""coordinates"":[-123.1427403,49.29099206],""type"":""Point""}",West End,"49.29099206, -123.1427403",0.010989010868252628,Vancouver
Wings Housing Society,http://app.vancouver.ca/RPS_Net/Default.aspx?num=1041&street=COMOX%20STREET,1041,COMOX STREET,5,30.0,"{""coordinates"":[-123.12781211,49.28133297],""type"":""Point""}",West End,"49.28133297, -123.12781211",0.16666666111111128,Vancouver
Cressey Wilkinson Holdings Ltd,http://app.vancouver.ca/RPS_Net/Default.aspx?num=1715&street=COOK%20STREET,1715,COOK STREET,8,104.0,"{""coordinates"":[-123.11078149,49.26948341],""type"":""Point""}",Mount Pleasant,"49.26948341, -123.11078149",0.07692307618343196,Vancouver
Creekside Ventures Limited,http://app.vancouver.ca/RPS_Net/Default.aspx?num=1450&street=CREEKSIDE%20DRIVE,1450,CREEKSIDE DRIVE,1,39.0,"{""coordinates"":[-123.13984642,49.27145559],""type"":""Point""}",Fairview,"49.27145559, -123.13984642",0.025641024983563465,Vancouver
Fifth Avenue Apartments Ltd,http://app.vancouver.ca/RPS_Net/Default.aspx?num=2115&street=CYPRESS%20STREET,2115,CYPRESS STREET,1,24.0,"{""coordinates"":[-123.14847942,49.26691267],""type"":""Point""}",Kitsilano,"49.26691267, -123.14847942",0.041666664930555625,Vancouver
Brightside Community Homes Foundation,http://app.vancouver.ca/RPS_Net/Default.aspx?num=238&street=DAVIE%20STREET,238,DAVIE STREET,5,72.0,"{""coordinates"":[-123.12370772,49.27375636],""type"":""Point""}",Downtown,"49.27375636, -123.12370772",0.06944444347993829,Vancouver
Pacific Coast Tobacco Co Ltd,http://app.vancouver.ca/RPS_Net/Default.aspx?num=1180&street=DAVIE%20STREET,1180,DAVIE STREET,1,5.0,"{""coordinates"":[-123.13321628,49.28129403],""type"":""Point""}",West End,"49.28129403, -123.13321628",0.199999960000008,Vancouver
Itziar Management Ltd,http://app.vancouver.ca/RPS_Net/Default.aspx?num=1516&street=DAVIE%20STREET,1516,DAVIE STREET,3,83.0,"{""coordinates"":[-123.13817768,49.28450349],""type"":""Point""}",West End,"49.28450349, -123.13817768",0.03614457787777617,Vancouver
Yip C Lai & Cheuk Y Lew,http://app.vancouver.ca/RPS_Net/Default.aspx?num=676&street=DAVIE%20STREET,676,DAVIE STREET,1,8.0,"{""coordinates"":[-123.12605305,49.27685083],""type"":""Point""}",Downtown,"49.27685083, -123.12605305",0.12499998437500197,Vancouver
Wing Chan Investments Ltd,http://app.vancouver.ca/RPS_Net/Default.aspx?num=1116&street=DAVIE%20STREET,1116,DAVIE STREET,3,6.0,"{""coordinates"":[-123.13198291,49.28050749],""type"":""Point""}",West End,"49.28050749, -123.13198291",0.49999991666668053,Vancouver
Chin F Chiu (Chin Chiu),http://app.vancouver.ca/RPS_Net/Default.aspx?num=976&street=DENMAN%20STREET,976,DENMAN STREET,3,5.0,"{""coordinates"":[-123.13807379,49.28948469],""type"":""Point""}",West End,"49.28948469, -123.13807379",0.599999880000024,Vancouver
Lawrence Wong,http://app.vancouver.ca/RPS_Net/Default.aspx?num=809&street=DENMAN%20STREET,809,DENMAN STREET,1,8.0,"{""coordinates"":[-123.13589931,49.29147113],""type"":""Point""}",West End,"49.29147113, -123.13589931",0.12499998437500197,Vancouver
Concert Real Estate Corporation,http://app.vancouver.ca/RPS_Net/Default.aspx?num=600&street=DRAKE%20STREET,600,DRAKE STREET,1,191.0,"{""coordinates"":[-123.12750907,49.27532638],""type"":""Point""}",Downtown,"49.27532638, -123.12750907",0.005235602066829308,Vancouver
Society For Christian Care of Elderly,http://app.vancouver.ca/RPS_Net/Default.aspx?num=183&street=DRAKE%20STREET,183,DRAKE STREET,1,74.0,"{""coordinates"":[-123.1227076,49.27330327],""type"":""Point""}",Downtown,"49.27330327, -123.1227076",0.01351351333089847,Vancouver
Helping Spirit Lodge Society,http://app.vancouver.ca/RPS_Net/Default.aspx?num=3989&street=DUMFRIES%20STREET,3989,DUMFRIES STREET,2,36.0,"{""coordinates"":[-123.07371806,49.24966055],""type"":""Point""}",Kensington-Cedar Cottage,"49.24966055, -123.07371806",0.05555555401234573,Vancouver
J 110 Freecorp Holdings Ltd,http://app.vancouver.ca/RPS_Net/Default.aspx?num=5626&street=DUNBAR%20STREET,5626,DUNBAR STREET,1,8.0,"{""coordinates"":[-123.18499035,49.23527137],""type"":""Point""}",Dunbar-Southlands,"49.23527137, -123.18499035",0.12499998437500197,Vancouver
1313 Ventures Inc,http://app.vancouver.ca/RPS_Net/Default.aspx?num=2121&street=DUNDAS%20STREET,2121,DUNDAS STREET,3,35.0,"{""coordinates"":[-123.06098535,49.2850593],""type"":""Point""}",Grandview-Woodland,"49.2850593, -123.06098535",0.0857142832653062,Vancouver
Lookout Housing and Health Society,http://app.vancouver.ca/RPS_Net/Default.aspx?num=225&street=DUNLEVY%20AVENUE,225,DUNLEVY AVENUE,2,109.0,"{""coordinates"":[-123.0956261,49.28285515],""type"":""Point""}",Strathcona,"49.28285515, -123.0956261",0.018348623684875012,Vancouver
City of Vancouver,http://app.vancouver.ca/RPS_Net/Default.aspx?num=124&street=DUNLEVY%20AVENUE,124,DUNLEVY AVENUE,3,213.0,"{""coordinates"":[-123.0948261,49.28373962],""type"":""Point""}",Strathcona,"49.28373962, -123.0948261",0.014084506976129075,Vancouver
Atira Women's Resource Society,http://app.vancouver.ca/RPS_Net/Default.aspx?num=143&street=DUNLEVY%20AVENUE,143,DUNLEVY AVENUE,15,55.0,"{""coordinates"":[-123.0955126,49.28336116],""type"":""Point""}",Strathcona,"49.28336116, -123.0955126",0.2727272677685951,Vancouver
Lookout Housing and Health Society,http://app.vancouver.ca/RPS_Net/Default.aspx?num=188&street=E%201ST%20AVENUE,188,E 1ST AVENUE,5,129.0,"{""coordinates"":[-123.1011091,49.26985484],""type"":""Point""}",Mount Pleasant,"49.26985484, -123.1011091",0.03875968962201791,Vancouver
GLR PROPERTIES LTD,http://app.vancouver.ca/RPS_Net/Default.aspx?num=1344&street=E%201ST%20AVENUE,1344,E 1ST AVENUE,2,30.0,"{""coordinates"":[-123.07661215,49.26938033],""type"":""Point""}",Grandview-Woodland,"49.26938033, -123.07661215",0.06666666444444451,Vancouver
Yin Wan Enterprises Ltd,http://app.vancouver.ca/RPS_Net/Default.aspx?num=1421&street=E%202ND%20AVENUE,1421,E 2ND AVENUE,1,33.0,"{""coordinates"":[-123.07483703,49.26899957],""type"":""Point""}",Grandview-Woodland,"49.26899957, -123.07483703",0.030303029384756687,Vancouver
Albert Weisstock,http://app.vancouver.ca/RPS_Net/Default.aspx?num=1545&street=E%204TH%20AVENUE,1545,E 4TH AVENUE,1,8.0,"{""coordinates"":[-123.07248681,49.26716005],""type"":""Point""}",Grandview-Woodland,"49.26716005, -123.07248681",0.12499998437500197,Vancouver
Jim Lee & Yu A Lee,http://app.vancouver.ca/RPS_Net/Default.aspx?num=1722&street=E%204TH%20AVENUE,1722,E 4TH AVENUE,1,6.0,"{""coordinates"":[-123.06907305,49.26688213],""type"":""Point""}",Grandview-Woodland,"49.26688213, -123.06907305",0.16666663888889352,Vancouver
George & Miriam & Theresa Winkler,http://app.vancouver.ca/RPS_Net/Default.aspx?num=1650&street=E%205TH%20AVENUE,1650,E 5TH AVENUE,1,56.0,"{""coordinates"":[-123.07146865,49.26573037],""type"":""Point""}",Grandview-Woodland,"49.26573037, -123.07146865",0.017857142538265314,Vancouver
Prang Holdings Ltd,http://app.vancouver.ca/RPS_Net/Default.aspx?num=525&street=E%205TH%20AVENUE,525,E 5TH AVENUE,2,41.0,"{""coordinates"":[-123.09199214,49.26643111],""type"":""Point""}",Mount Pleasant,"49.26643111, -123.09199214",0.048780486615110086,Vancouver
Quinta Strada Holdings Ltd,http://app.vancouver.ca/RPS_Net/Default.aspx?num=1908&street=E%205TH%20AVENUE,1908,E 5TH AVENUE,1,7.0,"{""coordinates"":[-123.06560007,49.26567525],""type"":""Point""}",Grandview-Woodland,"49.26567525, -123.06560007",0.1428571224489825,Vancouver
Mighty Atom Holdings Inc,http://app.vancouver.ca/RPS_Net/Default.aspx?num=203&street=E%206TH%20AVENUE,203,E 6TH AVENUE,1,17.0,"{""coordinates"":[-123.10037627,49.26564177],""type"":""Point""}",Mount Pleasant,"49.26564177, -123.10037627",0.05882352595155729,Vancouver
262109 B C Ltd,http://app.vancouver.ca/RPS_Net/Default.aspx?num=801&street=E%206TH%20AVENUE,801,E 6TH AVENUE,8,188.0,"{""coordinates"":[-123.08625103,49.26561196],""type"":""Point""}",Mount Pleasant,"49.26561196, -123.08625103",0.04255319126301494,Vancouver
Brightside Community Homes Foundation,http://app.vancouver.ca/RPS_Net/Default.aspx?num=1620&street=E%206TH%20AVENUE,1620,E 6TH AVENUE,1,41.0,"{""coordinates"":[-123.0713509,49.26471876],""type"":""Point""}",Grandview-Woodland,"49.26471876, -123.0713509",0.024390243307555043,Vancouver
MML Properties Ltd,http://app.vancouver.ca/RPS_Net/Default.aspx?num=677&street=E%207TH%20AVENUE,677,E 7TH AVENUE,1,42.0,"{""coordinates"":[-123.08980404,49.26458388],""type"":""Point""}",Mount Pleasant,"49.26458388, -123.08980404",0.0238095232426304,Vancouver
Joseph Seccia & Mario Seccia,http://app.vancouver.ca/RPS_Net/Default.aspx?num=727&street=E%207TH%20AVENUE,727,E 7TH AVENUE,1,38.0,"{""coordinates"":[-123.0884632,49.26457098],""type"":""Point""}",Mount Pleasant,"49.26457098, -123.0884632",0.026315788781163457,Vancouver
Acona Investments Ltd,http://app.vancouver.ca/RPS_Net/Default.aspx?num=537&street=E%207TH%20AVENUE,537,E 7TH AVENUE,4,9.0,"{""coordinates"":[-123.09207801,49.26460098],""type"":""Point""}",Mount Pleasant,"49.26460098, -123.09207801",0.44444439506173394,Vancouver
R Markham,http://app.vancouver.ca/RPS_Net/Default.aspx?num=611&street=E%207TH%20AVENUE,611,E 7TH AVENUE,1,106.0,"{""coordinates"":[-123.09038875,49.26458658],""type"":""Point""}",Mount Pleasant,"49.26458658, -123.09038875",0.0094339621751513,Vancouver
Ludvik Rener & Anna Rener,http://app.vancouver.ca/RPS_Net/Default.aspx?num=454&street=E%208TH%20AVENUE,454,E 8TH AVENUE,1,15.0,"{""coordinates"":[-123.09405744,49.2631961],""type"":""Point""}",Mount Pleasant,"49.2631961, -123.09405744",0.06666666222222252,Vancouver
John Koenig,http://app.vancouver.ca/RPS_Net/Default.aspx?num=680&street=E%208TH%20AVENUE,680,E 8TH AVENUE,3,35.0,"{""coordinates"":[-123.08977805,49.26316401],""type"":""Point""}",Mount Pleasant,"49.26316401, -123.08977805",0.0857142832653062,Vancouver
C B T Holdings Ltd,http://app.vancouver.ca/RPS_Net/Default.aspx?num=156&street=E%208TH%20AVENUE,156,E 8TH AVENUE,4,12.0,"{""coordinates"":[-123.10142785,49.26354412],""type"":""Point""}",Mount Pleasant,"49.26354412, -123.10142785",0.3333333055555579,Vancouver
BC Indigenous Housing Society,http://app.vancouver.ca/RPS_Net/Default.aspx?num=1330&street=E%208TH%20AVENUE,1330,E 8TH AVENUE,1,36.0,"{""coordinates"":[-123.07666847,49.263058],""type"":""Point""}",Grandview-Woodland,"49.263058, -123.07666847",0.027777777006172864,Vancouver
Jan Friedman,http://app.vancouver.ca/RPS_Net/Default.aspx?num=1629&street=E%2010TH%20AVENUE,1629,E 10TH AVENUE,1,8.0,"{""coordinates"":[-123.07100231,49.26163547],""type"":""Point""}",Kensington-Cedar Cottage,"49.26163547, -123.07100231",0.12499998437500197,Vancouver
Kensington Court Apts Ltd,http://app.vancouver.ca/RPS_Net/Default.aspx?num=425&street=E%2011TH%20AVENUE,425,E 11TH AVENUE,1,57.0,"{""coordinates"":[-123.0955488,49.26092575],""type"":""Point""}",Mount Pleasant,"49.26092575, -123.0955488",0.017543859341335802,Vancouver
YWCA,http://app.vancouver.ca/RPS_Net/Default.aspx?num=1975&street=E%2012TH%20AVENUE,1975,E 12TH AVENUE,2,29.0,"{""coordinates"":[-123.06448489,49.25978589],""type"":""Point""}",Kensington-Cedar Cottage,"49.25978589, -123.06448489",0.06896551486325811,Vancouver
Van Center Management Inc,http://app.vancouver.ca/RPS_Net/Default.aspx?num=44&street=E%2013TH%20AVENUE,44,E 13TH AVENUE,1,51.0,"{""coordinates"":[-123.10421593,49.25906153],""type"":""Point""}",Mount Pleasant,"49.25906153, -123.10421593",0.0196078427527874,Vancouver
Tracys Properties Ltd,http://app.vancouver.ca/RPS_Net/Default.aspx?num=275&street=E%2013TH%20AVENUE,275,E 13TH AVENUE,1,23.0,"{""coordinates"":[-123.09924046,49.25953447],""type"":""Point""}",Mount Pleasant,"49.25953447, -123.09924046",0.04347825897920613,Vancouver
HWP 242 14th Avenue Ltd,http://app.vancouver.ca/RPS_Net/Default.aspx?num=242&street=E%2014TH%20AVENUE,242,E 14TH AVENUE,1,20.0,"{""coordinates"":[-123.09946364,49.25812427],""type"":""Point""}",Mount Pleasant,"49.25812427, -123.09946364",0.04999999750000012,Vancouver
Q-14 HOLDINGS LTD,http://app.vancouver.ca/RPS_Net/Default.aspx?num=95&street=E%2014TH%20AVENUE,95,E 14TH AVENUE,2,26.0,"{""coordinates"":[-123.10353917,49.25878761],""type"":""Point""}",Mount Pleasant,"49.25878761, -123.10353917",0.07692307396449716,Vancouver
Constantine Mouratidis & Petros Mouratidis,http://app.vancouver.ca/RPS_Net/Default.aspx?num=524&street=E%2015TH%20AVENUE,524,E 15TH AVENUE,1,5.0,"{""coordinates"":[-123.09311723,49.25705348],""type"":""Point""}",Mount Pleasant,"49.25705348, -123.09311723",0.199999960000008,Vancouver
544792 Brtitish Columbia Ltd,http://app.vancouver.ca/RPS_Net/Default.aspx?num=130&street=E%2015TH%20AVENUE,130,E 15TH AVENUE,2,42.0,"{""coordinates"":[-123.10243269,49.25725915],""type"":""Point""}",Mount Pleasant,"49.25725915, -123.10243269",0.0476190464852608,Vancouver
667441 BC Ltd,http://app.vancouver.ca/RPS_Net/Default.aspx?num=631&street=E%2015TH%20AVENUE,631,E 15TH AVENUE,2,12.0,"{""coordinates"":[-123.09023606,49.25740256],""type"":""Point""}",Mount Pleasant,"49.25740256, -123.09023606",0.16666665277777895,Vancouver
Nhung Thi Dinh & Thi T Dinh,http://app.vancouver.ca/RPS_Net/Default.aspx?num=657&street=E%2015TH%20AVENUE,657,E 15TH AVENUE,1,8.0,"{""coordinates"":[-123.08967635,49.25734985],""type"":""Point""}",Mount Pleasant,"49.25734985, -123.08967635",0.12499998437500197,Vancouver
Yueko Enterprises Ltd,http://app.vancouver.ca/RPS_Net/Default.aspx?num=210&street=E%2016TH%20AVENUE,210,E 16TH AVENUE,1,10.0,"{""coordinates"":[-123.10052349,49.25632539],""type"":""Point""}",Riley Park,"49.25632539, -123.10052349",0.09999999000000101,Vancouver
Chang Wu,http://app.vancouver.ca/RPS_Net/Default.aspx?num=137&street=E%2016TH%20AVENUE,137,E 16TH AVENUE,1,8.0,"{""coordinates"":[-123.10214692,49.25686634],""type"":""Point""}",Mount Pleasant,"49.25686634, -123.10214692",0.12499998437500197,Vancouver
East 16th Avenue Holdings Ltd,http://app.vancouver.ca/RPS_Net/Default.aspx?num=223&street=E%2016TH%20AVENUE,223,E 16TH AVENUE,1,23.0,"{""coordinates"":[-123.10011655,49.25684207],""type"":""Point""}",Mount Pleasant,"49.25684207, -123.10011655",0.04347825897920613,Vancouver
Mighty Atom Holdings Inc,http://app.vancouver.ca/RPS_Net/Default.aspx?num=199&street=E%2017TH%20AVENUE,199,E 17TH AVENUE,6,8.0,"{""coordinates"":[-123.1017011,49.25587369],""type"":""Point""}",Riley Park,"49.25587369, -123.1017011",0.7499999062500118,Vancouver
Cressey 18th Avenue Holdings Ltd,http://app.vancouver.ca/RPS_Net/Default.aspx?num=1771&street=E%2018TH%20AVENUE,1771,E 18TH AVENUE,5,115.0,"{""coordinates"":[-123.06926143,49.25455643],""type"":""Point""}",Kensington-Cedar Cottage,"49.25455643, -123.06926143",0.043478260491493385,Vancouver
Natan Cheifetz,http://app.vancouver.ca/RPS_Net/Default.aspx?num=248&street=E%2028TH%20AVENUE,248,E 28TH AVENUE,2,6.0,"{""coordinates"":[-123.10017626,49.24546463],""type"":""Point""}",Riley Park,"49.24546463, -123.10017626",0.33333327777778704,Vancouver
Hardip Pawa & Surinder Pawa,http://app.vancouver.ca/RPS_Net/Default.aspx?num=2001&street=E%2036TH%20AVENUE,2001,E 36TH AVENUE,3,8.0,"{""coordinates"":[-123.06502751,49.23766833],""type"":""Point""}",Kensington-Cedar Cottage,"49.23766833, -123.06502751",0.3749999531250059,Vancouver
Eddie Yen & Sandra Yen et al,http://app.vancouver.ca/RPS_Net/Default.aspx?num=1995&street=E%2039TH%20AVENUE,1995,E 39TH AVENUE,1,7.0,"{""coordinates"":[-123.0658778,49.23469154],""type"":""Point""}",Kensington-Cedar Cottage,"49.23469154, -123.0658778",0.1428571224489825,Vancouver
Brightside Community Homes Foundation,http://app.vancouver.ca/RPS_Net/Default.aspx?num=1602&street=E%2041ST%20AVENUE,1602,E 41ST AVENUE,1,15.0,"{""coordinates"":[-123.07256746,49.23238482],""type"":""Point""}",Victoria-Fraserview,"49.23238482, -123.07256746",0.06666666222222252,Vancouver
Christa Vina Investment Ltd,http://app.vancouver.ca/RPS_Net/Default.aspx?num=1408&street=E%2041ST%20AVENUE,1408,E 41ST AVENUE,1,42.0,"{""coordinates"":[-123.07649817,49.23243487],""type"":""Point""}",Victoria-Fraserview,"49.23243487, -123.07649817",0.0238095232426304,Vancouver
Lam & Son Investment Inc,http://app.vancouver.ca/RPS_Net/Default.aspx?num=686&street=E%2043RD%20AVENUE,686,E 43RD AVENUE,7,6.0,"{""coordinates"":[-123.09101847,49.23085789],""type"":""Point""}",Sunset,"49.23085789, -123.09101847",1.1666664722222546,Vancouver
Steve Pasiuta,http://app.vancouver.ca/RPS_Net/Default.aspx?num=522&street=E%2043RD%20AVENUE,522,E 43RD AVENUE,2,10.0,"{""coordinates"":[-123.09345232,49.23077495],""type"":""Point""}",Sunset,"49.23077495, -123.09345232",0.19999998000000202,Vancouver
0766422 BC Ltd,http://app.vancouver.ca/RPS_Net/Default.aspx?num=580&street=E%2043RD%20AVENUE,580,E 43RD AVENUE,2,41.0,"{""coordinates"":[-123.09303819,49.23076944],""type"":""Point""}",Sunset,"49.23076944, -123.09303819",0.048780486615110086,Vancouver
ELSIE'S BUILDING LTD.,http://app.vancouver.ca/RPS_Net/Default.aspx?num=1965&street=E%2043RD%20AVENUE,1965,E 43RD AVENUE,1,6.0,"{""coordinates"":[-123.06600764,49.23071291],""type"":""Point""}",Victoria-Fraserview,"49.23071291, -123.06600764",0.16666663888889352,Vancouver
Michelle's Import Plus Ltd,http://app.vancouver.ca/RPS_Net/Default.aspx?num=206&street=E%2049TH%20AVENUE,206,E 49TH AVENUE,3,15.0,"{""coordinates"":[-123.10124557,49.2254594],""type"":""Point""}",Sunset,"49.2254594, -123.10124557",0.19999998666666757,Vancouver
175 Management Ltd,http://app.vancouver.ca/RPS_Net/Default.aspx?num=175&street=E%20BROADWAY,175,E BROADWAY,1,49.0,"{""coordinates"":[-123.10144548,49.26311053],""type"":""Point""}",Mount Pleasant,"49.26311053, -123.10144548",0.020408162848813003,Vancouver
Gene Ho Chan (Gene Chan),http://app.vancouver.ca/RPS_Net/Default.aspx?num=910&street=E%20BROADWAY,910,E BROADWAY,1,10.0,"{""coordinates"":[-123.08501011,49.26212927],""type"":""Point""}",Mount Pleasant,"49.26212927, -123.08501011",0.09999999000000101,Vancouver
Alpha Partner Global Ltd,http://app.vancouver.ca/RPS_Net/Default.aspx?num=1533&street=E%20BROADWAY,1533,E BROADWAY,1,12.0,"{""coordinates"":[-123.0730316,49.26264074],""type"":""Point""}",Grandview-Woodland,"49.26264074, -123.0730316",0.08333332638888948,Vancouver
Lori-Gay Holdings Ltd,http://app.vancouver.ca/RPS_Net/Default.aspx?num=1624&street=E%20BROADWAY,1624,E BROADWAY,1,17.0,"{""coordinates"":[-123.07131306,49.26201487],""type"":""Point""}",Kensington-Cedar Cottage,"49.26201487, -123.07131306",0.05882352595155729,Vancouver
Gordon Block Apartments Ltd,http://app.vancouver.ca/RPS_Net/Default.aspx?num=833&street=E%20BROADWAY,833,E BROADWAY,1,11.0,"{""coordinates"":[-123.08642837,49.26274833],""type"":""Point""}",Mount Pleasant,"49.26274833, -123.08642837",0.09090908264462885,Vancouver
Wah Mun Lee & Ut Kio Lee,http://app.vancouver.ca/RPS_Net/Default.aspx?num=928&street=E%20BROADWAY,928,E BROADWAY,3,10.0,"{""coordinates"":[-123.08477441,49.26212676],""type"":""Point""}",Mount Pleasant,"49.26212676, -123.08477441",0.299999970000003,Vancouver
0783571 BC Ltd,http://app.vancouver.ca/RPS_Net/Default.aspx?num=938&street=E%20BROADWAY,938,E BROADWAY,1,10.0,"{""coordinates"":[-123.0845435,49.26212423],""type"":""Point""}",Mount Pleasant,"49.26212423, -123.0845435",0.09999999000000101,Vancouver
0840625 BC Ltd,http://app.vancouver.ca/RPS_Net/Default.aspx?num=1005&street=E%20BROADWAY,1005,E BROADWAY,2,14.0,"{""coordinates"":[-123.08297865,49.2627221],""type"":""Point""}",Mount Pleasant,"49.2627221, -123.08297865",0.14285713265306196,Vancouver
Cameo Concepts Corp,http://app.vancouver.ca/RPS_Net/Default.aspx?num=1209&street=E%20BROADWAY,1209,E BROADWAY,1,37.0,"{""coordinates"":[-123.07869297,49.26268242],""type"":""Point""}",Mount Pleasant,"49.26268242, -123.07869297",0.027027026296566857,Vancouver
Broadway Terrace Development Ltd,http://app.vancouver.ca/RPS_Net/Default.aspx?num=1530&street=E%20BROADWAY,1530,E BROADWAY,5,5.0,"{""coordinates"":[-123.07302189,49.26202774],""type"":""Point""}",Kensington-Cedar Cottage,"49.26202774, -123.07302189",0.99999980000004,Vancouver
Albina Halfar & Joseph Helmut Halfar,http://app.vancouver.ca/RPS_Net/Default.aspx?num=389&street=E%20BROADWAY,389,E BROADWAY,5,11.0,"{""coordinates"":[-123.0961867,49.26299326],""type"":""Point""}",Mount Pleasant,"49.26299326, -123.0961867",0.4545454132231443,Vancouver
1383 E Broadway Homes Limited,http://app.vancouver.ca/RPS_Net/Default.aspx?num=1383&street=E%20BROADWAY,1383,E BROADWAY,3,30.0,"{""coordinates"":[-123.07579922,49.26266414],""type"":""Point""}",Grandview-Woodland,"49.26266414, -123.07579922",0.09999999666666677,Vancouver
Broadway Developments Limited,http://app.vancouver.ca/RPS_Net/Default.aspx?num=1568&street=E%20BROADWAY,1568,E BROADWAY,2,54.0,"{""coordinates"":[-123.07229716,49.26203052],""type"":""Point""}",Kensington-Cedar Cottage,"49.26203052, -123.07229716",0.037037036351165994,Vancouver
1208149 BC Ltd,http://app.vancouver.ca/RPS_Net/Default.aspx?num=139&street=E%20CORDOVA%20STREET,139,E CORDOVA STREET,3,46.0,"{""coordinates"":[-123.10088225,49.28256585],""type"":""Point""}",Downtown,"49.28256585, -123.10088225",0.06521738988657848,Vancouver
City of Vancouver,http://app.vancouver.ca/RPS_Net/Default.aspx?num=450&street=E%20CORDOVA%20STREET,450,E CORDOVA STREET,2,147.0,"{""coordinates"":[-123.09391899,49.28191513],""type"":""Point""}",Strathcona,"49.28191513, -123.09391899",0.01360544208431672,Vancouver
Raincity Housing And Support Society,http://app.vancouver.ca/RPS_Net/Default.aspx?num=512&street=E%20CORDOVA%20STREET,512,E CORDOVA STREET,1,24.0,"{""coordinates"":[-123.09301216,49.28189653],""type"":""Point""}",Strathcona,"49.28189653, -123.09301216",0.041666664930555625,Vancouver
679 East Cordova Street Holdings Ltd,http://app.vancouver.ca/RPS_Net/Default.aspx?num=679&street=E%20CORDOVA%20STREET,679,E CORDOVA STREET,1,12.0,"{""coordinates"":[-123.08971424,49.28235112],""type"":""Point""}",Strathcona,"49.28235112, -123.08971424",0.08333332638888948,Vancouver
Southwood Ventures Inc,http://app.vancouver.ca/RPS_Net/Default.aspx?num=50&street=E%20CORDOVA%20STREET,50,E CORDOVA STREET,8,39.0,"{""coordinates"":[-123.10305901,49.28215237],""type"":""Point""}",Downtown,"49.28215237, -123.10305901",0.20512819986850772,Vancouver
Provincial Rental Housing Corporation,http://app.vancouver.ca/RPS_Net/Default.aspx?num=100&street=E%20CORDOVA%20STREET,100,E CORDOVA STREET,1,56.0,"{""coordinates"":[-123.1019758,49.28207009],""type"":""Point""}",Downtown,"49.28207009, -123.1019758",0.017857142538265314,Vancouver
Yee Fung Toy Society of Canada,http://app.vancouver.ca/RPS_Net/Default.aspx?num=224&street=E%20GEORGIA%20STREET,224,E GEORGIA STREET,8,12.0,"{""coordinates"":[-123.09875289,49.27829156],""type"":""Point""}",Strathcona,"49.27829156, -123.09875289",0.6666666111111158,Vancouver
249 East Georgia Street Holdings Ltd,http://app.vancouver.ca/RPS_Net/Default.aspx?num=249&street=E%20GEORGIA%20STREET,249,E GEORGIA STREET,6,18.0,"{""coordinates"":[-123.09800036,49.27878965],""type"":""Point""}",Strathcona,"49.27878965, -123.09800036",0.3333333148148158,Vancouver
245 E Georgia Holdings Inc,http://app.vancouver.ca/RPS_Net/Default.aspx?num=245&street=E%20GEORGIA%20STREET,245,E GEORGIA STREET,1,40.0,"{""coordinates"":[-123.09809645,49.27879217],""type"":""Point""}",Strathcona,"49.27879217, -123.09809645",0.024999999375000016,Vancouver
PHS Community Services Society,http://app.vancouver.ca/RPS_Net/Default.aspx?num=16&street=E%20HASTINGS%20STREET,16,E HASTINGS STREET,6,90.0,"{""coordinates"":[-123.1039351,49.28110813],""type"":""Point""}",Downtown,"49.28110813, -123.1039351",0.06666666592592593,Vancouver
Anhart Community Housing Society,http://app.vancouver.ca/RPS_Net/Default.aspx?num=25&street=E%20HASTINGS%20STREET,25,E HASTINGS STREET,4,70.0,"{""coordinates"":[-123.10361324,49.28170077],""type"":""Point""}",Downtown,"49.28170077, -123.10361324",0.05714285632653063,Vancouver
PHS Community Services Society,http://app.vancouver.ca/RPS_Net/Default.aspx?num=103&street=E%20HASTINGS%20STREET,103,E HASTINGS STREET,1,19.0,"{""coordinates"":[-123.10187599,49.28167732],""type"":""Point""}",Downtown,"49.28167732, -123.10187599",0.05263157617728546,Vancouver
Min Sum & Annabelle Sum & Tony Sum & Susana Sum,http://app.vancouver.ca/RPS_Net/Default.aspx?num=244&street=E%20HASTINGS%20STREET,244,E HASTINGS STREET,1,26.0,"{""coordinates"":[-123.09853416,49.28094353],""type"":""Point""}",Strathcona,"49.28094353, -123.09853416",0.03846153698224858,Vancouver
1215345 BC Ltd,http://app.vancouver.ca/RPS_Net/Default.aspx?num=249&street=E%20HASTINGS%20STREET,249,E HASTINGS STREET,3,39.0,"{""coordinates"":[-123.0983951,49.28160462],""type"":""Point""}",Strathcona,"49.28160462, -123.0983951",0.0769230749506904,Vancouver
Kim Thanh Nguyen (Kim Nguyen),http://app.vancouver.ca/RPS_Net/Default.aspx?num=786&street=E%20HASTINGS%20STREET,786,E HASTINGS STREET,5,44.0,"{""coordinates"":[-123.08770046,49.28080296],""type"":""Point""}",Strathcona,"49.28080296, -123.08770046",0.11363636105371908,Vancouver
Lookout Housing and Health Society,http://app.vancouver.ca/RPS_Net/Default.aspx?num=933&street=E%20HASTINGS%20STREET,933,E HASTINGS STREET,4,70.0,"{""coordinates"":[-123.08346131,49.28132913],""type"":""Point""}",Strathcona,"49.28132913, -123.08346131",0.05714285632653063,Vancouver
Thanh Liem Ly (Thanh Ly),http://app.vancouver.ca/RPS_Net/Default.aspx?num=2228&street=E%20HASTINGS%20STREET,2228,E HASTINGS STREET,1,6.0,"{""coordinates"":[-123.05912059,49.28087842],""type"":""Point""}",Grandview-Woodland,"49.28087842, -123.05912059",0.16666663888889352,Vancouver
Raincity Housing and Support Society,http://app.vancouver.ca/RPS_Net/Default.aspx?num=65&street=E%20HASTINGS%20STREET,65,E HASTINGS STREET,5,92.0,"{""coordinates"":[-123.10290041,49.28169883],""type"":""Point""}",Downtown,"49.28169883, -123.10290041",0.05434782549621929,Vancouver
Unknown,http://app.vancouver.ca/RPS_Net/Default.aspx?num=159&street=E%20HASTINGS%20STREET,159,E HASTINGS STREET,9,23.0,"{""coordinates"":[-123.10081977,49.28166287],""type"":""Point""}",Downtown,"49.28166287, -123.10081977",0.39130433081285515,Vancouver
PHS Community Services Society,http://app.vancouver.ca/RPS_Net/Default.aspx?num=177&street=E%20HASTINGS%20STREET,177,E HASTINGS STREET,7,81.0,"{""coordinates"":[-123.10049774,49.28165623],""type"":""Point""}",Downtown,"49.28165623, -123.10049774",0.08641975201950924,Vancouver
Provincial Rental Housing Corporation,http://app.vancouver.ca/RPS_Net/Default.aspx?num=261&street=E%20HASTINGS%20STREET,261,E HASTINGS STREET,3,51.0,"{""coordinates"":[-123.09808091,49.28159904],""type"":""Point""}",Strathcona,"49.28159904, -123.09808091",0.05882352825836219,Vancouver
Summer Hotel Ltd,http://app.vancouver.ca/RPS_Net/Default.aspx?num=341&street=E%20HASTINGS%20STREET,341,E HASTINGS STREET,7,26.0,"{""coordinates"":[-123.09652869,49.28157203],""type"":""Point""}",Strathcona,"49.28157203, -123.09652869",0.26923075887574005,Vancouver
PHS COMMUNITY SERVICES SOCIETY,http://app.vancouver.ca/RPS_Net/Default.aspx?num=344&street=E%20HASTINGS%20STREET,344,E HASTINGS STREET,4,107.0,"{""coordinates"":[-123.09638402,49.28095418],""type"":""Point""}",Strathcona,"49.28095418, -123.09638402",0.03738317722071797,Vancouver
Pepple Enterprises Ltd,http://app.vancouver.ca/RPS_Net/Default.aspx?num=561&street=E%20HASTINGS%20STREET,561,E HASTINGS STREET,9,54.0,"{""coordinates"":[-123.09199723,49.28148942],""type"":""Point""}",Strathcona,"49.28148942, -123.09199723",0.16666666358024698,Vancouver
Yang-Myung Hotel Management Ltd,http://app.vancouver.ca/RPS_Net/Default.aspx?num=769&street=E%20HASTINGS%20STREET,769,E HASTINGS STREET,4,82.0,"{""coordinates"":[-123.08788676,49.28141126],""type"":""Point""}",Strathcona,"49.28141126, -123.08788676",0.04878048720999406,Vancouver
Kathed Holdings Ltd,http://app.vancouver.ca/RPS_Net/Default.aspx?num=3570&street=E%20HASTINGS%20STREET,3570,E HASTINGS STREET,2,14.0,"{""coordinates"":[-123.02682211,49.28085294],""type"":""Point""}",Hastings-Sunrise,"49.28085294, -123.02682211",0.14285713265306196,Vancouver
Young Young Co Ltd,http://app.vancouver.ca/RPS_Net/Default.aspx?num=3648&street=E%20HASTINGS%20STREET,3648,E HASTINGS STREET,1,6.0,"{""coordinates"":[-123.02471529,49.28085083],""type"":""Point""}",Hastings-Sunrise,"49.28085083, -123.02471529",0.16666663888889352,Vancouver
1460317 B.C. LTD.,http://app.vancouver.ca/RPS_Net/Default.aspx?num=164&street=E%20HASTINGS%20STREET,164,E HASTINGS STREET,7,10.0,"{""coordinates"":[-123.10063441,49.28104857],""type"":""Point""}",Downtown,"49.28104857, -123.10063441",0.699999930000007,Vancouver
HE Rooms Inc,http://app.vancouver.ca/RPS_Net/Default.aspx?num=235&street=E%20HASTINGS%20STREET,235,E HASTINGS STREET,2,74.0,"{""coordinates"":[-123.09880869,49.28161236],""type"":""Point""}",Strathcona,"49.28161236, -123.09880869",0.02702702666179694,Vancouver
Kam Y Loh & Merrilee I Loh,http://app.vancouver.ca/RPS_Net/Default.aspx?num=437&street=E%20HASTINGS%20STREET,437,E HASTINGS STREET,1,12.0,"{""coordinates"":[-123.09436786,49.28153156],""type"":""Point""}",Strathcona,"49.28153156, -123.09436786",0.08333332638888948,Vancouver
Provincial Rental Housing Corporation,http://app.vancouver.ca/RPS_Net/Default.aspx?num=456&street=E%20HASTINGS%20STREET,456,E HASTINGS STREET,5,52.0,"{""coordinates"":[-123.09418189,49.28091634],""type"":""Point""}",Strathcona,"49.28091634, -123.09418189",0.09615384430473377,Vancouver
Shon Yee Benevelent Assn Of Canada,http://app.vancouver.ca/RPS_Net/Default.aspx?num=504&street=E%20HASTINGS%20STREET,504,E HASTINGS STREET,1,45.0,"{""coordinates"":[-123.09326163,49.28090253],""type"":""Point""}",Strathcona,"49.28090253, -123.09326163",0.022222221728395074,Vancouver
353806 BC Ltd,http://app.vancouver.ca/RPS_Net/Default.aspx?num=3683&street=E%20HASTINGS%20STREET,3683,E HASTINGS STREET,5,67.0,"{""coordinates"":[-123.02437442,49.28138793],""type"":""Point""}",Hastings-Sunrise,"49.28138793, -123.02437442",0.074626864557808,Vancouver
Affordable Housing Charitable Association,http://app.vancouver.ca/RPS_Net/Default.aspx?num=1788&street=E%20KENT%20AVENUE%20SOUTH,1788,E KENT AVENUE SOUTH,2,42.0,"{""coordinates"":[-123.06946548,49.20783398],""type"":""Point""}",Victoria-Fraserview,"49.20783398, -123.06946548",0.0476190464852608,Vancouver
Mau Dan Gardens Co-Op Housing Association,http://app.vancouver.ca/RPS_Net/Default.aspx?num=350&street=E%20PENDER%20STREET,350,E PENDER STREET,1,52.0,"{""coordinates"":[-123.0957684,49.27984549],""type"":""Point""}",Strathcona,"49.27984549, -123.0957684",0.019230768860946754,Vancouver
Association of United Ukranian Canadians,http://app.vancouver.ca/RPS_Net/Default.aspx?num=827&street=E%20PENDER%20STREET,827,E PENDER STREET,1,26.0,"{""coordinates"":[-123.08649623,49.28038687],""type"":""Point""}",Strathcona,"49.28038687, -123.08649623",0.03846153698224858,Vancouver
Yue Shan Society,http://app.vancouver.ca/RPS_Net/Default.aspx?num=33&street=E%20PENDER%20STREET,33,E PENDER STREET,2,14.0,"{""coordinates"":[-123.10332792,49.2807021],""type"":""Point""}",Downtown,"49.2807021, -123.10332792",0.14285713265306196,Vancouver
Mah Society of Canada,http://app.vancouver.ca/RPS_Net/Default.aspx?num=139&street=E%20PENDER%20STREET,139,E PENDER STREET,5,34.0,"{""coordinates"":[-123.10096634,49.28066328],""type"":""Point""}",Downtown,"49.28066328, -123.10096634",0.1470588192041524,Vancouver
Lew Mow Wai Society,http://app.vancouver.ca/RPS_Net/Default.aspx?num=349&street=E%20PENDER%20STREET,349,E PENDER STREET,1,9.0,"{""coordinates"":[-123.09594415,49.28055794],""type"":""Point""}",Strathcona,"49.28055794, -123.09594415",0.11111109876543349,Vancouver
1186832 BC Ltd,http://app.vancouver.ca/RPS_Net/Default.aspx?num=575&street=E%20PENDER%20STREET,575,E PENDER STREET,7,27.0,"{""coordinates"":[-123.09193829,49.28049324],""type"":""Point""}",Strathcona,"49.28049324, -123.09193829",0.2592592496570648,Vancouver
Bernhard Nachtwey,http://app.vancouver.ca/RPS_Net/Default.aspx?num=826&street=E%20PENDER%20STREET,826,E PENDER STREET,1,6.0,"{""coordinates"":[-123.08651387,49.27986783],""type"":""Point""}",Strathcona,"49.27986783, -123.08651387",0.16666663888889352,Vancouver
BC Indigenous Housing Society,http://app.vancouver.ca/RPS_Net/Default.aspx?num=1823&street=E%20PENDER%20STREET,1823,E PENDER STREET,1,42.0,"{""coordinates"":[-123.06754829,49.28049812],""type"":""Point""}",Grandview-Woodland,"49.28049812, -123.06754829",0.0238095232426304,Vancouver
Bloomsbury Properties Ltd,http://app.vancouver.ca/RPS_Net/Default.aspx?num=1880&street=E%20PENDER%20STREET,1880,E PENDER STREET,5,50.0,"{""coordinates"":[-123.06645519,49.27996582],""type"":""Point""}",Grandview-Woodland,"49.27996582, -123.06645519",0.09999999800000005,Vancouver
P D A Capital Corp,http://app.vancouver.ca/RPS_Net/Default.aspx?num=2150&street=E%20PENDER%20STREET,2150,E PENDER STREET,3,6.0,"{""coordinates"":[-123.06067053,49.28000531],""type"":""Point""}",Grandview-Woodland,"49.28000531, -123.06067053",0.49999991666668053,Vancouver
Vancouver Chinatown Foundation For Community Revitalization,http://app.vancouver.ca/RPS_Net/Default.aspx?num=258&street=E%20PENDER%20STREET,258,E PENDER STREET,2,120.0,"{""coordinates"":[-123.0981439,49.28009111],""type"":""Point""}",Strathcona,"49.28009111, -123.0981439",0.01666666652777778,Vancouver
Brian S Charles & Despina D Frangolias,http://app.vancouver.ca/RPS_Net/Default.aspx?num=3302&street=EAST%20BOULEVARD,3302,EAST BOULEVARD,1,5.0,"{""coordinates"":[-123.15211927,49.25614799],""type"":""Point""}",Shaughnessy,"49.25614799, -123.15211927",0.199999960000008,Vancouver
Vancouver Pacific Enterprises Corp,http://app.vancouver.ca/RPS_Net/Default.aspx?num=2265&street=ETON%20STREET,2265,ETON STREET,1,32.0,"{""coordinates"":[-123.05816905,49.28776474],""type"":""Point""}",Grandview-Woodland,"49.28776474, -123.05816905",0.031249999023437534,Vancouver
Jasmine Investments (1994) Co Ltd,http://app.vancouver.ca/RPS_Net/Default.aspx?num=2212&street=ETON%20STREET,2212,ETON STREET,2,10.0,"{""coordinates"":[-123.0592061,49.28725418],""type"":""Point""}",Grandview-Woodland,"49.28725418, -123.0592061",0.19999998000000202,Vancouver
Brightside Community Homes Foundation,http://app.vancouver.ca/RPS_Net/Default.aspx?num=2950&street=EUCLID%20AVENUE,2950,EUCLID AVENUE,3,45.0,"{""coordinates"":[-123.04369648,49.24006198],""type"":""Point""}",Renfrew-Collingwood,"49.24006198, -123.04369648",0.06666666518518523,Vancouver
Natasha Taylor,http://app.vancouver.ca/RPS_Net/Default.aspx?num=3223&street=FINDLAY%20STREET,3223,FINDLAY STREET,3,12.0,"{""coordinates"":[-123.06825456,49.2559113],""type"":""Point""}",Kensington-Cedar Cottage,"49.2559113, -123.06825456",0.2499999791666684,Vancouver
Louise Court Holdings Ltd,http://app.vancouver.ca/RPS_Net/Default.aspx?num=1777&street=FRANCES%20STREET,1777,FRANCES STREET,1,59.0,"{""coordinates"":[-123.06874996,49.27961543],""type"":""Point""}",Grandview-Woodland,"49.27961543, -123.06874996",0.016949152255099114,Vancouver
Urban Vision Housing Society,http://app.vancouver.ca/RPS_Net/Default.aspx?num=1610&street=FRANKLIN%20STREET,1610,FRANKLIN STREET,11,50.0,"{""coordinates"":[-123.07228357,49.28200606],""type"":""Point""}",Grandview-Woodland,"49.28200606, -123.07228357",0.2199999956000001,Vancouver
BC Indigenous Housing Society,http://app.vancouver.ca/RPS_Net/Default.aspx?num=1719&street=FRANKLIN%20STREET,1719,FRANKLIN STREET,10,32.0,"{""coordinates"":[-123.06979076,49.28242758],""type"":""Point""}",Grandview-Woodland,"49.28242758, -123.06979076",0.3124999902343753,Vancouver
0790462 BC Ltd,http://app.vancouver.ca/RPS_Net/Default.aspx?num=5760&street=FRASER%20STREET,5760,FRASER STREET,1,5.0,"{""coordinates"":[-123.09016753,49.23226362],""type"":""Point""}",Sunset,"49.23226362, -123.09016753",0.199999960000008,Vancouver
6462 Fraser Developments Inc,http://app.vancouver.ca/RPS_Net/Default.aspx?num=6462&street=FRASER%20STREET,6462,FRASER STREET,4,16.0,"{""coordinates"":[-123.09037135,49.22585984],""type"":""Point""}",Sunset,"49.22585984, -123.09037135",0.24999998437500096,Vancouver
United Revenue Properties Ltd,http://app.vancouver.ca/RPS_Net/Default.aspx?num=2532&street=FRASER%20STREET,2532,FRASER STREET,2,9.0,"{""coordinates"":[-123.08886308,49.26187844],""type"":""Point""}",Mount Pleasant,"49.26187844, -123.08886308",0.22222219753086697,Vancouver
Connective Support Society,http://app.vancouver.ca/RPS_Net/Default.aspx?num=3350&street=FRASER%20STREET,3350,FRASER STREET,3,8.0,"{""coordinates"":[-123.08947179,49.25506059],""type"":""Point""}",Kensington-Cedar Cottage,"49.25506059, -123.08947179",0.3749999531250059,Vancouver
Sammy Pan,http://app.vancouver.ca/RPS_Net/Default.aspx?num=8787&street=FREMLIN%20STREET,8787,FREMLIN STREET,4,39.0,"{""coordinates"":[-123.1279635,49.20603405],""type"":""Point""}",Marpole,"49.20603405, -123.1279635",0.10256409993425386,Vancouver
EMK Properties Ltd,http://app.vancouver.ca/RPS_Net/Default.aspx?num=1010&street=GILFORD%20STREET,1010,GILFORD STREET,1,41.0,"{""coordinates"":[-123.14029871,49.29005189],""type"":""Point""}",West End,"49.29005189, -123.14029871",0.024390243307555043,Vancouver
Glen Drive Apartments Ltd,http://app.vancouver.ca/RPS_Net/Default.aspx?num=2325&street=GLEN%20DRIVE,2325,GLEN DRIVE,1,10.0,"{""coordinates"":[-123.08169527,49.26400214],""type"":""Point""}",Mount Pleasant,"49.26400214, -123.08169527",0.09999999000000101,Vancouver
Provincial Rental Housing Corporation,http://app.vancouver.ca/RPS_Net/Default.aspx?num=341&street=GORE%20AVENUE,341,GORE AVENUE,2,27.0,"{""coordinates"":[-123.09778996,49.28159583],""type"":""Point""}",Strathcona,"49.28159583, -123.09778996",0.07407407133058995,Vancouver
George Fu,http://app.vancouver.ca/RPS_Net/Default.aspx?num=445&street=GORE%20AVENUE,445,GORE AVENUE,4,24.0,"{""coordinates"":[-123.09763888,49.28048787],""type"":""Point""}",Strathcona,"49.28048787, -123.09763888",0.1666666597222225,Vancouver
Fan Tower South Inc,http://app.vancouver.ca/RPS_Net/Default.aspx?num=609&street=GORE%20AVENUE,609,GORE AVENUE,3,51.0,"{""coordinates"":[-123.09742793,49.27916523],""type"":""Point""}",Strathcona,"49.27916523, -123.09742793",0.05882352825836219,Vancouver
Community Builders Benevolence Group,http://app.vancouver.ca/RPS_Net/Default.aspx?num=1025&street=GRANVILLE%20STREET,1025,GRANVILLE STREET,3,79.0,"{""coordinates"":[-123.12384062,49.27910653],""type"":""Point""}",Downtown,"49.27910653, -123.12384062",0.03797468306361161,Vancouver
Provincial Rental Housing Corporation,http://app.vancouver.ca/RPS_Net/Default.aspx?num=1161&street=GRANVILLE%20STREET,1161,GRANVILLE STREET,2,93.0,"{""coordinates"":[-123.12594954,49.27771178],""type"":""Point""}",Downtown,"49.27771178, -123.12594954",0.02150537611284542,Vancouver
Dranly Holdings Ltd,http://app.vancouver.ca/RPS_Net/Default.aspx?num=2414&street=GRANVILLE%20STREET,2414,GRANVILLE STREET,1,12.0,"{""coordinates"":[-123.13812846,49.2642284],""type"":""Point""}",Fairview,"49.2642284, -123.13812846",0.08333332638888948,Vancouver
Choo Bros Investments Ltd,http://app.vancouver.ca/RPS_Net/Default.aspx?num=2930&street=GRANVILLE%20STREET,2930,GRANVILLE STREET,1,6.0,"{""coordinates"":[-123.13831253,49.25931681],""type"":""Point""}",Fairview,"49.25931681, -123.13831253",0.16666663888889352,Vancouver
Community Builders Benevolence Group,http://app.vancouver.ca/RPS_Net/Default.aspx?num=1306&street=GRANVILLE%20STREET,1306,GRANVILLE STREET,1,43.0,"{""coordinates"":[-123.12773475,49.27585292],""type"":""Point""}",Downtown,"49.27585292, -123.12773475",0.023255813412655504,Vancouver
0966691 BC Ltd,http://app.vancouver.ca/RPS_Net/Default.aspx?num=8747&street=GRANVILLE%20STREET,8747,GRANVILLE STREET,2,13.0,"{""coordinates"":[-123.14101081,49.20648121],""type"":""Point""}",Marpole,"49.20648121, -123.14101081",0.15384614201183525,Vancouver
Siesta Rooms 1995 Ltd,http://app.vancouver.ca/RPS_Net/Default.aspx?num=936&street=GRANVILLE%20STREET,936,GRANVILLE STREET,1,71.0,"{""coordinates"":[-123.12178316,49.27967588],""type"":""Point""}",Downtown,"49.27967588, -123.12178316",0.014084506843880186,Vancouver
Regal Eighty Management Corp,http://app.vancouver.ca/RPS_Net/Default.aspx?num=1046&street=GRANVILLE%20STREET,1046,GRANVILLE STREET,4,82.0,"{""coordinates"":[-123.12339324,49.27860382],""type"":""Point""}",Downtown,"49.27860382, -123.12339324",0.04878048720999406,Vancouver
Jutta Ahmed,http://app.vancouver.ca/RPS_Net/Default.aspx?num=1130&street=GRANVILLE%20STREET,1130,GRANVILLE STREET,4,6.0,"{""coordinates"":[-123.12489479,49.27762118],""type"":""Point""}",Downtown,"49.27762118, -123.12489479",0.6666665555555741,Vancouver
Atira Women's Resource Society,http://app.vancouver.ca/RPS_Net/Default.aspx?num=1176&street=GRANVILLE%20STREET,1176,GRANVILLE STREET,10,110.0,"{""coordinates"":[-123.1253448,49.27732807],""type"":""Point""}",Downtown,"49.27732807, -123.1253448",0.09090909008264464,Vancouver
101181499 SASKATCHEWAN LTD,http://app.vancouver.ca/RPS_Net/Default.aspx?num=8732&street=GRANVILLE%20STREET,8732,GRANVILLE STREET,3,10.0,"{""coordinates"":[-123.14020494,49.20662435],""type"":""Point""}",Marpole,"49.20662435, -123.14020494",0.299999970000003,Vancouver
BC1350175,http://app.vancouver.ca/RPS_Net/Default.aspx?num=8733&street=GRANVILLE%20STREET,8733,GRANVILLE STREET,2,8.0,"{""coordinates"":[-123.1410079,49.20666337],""type"":""Point""}",Marpole,"49.20666337, -123.1410079",0.24999996875000394,Vancouver
William Nemetz Investments Limited,http://app.vancouver.ca/RPS_Net/Default.aspx?num=8770&street=GRANVILLE%20STREET,8770,GRANVILLE STREET,1,47.0,"{""coordinates"":[-123.1402206,49.20648489],""type"":""Point""}",Marpole,"49.20648489, -123.1402206",0.021276595291987336,Vancouver
Riste Investments Ltd,http://app.vancouver.ca/RPS_Net/Default.aspx?num=553&street=HAMILTON%20STREET,553,HAMILTON STREET,6,28.0,"{""coordinates"":[-123.11229837,49.28159625],""type"":""Point""}",Downtown,"49.28159625, -123.11229837",0.21428570663265334,Vancouver
Arkhu Investment Ltd,http://app.vancouver.ca/RPS_Net/Default.aspx?num=1122&street=HARO%20STREET,1122,HARO STREET,4,84.0,"{""coordinates"":[-123.12661468,49.28399595],""type"":""Point""}",West End,"49.28399595, -123.12661468",0.0476190470521542,Vancouver
Laurentian Towers Holdings Ltd,http://app.vancouver.ca/RPS_Net/Default.aspx?num=1636&street=HARO%20STREET,1636,HARO STREET,2,41.0,"{""coordinates"":[-123.13424156,49.28891573],""type"":""Point""}",West End,"49.28891573, -123.13424156",0.048780486615110086,Vancouver
Plan A - 1431 Haro Street Ltd,http://app.vancouver.ca/RPS_Net/Default.aspx?num=1431&street=HARO%20STREET,1431,HARO STREET,4,6.0,"{""coordinates"":[-123.13125854,49.28772913],""type"":""Point""}",West End,"49.28772913, -123.13125854",0.6666665555555741,Vancouver
IMH 1629 Haro Apartments Ltd,http://app.vancouver.ca/RPS_Net/Default.aspx?num=1629&street=HARO%20STREET,1629,HARO STREET,1,40.0,"{""coordinates"":[-123.13367947,49.28930049],""type"":""Point""}",West End,"49.28930049, -123.13367947",0.024999999375000016,Vancouver
IMH 1755 Haro Apartments Ltd,http://app.vancouver.ca/RPS_Net/Default.aspx?num=1755&street=HARO%20STREET,1755,HARO STREET,5,137.0,"{""coordinates"":[-123.13554165,49.29053218],""type"":""Point""}",West End,"49.29053218, -123.13554165",0.03649635009856679,Vancouver
Mason Investments Ltd,http://app.vancouver.ca/RPS_Net/Default.aspx?num=1955&street=HARO%20STREET,1955,HARO STREET,1,70.0,"{""coordinates"":[-123.13878984,49.29260655],""type"":""Point""}",West End,"49.29260655, -123.13878984",0.014285714081632657,Vancouver
Haro Towers Ltd,http://app.vancouver.ca/RPS_Net/Default.aspx?num=1131&street=HARO%20STREET,1131,HARO STREET,1,12.0,"{""coordinates"":[-123.12654299,49.28467427],""type"":""Point""}",West End,"49.28467427, -123.12654299",0.08333332638888948,Vancouver
Plan A 1425 Haro Street Ltd,http://app.vancouver.ca/RPS_Net/Default.aspx?num=1425&street=HARO%20STREET,1425,HARO STREET,1,16.0,"{""coordinates"":[-123.13111104,49.28764475],""type"":""Point""}",West End,"49.28764475, -123.13111104",0.06249999609375024,Vancouver
James F Wong & Mary S Wong,http://app.vancouver.ca/RPS_Net/Default.aspx?num=1225&street=HARWOOD%20STREET,1225,HARWOOD STREET,2,6.0,"{""coordinates"":[-123.13582751,49.28093277],""type"":""Point""}",West End,"49.28093277, -123.13582751",0.33333327777778704,Vancouver
Harwood Place Apartments Limited,http://app.vancouver.ca/RPS_Net/Default.aspx?num=1122&street=HARWOOD%20STREET,1122,HARWOOD STREET,2,39.0,"{""coordinates"":[-123.13429324,49.27920733],""type"":""Point""}",West End,"49.27920733, -123.13429324",0.05128204996712693,Vancouver
Otrun Kneifel & Walter Kneifel,http://app.vancouver.ca/RPS_Net/Default.aspx?num=2820&street=HEATHER%20STREET,2820,HEATHER STREET,1,20.0,"{""coordinates"":[-123.11974713,49.26017973],""type"":""Point""}",Fairview,"49.26017973, -123.11974713",0.04999999750000012,Vancouver
Netty Prosterman,http://app.vancouver.ca/RPS_Net/Default.aspx?num=8575&street=HEATHER%20STREET,8575,HEATHER STREET,4,21.0,"{""coordinates"":[-123.1248658,49.20861461],""type"":""Point""}",Marpole,"49.20861461, -123.1248658",0.19047618140589612,Vancouver
Fairbridge Enterprises Ltd,http://app.vancouver.ca/RPS_Net/Default.aspx?num=8666&street=HEATHER%20STREET,8666,HEATHER STREET,5,23.0,"{""coordinates"":[-123.12385254,49.20771083],""type"":""Point""}",Marpole,"49.20771083, -123.12385254",0.21739129489603065,Vancouver
Mona Lee,http://app.vancouver.ca/RPS_Net/Default.aspx?num=2555&street=HEMLOCK%20STREET,2555,HEMLOCK STREET,3,24.0,"{""coordinates"":[-123.13647939,49.26284872],""type"":""Point""}",Fairview,"49.26284872, -123.13647939",0.12499999479166687,Vancouver
McLaren Housing Society of British Columbia,http://app.vancouver.ca/RPS_Net/Default.aspx?num=1249&street=HOWE%20STREET,1249,HOWE STREET,1,110.0,"{""coordinates"":[-123.12818713,49.27749639],""type"":""Point""}",Downtown,"49.27749639, -123.12818713",0.009090909008264463,Vancouver
Beng Kim Yeung (Beng Yeung),http://app.vancouver.ca/RPS_Net/Default.aspx?num=8619&street=HUDSON%20STREET,8619,HUDSON STREET,2,10.0,"{""coordinates"":[-123.1350487,49.20829758],""type"":""Point""}",Marpole,"49.20829758, -123.1350487",0.19999998000000202,Vancouver
Gene Lee & Shirley Lee,http://app.vancouver.ca/RPS_Net/Default.aspx?num=8667&street=HUDSON%20STREET,8667,HUDSON STREET,1,37.0,"{""coordinates"":[-123.13510139,49.20754542],""type"":""Point""}",Marpole,"49.20754542, -123.13510139",0.027027026296566857,Vancouver
Whistler Valley Construction Corp Inc,http://app.vancouver.ca/RPS_Net/Default.aspx?num=830&street=JACKSON%20AVENUE,830,JACKSON AVENUE,2,11.0,"{""coordinates"":[-123.09345978,49.27689726],""type"":""Point""}",Strathcona,"49.27689726, -123.09345978",0.1818181652892577,Vancouver
Zoro Holdings Ltd,http://app.vancouver.ca/RPS_Net/Default.aspx?num=1075&street=JERVIS%20STREET,1075,JERVIS STREET,1,37.0,"{""coordinates"":[-123.13272719,49.28451165],""type"":""Point""}",West End,"49.28451165, -123.13272719",0.027027026296566857,Vancouver
Amon Investments Ltd,http://app.vancouver.ca/RPS_Net/Default.aspx?num=1100&street=JERVIS%20STREET,1100,JERVIS STREET,1,109.0,"{""coordinates"":[-123.13301695,49.28330415],""type"":""Point""}",West End,"49.28330415, -123.13301695",0.009174311842437506,Vancouver
S A H Properties Ltd,http://app.vancouver.ca/RPS_Net/Default.aspx?num=610&street=JERVIS%20STREET,610,JERVIS STREET,1,50.0,"{""coordinates"":[-123.12584381,49.28854661],""type"":""Point""}",Downtown,"49.28854661, -123.12584381",0.01999999960000001,Vancouver
0811930 BC Ltd,http://app.vancouver.ca/RPS_Net/Default.aspx?num=1209&street=JERVIS%20STREET,1209,JERVIS STREET,3,45.0,"{""coordinates"":[-123.13542495,49.28272208],""type"":""Point""}",West End,"49.28272208, -123.13542495",0.06666666518518523,Vancouver
Pacific Investment Corporation Ltd,http://app.vancouver.ca/RPS_Net/Default.aspx?num=1210&street=JERVIS%20STREET,1210,JERVIS STREET,1,84.0,"{""coordinates"":[-123.13484092,49.28234003],""type"":""Point""}",West End,"49.28234003, -123.13484092",0.01190476176303855,Vancouver
1112152 BC Ltd,http://app.vancouver.ca/RPS_Net/Default.aspx?num=5187&street=JOYCE%20STREET,5187,JOYCE STREET,3,5.0,"{""coordinates"":[-123.03273733,49.23774453],""type"":""Point""}",Renfrew-Collingwood,"49.23774453, -123.03273733",0.599999880000024,Vancouver
Vishi Construction Ltd,http://app.vancouver.ca/RPS_Net/Default.aspx?num=968&street=KINGSWAY,968,KINGSWAY,1,44.0,"{""coordinates"":[-123.08462663,49.25388139],""type"":""Point""}",Kensington-Cedar Cottage,"49.25388139, -123.08462663",0.022727272210743815,Vancouver
Superior Holdings Co Ltd,http://app.vancouver.ca/RPS_Net/Default.aspx?num=2535&street=KINGSWAY,2535,KINGSWAY,2,10.0,"{""coordinates"":[-123.0532568,49.23999952],""type"":""Point""}",Renfrew-Collingwood,"49.23999952, -123.0532568",0.19999998000000202,Vancouver
687430 BC Ltd,http://app.vancouver.ca/RPS_Net/Default.aspx?num=2576&street=KINGSWAY,2576,KINGSWAY,1,8.0,"{""coordinates"":[-123.05280494,49.23908189],""type"":""Point""}",Renfrew-Collingwood,"49.23908189, -123.05280494",0.12499998437500197,Vancouver
City of Vancouver,http://app.vancouver.ca/RPS_Net/Default.aspx?num=3484&street=KINGSWAY,3484,KINGSWAY,7,123.0,"{""coordinates"":[-123.03124616,49.23140021],""type"":""Point""}",Killarney,"49.23140021, -123.03124616",0.056910568643003506,Vancouver
Shane Kit Chung Cheung (Shane Cheung),http://app.vancouver.ca/RPS_Net/Default.aspx?num=3611&street=KINGSWAY,3611,KINGSWAY,2,7.0,"{""coordinates"":[-123.02555193,49.23248561],""type"":""Point""}",Renfrew-Collingwood,"49.23248561, -123.02555193",0.285714244897965,Vancouver
1096329 BC Ltd,http://app.vancouver.ca/RPS_Net/Default.aspx?num=7849&street=KNIGHT%20STREET,7849,KNIGHT STREET,1,12.0,"{""coordinates"":[-123.07751815,49.21330929],""type"":""Point""}",Sunset,"49.21330929, -123.07751815",0.08333332638888948,Vancouver
David Hsing Sheng Hsu (David Hsu),http://app.vancouver.ca/RPS_Net/Default.aspx?num=8680&street=LAUREL%20STREET,8680,LAUREL STREET,4,28.0,"{""coordinates"":[-123.12594167,49.20699836],""type"":""Point""}",Marpole,"49.20699836, -123.12594167",0.14285713775510223,Vancouver
HOGAN'S ALLEY SOCIETY,http://app.vancouver.ca/RPS_Net/Default.aspx?num=796&street=MAIN%20STREET,796,MAIN STREET,1,23.0,"{""coordinates"":[-123.0993605,49.27778623],""type"":""Point""}",Strathcona,"49.27778623, -123.0993605",0.04347825897920613,Vancouver
ThePorter Residences Development Limited Partnership,http://app.vancouver.ca/RPS_Net/Default.aspx?num=2339&street=MAIN%20STREET,2339,MAIN STREET,1,29.0,"{""coordinates"":[-123.10141092,49.26399911],""type"":""Point""}",Mount Pleasant,"49.26399911, -123.10141092",0.034482757431629055,Vancouver
Kevington Building Corporation Ltd,http://app.vancouver.ca/RPS_Net/Default.aspx?num=4453&street=MAIN%20STREET,4453,MAIN STREET,1,79.0,"{""coordinates"":[-123.10168308,49.24519925],""type"":""Point""}",Riley Park,"49.24519925, -123.10168308",0.012658227687870536,Vancouver
MID-MAIN HOLDINGS LTD.,http://app.vancouver.ca/RPS_Net/Default.aspx?num=4655&street=MAIN%20STREET,4655,MAIN STREET,4,10.0,"{""coordinates"":[-123.10176392,49.24278359],""type"":""Point""}",Riley Park,"49.24278359, -123.10176392",0.39999996000000404,Vancouver
Affordable Housing Charitable Association,http://app.vancouver.ca/RPS_Net/Default.aspx?num=1129&street=MAIN%20STREET,1129,MAIN STREET,1,29.0,"{""coordinates"":[-123.10047839,49.27455606],""type"":""Point""}",Downtown,"49.27455606, -123.10047839",0.034482757431629055,Vancouver
Teddy Lai & YanHong Chen,http://app.vancouver.ca/RPS_Net/Default.aspx?num=3616&street=MAIN%20STREET,3616,MAIN STREET,3,6.0,"{""coordinates"":[-123.10057308,49.25263361],""type"":""Point""}",Riley Park,"49.25263361, -123.10057308",0.49999991666668053,Vancouver
Affordable Housing Advisory Association,http://app.vancouver.ca/RPS_Net/Default.aspx?num=375&street=MAIN%20STREET,375,MAIN STREET,5,76.0,"{""coordinates"":[-123.10011042,49.28158604],""type"":""Point""}",Downtown,"49.28158604, -123.10011042",0.06578947281855957,Vancouver
Shun Chi Company Ltd,http://app.vancouver.ca/RPS_Net/Default.aspx?num=507&street=MAIN%20STREET,507,MAIN STREET,5,30.0,"{""coordinates"":[-123.100152,49.28012653],""type"":""Point""}",Downtown,"49.28012653, -123.100152",0.16666666111111128,Vancouver
International Business Travelers Hostel Inc,http://app.vancouver.ca/RPS_Net/Default.aspx?num=1038&street=MAIN%20STREET,1038,MAIN STREET,2,104.0,"{""coordinates"":[-123.09953914,49.27518738],""type"":""Point""}",Strathcona,"49.27518738, -123.09953914",0.01923076904585799,Vancouver
ThePorter Residences Development Limited Partnership,http://app.vancouver.ca/RPS_Net/Default.aspx?num=2333&street=MAIN%20STREET,2333,MAIN STREET,1,8.0,"{""coordinates"":[-123.10141534,49.26410701],""type"":""Point""}",Mount Pleasant,"49.26410701, -123.10141534",0.12499998437500197,Vancouver
COLLINGWOOD INVESTMENT 2018 LTD.,http://app.vancouver.ca/RPS_Net/Default.aspx?num=4339&street=MAIN%20STREET,4339,MAIN STREET,1,11.0,"{""coordinates"":[-123.10158326,49.24683109],""type"":""Point""}",Riley Park,"49.24683109, -123.10158326",0.09090908264462885,Vancouver
4355 Main Street Holdings Ltd,http://app.vancouver.ca/RPS_Net/Default.aspx?num=4355&street=MAIN%20STREET,4355,MAIN STREET,2,6.0,"{""coordinates"":[-123.10159793,49.24654638],""type"":""Point""}",Riley Park,"49.24654638, -123.10159793",0.33333327777778704,Vancouver
Li-Wah Ng & Sik-Wah Ng,http://app.vancouver.ca/RPS_Net/Default.aspx?num=4515&street=MAIN%20STREET,4515,MAIN STREET,4,7.0,"{""coordinates"":[-123.10170576,49.2442134],""type"":""Point""}",Riley Park,"49.2442134, -123.10170576",0.57142848979593,Vancouver
Huntly Investments Ltd,http://app.vancouver.ca/RPS_Net/Default.aspx?num=1218&street=MELVILLE%20STREET,1218,MELVILLE STREET,1,6.0,"{""coordinates"":[-123.1248631,49.28791398],""type"":""Point""}",Downtown,"49.28791398, -123.1248631",0.16666663888889352,Vancouver
Metro Maywood Holdings Ltd,http://app.vancouver.ca/RPS_Net/Default.aspx?num=8938&street=MONTCALM%20STREET,8938,MONTCALM STREET,10,20.0,"{""coordinates"":[-123.1363222,49.20422785],""type"":""Point""}",Marpole,"49.20422785, -123.1363222",0.4999999750000012,Vancouver
Monarch Properties Ltd,http://app.vancouver.ca/RPS_Net/Default.aspx?num=8643&street=MONTCALM%20STREET,8643,MONTCALM STREET,2,20.0,"{""coordinates"":[-123.13661557,49.2079893],""type"":""Point""}",Marpole,"49.2079893, -123.13661557",0.09999999500000024,Vancouver
1358481 B.C. LTD.,http://app.vancouver.ca/RPS_Net/Default.aspx?num=8668&street=MONTCALM%20STREET,8668,MONTCALM STREET,1,10.0,"{""coordinates"":[-123.13574582,49.20769306],""type"":""Point""}",Marpole,"49.20769306, -123.13574582",0.09999999000000101,Vancouver
675000 BC Ltd,http://app.vancouver.ca/RPS_Net/Default.aspx?num=8770&street=MONTCALM%20STREET,8770,MONTCALM STREET,1,21.0,"{""coordinates"":[-123.13580277,49.20601088],""type"":""Point""}",Marpole,"49.20601088, -123.13580277",0.04761904535147403,Vancouver
8860 Montcalm Street Holdings Ltd,http://app.vancouver.ca/RPS_Net/Default.aspx?num=8860&street=MONTCALM%20STREET,8860,MONTCALM STREET,1,24.0,"{""coordinates"":[-123.13585114,49.20514234],""type"":""Point""}",Marpole,"49.20514234, -123.13585114",0.041666664930555625,Vancouver
Frank Chi-Hung Lee (Frank Lee),http://app.vancouver.ca/RPS_Net/Default.aspx?num=1747&street=NANAIMO%20STREET,1747,NANAIMO STREET,5,5.0,"{""coordinates"":[-123.0570091,49.26892851],""type"":""Point""}",Grandview-Woodland,"49.26892851, -123.0570091",0.99999980000004,Vancouver
Victor Debonis,http://app.vancouver.ca/RPS_Net/Default.aspx?num=210&street=NANAIMO%20STREET,210,NANAIMO STREET,2,24.0,"{""coordinates"":[-123.05618373,49.28271399],""type"":""Point""}",Hastings-Sunrise,"49.28271399, -123.05618373",0.08333332986111125,Vancouver
1106062 BC Ltd,http://app.vancouver.ca/RPS_Net/Default.aspx?num=1836&street=NAPIER%20STREET,1836,NAPIER STREET,1,5.0,"{""coordinates"":[-123.0666994,49.27457874],""type"":""Point""}",Grandview-Woodland,"49.27457874, -123.0666994",0.199999960000008,Vancouver
Industrial Alliance Insurance and Financial Services Inc.,http://app.vancouver.ca/RPS_Net/Default.aspx?num=200&street=NELSON%20STREET,200,NELSON STREET,1,9.0,"{""coordinates"":[-123.11892167,49.27587844],""type"":""Point""}",Downtown,"49.27587844, -123.11892167",0.11111109876543349,Vancouver
Westsea Construction Ltd,http://app.vancouver.ca/RPS_Net/Default.aspx?num=1644&street=NELSON%20STREET,1644,NELSON STREET,3,276.0,"{""coordinates"":[-123.13638973,49.28752662],""type"":""Point""}",West End,"49.28752662, -123.13638973",0.010869565178008822,Vancouver
1294668 BC Ltd,http://app.vancouver.ca/RPS_Net/Default.aspx?num=1955&street=NELSON%20STREET,1955,NELSON STREET,1,11.0,"{""coordinates"":[-123.140712,49.29107188],""type"":""Point""}",West End,"49.29107188, -123.140712",0.09090908264462885,Vancouver
1260 Nelson Holdings Ltd,http://app.vancouver.ca/RPS_Net/Default.aspx?num=1260&street=NELSON%20STREET,1260,NELSON STREET,1,107.0,"{""coordinates"":[-123.13165589,49.28444947],""type"":""Point""}",West End,"49.28444947, -123.13165589",0.009345794305179492,Vancouver
Shelmarjay Holdings Ltd,http://app.vancouver.ca/RPS_Net/Default.aspx?num=1735&street=NELSON%20STREET,1735,NELSON STREET,1,62.0,"{""coordinates"":[-123.13737457,49.28890757],""type"":""Point""}",West End,"49.28890757, -123.13737457",0.01612903199791884,Vancouver
Wesley Place Ltd,http://app.vancouver.ca/RPS_Net/Default.aspx?num=1022&street=NELSON%20STREET,1022,NELSON STREET,2,198.0,"{""coordinates"":[-123.12729773,49.28165524],""type"":""Point""}",West End,"49.28165524, -123.12729773",0.0101010100499949,Vancouver
The Bloom Group Community Services Society,http://app.vancouver.ca/RPS_Net/Default.aspx?num=1115&street=NELSON%20STREET,1115,NELSON STREET,5,221.0,"{""coordinates"":[-123.12867658,49.28327763],""type"":""Point""}",West End,"49.28327763, -123.12867658",0.022624434286767265,Vancouver
Plan A-1925 Nelson St Ltd,http://app.vancouver.ca/RPS_Net/Default.aspx?num=1925&street=NELSON%20STREET,1925,NELSON STREET,7,21.0,"{""coordinates"":[-123.14032429,49.29081824],""type"":""Point""}",West End,"49.29081824, -123.14032429",0.3333333174603182,Vancouver
Belmont Park Strand Ltd,http://app.vancouver.ca/RPS_Net/Default.aspx?num=1999&street=NELSON%20STREET,1999,NELSON STREET,1,48.0,"{""coordinates"":[-123.14110687,49.29132597],""type"":""Point""}",West End,"49.29132597, -123.14110687",0.020833332899305567,Vancouver
V A B 19930 Holdings Ltd,http://app.vancouver.ca/RPS_Net/Default.aspx?num=1093&street=NICOLA%20STREET,1093,NICOLA STREET,1,6.0,"{""coordinates"":[-123.13596472,49.28575347],""type"":""Point""}",West End,"49.28575347, -123.13596472",0.16666663888889352,Vancouver
HWP 852 Nicola Ltd,http://app.vancouver.ca/RPS_Net/Default.aspx?num=852&street=NICOLA%20STREET,852,NICOLA STREET,2,16.0,"{""coordinates"":[-123.1317802,49.28795926],""type"":""Point""}",West End,"49.28795926, -123.1317802",0.12499999218750048,Vancouver
Dranly Holdings Ltd,http://app.vancouver.ca/RPS_Net/Default.aspx?num=1250&street=NICOLA%20STREET,1250,NICOLA STREET,3,26.0,"{""coordinates"":[-123.13806622,49.28379391],""type"":""Point""}",West End,"49.28379391, -123.13806622",0.11538461094674572,Vancouver
Kenson Investments Inc,http://app.vancouver.ca/RPS_Net/Default.aspx?num=3030&street=OAK%20STREET,3030,OAK STREET,1,20.0,"{""coordinates"":[-123.12650305,49.25844582],""type"":""Point""}",Fairview,"49.25844582, -123.12650305",0.04999999750000012,Vancouver
British Columbia Easter Seal Society,http://app.vancouver.ca/RPS_Net/Default.aspx?num=3981&street=OAK%20STREET,3981,OAK STREET,5,49.0,"{""coordinates"":[-123.12801316,49.25015411],""type"":""Point""}",Shaughnessy,"49.25015411, -123.12801316",0.10204081424406503,Vancouver
Kwong L Tung & Mary L Tung,http://app.vancouver.ca/RPS_Net/Default.aspx?num=2596&street=OAK%20STREET,2596,OAK STREET,2,11.0,"{""coordinates"":[-123.12636424,49.26268095],""type"":""Point""}",Fairview,"49.26268095, -123.12636424",0.1818181652892577,Vancouver
Golden Pacific Holdings Ltd,http://app.vancouver.ca/RPS_Net/Default.aspx?num=2925&street=OAK%20STREET,2925,OAK STREET,1,7.0,"{""coordinates"":[-123.12702896,49.25937264],""type"":""Point""}",Fairview,"49.25937264, -123.12702896",0.1428571224489825,Vancouver
473788 B C Ltd,http://app.vancouver.ca/RPS_Net/Default.aspx?num=3108&street=OAK%20STREET,3108,OAK STREET,5,22.0,"{""coordinates"":[-123.12682456,49.25762375],""type"":""Point""}",Fairview,"49.25762375, -123.12682456",0.2272727169421492,Vancouver
Ronald J Schuss Et Al (Ronald Schuss),http://app.vancouver.ca/RPS_Net/Default.aspx?num=3411&street=OAK%20STREET,3411,OAK STREET,4,15.0,"{""coordinates"":[-123.12773313,49.25515397],""type"":""Point""}",Shaughnessy,"49.25515397, -123.12773313",0.2666666488888901,Vancouver
WFC Properties (Pacific) Inc,http://app.vancouver.ca/RPS_Net/Default.aspx?num=1065&street=PACIFIC%20STREET,1065,PACIFIC STREET,4,30.0,"{""coordinates"":[-123.13371604,49.27820149],""type"":""Point""}",West End,"49.27820149, -123.13371604",0.13333332888888902,Vancouver
William Squibb,http://app.vancouver.ca/RPS_Net/Default.aspx?num=1862&street=PARKER%20STREET,1862,PARKER STREET,4,5.0,"{""coordinates"":[-123.0661524,49.27546075],""type"":""Point""}",Grandview-Woodland,"49.27546075, -123.0661524",0.799999840000032,Vancouver
Coast Foundation Society (1974),http://app.vancouver.ca/RPS_Net/Default.aspx?num=1188&street=PENDRELL%20STREET,1188,PENDRELL STREET,1,31.0,"{""coordinates"":[-123.13218028,49.28215354],""type"":""Point""}",West End,"49.28215354, -123.13218028",0.032258063475546335,Vancouver
Pendrellis Society,http://app.vancouver.ca/RPS_Net/Default.aspx?num=1254&street=PENDRELL%20STREET,1254,PENDRELL STREET,9,87.0,"{""coordinates"":[-123.13344925,49.28280452],""type"":""Point""}",West End,"49.28280452, -123.13344925",0.10344827467300834,Vancouver
GF II 1255 PENDRELL APARTMENTS LTD,http://app.vancouver.ca/RPS_Net/Default.aspx?num=1255&street=PENDRELL%20STREET,1255,PENDRELL STREET,2,114.0,"{""coordinates"":[-123.13282205,49.2831753],""type"":""Point""}",West End,"49.2831753, -123.13282205",0.017543859495229304,Vancouver
Pendrell 1325 Enterprises Ltd,http://app.vancouver.ca/RPS_Net/Default.aspx?num=1325&street=PENDRELL%20STREET,1325,PENDRELL STREET,2,20.0,"{""coordinates"":[-123.13398928,49.28393673],""type"":""Point""}",West End,"49.28393673, -123.13398928",0.09999999500000024,Vancouver
Thomas Downie Holdings Ltd,http://app.vancouver.ca/RPS_Net/Default.aspx?num=1445&street=PENDRELL%20STREET,1445,PENDRELL STREET,1,43.0,"{""coordinates"":[-123.13576132,49.28508111],""type"":""Point""}",West End,"49.28508111, -123.13576132",0.023255813412655504,Vancouver
IMH 1454 PENDRELL APARTMENTS LTD,http://app.vancouver.ca/RPS_Net/Default.aspx?num=1454&street=PENDRELL%20STREET,1454,PENDRELL STREET,2,51.0,"{""coordinates"":[-123.13633859,49.28470894],""type"":""Point""}",West End,"49.28470894, -123.13633859",0.0392156855055748,Vancouver
Bosa Properties (Thurlow) Inc,http://app.vancouver.ca/RPS_Net/Default.aspx?num=1108&street=PENDRELL%20STREET,1108,PENDRELL STREET,3,162.0,"{""coordinates"":[-123.13073597,49.28109311],""type"":""Point""}",West End,"49.28109311, -123.13073597",0.018518518404206676,Vancouver
Plan A - 1168 Pendrell St Ltd,http://app.vancouver.ca/RPS_Net/Default.aspx?num=1168&street=PENDRELL%20STREET,1168,PENDRELL STREET,1,28.0,"{""coordinates"":[-123.13200871,49.28190481],""type"":""Point""}",West End,"49.28190481, -123.13200871",0.035714284438775556,Vancouver
Maxim Enterprises Ltd,http://app.vancouver.ca/RPS_Net/Default.aspx?num=1222&street=PENDRELL%20STREET,1222,PENDRELL STREET,3,42.0,"{""coordinates"":[-123.13298734,49.28253692],""type"":""Point""}",West End,"49.28253692, -123.13298734",0.0714285697278912,Vancouver
Elisabeth Yee,http://app.vancouver.ca/RPS_Net/Default.aspx?num=1775&street=PENDRELL%20STREET,1775,PENDRELL STREET,7,19.0,"{""coordinates"":[-123.14008539,49.28788565],""type"":""Point""}",West End,"49.28788565, -123.14008539",0.36842103324099823,Vancouver
Maiway Investment Ltd,http://app.vancouver.ca/RPS_Net/Default.aspx?num=4195&street=PERRY%20STREET,4195,PERRY STREET,3,10.0,"{""coordinates"":[-123.07170484,49.24789936],""type"":""Point""}",Kensington-Cedar Cottage,"49.24789936, -123.07170484",0.299999970000003,Vancouver
West Broadway Centre Ltd,http://app.vancouver.ca/RPS_Net/Default.aspx?num=2527&street=PINE%20STREET,2527,PINE STREET,4,51.0,"{""coordinates"":[-123.14426461,49.26337957],""type"":""Point""}",Fairview,"49.26337957, -123.14426461",0.0784313710111496,Vancouver
Richard Maurice Desilets (Richard Desilets),http://app.vancouver.ca/RPS_Net/Default.aspx?num=2456&street=POINT%20GREY%20ROAD,2456,POINT GREY ROAD,1,14.0,"{""coordinates"":[-123.16098993,49.27329351],""type"":""Point""}",Kitsilano,"49.27329351, -123.16098993",0.07142856632653098,Vancouver
The Bloom Group Community Services Society,http://app.vancouver.ca/RPS_Net/Default.aspx?num=329&street=POWELL%20STREET,329,POWELL STREET,1,36.0,"{""coordinates"":[-123.09696743,49.28339069],""type"":""Point""}",Strathcona,"49.28339069, -123.09696743",0.027777777006172864,Vancouver
Atira Women's Resource Society,http://app.vancouver.ca/RPS_Net/Default.aspx?num=1516&street=POWELL%20STREET,1516,POWELL STREET,7,101.0,"{""coordinates"":[-123.07335302,49.28298396],""type"":""Point""}",Grandview-Woodland,"49.28298396, -123.07335302",0.06930693000686208,Vancouver
0921667 BC Ltd,http://app.vancouver.ca/RPS_Net/Default.aspx?num=259&street=POWELL%20STREET,259,POWELL STREET,4,35.0,"{""coordinates"":[-123.09810511,49.28341114],""type"":""Point""}",Strathcona,"49.28341114, -123.09810511",0.11428571102040827,Vancouver
0781178 BC Ltd,http://app.vancouver.ca/RPS_Net/Default.aspx?num=316&street=POWELL%20STREET,316,POWELL STREET,10,79.0,"{""coordinates"":[-123.09719122,49.28288165],""type"":""Point""}",Strathcona,"49.28288165, -123.09719122",0.12658227687870535,Vancouver
Cheng Hing Kai (Cheng Kai),http://app.vancouver.ca/RPS_Net/Default.aspx?num=326&street=POWELL%20STREET,326,POWELL STREET,2,39.0,"{""coordinates"":[-123.09698152,49.28287778],""type"":""Point""}",Strathcona,"49.28287778, -123.09698152",0.05128204996712693,Vancouver
Port Town Investments (Nominee) Ltd,http://app.vancouver.ca/RPS_Net/Default.aspx?num=1895&street=POWELL%20STREET,1895,POWELL STREET,1,41.0,"{""coordinates"":[-123.06610861,49.28485538],""type"":""Point""}",Grandview-Woodland,"49.28485538, -123.06610861",0.024390243307555043,Vancouver
Raincity Housing and Support Society,http://app.vancouver.ca/RPS_Net/Default.aspx?num=220&street=PRINCESS%20AVENUE,220,PRINCESS AVENUE,5,147.0,"{""coordinates"":[-123.09089702,49.2827536],""type"":""Point""}",Strathcona,"49.2827536, -123.09089702",0.0340136052107918,Vancouver
PHS Community Services Society,http://app.vancouver.ca/RPS_Net/Default.aspx?num=111&street=PRINCESS%20AVENUE,111,PRINCESS AVENUE,3,139.0,"{""coordinates"":[-123.09179574,49.28368398],""type"":""Point""}",Strathcona,"49.28368398, -123.09179574",0.021582733657678176,Vancouver
Provincial Rental Housing Corporation,http://app.vancouver.ca/RPS_Net/Default.aspx?num=375&street=PRINCESS%20AVENUE,375,PRINCESS AVENUE,1,46.0,"{""coordinates"":[-123.09168097,49.28148382],""type"":""Point""}",Strathcona,"49.28148382, -123.09168097",0.02173912996219283,Vancouver
Trasolini & Eng Construction Ltd,http://app.vancouver.ca/RPS_Net/Default.aspx?num=854&street=RENFREW%20STREET,854,RENFREW STREET,1,5.0,"{""coordinates"":[-123.04364122,49.27692078],""type"":""Point""}",Hastings-Sunrise,"49.27692078, -123.04364122",0.199999960000008,Vancouver
Provincial Rental Housing Corporation,http://app.vancouver.ca/RPS_Net/Default.aspx?num=518&street=RICHARDS%20STREET,518,RICHARDS STREET,2,148.0,"{""coordinates"":[-123.1132548,49.28278806],""type"":""Point""}",Downtown,"49.28278806, -123.1132548",0.01351351342220599,Vancouver
Coast Foundation Society (1974),http://app.vancouver.ca/RPS_Net/Default.aspx?num=788&street=RICHARDS%20STREET,788,RICHARDS STREET,11,46.0,"{""coordinates"":[-123.11719556,49.28038982],""type"":""Point""}",Downtown,"49.28038982, -123.11719556",0.23913042958412112,Vancouver
Plan A - 440 Richards St Ltd,http://app.vancouver.ca/RPS_Net/Default.aspx?num=440&street=RICHARDS%20STREET,440,RICHARDS STREET,2,10.0,"{""coordinates"":[-123.11251685,49.28340384],""type"":""Point""}",Downtown,"49.28340384, -123.11251685",0.19999998000000202,Vancouver
Jack Eng,http://app.vancouver.ca/RPS_Net/Default.aspx?num=1030&street=ROBSON%20STREET,1030,ROBSON STREET,1,8.0,"{""coordinates"":[-123.12378721,49.28354253],""type"":""Point""}",West End,"49.28354253, -123.12378721",0.12499998437500197,Vancouver
DVP Holdings Inc,http://app.vancouver.ca/RPS_Net/Default.aspx?num=1208&street=SALSBURY%20DRIVE,1208,SALSBURY DRIVE,3,5.0,"{""coordinates"":[-123.0672662,49.273649],""type"":""Point""}",Grandview-Woodland,"49.273649, -123.0672662",0.599999880000024,Vancouver
629623 BC Ltd,http://app.vancouver.ca/RPS_Net/Default.aspx?num=1100&street=SALSBURY%20DRIVE,1100,SALSBURY DRIVE,7,12.0,"{""coordinates"":[-123.0671286,49.27456794],""type"":""Point""}",Grandview-Woodland,"49.27456794, -123.0671286",0.5833332847222263,Vancouver
Maicaic Enterprise Ltd,http://app.vancouver.ca/RPS_Net/Default.aspx?num=8623&street=SELKIRK%20STREET,8623,SELKIRK STREET,1,31.0,"{""coordinates"":[-123.13369053,49.20821592],""type"":""Point""}",Marpole,"49.20821592, -123.13369053",0.032258063475546335,Vancouver
1122173 BC Ltd,http://app.vancouver.ca/RPS_Net/Default.aspx?num=8687&street=SELKIRK%20STREET,8687,SELKIRK STREET,1,10.0,"{""coordinates"":[-123.13358144,49.20723018],""type"":""Point""}",Marpole,"49.20723018, -123.13358144",0.09999999000000101,Vancouver
Fred West Holdings Ltd,http://app.vancouver.ca/RPS_Net/Default.aspx?num=8741&street=SELKIRK%20STREET,8741,SELKIRK STREET,3,18.0,"{""coordinates"":[-123.13375327,49.20626299],""type"":""Point""}",Marpole,"49.20626299, -123.13375327",0.1666666574074079,Vancouver
bcIMC Realty Corporation,http://app.vancouver.ca/RPS_Net/Default.aspx?num=930&street=SEYMOUR%20STREET,930,SEYMOUR STREET,1,430.0,"{""coordinates"":[-123.12108475,49.27885485],""type"":""Point""}",Downtown,"49.27885485, -123.12108475",0.0023255813899405084,Vancouver
KINGVIC HOLDING LTD.,http://app.vancouver.ca/RPS_Net/Default.aspx?num=4580&street=SIDNEY%20STREET,4580,SIDNEY STREET,3,10.0,"{""coordinates"":[-123.06332183,49.24462656],""type"":""Point""}",Kensington-Cedar Cottage,"49.24462656, -123.06332183",0.299999970000003,Vancouver
CAPREIT APARTMENTS INC,http://app.vancouver.ca/RPS_Net/Default.aspx?num=4320&street=SLOCAN%20STREET,4320,SLOCAN STREET,4,41.0,"{""coordinates"":[-123.04919417,49.24594726],""type"":""Point""}",Renfrew-Collingwood,"49.24594726, -123.04919417",0.09756097323022017,Vancouver
Quong Holdings Ltd & Glenn W Quong,http://app.vancouver.ca/RPS_Net/Default.aspx?num=2930&street=SPRUCE%20STREET,2930,SPRUCE STREET,2,16.0,"{""coordinates"":[-123.128899,49.25940472],""type"":""Point""}",Fairview,"49.25940472, -123.128899",0.12499999218750048,Vancouver
Hyung Kim & Ae Kim,http://app.vancouver.ca/RPS_Net/Default.aspx?num=2502&street=ST.%20GEORGE%20STREET,2502,ST. GEORGE STREET,1,12.0,"{""coordinates"":[-123.09275874,49.26218927],""type"":""Point""}",Mount Pleasant,"49.26218927, -123.09275874",0.08333332638888948,Vancouver
PHS Community Services Society,http://app.vancouver.ca/RPS_Net/Default.aspx?num=1005&street=STATION%20STREET,1005,STATION STREET,1,80.0,"{""coordinates"":[-123.09948683,49.2756775],""type"":""Point""}",Strathcona,"49.2756775, -123.09948683",0.012499999843750002,Vancouver
Jim Bonnis,http://app.vancouver.ca/RPS_Net/Default.aspx?num=2490&street=STEPHENS%20STREET,2490,STEPHENS STREET,1,30.0,"{""coordinates"":[-123.16617064,49.26429057],""type"":""Point""}",Kitsilano,"49.26429057, -123.16617064",0.033333332222222255,Vancouver
Capitola (D&T) Holdings Ltd,http://app.vancouver.ca/RPS_Net/Default.aspx?num=1209&street=THURLOW%20STREET,1209,THURLOW STREET,1,10.0,"{""coordinates"":[-123.13161848,49.28037703],""type"":""Point""}",West End,"49.28037703, -123.13161848",0.09999999000000101,Vancouver
1199248 BC Ltd,http://app.vancouver.ca/RPS_Net/Default.aspx?num=2266&street=TRINITY%20STREET,2266,TRINITY STREET,2,20.0,"{""coordinates"":[-123.05812743,49.28906098],""type"":""Point""}",Grandview-Woodland,"49.28906098, -123.05812743",0.09999999500000024,Vancouver
Maria Guerreiro & Custodio Guerreiro,http://app.vancouver.ca/RPS_Net/Default.aspx?num=2124&street=TRIUMPH%20STREET,2124,TRIUMPH STREET,1,8.0,"{""coordinates"":[-123.06094177,49.28363988],""type"":""Point""}",Grandview-Woodland,"49.28363988, -123.06094177",0.12499998437500197,Vancouver
No 88 Taurus Ventures Ltd,http://app.vancouver.ca/RPS_Net/Default.aspx?num=2155&street=TRIUMPH%20STREET,2155,TRIUMPH STREET,1,37.0,"{""coordinates"":[-123.06035033,49.28415652],""type"":""Point""}",Grandview-Woodland,"49.28415652, -123.06035033",0.027027026296566857,Vancouver
1220621 BC Ltd,http://app.vancouver.ca/RPS_Net/Default.aspx?num=1775&street=VENABLES%20STREET,1775,VENABLES STREET,3,12.0,"{""coordinates"":[-123.06898832,49.27690621],""type"":""Point""}",Grandview-Woodland,"49.27690621, -123.06898832",0.2499999791666684,Vancouver
Hawthorne Charitable Foundation,http://app.vancouver.ca/RPS_Net/Default.aspx?num=1824&street=VENABLES%20STREET,1824,VENABLES STREET,1,7.0,"{""coordinates"":[-123.06696161,49.27636563],""type"":""Point""}",Grandview-Woodland,"49.27636563, -123.06696161",0.1428571224489825,Vancouver
Rosalee McRae & Brian Naphtali,http://app.vancouver.ca/RPS_Net/Default.aspx?num=910&street=VICTORIA%20DRIVE,910,VICTORIA DRIVE,1,6.0,"{""coordinates"":[-123.06533946,49.27643315],""type"":""Point""}",Grandview-Woodland,"49.27643315, -123.06533946",0.16666663888889352,Vancouver
John Engleman & Penelope Engleman,http://app.vancouver.ca/RPS_Net/Default.aspx?num=1110&street=VICTORIA%20DRIVE,1110,VICTORIA DRIVE,1,9.0,"{""coordinates"":[-123.06529432,49.27458287],""type"":""Point""}",Grandview-Woodland,"49.27458287, -123.06529432",0.11111109876543349,Vancouver
1027787 BC Ltd,http://app.vancouver.ca/RPS_Net/Default.aspx?num=675&street=VICTORIA%20DRIVE,675,VICTORIA DRIVE,2,7.0,"{""coordinates"":[-123.06590798,49.27866687],""type"":""Point""}",Grandview-Woodland,"49.27866687, -123.06590798",0.285714244897965,Vancouver
Daniel Chorney,http://app.vancouver.ca/RPS_Net/Default.aspx?num=1186&street=VICTORIA%20DRIVE,1186,VICTORIA DRIVE,1,6.0,"{""coordinates"":[-123.06536145,49.27397432],""type"":""Point""}",Grandview-Woodland,"49.27397432, -123.06536145",0.16666663888889352,Vancouver
Thomas Chan,http://app.vancouver.ca/RPS_Net/Default.aspx?num=2816&street=VICTORIA%20DRIVE,2816,VICTORIA DRIVE,2,5.0,"{""coordinates"":[-123.06556134,49.25920193],""type"":""Point""}",Kensington-Cedar Cottage,"49.25920193, -123.06556134",0.399999920000016,Vancouver
Dr Jamuna L Makhija Inc,http://app.vancouver.ca/RPS_Net/Default.aspx?num=4975&street=VICTORIA%20DRIVE,4975,VICTORIA DRIVE,4,6.0,"{""coordinates"":[-123.06576963,49.23950463],""type"":""Point""}",Kensington-Cedar Cottage,"49.23950463, -123.06576963",0.6666665555555741,Vancouver
King Day Holdings Ltd,http://app.vancouver.ca/RPS_Net/Default.aspx?num=5179&street=VICTORIA%20DRIVE,5179,VICTORIA DRIVE,1,5.0,"{""coordinates"":[-123.06580374,49.23775679],""type"":""Point""}",Kensington-Cedar Cottage,"49.23775679, -123.06580374",0.199999960000008,Vancouver
Jordan Holdings Ltd,http://app.vancouver.ca/RPS_Net/Default.aspx?num=1615&street=VINE%20STREET,1615,VINE STREET,1,17.0,"{""coordinates"":[-123.15784708,49.27147712],""type"":""Point""}",Kitsilano,"49.27147712, -123.15784708",0.05882352595155729,Vancouver
Jean Matheson,http://app.vancouver.ca/RPS_Net/Default.aspx?num=5450&street=VINE%20STREET,5450,VINE STREET,3,69.0,"{""coordinates"":[-123.15946059,49.23683173],""type"":""Point""}",Arbutus Ridge,"49.23683173, -123.15946059",0.0434782602394455,Vancouver
Yee Sun (Sandy) Chow & Siu Hing (Cecilla) Chow,http://app.vancouver.ca/RPS_Net/Default.aspx?num=1622&street=VINE%20STREET,1622,VINE STREET,2,8.0,"{""coordinates"":[-123.1571472,49.27146546],""type"":""Point""}",Kitsilano,"49.27146546, -123.1571472",0.24999996875000394,Vancouver
Ajmer Singh Siddoo (Ajmer Siddoo),http://app.vancouver.ca/RPS_Net/Default.aspx?num=1755&street=VINE%20STREET,1755,VINE STREET,2,11.0,"{""coordinates"":[-123.15768183,49.27021927],""type"":""Point""}",Kitsilano,"49.27021927, -123.15768183",0.1818181652892577,Vancouver
Jennifer Burke,http://app.vancouver.ca/RPS_Net/Default.aspx?num=3522&street=W%201ST%20AVENUE,3522,W 1ST AVENUE,2,5.0,"{""coordinates"":[-123.18223781,49.27098267],""type"":""Point""}",Kitsilano,"49.27098267, -123.18223781",0.399999920000016,Vancouver
Chun-Han Yen & Chih-Hsien Yen,http://app.vancouver.ca/RPS_Net/Default.aspx?num=2505&street=W%202ND%20AVENUE,2505,W 2ND AVENUE,2,5.0,"{""coordinates"":[-123.16242454,49.27029318],""type"":""Point""}",Kitsilano,"49.27029318, -123.16242454",0.399999920000016,Vancouver
Lawrence Jakerov,http://app.vancouver.ca/RPS_Net/Default.aspx?num=2997&street=W%202ND%20AVENUE,2997,W 2ND AVENUE,4,5.0,"{""coordinates"":[-123.17187467,49.27043991],""type"":""Point""}",Kitsilano,"49.27043991, -123.17187467",0.799999840000032,Vancouver
2072 W. 3rd Holdings Ltd,http://app.vancouver.ca/RPS_Net/Default.aspx?num=2072&street=W%203RD%20AVENUE,2072,W 3RD AVENUE,1,10.0,"{""coordinates"":[-123.15224993,49.2687376],""type"":""Point""}",Kitsilano,"49.2687376, -123.15224993",0.09999999000000101,Vancouver
Zoron Investments Ltd,http://app.vancouver.ca/RPS_Net/Default.aspx?num=2355&street=W%203RD%20AVENUE,2355,W 3RD AVENUE,1,10.0,"{""coordinates"":[-123.15877285,49.26935061],""type"":""Point""}",Kitsilano,"49.26935061, -123.15877285",0.09999999000000101,Vancouver
Susan Sally & Martin Sally,http://app.vancouver.ca/RPS_Net/Default.aspx?num=2035&street=W%203RD%20AVENUE,2035,W 3RD AVENUE,2,13.0,"{""coordinates"":[-123.15109197,49.26922791],""type"":""Point""}",Kitsilano,"49.26922791, -123.15109197",0.15384614201183525,Vancouver
Milip Investment Co (Vancouver) Ltd,http://app.vancouver.ca/RPS_Net/Default.aspx?num=2066&street=W%203RD%20AVENUE,2066,W 3RD AVENUE,1,13.0,"{""coordinates"":[-123.15204306,49.26873473],""type"":""Point""}",Kitsilano,"49.26873473, -123.15204306",0.07692307100591762,Vancouver
Tsoromocos Holdings Inc,http://app.vancouver.ca/RPS_Net/Default.aspx?num=2165&street=W%204TH%20AVENUE,2165,W 4TH AVENUE,2,8.0,"{""coordinates"":[-123.15412456,49.26841012],""type"":""Point""}",Kitsilano,"49.26841012, -123.15412456",0.24999996875000394,Vancouver
Kit S Hung & Shuk Y Hung,http://app.vancouver.ca/RPS_Net/Default.aspx?num=2754&street=W%204TH%20AVENUE,2754,W 4TH AVENUE,10,8.0,"{""coordinates"":[-123.16748536,49.2680833],""type"":""Point""}",Kitsilano,"49.2680833, -123.16748536",1.2499998437500197,Vancouver
HWP 2629 4th Avenue Ltd,http://app.vancouver.ca/RPS_Net/Default.aspx?num=2629&street=W%204TH%20AVENUE,2629,W 4TH AVENUE,1,10.0,"{""coordinates"":[-123.16518154,49.26857421],""type"":""Point""}",Kitsilano,"49.26857421, -123.16518154",0.09999999000000101,Vancouver
Posthouse Properties Ltd,http://app.vancouver.ca/RPS_Net/Default.aspx?num=3670&street=W%205TH%20AVENUE,3670,W 5TH AVENUE,1,26.0,"{""coordinates"":[-123.18545425,49.26749058],""type"":""Point""}",Kitsilano,"49.26749058, -123.18545425",0.03846153698224858,Vancouver
Mike Kefalas & Anna Kefalas,http://app.vancouver.ca/RPS_Net/Default.aspx?num=2545&street=W%205TH%20AVENUE,2545,W 5TH AVENUE,1,6.0,"{""coordinates"":[-123.16336613,49.26769571],""type"":""Point""}",Kitsilano,"49.26769571, -123.16336613",0.16666663888889352,Vancouver
Dr Michael K Ma & Annie Ma,http://app.vancouver.ca/RPS_Net/Default.aspx?num=2154&street=W%205TH%20AVENUE,2154,W 5TH AVENUE,2,7.0,"{""coordinates"":[-123.15410231,49.26701093],""type"":""Point""}",Kitsilano,"49.26701093, -123.15410231",0.285714244897965,Vancouver
0734358 BC Ltd,http://app.vancouver.ca/RPS_Net/Default.aspx?num=2292&street=W%206TH%20AVENUE,2292,W 6TH AVENUE,3,6.0,"{""coordinates"":[-123.15737039,49.2663071],""type"":""Point""}",Kitsilano,"49.2663071, -123.15737039",0.49999991666668053,Vancouver
Anfrid Enterprises Ltd,http://app.vancouver.ca/RPS_Net/Default.aspx?num=14&street=W%206TH%20AVENUE,14,W 6TH AVENUE,1,5.0,"{""coordinates"":[-123.10529186,49.26531984],""type"":""Point""}",Mount Pleasant,"49.26531984, -123.10529186",0.199999960000008,Vancouver
Bartizan Holdings Ltd,http://app.vancouver.ca/RPS_Net/Default.aspx?num=2235&street=W%206TH%20AVENUE,2235,W 6TH AVENUE,3,20.0,"{""coordinates"":[-123.15629227,49.26671517],""type"":""Point""}",Kitsilano,"49.26671517, -123.15629227",0.14999999250000037,Vancouver
Rio Lane Holdings Ltd,http://app.vancouver.ca/RPS_Net/Default.aspx?num=2285&street=W%206TH%20AVENUE,2285,W 6TH AVENUE,1,20.0,"{""coordinates"":[-123.15713146,49.26672841],""type"":""Point""}",Kitsilano,"49.26672841, -123.15713146",0.04999999750000012,Vancouver
Pride and Joy Holdings Inc,http://app.vancouver.ca/RPS_Net/Default.aspx?num=1017&street=W%207TH%20AVENUE,1017,W 7TH AVENUE,2,6.0,"{""coordinates"":[-123.1271788,49.26539752],""type"":""Point""}",Fairview,"49.26539752, -123.1271788",0.33333327777778704,Vancouver
West 7th Avenue Holdings Ltd,http://app.vancouver.ca/RPS_Net/Default.aspx?num=2275&street=W%207TH%20AVENUE,2275,W 7TH AVENUE,1,5.0,"{""coordinates"":[-123.15695147,49.26588759],""type"":""Point""}",Kitsilano,"49.26588759, -123.15695147",0.199999960000008,Vancouver
Surefreeze Refrigeration & Air Condition Ltd,http://app.vancouver.ca/RPS_Net/Default.aspx?num=361&street=W%207TH%20AVENUE,361,W 7TH AVENUE,4,8.0,"{""coordinates"":[-123.11228477,49.26505724],""type"":""Point""}",Mount Pleasant,"49.26505724, -123.11228477",0.4999999375000079,Vancouver
1079798 BC Ltd,http://app.vancouver.ca/RPS_Net/Default.aspx?num=1455&street=W%208TH%20AVENUE,1455,W 8TH AVENUE,1,25.0,"{""coordinates"":[-123.13735634,49.2647434],""type"":""Point""}",Fairview,"49.2647434, -123.13735634",0.03999999840000006,Vancouver
1411528 B.C. LTD,http://app.vancouver.ca/RPS_Net/Default.aspx?num=821&street=W%2010TH%20AVENUE,821,W 10TH AVENUE,4,12.0,"{""coordinates"":[-123.12252534,49.26262438],""type"":""Point""}",Fairview,"49.26262438, -123.12252534",0.3333333055555579,Vancouver
Mattan Holdings Ltd,http://app.vancouver.ca/RPS_Net/Default.aspx?num=955&street=W%2010TH%20AVENUE,955,W 10TH AVENUE,5,23.0,"{""coordinates"":[-123.12531689,49.26266681],""type"":""Point""}",Fairview,"49.26266681, -123.12531689",0.21739129489603065,Vancouver
Unicam Developments Ltd,http://app.vancouver.ca/RPS_Net/Default.aspx?num=1596&street=W%2010TH%20AVENUE,1596,W 10TH AVENUE,2,8.0,"{""coordinates"":[-123.14062608,49.26239197],""type"":""Point""}",Fairview,"49.26239197, -123.14062608",0.24999996875000394,Vancouver
Mason Investments Ltd,http://app.vancouver.ca/RPS_Net/Default.aspx?num=4660&street=W%2010TH%20AVENUE,4660,W 10TH AVENUE,1,73.0,"{""coordinates"":[-123.21444619,49.26362541],""type"":""Point""}",West Point Grey,"49.26362541, -123.21444619",0.013698629949333838,Vancouver
Blue Island Enterprises Ltd,http://app.vancouver.ca/RPS_Net/Default.aspx?num=110&street=W%2010TH%20AVENUE,110,W 10TH AVENUE,1,35.0,"{""coordinates"":[-123.1071394,49.26185047],""type"":""Point""}",Mount Pleasant,"49.26185047, -123.1071394",0.028571427755102068,Vancouver
Shaughnessy Lodge Inc,http://app.vancouver.ca/RPS_Net/Default.aspx?num=1298&street=W%2010TH%20AVENUE,1298,W 10TH AVENUE,1,69.0,"{""coordinates"":[-123.13353434,49.26228235],""type"":""Point""}",Fairview,"49.26228235, -123.13353434",0.014492753413148502,Vancouver
Frederick Lee,http://app.vancouver.ca/RPS_Net/Default.aspx?num=1435&street=W%2010TH%20AVENUE,1435,W 10TH AVENUE,1,8.0,"{""coordinates"":[-123.1370146,49.26286247],""type"":""Point""}",Fairview,"49.26286247, -123.1370146",0.12499998437500197,Vancouver
565169 BC Ltd,http://app.vancouver.ca/RPS_Net/Default.aspx?num=1137&street=W%2010TH%20AVENUE,1137,W 10TH AVENUE,1,11.0,"{""coordinates"":[-123.13011527,49.26274598],""type"":""Point""}",Fairview,"49.26274598, -123.13011527",0.09090908264462885,Vancouver
477362 BC Ltd,http://app.vancouver.ca/RPS_Net/Default.aspx?num=1216&street=W%2010TH%20AVENUE,1216,W 10TH AVENUE,3,8.0,"{""coordinates"":[-123.13190088,49.26225233],""type"":""Point""}",Fairview,"49.26225233, -123.13190088",0.3749999531250059,Vancouver
Forbes Apartments Ltd,http://app.vancouver.ca/RPS_Net/Default.aspx?num=1240&street=W%2010TH%20AVENUE,1240,W 10TH AVENUE,1,41.0,"{""coordinates"":[-123.13263487,49.26226541],""type"":""Point""}",Fairview,"49.26226541, -123.13263487",0.024390243307555043,Vancouver
0971967 BC LTD,http://app.vancouver.ca/RPS_Net/Default.aspx?num=1715&street=W%2011TH%20AVENUE,1715,W 11TH AVENUE,1,65.0,"{""coordinates"":[-123.14433299,49.2620539],""type"":""Point""}",Fairview,"49.2620539, -123.14433299",0.015384615147928998,Vancouver
Wing Yan Ting (Wing Ting),http://app.vancouver.ca/RPS_Net/Default.aspx?num=305&street=W%2012TH%20AVENUE,305,W 12TH AVENUE,1,5.0,"{""coordinates"":[-123.11131727,49.26061764],""type"":""Point""}",Mount Pleasant,"49.26061764, -123.11131727",0.199999960000008,Vancouver
1243813 BC Ltd,http://app.vancouver.ca/RPS_Net/Default.aspx?num=500&street=W%2012TH%20AVENUE,500,W 12TH AVENUE,4,118.0,"{""coordinates"":[-123.11546241,49.26010361],""type"":""Point""}",Fairview,"49.26010361, -123.11546241",0.033898304797471995,Vancouver
Chow Yin Enterprises Ltd,http://app.vancouver.ca/RPS_Net/Default.aspx?num=1088&street=W%2012TH%20AVENUE,1088,W 12TH AVENUE,1,65.0,"{""coordinates"":[-123.1288664,49.26032543],""type"":""Point""}",Fairview,"49.26032543, -123.1288664",0.015384615147928998,Vancouver
Hero Hartethorne Holdings Ltd,http://app.vancouver.ca/RPS_Net/Default.aspx?num=1191&street=W%2012TH%20AVENUE,1191,W 12TH AVENUE,4,10.0,"{""coordinates"":[-123.13102302,49.2609198],""type"":""Point""}",Fairview,"49.2609198, -123.13102302",0.39999996000000404,Vancouver
Maria B Pressler (Maria Pressler),http://app.vancouver.ca/RPS_Net/Default.aspx?num=1936&street=W%2012TH%20AVENUE,1936,W 12TH AVENUE,1,5.0,"{""coordinates"":[-123.14913277,49.26065275],""type"":""Point""}",Kitsilano,"49.26065275, -123.14913277",0.199999960000008,Vancouver
111 Oakview Inc,http://app.vancouver.ca/RPS_Net/Default.aspx?num=1020&street=W%2012TH%20AVENUE,1020,W 12TH AVENUE,2,26.0,"{""coordinates"":[-123.12761442,49.2603066],""type"":""Point""}",Fairview,"49.2603066, -123.12761442",0.07692307396449716,Vancouver
Gibson Sterling Holdings Ltd,http://app.vancouver.ca/RPS_Net/Default.aspx?num=1507&street=W%2012TH%20AVENUE,1507,W 12TH AVENUE,1,32.0,"{""coordinates"":[-123.13908811,49.26098718],""type"":""Point""}",Fairview,"49.26098718, -123.13908811",0.031249999023437534,Vancouver
Huntington Enterprise Ltd,http://app.vancouver.ca/RPS_Net/Default.aspx?num=1610&street=W%2012TH%20AVENUE,1610,W 12TH AVENUE,2,20.0,"{""coordinates"":[-123.14159515,49.26052445],""type"":""Point""}",Fairview,"49.26052445, -123.14159515",0.09999999500000024,Vancouver
Laurel Oak Holdings Inc,http://app.vancouver.ca/RPS_Net/Default.aspx?num=1946&street=W%2012TH%20AVENUE,1946,W 12TH AVENUE,1,6.0,"{""coordinates"":[-123.1493339,49.26064891],""type"":""Point""}",Kitsilano,"49.26064891, -123.1493339",0.16666663888889352,Vancouver
Ka Yiu Yu & Shao Ping Yu,http://app.vancouver.ca/RPS_Net/Default.aspx?num=223&street=W%2013TH%20AVENUE,223,W 13TH AVENUE,4,6.0,"{""coordinates"":[-123.11021963,49.25962439],""type"":""Point""}",Mount Pleasant,"49.25962439, -123.11021963",0.6666665555555741,Vancouver
No 198 Cathedral Ventures Ltd,http://app.vancouver.ca/RPS_Net/Default.aspx?num=1510&street=W%2013TH%20AVENUE,1510,W 13TH AVENUE,3,8.0,"{""coordinates"":[-123.13913134,49.25969973],""type"":""Point""}",Fairview,"49.25969973, -123.13913134",0.3749999531250059,Vancouver
1555 Holdings Ltd,http://app.vancouver.ca/RPS_Net/Default.aspx?num=1555&street=W%2013TH%20AVENUE,1555,W 13TH AVENUE,4,9.0,"{""coordinates"":[-123.14009659,49.26010801],""type"":""Point""}",Fairview,"49.26010801, -123.14009659",0.44444439506173394,Vancouver
Moneyloi Properties Ltd,http://app.vancouver.ca/RPS_Net/Default.aspx?num=1625&street=W%2013TH%20AVENUE,1625,W 13TH AVENUE,4,96.0,"{""coordinates"":[-123.14140669,49.26012485],""type"":""Point""}",Fairview,"49.26012485, -123.14140669",0.04166666623263889,Vancouver
1150 Properties Ltd.,http://app.vancouver.ca/RPS_Net/Default.aspx?num=1150&street=W%2013TH%20AVENUE,1150,W 13TH AVENUE,3,22.0,"{""coordinates"":[-123.13043986,49.25942861],""type"":""Point""}",Fairview,"49.25942861, -123.13043986",0.13636363016528952,Vancouver
Wong's Apartment Group Inc,http://app.vancouver.ca/RPS_Net/Default.aspx?num=1225&street=W%2013TH%20AVENUE,1225,W 13TH AVENUE,4,15.0,"{""coordinates"":[-123.1321681,49.25997937],""type"":""Point""}",Fairview,"49.25997937, -123.1321681",0.2666666488888901,Vancouver
Avaun Suites Inc,http://app.vancouver.ca/RPS_Net/Default.aspx?num=1025&street=W%2013TH%20AVENUE,1025,W 13TH AVENUE,1,10.0,"{""coordinates"":[-123.12743181,49.25990382],""type"":""Point""}",Fairview,"49.25990382, -123.12743181",0.09999999000000101,Vancouver
900 West 14th Holdings Inc,http://app.vancouver.ca/RPS_Net/Default.aspx?num=975&street=W%2014TH%20AVENUE,975,W 14TH AVENUE,1,6.0,"{""coordinates"":[-123.12608659,49.25895901],""type"":""Point""}",Fairview,"49.25895901, -123.12608659",0.16666663888889352,Vancouver
Donald A Silvan (Donald Silvan),http://app.vancouver.ca/RPS_Net/Default.aspx?num=325&street=W%2014TH%20AVENUE,325,W 14TH AVENUE,1,6.0,"{""coordinates"":[-123.11178089,49.25889697],""type"":""Point""}",Mount Pleasant,"49.25889697, -123.11178089",0.16666663888889352,Vancouver
Wimming Canada Ltd,http://app.vancouver.ca/RPS_Net/Default.aspx?num=1107&street=W%2014TH%20AVENUE,1107,W 14TH AVENUE,2,32.0,"{""coordinates"":[-123.12940415,49.25901645],""type"":""Point""}",Fairview,"49.25901645, -123.12940415",0.06249999804687507,Vancouver
0832554 BC Ltd,http://app.vancouver.ca/RPS_Net/Default.aspx?num=1234&street=W%2014TH%20AVENUE,1234,W 14TH AVENUE,3,44.0,"{""coordinates"":[-123.13263231,49.2585396],""type"":""Point""}",Fairview,"49.2585396, -123.13263231",0.06818181663223144,Vancouver
1312599 BC Limited Partnership,http://app.vancouver.ca/RPS_Net/Default.aspx?num=1255&street=W%2014TH%20AVENUE,1255,W 14TH AVENUE,3,61.0,"{""coordinates"":[-123.13283081,49.25906694],""type"":""Point""}",Fairview,"49.25906694, -123.13283081",0.049180327062617595,Vancouver
Edward Ellis,http://app.vancouver.ca/RPS_Net/Default.aspx?num=1379&street=W%2015TH%20AVENUE,1379,W 15TH AVENUE,2,15.0,"{""coordinates"":[-123.13566243,49.25819197],""type"":""Point""}",Fairview,"49.25819197, -123.13566243",0.13333332444444504,Vancouver
Societe De Habitation Laverendrye,http://app.vancouver.ca/RPS_Net/Default.aspx?num=859&street=W%2016TH%20AVENUE,859,W 16TH AVENUE,5,19.0,"{""coordinates"":[-123.12320747,49.25730073],""type"":""Point""}",Fairview,"49.25730073, -123.12320747",0.26315788088642733,Vancouver
Town House Apartments Ltd,http://app.vancouver.ca/RPS_Net/Default.aspx?num=1500&street=W%2016TH%20AVENUE,1500,W 16TH AVENUE,3,6.0,"{""coordinates"":[-123.13923109,49.25684093],""type"":""Point""}",Shaughnessy,"49.25684093, -123.13923109",0.49999991666668053,Vancouver
Brian Morgenstern,http://app.vancouver.ca/RPS_Net/Default.aspx?num=1131&street=W%2016TH%20AVENUE,1131,W 16TH AVENUE,1,7.0,"{""coordinates"":[-123.13003335,49.25727246],""type"":""Point""}",Fairview,"49.25727246, -123.13003335",0.1428571224489825,Vancouver
0890208 BC Ltd,http://app.vancouver.ca/RPS_Net/Default.aspx?num=1111&street=W%2016TH%20AVENUE,1111,W 16TH AVENUE,1,8.0,"{""coordinates"":[-123.1294946,49.25726723],""type"":""Point""}",Fairview,"49.25726723, -123.1294946",0.12499998437500197,Vancouver
Coast Foundation Society (1974),http://app.vancouver.ca/RPS_Net/Default.aspx?num=3595&street=W%2017TH%20AVENUE,3595,W 17TH AVENUE,2,51.0,"{""coordinates"":[-123.18469709,49.25758303],""type"":""Point""}",Dunbar-Southlands,"49.25758303, -123.18469709",0.0392156855055748,Vancouver
BETA ENTERPRISES LTD,http://app.vancouver.ca/RPS_Net/Default.aspx?num=3600&street=W%2027TH%20AVENUE,3600,W 27TH AVENUE,1,7.0,"{""coordinates"":[-123.1855383,49.24784735],""type"":""Point""}",Dunbar-Southlands,"49.24784735, -123.1855383",0.1428571224489825,Vancouver
Manet Investments Limited,http://app.vancouver.ca/RPS_Net/Default.aspx?num=2155&street=W%2038TH%20AVENUE,2155,W 38TH AVENUE,3,28.0,"{""coordinates"":[-123.15668753,49.237624],""type"":""Point""}",Arbutus Ridge,"49.237624, -123.15668753",0.10714285331632667,Vancouver
Mivida Holdings Inc,http://app.vancouver.ca/RPS_Net/Default.aspx?num=2133&street=W%2042ND%20AVENUE,2133,W 42ND AVENUE,3,22.0,"{""coordinates"":[-123.15667138,49.23389009],""type"":""Point""}",Kerrisdale,"49.23389009, -123.15667138",0.13636363016528952,Vancouver
Cavalier Manor Holding Co Ltd,http://app.vancouver.ca/RPS_Net/Default.aspx?num=2120&street=W%2044TH%20AVENUE,2120,W 44TH AVENUE,1,46.0,"{""coordinates"":[-123.15729385,49.2315617],""type"":""Point""}",Kerrisdale,"49.2315617, -123.15729385",0.02173912996219283,Vancouver
Keljais Places Ltd,http://app.vancouver.ca/RPS_Net/Default.aspx?num=1349&street=W%2070TH%20AVENUE,1349,W 70TH AVENUE,1,6.0,"{""coordinates"":[-123.13600836,49.20878477],""type"":""Point""}",Marpole,"49.20878477, -123.13600836",0.16666663888889352,Vancouver
Lisa Wong,http://app.vancouver.ca/RPS_Net/Default.aspx?num=1440&street=W%2070TH%20AVENUE,1440,W 70TH AVENUE,1,24.0,"{""coordinates"":[-123.13878632,49.20829519],""type"":""Point""}",Marpole,"49.20829519, -123.13878632",0.041666664930555625,Vancouver
1459185 BC LTD,http://app.vancouver.ca/RPS_Net/Default.aspx?num=1460&street=W%2070TH%20AVENUE,1460,W 70TH AVENUE,1,16.0,"{""coordinates"":[-123.1395972,49.20830587],""type"":""Point""}",Marpole,"49.20830587, -123.1395972",0.06249999609375024,Vancouver
0924733 BC Ltd,http://app.vancouver.ca/RPS_Net/Default.aspx?num=1425&street=W%2070TH%20AVENUE,1425,W 70TH AVENUE,1,6.0,"{""coordinates"":[-123.13838298,49.20883001],""type"":""Point""}",Marpole,"49.20883001, -123.13838298",0.16666663888889352,Vancouver
Metro Maywood Holdings Ltd,http://app.vancouver.ca/RPS_Net/Default.aspx?num=1441&street=W%2070TH%20AVENUE,1441,W 70TH AVENUE,3,22.0,"{""coordinates"":[-123.1388087,49.20886726],""type"":""Point""}",Marpole,"49.20886726, -123.1388087",0.13636363016528952,Vancouver
Jia Sheng Enterprises Inc,http://app.vancouver.ca/RPS_Net/Default.aspx?num=1198&street=W%2070TH%20AVENUE,1198,W 70TH AVENUE,1,17.0,"{""coordinates"":[-123.13283559,49.20835905],""type"":""Point""}",Marpole,"49.20835905, -123.13283559",0.05882352595155729,Vancouver
Beng Kim Yeung (Beng Yeung),http://app.vancouver.ca/RPS_Net/Default.aspx?num=1310&street=W%2070TH%20AVENUE,1310,W 70TH AVENUE,2,5.0,"{""coordinates"":[-123.1350487,49.20829758],""type"":""Point""}",Marpole,"49.20829758, -123.1350487",0.399999920000016,Vancouver
The Blue Goat Enterprises Ltd,http://app.vancouver.ca/RPS_Net/Default.aspx?num=1330&street=W%2071ST%20AVENUE,1330,W 71ST AVENUE,6,23.0,"{""coordinates"":[-123.13543011,49.20672602],""type"":""Point""}",Marpole,"49.20672602, -123.13543011",0.2608695538752368,Vancouver
Forestom Corporation,http://app.vancouver.ca/RPS_Net/Default.aspx?num=1339&street=W%2071ST%20AVENUE,1339,W 71ST AVENUE,1,8.0,"{""coordinates"":[-123.13573227,49.20726355],""type"":""Point""}",Marpole,"49.20726355, -123.13573227",0.12499998437500197,Vancouver
West 71st Properties Ltd,http://app.vancouver.ca/RPS_Net/Default.aspx?num=1175&street=W%2071ST%20AVENUE,1175,W 71ST AVENUE,1,11.0,"{""coordinates"":[-123.13299177,49.20717466],""type"":""Point""}",Marpole,"49.20717466, -123.13299177",0.09090908264462885,Vancouver
Lexus Properties West 71 Ltd,http://app.vancouver.ca/RPS_Net/Default.aspx?num=1323&street=W%2071ST%20AVENUE,1323,W 71ST AVENUE,1,54.0,"{""coordinates"":[-123.13521658,49.20725249],""type"":""Point""}",Marpole,"49.20725249, -123.13521658",0.018518518175582997,Vancouver
K Tang Enterprises Inc,http://app.vancouver.ca/RPS_Net/Default.aspx?num=1445&street=W%2072ND%20AVENUE,1445,W 72ND AVENUE,1,23.0,"{""coordinates"":[-123.1388575,49.20605797],""type"":""Point""}",Marpole,"49.20605797, -123.1388575",0.04347825897920613,Vancouver
E Alsilmi & Group Ltd,http://app.vancouver.ca/RPS_Net/Default.aspx?num=1915&street=W%20BROADWAY,1915,W BROADWAY,1,25.0,"{""coordinates"":[-123.14858755,49.26403891],""type"":""Point""}",Kitsilano,"49.26403891, -123.14858755",0.03999999840000006,Vancouver
Maro Investments Ltd,http://app.vancouver.ca/RPS_Net/Default.aspx?num=2425&street=W%20BROADWAY,2425,W BROADWAY,3,9.0,"{""coordinates"":[-123.16070538,49.26423538],""type"":""Point""}",Kitsilano,"49.26423538, -123.16070538",0.33333329629630043,Vancouver
bcIMC Realty Corporation & Larchway Gardens Holdings Inc,http://app.vancouver.ca/RPS_Net/Default.aspx?num=2485&street=W%20BROADWAY,2485,W BROADWAY,4,32.0,"{""coordinates"":[-123.16162334,49.26426584],""type"":""Point""}",Kitsilano,"49.26426584, -123.16162334",0.12499999609375013,Vancouver
Lemerald Investment Corp,http://app.vancouver.ca/RPS_Net/Default.aspx?num=1073&street=W%20BROADWAY,1073,W BROADWAY,1,6.0,"{""coordinates"":[-123.12833724,49.26371814],""type"":""Point""}",Fairview,"49.26371814, -123.12833724",0.16666663888889352,Vancouver
On Broadway Holdings Ltd,http://app.vancouver.ca/RPS_Net/Default.aspx?num=1804&street=W%20BROADWAY,1804,W BROADWAY,4,7.0,"{""coordinates"":[-123.14602406,49.2633996],""type"":""Point""}",Kitsilano,"49.2633996, -123.14602406",0.57142848979593,Vancouver
Anthanasious Voutsilakos & Vasiliki Voutsilakos,http://app.vancouver.ca/RPS_Net/Default.aspx?num=2341&street=W%20BROADWAY,2341,W BROADWAY,1,9.0,"{""coordinates"":[-123.15833774,49.26420044],""type"":""Point""}",Kitsilano,"49.26420044, -123.15833774",0.11111109876543349,Vancouver
Ted Tsoromocos,http://app.vancouver.ca/RPS_Net/Default.aspx?num=2879&street=W%20BROADWAY,2879,W BROADWAY,4,8.0,"{""coordinates"":[-123.16995533,49.26435474],""type"":""Point""}",Kitsilano,"49.26435474, -123.16995533",0.4999999375000079,Vancouver
Petrakis Enterprises Ltd,http://app.vancouver.ca/RPS_Net/Default.aspx?num=3355&street=W%20BROADWAY,3355,W BROADWAY,3,6.0,"{""coordinates"":[-123.17903744,49.26450788],""type"":""Point""}",Kitsilano,"49.26450788, -123.17903744",0.49999991666668053,Vancouver
Hildon Holdings Ltd,http://app.vancouver.ca/RPS_Net/Default.aspx?num=50&street=W%20CORDOVA%20STREET,50,W CORDOVA STREET,4,136.0,"{""coordinates"":[-123.10585529,49.2824678],""type"":""Point""}",Downtown,"49.2824678, -123.10585529",0.02941176448961938,Vancouver
Fortin Holdings Ltd,http://app.vancouver.ca/RPS_Net/Default.aspx?num=57&street=W%20CORDOVA%20STREET,57,W CORDOVA STREET,9,54.0,"{""coordinates"":[-123.10569211,49.28299731],""type"":""Point""}",Downtown,"49.28299731, -123.10569211",0.16666666358024698,Vancouver
1450 West Georgia Investments Ltd,http://app.vancouver.ca/RPS_Net/Default.aspx?num=1450&street=W%20GEORGIA%20STREET,1450,W GEORGIA STREET,2,162.0,"{""coordinates"":[-123.12942519,49.28935812],""type"":""Point""}",West End,"49.28935812, -123.12942519",0.012345678936137784,Vancouver
Five West Hastings Holdings Ltd,http://app.vancouver.ca/RPS_Net/Default.aspx?num=5&street=W%20HASTINGS%20STREET,5,W HASTINGS STREET,19,31.0,"{""coordinates"":[-123.10492228,49.2818273],""type"":""Point""}",Downtown,"49.2818273, -123.10492228",0.6129032060353804,Vancouver
Atira Women's Resource Society,http://app.vancouver.ca/RPS_Net/Default.aspx?num=18&street=W%20HASTINGS%20STREET,18,W HASTINGS STREET,1,30.0,"{""coordinates"":[-123.10520873,49.28140831],""type"":""Point""}",Downtown,"49.28140831, -123.10520873",0.033333332222222255,Vancouver
PHS Community Services Society,http://app.vancouver.ca/RPS_Net/Default.aspx?num=20&street=W%20HASTINGS%20STREET,20,W HASTINGS STREET,5,87.0,"{""coordinates"":[-123.10547529,49.28138819],""type"":""Point""}",Downtown,"49.28138819, -123.10547529",0.057471263707226855,Vancouver
116 West Hastings Holdings Ltd,http://app.vancouver.ca/RPS_Net/Default.aspx?num=116&street=W%20HASTINGS%20STREET,116,W HASTINGS STREET,7,28.0,"{""coordinates"":[-123.10801449,49.28184149],""type"":""Point""}",Downtown,"49.28184149, -123.10801449",0.24999999107142887,Vancouver
Central City Foundation,http://app.vancouver.ca/RPS_Net/Default.aspx?num=29&street=W%20HASTINGS%20STREET,29,W HASTINGS STREET,2,42.0,"{""coordinates"":[-123.10560541,49.28199128],""type"":""Point""}",Downtown,"49.28199128, -123.10560541",0.0476190464852608,Vancouver
0927000 B C Ltd,http://app.vancouver.ca/RPS_Net/Default.aspx?num=33&street=W%20HASTINGS%20STREET,33,W HASTINGS STREET,8,31.0,"{""coordinates"":[-123.10570994,49.28200963],""type"":""Point""}",Downtown,"49.28200963, -123.10570994",0.2580645078043707,Vancouver
Laurelwood Ventures Inc,http://app.vancouver.ca/RPS_Net/Default.aspx?num=35&street=W%20HASTINGS%20STREET,35,W HASTINGS STREET,10,32.0,"{""coordinates"":[-123.10583167,49.28203155],""type"":""Point""}",Downtown,"49.28203155, -123.10583167",0.3124999902343753,Vancouver
Grand Union Holdings Ltd,http://app.vancouver.ca/RPS_Net/Default.aspx?num=74&street=W%20HASTINGS%20STREET,74,W HASTINGS STREET,9,35.0,"{""coordinates"":[-123.10683496,49.28163129],""type"":""Point""}",Downtown,"49.28163129, -123.10683496",0.2571428497959186,Vancouver
PHS COMMUNITY SERVICES SOCIETY,http://app.vancouver.ca/RPS_Net/Default.aspx?num=429&street=W%20PENDER%20STREET,429,W PENDER STREET,2,56.0,"{""coordinates"":[-123.11218735,49.28326902],""type"":""Point""}",Downtown,"49.28326902, -123.11218735",0.03571428507653063,Vancouver
Mina Angelicola,http://app.vancouver.ca/RPS_Net/Default.aspx?num=165&street=W%20PENDER%20STREET,165,W PENDER STREET,5,85.0,"{""coordinates"":[-123.10884749,49.28168463],""type"":""Point""}",Downtown,"49.28168463, -123.10884749",0.05882352871972319,Vancouver
620 W Pender Holdings Ltd,http://app.vancouver.ca/RPS_Net/Default.aspx?num=620&street=W%20PENDER%20STREET,620,W PENDER STREET,2,51.0,"{""coordinates"":[-123.11450974,49.28406412],""type"":""Point""}",Downtown,"49.28406412, -123.11450974",0.0392156855055748,Vancouver
GAMA FAMILY INDUSTRIES INC.,http://app.vancouver.ca/RPS_Net/Default.aspx?num=2164&street=WALL%20STREET,2164,WALL STREET,1,8.0,"{""coordinates"":[-123.06011022,49.28777634],""type"":""Point""}",Grandview-Woodland,"49.28777634, -123.06011022",0.12499998437500197,Vancouver
Reliance Properties Ltd,http://app.vancouver.ca/RPS_Net/Default.aspx?num=33&street=WATER%20STREET,33,WATER STREET,1,58.0,"{""coordinates"":[-123.10495459,49.28389079],""type"":""Point""}",Downtown,"49.28389079, -123.10495459",0.017241379013079674,Vancouver
Atira Women's Resource Society,http://app.vancouver.ca/RPS_Net/Default.aspx?num=122&street=WATER%20STREET,122,WATER STREET,9,140.0,"{""coordinates"":[-123.10703834,49.28369274],""type"":""Point""}",Downtown,"49.28369274, -123.10703834",0.06428571382653062,Vancouver
1104142 BC Ltd,http://app.vancouver.ca/RPS_Net/Default.aspx?num=3538&street=WINDSOR%20STREET,3538,WINDSOR STREET,2,24.0,"{""coordinates"":[-123.08350934,49.25339172],""type"":""Point""}",Kensington-Cedar Cottage,"49.25339172, -123.08350934",0.08333332986111125,Vancouver
WL Apartments Ltd,http://app.vancouver.ca/RPS_Net/Default.aspx?num=512&street=WOODLAND%20DRIVE,512,WOODLAND DRIVE,1,15.0,"{""coordinates"":[-123.07227322,49.27995895],""type"":""Point""}",Grandview-Woodland,"49.27995895, -123.07227322",0.06666666222222252,Vancouver
Pacific Northwest Ventures Co Ltd,http://app.vancouver.ca/RPS_Net/Default.aspx?num=1209&street=WOODLAND%20DRIVE,1209,WOODLAND DRIVE,2,6.0,"{""coordinates"":[-123.07368405,49.27371091],""type"":""Point""}",Grandview-Woodland,"49.27371091, -123.07368405",0.33333327777778704,Vancouver
PY -1 Investments Ltd,http://app.vancouver.ca/RPS_Net/Default.aspx?num=1601&street=YEW%20STREET,1601,YEW STREET,1,10.0,"{""coordinates"":[-123.15547296,49.27143843],""type"":""Point""}",Kitsilano,"49.27143843, -123.15547296",0.09999999000000101,Vancouver
Janet Wai Chun Li (Janet Li),http://app.vancouver.ca/RPS_Net/Default.aspx?num=5616&street=YEW%20STREET,5616,YEW STREET,2,13.0,"{""coordinates"":[-123.1573473,49.2354197],""type"":""Point""}",Arbutus Ridge,"49.2354197, -123.1573473",0.15384614201183525,Vancouver
ARBUTUS VILLAGE HOLDINGS LTD.,http://app.vancouver.ca/RPS_Net/Default.aspx?num=4188&street=YEW%20STREET,4188,YEW STREET,2,233.0,"{""coordinates"":[-123.15398114,49.24854039],""type"":""Point""}",Arbutus Ridge,"49.24854039, -123.15398114",0.008583690950284589,Vancouver
York Street Properties Ltd,http://app.vancouver.ca/RPS_Net/Default.aspx?num=2275&street=YORK%20AVENUE,2275,YORK AVENUE,1,9.0,"{""coordinates"":[-123.15672405,49.27196887],""type"":""Point""}",Kitsilano,"49.27196887, -123.15672405",0.11111109876543349,Vancouver
2425 York Nominee Ltd,http://app.vancouver.ca/RPS_Net/Default.aspx?num=2425&street=YORK%20AVENUE,2425,YORK AVENUE,2,24.0,"{""coordinates"":[-123.16041381,49.27202683],""type"":""Point""}",Kitsilano,"49.27202683, -123.16041381",0.08333332986111125,Vancouver
Yorkshire Place Apt Ltd,http://app.vancouver.ca/RPS_Net/Default.aspx?num=2145&street=YORK%20AVENUE,2145,YORK AVENUE,1,43.0,"{""coordinates"":[-123.15401504,49.27193519],""type"":""Point""}",Kitsilano,"49.27193519, -123.15401504",0.023255813412655504,Vancouver
Martin & Susan Sally,http://app.vancouver.ca/RPS_Net/Default.aspx?num=2366&street=YORK%20AVENUE,2366,YORK AVENUE,3,11.0,"{""coordinates"":[-123.15889254,49.27149415],""type"":""Point""}",Kitsilano,"49.27149415, -123.15889254",0.2727272479338866,Vancouver
John Hernandez,http://app.vancouver.ca/RPS_Net/Default.aspx?num=3460&street=YUKON%20STREET,3460,YUKON STREET,1,5.0,"{""coordinates"":[-123.11214974,49.25417327],""type"":""Point""}",Riley Park,"49.25417327, -123.11214974",0.199999960000008,Vancouver
